ship_mmsi,allowed_ports
OFFCNCYKK,"USSEA,USLSA,CAVCR,USOAK,MXLCS,MXMAN,PECAL,PABAL,USSAV,USCHA,USNYK,COBUE,CLSAN,CLTAL,UYULA,BRTUB,BRPDM,ARBNA,BRPAR,BRRDJ,UYMON,BRSTS,BRITA,BRRGR,GBSOU,FRLEH,BEZEE,FRFOS,NLAMS,SIKOP,ITGOA,DEHAM,ESBAR,MTMAL,ESCAR,BEANT,PLGDA,ESGIJ,NLROT,TRMER,ZACPT,TRYAR,GRELE,GRAGT,TRALI,EGPSA,UAODS,JOAQA,ROCON,EGALE,EGDAM,SAJUB,BHBAH,KEMOM,SADMA,QAUMS,SAJED,SAYAN,QARAS,KWMAA,AEJAL,AEABU,AERUW,OMSOH,AEFUJ,RUULG,PKKAR,INMUN,THLCB,THKSI,VNHPG,VNCAM,CNHUI,CNPAN,MY3182,CNLSN,HKHKG,CNFAN,CNNBO,CNZOS,CNGUA,MY3177,CNFUN,CNJIN,CNHUA,CNTAI,CNTJN,MYPKE,MYPAG,CNYSN,CNWGQ,CNCJK,CNJIT,CNYZH,CNNSA,CNDSN,CNLAZ,CNYTN,CNJIA,CNLYG,CNYAN,AUESP,CNMEZ,CNDAL,CNYPG,TWKAO,CNZJG,CNSLH,CNDJK,CNBYQ,CNLKU,MYTBS,CNSDG,CNMWN,CNCGM,CNXIA,CN2039,TWMAI,CNRIZ,CNSHE,SGSGP,MY2243,TWTAP,CNZHA,CNZHE,CNDDG,CNQIZ,CNLYW,CNBAO,CNQIN,CNCFD,CNGLA,MYPGG,CNMJS,JPKAW,KRPOH,KRGWA,KRDAN,JPFUK,JPOIT,JPKIS,JPSKI,KRULS,KRINC,JPNAG,JPCBA,JPYOK,KRPYT,KRBUS,JPMIZ,JPKMA,KRYOS,AUGLE,AUNTL,AUBRI,AUHAY,RUNJK"
OFFSSORKK,"BRPDM,XZKMN,SAJUT,QAASN,SARTA,KWMAA,IQMAB,AERUW,OMMAF,AEZUR,AEFUJ,MMMIO,CNHUI,CNLSN,CNNBO,CNZOS,CNJIN,CNTJN,CNYAN,CNMEZ,CNDAL,CNYPG,TWKAO,CNSLH,CNDJK,CNSDG,SGSGP,CNZHA,CNQIZ,CNQIN,CNCFD,KRGWA,JPKII,JPSKI,JPCBA"
OACFGKKKK,"USLSA,CAVCR,USOAK,MXLCS,MXMAN,PECAL,ECGYL,USNYK,COBUE,UYULA,BRPEC,BRTUB,BRPAR,BRRDJ,UYMON,BRSTS,BRRGR,GBSOU,FRLEH,BEZEE,NLAMS,SIKOP,ITGOA,DEHAM,MTMAL,ESCAR,BEANT,PLGDA,ESGIJ,NLROT,TRYAR,GRAGT,ZARIB,JOAQA,ROCON,EGALE,SAJUB,BHBAH,KEMOM,SADMA,QAUMS,SAJED,SAYAN,KWMAA,AEJAL,AEABU,OMSOH,AEFUJ,PKQAS,PKKAR,INKNP,INMUN,THLCB,VNHPG,VNCAM,CNHUI,CNPAN,CNTAZ,CNLSN,HKHKG,AUGER,CNNTG,CNFAN,CNNBO,CNZOS,CNGUA,CNFUN,CNJIN,CNHUA,CNTAI,CNDCB,CNTJN,MYPKE,MYPAG,IDBAH,CNSTO,CNYSN,CNWGQ,CNCJK,CNJIT,CNYZH,CNNSA,CNDSN,CNLAZ,CNYTN,CNJIA,CNLYG,CNYAN,AUESP,CNCHS,CNMEZ,CNDAL,CNYPG,CNRUG,CNZZU,TWKAO,CNZJG,AUFRE,CNDJK,CNBYQ,CNLKU,CNSDG,CNPLI,CNCGM,CNXIA,CNBHI,TWMAI,CNRIZ,CNSHE,SGSGP,CNJIJ,TWTAP,CNZHA,CNQUA,CNZHE,CNDDG,CNWEN,CNCHZ,CNQIZ,CNQHD,CNBAO,CNQIN,CNCFD,CNNJG,CNGLA,CNWEI,IDSAM,KRPOH,KRGWA,KRDAN,JPFUK,JPOIT,JPKIS,JPSKI,KRULS,KRINC,JPNAG,JPYOK,KRPYT,KRBUS,JPMIZ,JPKMA,JPOSK,AUGLE,AUMEL,AUNTL,AUADE,AUBRI"
OAOFORKKK,"USLSA,CAVCR,USOAK,MXLCS,MXMAN,PECAL,ECGYL,USNYK,COBUE,UYULA,BRPEC,BRTUB,BRPAR,BRRDJ,UYMON,BRSTS,BRRGR,GBSOU,FRLEH,BEZEE,NLAMS,SIKOP,ITGOA,DEHAM,MTMAL,ESCAR,BEANT,PLGDA,ESGIJ,NLROT,TRYAR,GRAGT,ZARIB,JOAQA,ROCON,EGALE,SAJUB,BHBAH,KEMOM,SADMA,QAUMS,SAJED,SAYAN,KWMAA,AEJAL,AEABU,OMSOH,AEFUJ,PKQAS,PKKAR,INKNP,INMUN,THLCB,VNHPG,VNCAM,CNHUI,CNPAN,CNTAZ,CNLSN,HKHKG,AUGER,CNNTG,CNFAN,CNNBO,CNZOS,CNGUA,CNFUN,CNJIN,CNHUA,CNTAI,CNDCB,CNTJN,MYPKE,MYPAG,IDBAH,CNSTO,CNYSN,CNWGQ,CNCJK,CNJIT,CNYZH,CNNSA,CNDSN,CNLAZ,CNYTN,CNJIA,CNLYG,CNYAN,AUESP,CNCHS,CNMEZ,CNDAL,CNYPG,CNRUG,CNZZU,TWKAO,CNZJG,AUFRE,CNDJK,CNBYQ,CNLKU,CNSDG,CNPLI,CNCGM,CNXIA,CNBHI,TWMAI,CNRIZ,CNSHE,SGSGP,CNJIJ,TWTAP,CNZHA,CNQUA,CNZHE,CNDDG,CNWEN,CNCHZ,CNQIZ,CNQHD,CNBAO,CNQIN,CNCFD,CNNJG,CNGLA,CNWEI,IDSAM,KRPOH,KRGWA,KRDAN,JPFUK,JPOIT,JPKIS,JPSKI,KRULS,KRINC,JPNAG,JPYOK,KRPYT,KRBUS,JPMIZ,JPKMA,JPOSK,AUGLE,AUMEL,AUNTL,AUADE,AUBRI"
OAORCGKKK,"USLSA,CAVCR,USOAK,MXLCS,MXMAN,PECAL,PABAL,USNPN,USSAV,USCHA,USNYK,COBUE,CLSAN,CLTAL,UYULA,BRPEC,BRTUB,BRPDM,ARBNA,BRPAR,BRRDJ,UYMON,BRSTS,BRITA,BRRGR,GBSOU,FRLEH,BEZEE,NLAMS,SIKOP,ITGOA,DEHAM,ESBAR,MTMAL,ESCAR,BEANT,PLGDA,ESGIJ,NLROT,TRMER,ZACPT,TRYAR,GRELE,GRAGT,TRALI,ZARIB,EGPSA,UAODS,JOAQA,ROCON,EGALE,EGDAM,SAJUB,BHBAH,KEMOM,SADMA,QAUMS,SAJED,SAYAN,QARAS,KWMAA,AEJAL,AEABU,AERUW,OMSOH,AEFUJ,RUULG,PKQAS,PKKAR,INMUN,THLCB,THKSI,VNHPG,VNCAM,VNSOD,CNHUI,CNPAN,MY3182,CNLSN,HKHKG,AUGER,CNFAN,CNNBO,CNZOS,CNGUA,CNFUN,CNJIN,CNHUA,CNTAI,CNTJN,MYPKE,MYPAG,IDBAH,CNSTO,CNYSN,CNWGQ,CNCJK,CNJIT,CNYZH,CNNSA,CNDSN,CNYTN,CNJIA,CNLYG,CNYAN,AUESP,CNMEZ,CNDAL,CNYPG,CNRUG,CNZZU,CNSWE,TWKAO,CNZJG,CNSLH,CNDJK,CNBYQ,CNLKU,MYTBS,CNSDG,MYTPP,CNMWN,CNCGM,CNXIA,TWMAI,CNRIZ,CNSHE,SGSGP,MY2243,TWTAP,CNZHA,CNQUA,CNZHE,CNDDG,CNWEN,CNQIZ,CNLYW,CNBAO,CNQIN,CNCFD,CNGLA,MYPGG,CNWEI,IDSAM,CNMJS,JPKAW,KRPOH,KRGWA,KRDAN,JPFUK,JPOIT,JPKIS,JPSKI,JPTOA,KRULS,KRINC,JPNAG,JPCBA,JPYOK,KRPYT,KRBUS,JPMIZ,JPKMA,KRYOS,AUGLE,AUNTL,AUBRI,AUSYD,AUHAY,RUNJK"
OFFFRKRKK,"USLSA,CAVCR,USOAK,GTPQL,MXLCS,MXMAN,PECAL,PABAL,ECGYL,USNPN,USSAV,USCHA,USNYK,COBUE,CLTAL,UYULA,BRPEC,BRTUB,BRPDM,BRPAR,BRRDJ,UYMON,BRSTS,BRITA,BRRGR,GBSOU,FRLEH,BEZEE,NLAMS,SIKOP,ITGOA,DEHAM,ESBAR,MTMAL,ESCAR,BEANT,PLGDA,ESGIJ,NLROT,TRMER,ZACPT,TRYAR,GRELE,GRAGT,TRALI,ZARIB,EGPSA,JOAQA,ROCON,EGALE,EGDAM,SAJUB,BHBAH,KEMOM,SADMA,QAUMS,SAJED,SAYAN,KWMAA,AEJAL,AEABU,AERUW,OMSOH,AEFUJ,RUULG,PKQAS,PKKAR,INCHN,INKNP,INMUN,INVIS,THLCB,THKSI,VNHPG,VNCAM,VNSOD,CNHUI,CNPAN,CNTAZ,MY3182,CNLSN,HKHKG,AUGER,CNNTG,CNFAN,CNNBO,CNPYU,CNZOS,CNGUA,CNFUN,CNJIN,CNHUA,CNTAI,CNDCB,CN9862,CNTJN,MYPKE,MYPAG,IDBAH,CNSTO,CNYSN,CNWGQ,CNCJK,CNJIT,CN9873,CNYZH,CNNSA,CNDSN,CNLAZ,CNYTN,CNJIA,CN1087,CNLYG,CNYAN,AUESP,CNCHS,CNMEZ,CNDAL,CNYPG,CNRUG,CNZZU,TWKAO,CNZJG,CNSLH,AUFRE,CNDJK,CNBYQ,CNLKU,MYTBS,CNSDG,MYTPP,CNMWN,CNCGM,CNXIA,CNBHI,TWMAI,CNRIZ,CNSHE,SGSGP,MY2243,CNJIJ,TWTAP,CNZHA,CNQUA,CNZHE,CNDDG,CNWEN,CNQIZ,CNLYW,CNQHD,CNBAO,CNQIN,CNCFD,CNNJG,CNGLA,MYPGG,CNWEI,IDSAM,JPKAW,KRPOH,KRGWA,KRDAN,JPFUK,JPOIT,JPKIS,JPSKI,KRULS,KRINC,JPNAG,JPCBA,JPYOK,KRPYT,KRBUS,JPMIZ,JPKMA,KRYOS,JPOSK,AUGLE,AUMEL,AUNTL,AUADE,AUBRI,AUHAY,RUNJK"
OFFKFSNKK,"USLSA,CAVCR,USOAK,GTPQL,MXLCS,MXMAN,PECAL,PABAL,ECGYL,USNPN,USSAV,USCHA,USNYK,COBUE,CLTAL,UYULA,BRPEC,BRTUB,BRPDM,BRPAR,BRRDJ,UYMON,BRSTS,BRITA,BRRGR,GBSOU,FRLEH,BEZEE,NLAMS,SIKOP,ITGOA,DEHAM,ESBAR,MTMAL,ESCAR,BEANT,PLGDA,ESGIJ,NLROT,TRMER,ZACPT,TRYAR,GRELE,GRAGT,TRALI,ZARIB,EGPSA,JOAQA,ROCON,EGALE,EGDAM,SAJUB,BHBAH,KEMOM,SADMA,QAUMS,SAJED,SAYAN,KWMAA,AEJAL,AEABU,AERUW,OMSOH,AEFUJ,RUULG,PKQAS,PKKAR,INCHN,INKNP,INMUN,INVIS,THLCB,THKSI,VNHPG,VNCAM,VNSOD,CNHUI,CNPAN,CNTAZ,MY3182,CNLSN,HKHKG,AUGER,CNNTG,CNFAN,CNNBO,CNPYU,CNZOS,CNGUA,CNFUN,CNJIN,CNHUA,CNTAI,CNDCB,CN9862,CNTJN,MYPKE,MYPAG,IDBAH,CNSTO,CNYSN,CNWGQ,CNCJK,CNJIT,CN9873,CNYZH,CNNSA,CNDSN,CNLAZ,CNYTN,CNJIA,CN1087,CNLYG,CNYAN,AUESP,CNCHS,CNMEZ,CNDAL,CNYPG,CNRUG,CNZZU,TWKAO,CNZJG,CNSLH,AUFRE,CNDJK,CNBYQ,CNLKU,MYTBS,CNSDG,MYTPP,CNMWN,CNCGM,CNXIA,CNBHI,TWMAI,CNRIZ,CNSHE,SGSGP,MY2243,CNJIJ,TWTAP,CNZHA,CNQUA,CNZHE,CNDDG,CNWEN,CNQIZ,CNLYW,CNQHD,CNBAO,CNQIN,CNCFD,CNNJG,CNGLA,MYPGG,CNWEI,IDSAM,JPKAW,KRPOH,KRGWA,KRDAN,JPFUK,JPOIT,JPKIS,JPSKI,KRULS,KRINC,JPNAG,JPCBA,JPYOK,KRPYT,KRBUS,JPMIZ,JPKMA,KRYOS,JPOSK,AUGLE,AUMEL,AUNTL,AUADE,AUBRI,AUHAY,RUNJK"
OARKFFKKK,"USLSA,CAVCR,USOAK,GTPQL,MXLCS,MXMAN,PECAL,PABAL,ECGYL,USNPN,USSAV,USNYK,COBUE,CLTAL,UYULA,BRPEC,BRTUB,BRPDM,BRPAR,BRRDJ,UYMON,BRSTS,BRITA,BRRGR,GBSOU,FRLEH,BEZEE,NLAMS,SIKOP,ITGOA,DEHAM,ESBAR,MTMAL,ESCAR,BEANT,PLGDA,ESGIJ,NLROT,TRMER,ZACPT,TRYAR,GRELE,GRAGT,TRALI,ZARIB,EGPSA,JOAQA,ROCON,EGALE,EGDAM,SAJUB,BHBAH,KEMOM,SADMA,QAUMS,SAJED,SAYAN,KWMAA,AEJAL,AEABU,AERUW,OMSOH,AEFUJ,RUULG,PKQAS,PKKAR,INCHN,INKNP,INMUN,INVIS,THLCB,THKSI,VNHPG,VNCAM,VNSOD,CNHUI,CNPAN,CNTAZ,MY3182,CNLSN,HKHKG,AUGER,CNNTG,CNFAN,CNNBO,CNPYU,CNZOS,CNGUA,CNFUN,CNJIN,CNHUA,CNTAI,CNDCB,CN9862,CNTJN,MYPKE,MYPAG,IDBAH,CNSTO,CNYSN,CNWGQ,CNCJK,CNJIT,CN9873,CNYZH,CNNSA,CNDSN,CNLAZ,CNYTN,CNJIA,CN1087,CNLYG,CNYAN,AUESP,CNCHS,CNMEZ,CNDAL,CNYPG,CNRUG,CNZZU,CNSWE,TWKAO,CNZJG,CNSLH,AUFRE,CNDJK,CNBYQ,CNLKU,MYTBS,CNSDG,MYTPP,CNMWN,CNCGM,CNXIA,CNBHI,TWMAI,CNRIZ,CNSHE,SGSGP,MY2243,CNJIJ,TWTAP,CNZHA,CNQUA,CNZHE,CNDDG,CNWEN,CNCHZ,CNQIZ,CNLYW,CNQHD,CNBAO,CNQIN,CNCFD,CNNJG,CNGLA,MYPGG,CNWEI,IDSAM,CNMJS,JPKAW,KRPOH,KRGWA,KRDAN,JPFUK,JPOIT,JPKIS,JPSKI,KRULS,KRINC,JPNAG,JPCBA,JPYOK,KRPYT,KRBUS,JPMIZ,JPKMA,KRYOS,JPOSK,AUGLE,AUMEL,AUNTL,AUADE,AUBRI,AUHAY,RUNJK"
OFFNYNNKK,"BRPDM,SAJUT,QAASN,SARTA,KWMAA,IQMAB,AERUW,OMMAF,AEFUJ,CNHUI,CNLSN,CNNBO,CNZOS,CNJIN,CNTJN,CNYAN,CNMEZ,CNDAL,CNYPG,TWKAO,CNSLH,CNDJK,CNSDG,SGSGP,CNZHA,CNQIZ,CNQIN,CNCFD,KRGWA,JPKII,JPSKI,KRULS,KRINC,JPCBA"
OFFAGCAKK,"USLSA,CAVCR,USOAK,GTPQL,MXLCS,MXMAN,PECAL,PABAL,ECGYL,USNPN,USSAV,USCHA,USNYK,COBUE,CLTAL,UYULA,BRPEC,BRTUB,BRPDM,BRPAR,BRRDJ,UYMON,BRSTS,BRITA,BRRGR,GBSOU,FRLEH,BEZEE,NLAMS,SIKOP,ITGOA,DEHAM,ESBAR,MTMAL,ESCAR,BEANT,PLGDA,ESGIJ,NLROT,TRMER,ZACPT,TRYAR,GRELE,GRAGT,TRALI,ZARIB,EGPSA,JOAQA,ROCON,EGALE,EGDAM,SAJUB,BHBAH,KEMOM,SADMA,QAUMS,SAJED,SAYAN,KWMAA,AEJAL,AEABU,AERUW,OMSOH,AEFUJ,RUULG,PKQAS,PKKAR,INCHN,INKNP,INMUN,INVIS,THLCB,THKSI,VNHPG,VNCAM,VNSOD,CNHUI,CNPAN,CNTAZ,MY3182,CNLSN,HKHKG,AUGER,CNNTG,CNFAN,CNNBO,CNPYU,CNZOS,CNGUA,CNFUN,CNJIN,CNHUA,CNTAI,CNDCB,CN9862,CNTJN,MYPKE,MYPAG,IDBAH,CNSTO,CNYSN,CNWGQ,CNCJK,CNJIT,CN9873,CNYZH,CNNSA,CNDSN,CNLAZ,CNYTN,CNJIA,CN1087,CNLYG,CNYAN,AUESP,CNCHS,CNMEZ,CNDAL,CNYPG,CNRUG,CNZZU,TWKAO,CNZJG,CNSLH,AUFRE,CNDJK,CNBYQ,CNLKU,MYTBS,CNSDG,MYTPP,CNMWN,CNCGM,CNXIA,CNBHI,TWMAI,CNRIZ,CNSHE,SGSGP,MY2243,CNJIJ,TWTAP,CNZHA,CNQUA,CNZHE,CNDDG,CNWEN,CNQIZ,CNLYW,CNQHD,CNBAO,CNQIN,CNCFD,CNNJG,CNGLA,MYPGG,CNWEI,IDSAM,JPKAW,KRPOH,KRGWA,KRDAN,JPFUK,JPOIT,JPKIS,JPSKI,KRULS,KRINC,JPNAG,JPCBA,JPYOK,KRPYT,KRBUS,JPMIZ,JPKMA,KRYOS,JPOSK,AUGLE,AUMEL,AUNTL,AUADE,AUBRI,AUHAY,RUNJK"
OACFARKKK,"USSEA,CAPRR,USLSA,CAVCR,USOAK,MXESE,MXLCS,MXMAN,PECAL,PABAL,USSAV,USNYK,COBUE,CLSAN,CLTAL,UYULA,CLLIR,BRPDM,ARBNA,BRPAR,BRRDJ,UYMON,BRSTS,BRIJI,BRRGR,FRLEH,BEZEE,SIKOP,ITGOA,DEHAM,ESBAR,MTMAL,BEANT,PLGDA,NLROT,TRMER,TRYAR,EGSOK,TRALI,EGPSA,JOAQA,ROCON,EGALE,EGDAM,SAJUB,SADMA,SAJED,KWMAA,AEJAL,AEABU,AERUW,OMSOH,AEKHA,AEFUJ,PKKAR,INNSA,LKCOL,INMUN,THLCB,VNHPG,VNCAM,CNHUI,MY3182,CNLSN,HKHKG,CNFAN,CNNBO,CNZOS,CNGUA,CNFUN,CNJIN,CNHUA,CNTAI,CNDCB,CNTJN,MYPKE,CNYSN,CNWGQ,CNCJK,CNJIT,CNNSA,CNYTN,CNJIA,CNLYG,CNYAN,AUESP,CNMEZ,CNDAL,CNYPG,TWKAO,CNZJG,CNSLH,CNDJK,CNBYQ,CNSDG,CNMWN,CNCGM,CNXIA,CNRIZ,CNSHE,SGSGP,TWTAP,CNZHA,CNQUA,CNZHE,CNDDG,CNQIZ,CNLYW,CNQHD,CNBAO,CNQIN,CNCFD,CNGLA,CNMJS,JPKAW,KRPOH,KRGWA,JPFUK,JPOIT,JPKIS,JPSKI,KRULS,KRINC,JPNAG,JPCBA,JPYOK,KRBUS,JPMIZ,JPKMA,KRYOS,AUGLE,AUNTL,AUHAY"
OFFRONYKK,"CNNBO,CNTJN,CNDAL,KRGWA"
OACSNYKKK,"USSEA,USLSA,CAVCR,USOAK,MXLCS,MXMAN,PECAL,PABAL,USNPN,USSAV,USCHA,USNYK,COBUE,CLSAN,CLTAL,UYULA,BRPEC,BRTUB,BRPDM,ARBNA,BRPAR,BRRDJ,UYMON,BRSTS,BRITA,BRRGR,GBSOU,FRLEH,BEZEE,FRFOS,NLAMS,SIKOP,ITGOA,FRDKK,DEHAM,ESBAR,MTMAL,ESCAR,BEANT,PLGDA,ESGIJ,NLROT,TRMER,ZACPT,TRYAR,GRELE,GRAGT,TRALI,ZARIB,EGPSA,UAODS,JOAQA,ROCON,EGALE,EGDAM,SAJUB,BHBAH,KEMOM,SADMA,QAUMS,SAJED,SAYAN,KWMAA,AEJAL,AEABU,AERUW,OMSOH,AEFUJ,RUULG,PKQAS,PKKAR,INMUN,THLCB,THKSI,VNHPG,VNCAM,VNSOD,CNHUI,CNPAN,MY3182,CNLSN,HKHKG,AUGER,CNFAN,CNNBO,CNZOS,CNGUA,CNFUN,CNJIN,CNHUA,CNTAI,CNTJN,MYPKE,MYPAG,IDBAH,CNSTO,CNYSN,CNWGQ,CNCJK,CNJIT,CNYZH,CNNSA,CNDSN,CNLAZ,CNYTN,CNJIA,CNLYG,CNYAN,AUESP,CNMEZ,IDTBR,CNDAL,CNYPG,CNRUG,CNZZU,CNSWE,TWKAO,CNZJG,CNSLH,CNDJK,CNBYQ,CNLKU,MYTBS,CNSDG,CNMWN,CNCGM,CNXIA,CN2039,CNBHI,TWMAI,CNRIZ,CNSHE,SGSGP,MY2243,TWTAP,CNZHA,CNZHE,CNDDG,CNWEN,CNQIZ,CNLYW,CNQHD,CNBAO,CNQIN,CNCFD,CNGLA,MYPGG,CNWEI,IDSAM,CNMJS,JPKAW,KRPOH,KRGWA,KRDAN,JPFUK,JPOIT,JPKIS,JPSKI,KRULS,KRINC,JPNAG,JPCBA,JPYOK,KRPYT,KRBUS,JPMIZ,JPKMA,KRYOS,AUGLE,AUNTL,AUBRI,AUHAY,RUNJK"
OFFGSGAKK,"USSEA,USLSA,CAVCR,USOAK,MXMAN,PECAL,PABAL,USSAV,USCHA,USNYK,COBUE,CLSAN,UYULA,BRTUB,BRPDM,ARBNA,BRPAR,BRRDJ,UYMON,BRSTS,BRITA,BRRGR,GBSOU,FRLEH,BEZEE,FRFOS,SIKOP,ITGOA,DEHAM,ESBAR,MTMAL,ESCAR,BEANT,PLGDA,ESGIJ,NLROT,TRMER,TRYAR,TRALI,EGPSA,UAODS,JOAQA,ROCON,EGALE,EGDAM,SAJUB,SADMA,SAJED,SARTA,QARAS,KWMAA,IQMAB,AEJAL,AEABU,AERUW,OMSOH,AEFUJ,PKKAR,INMUN,THLCB,VNHPG,VNCAM,CNHUI,CNPAN,MY3182,CNLSN,HKHKG,CNFAN,CNNBO,CNZOS,CNGUA,CNFUN,CNJIN,AUCPN,CNHUA,CNTAI,CNTJN,MYPKE,MYPAG,CNYSN,CNWGQ,CNCJK,CNJIT,CNYZH,CNNSA,CNDSN,CNYTN,CNJIA,CNLYG,CNYAN,AUESP,CNMEZ,CNDAL,CNYPG,CN8965,TWKAO,CNZJG,CNSLH,CNDJK,CNBYQ,CNLKU,CNSDG,CNMWN,CNCGM,AUPHE,CNXIA,CNRIZ,CNSHE,SGSGP,MY2243,TWTAP,CNZHA,CNZHE,CNDDG,CNQIZ,CNLYW,CNBAO,CNQIN,CNCFD,CNGLA,CNMJS,JPKAW,KRPOH,KRGWA,KRDAN,JPFUK,JPOIT,JPKIS,JPSKI,KRULS,KRINC,JPNAG,JPCBA,JPYOK,KRPYT,KRBUS,JPMIZ,JPKMA,KRYOS,AUGLE,AUAPT,AUNTL,AUBRI,AUHAY"
OARRFGRYK,"USLSA,CAVCR,USOAK,MXLCS,MXMAN,PECAL,ECGYL,USNYK,COBUE,CLTAL,UYULA,BRPAR,BRRDJ,UYMON,BRSTS,BRRGR,GBSOU,FRLEH,BEZEE,NLAMS,SIKOP,ITGOA,DEHAM,MTMAL,BEANT,PLGDA,ESGIJ,NLROT,TRYAR,GRAGT,ZARIB,JOAQA,ROCON,EGALE,SAJUB,BHBAH,KEMOM,SADMA,QAUMS,SAJED,SAYAN,KWMAA,AEJAL,AEABU,OMSOH,AEFUJ,PKQAS,PKKAR,INKNP,INMUN,THLCB,VNHPG,VNCAM,CNHUI,CNPAN,CNTAZ,CNLSN,HKHKG,AUGER,CNNTG,CNFAN,CNNBO,CNZOS,CNGUA,CNFUN,CNJIN,CNHUA,CNTAI,CNDCB,CNTJN,MYPKE,MYPAG,IDBAH,CNSTO,CNYSN,CNWGQ,CNCJK,CNJIT,CNYZH,CNNSA,CNDSN,CNLAZ,CNYTN,CNJIA,CNLYG,CNYAN,AUESP,CNCHS,CNMEZ,CNDAL,CNYPG,CNRUG,CNZZU,TWKAO,CNZJG,AUFRE,CNDJK,CNBYQ,CNLKU,CNSDG,CNPLI,CNCGM,CNXIA,CNBHI,TWMAI,CNRIZ,CNSHE,SGSGP,CNJIJ,TWTAP,CNZHA,CNQUA,CNZHE,CNDDG,CNWEN,CNCHZ,CNQIZ,CNQHD,CNBAO,CNQIN,CNCFD,CNNJG,CNGLA,CNWEI,IDSAM,JPKAW,KRPOH,KRGWA,KRDAN,JPFUK,JPOIT,JPKIS,JPSKI,KRULS,KRINC,JPNAG,JPYOK,KRPYT,KRBUS,JPMIZ,JPKMA,JPOSK,AUGLE,AUMEL,AUNTL,AUADE,AUBRI"
OFFORNYKK,"USSEA,USLSA,CAVCR,USOAK,MXLCS,MXMAN,PECAL,PABAL,USSAV,USCHA,USNYK,COBUE,CLSAN,CLTAL,UYULA,BRTUB,BRPDM,ARBNA,BRPAR,BRRDJ,UYMON,BRSTS,BRITA,BRRGR,GBSOU,FRLEH,BEZEE,FRFOS,NLAMS,SIKOP,ITGOA,DEHAM,ESBAR,MTMAL,ESCAR,BEANT,PLGDA,ESGIJ,NLROT,TRMER,ZACPT,TRYAR,GRELE,GRAGT,TRALI,EGPSA,UAODS,JOAQA,ROCON,EGALE,EGDAM,SAJUB,BHBAH,KEMOM,SADMA,QAUMS,SAJED,SAYAN,QARAS,KWMAA,AEJAL,AEABU,AERUW,OMSOH,AEFUJ,RUULG,PKKAR,INMUN,THLCB,THKSI,VNHPG,VNCAM,CNHUI,CNPAN,MY3182,CNLSN,HKHKG,CNFAN,CNNBO,CNZOS,CNGUA,MY3177,CNFUN,CNJIN,CNHUA,CNTAI,CNTJN,MYPKE,MYPAG,CNYSN,CNWGQ,CNCJK,CNJIT,CNYZH,CNNSA,CNDSN,CNYTN,CNJIA,CNLYG,CNYAN,CN2032,AUESP,CNMEZ,CNDAL,CNYPG,TWKAO,CNZJG,CNSLH,CNDJK,CNBYQ,CNLKU,MYTBS,CNSDG,CNMWN,CNCGM,AUPHE,CNXIA,CN2039,TWMAI,CNRIZ,CNSHE,SGSGP,MY2243,TWTAP,CNZHA,CNZHE,CNDDG,CNQIZ,CNLYW,CNBAO,CNQIN,CNCFD,CNGLA,MYPGG,CNMJS,JPKAW,KRPOH,KRGWA,KRDAN,JPFUK,JPOIT,JPKIS,JPSKI,KRULS,KRINC,JPNAG,JPCBA,JPYOK,KRPYT,KRBUS,JPMIZ,JPKMA,KRYOS,AUGLE,AUAPT,AUNTL,AUBRI,AUHAY,RUNJK"
OACFOCKKK,"USLSA,CAVCR,USOAK,GTPQL,MXLCS,MXMAN,PECAL,PABAL,ECGYL,USNPN,USSAV,USNYK,COBUE,CLTAL,UYULA,BRPEC,BRTUB,BRPDM,BRPAR,BRRDJ,UYMON,BRSTS,BRITA,BRRGR,GBSOU,FRLEH,BEZEE,NLAMS,SIKOP,ITGOA,DEHAM,ESBAR,MTMAL,ESCAR,BEANT,PLGDA,ESGIJ,NLROT,TRMER,ZACPT,TRYAR,GRELE,GRAGT,TRALI,ZARIB,EGPSA,JOAQA,ROCON,EGALE,EGDAM,SAJUB,BHBAH,KEMOM,SADMA,QAUMS,SAJED,SAYAN,KWMAA,AEJAL,AEABU,AERUW,OMSOH,AEFUJ,RUULG,PKQAS,PKKAR,INCHN,INKNP,INMUN,INVIS,THLCB,THKSI,VNHPG,VNCAM,VNSOD,CNHUI,CNPAN,CNTAZ,MY3182,CNLSN,HKHKG,AUGER,CNNTG,CNFAN,CNNBO,CNPYU,CNZOS,CNGUA,CNFUN,CNJIN,CNHUA,CNTAI,CNDCB,CN9862,CNTJN,MYPKE,MYPAG,IDBAH,CNSTO,CNYSN,CNWGQ,CNCJK,CNJIT,CN9873,CNYZH,CNNSA,CNDSN,CNLAZ,CNYTN,CNJIA,CN1087,CNLYG,CNYAN,AUESP,CNCHS,CNMEZ,CNDAL,CNYPG,CNRUG,CNZZU,TWKAO,CNZJG,CNSLH,AUFRE,CNDJK,CNBYQ,CNLKU,MYTBS,CNSDG,MYTPP,CNPLI,CNMWN,CNCGM,CNXIA,CNBHI,TWMAI,CNRIZ,CNSHE,SGSGP,MY2243,CNJIJ,TWTAP,CNZHA,CNQUA,CNZHE,CNDDG,CNWEN,CNCHZ,CNQIZ,CNLYW,CNQHD,CNBAO,CNQIN,CNCFD,CNNJG,CNGLA,MYPGG,CNWEI,IDSAM,JPKAW,KRPOH,KRGWA,KRDAN,JPFUK,JPOIT,JPKIS,JPSKI,KRULS,KRINC,JPNAG,JPCBA,JPYOK,KRPYT,KRBUS,JPMIZ,JPKMA,KRYOS,JPOSK,AUGLE,AUMEL,AUNTL,AUADE,AUBRI,AUHAY,RUNJK"
OACNGFKKK,"USLSA,CAVCR,USOAK,GTPQL,MXLCS,MXMAN,PECAL,PABAL,ECGYL,USNPN,USSAV,USNYK,COBUE,CLTAL,UYULA,BRPEC,BRTUB,BRPDM,BRPAR,BRRDJ,UYMON,BRSTS,BRITA,BRRGR,GBSOU,FRLEH,BEZEE,NLAMS,SIKOP,ITGOA,DEHAM,ESBAR,MTMAL,ESCAR,BEANT,PLGDA,ESGIJ,NLROT,TRMER,ZACPT,TRYAR,GRELE,GRAGT,TRALI,ZARIB,EGPSA,JOAQA,ROCON,EGALE,EGDAM,SAJUB,BHBAH,KEMOM,SADMA,QAUMS,SAJED,SAYAN,KWMAA,AEJAL,AEABU,AERUW,OMSOH,AEFUJ,RUULG,PKQAS,PKKAR,INCHN,INKNP,INMUN,INVIS,THLCB,THKSI,VNHPG,VNCAM,VNSOD,CNHUI,CNPAN,CNTAZ,MY3182,CNLSN,HKHKG,AUGER,CNNTG,CNFAN,CNNBO,CNPYU,CNZOS,CNGUA,CNFUN,CNJIN,CNHUA,CNTAI,CNDCB,CN9862,CNTJN,MYPKE,MYPAG,IDBAH,CNSTO,CNYSN,CNWGQ,CNCJK,CNJIT,CN9873,CNYZH,CNNSA,CNDSN,CNLAZ,CNYTN,CNJIA,CN1087,CNLYG,CNYAN,AUESP,CNCHS,CNMEZ,CNDAL,CNYPG,CNRUG,CNZZU,CNSWE,TWKAO,CNZJG,CNSLH,AUFRE,CNDJK,CNBYQ,CNLKU,MYTBS,CNSDG,MYTPP,CNMWN,CNCGM,CNXIA,CNBHI,TWMAI,CNRIZ,CNSHE,SGSGP,MY2243,CNJIJ,TWTAP,CNZHA,CNQUA,CNZHE,CNDDG,CNWEN,CNCHZ,CNQIZ,CNLYW,CNQHD,CNBAO,CNQIN,CNCFD,CNNJG,CNGLA,MYPGG,CNWEI,IDSAM,CNMJS,JPKAW,KRPOH,KRGWA,KRDAN,JPFUK,JPOIT,JPKIS,JPSKI,KRULS,KRINC,JPNAG,JPCBA,JPYOK,KRPYT,KRBUS,JPMIZ,JPKMA,KRYOS,JPOSK,AUGLE,AUMEL,AUNTL,AUADE,AUBRI,AUHAY,RUNJK"
OFFGYSGKK,"USLGB,GBFEL,BEZEE,DEHAM,BEANT,PLGDA,NLROT,GRPIR,SADMA,AEJAL,AEKHA,VNCMP,HKHKG,CNNBO,CNZOS,CNTJN,MYPKE,CNYSN,CNNSA,CNYTN,CNLYG,CNDAL,TWKAO,CNXIA,SGSGP,CNQIN,KRGWA"
OFFAAONKK,"USLSA,CAVCR,USOAK,MXLCS,MXMAN,PECAL,PABAL,USNPN,USSAV,USCHA,USNYK,COBUE,CLSAN,CLTAL,UYULA,BRPEC,BRTUB,BRPDM,ARBNA,BRPAR,BRRDJ,UYMON,BRSTS,BRITA,BRRGR,GBSOU,FRLEH,BEZEE,NLAMS,SIKOP,ITGOA,DEHAM,ESBAR,MTMAL,ESCAR,BEANT,PLGDA,ESGIJ,NLROT,TRMER,ZACPT,TRYAR,GRELE,GRAGT,TRALI,ZARIB,EGPSA,UAODS,JOAQA,ROCON,EGALE,EGDAM,SAJUB,BHBAH,KEMOM,SADMA,QAUMS,SAJED,SAYAN,QARAS,KWMAA,AEJAL,AEABU,AERUW,OMSOH,AEFUJ,RUULG,PKKAR,INMUN,THLCB,THKSI,VNHPG,VNCAM,VNSOD,CNHUI,CNPAN,MY3182,CNLSN,HKHKG,AUGER,CNFAN,CNNBO,CNZOS,CNGUA,CNFUN,CNJIN,CNHUA,CNTAI,CNTJN,MYPKE,MYPAG,IDBAH,CNSTO,CNYSN,CNWGQ,CNCJK,CNJIT,CNYZH,CNNSA,CNDSN,CNYTN,CNJIA,CNLYG,CNYAN,AUESP,CNMEZ,CNDAL,CNYPG,CNRUG,CNZZU,CNSWE,TWKAO,CNZJG,CNSLH,CNDJK,CNBYQ,CNLKU,MYTBS,CNSDG,CNMWN,CNCGM,CNXIA,CN2039,TWMAI,CNRIZ,CNSHE,SGSGP,MY2243,TWTAP,CNZHA,CNZHE,CNDDG,CNWEN,CNQIZ,CNLYW,CNBAO,CNQIN,CNCFD,CNGLA,MYPGG,IDSAM,CNMJS,JPKAW,KRPOH,KRGWA,KRDAN,JPFUK,JPOIT,JPKIS,JPSKI,KRULS,KRINC,JPNAG,JPCBA,JPYOK,KRPYT,KRBUS,JPMIZ,JPKMA,KRYOS,AUGLE,AUNTL,AUBRI,AUHAY,RUNJK"
OARCGANFK,"USLSA,CAVCR,USOAK,GTSTC,USBEA,USBTR,MXLCS,USLUA,MXMAN,PECAL,ECGYL,USJAC,USNYK,COBAR,COBUE,UYULA,DORHA,BRPEC,BRSAF,ARROS,BRTUB,ARARS,BRPAR,BRVIT,BRRDJ,UYMON,BRSTS,BRRGR,GBBEL,PTLXS,MACAS,GBSOU,GHTEM,GNCON,IEDUB,CIABI,MASAF,FRLEH,BEZEE,NLAMS,SIKOP,ITGOA,NLVSG,ESHUE,ITTAR,ESTAR,DZDJE,DEHAM,ITRAV,FRROU,MTMAL,BEANT,PLGDA,ITVEN,ESSAN,ESGIJ,NLROT,ESSAG,ESBIL,TRGEB,UAYUZ,LVRIX,TRMMK,TRYAR,GRTHE,TRHER,ZADUR,GRAGT,TRLMA,TRDER,ZARIB,JOAQA,LTKLJ,FIKOT,ROCON,ZAPLZ,UACHO,EGALE,SAJUB,BHBAH,KEMOM,TZDRS,SADMA,QAUMS,SAJED,SAYAN,KWMAA,AEJAL,AEABU,AERAK,RUSPG,OMSOH,AEFUJ,PKQAS,PKKAR,INKAN,INKNP,INMUN,THLCB,VNPHU,THKSI,VNNGH,IDJAK,VNHCM,VNHPG,VNCAM,VNQUN,IDSUR,CNHUM,CNCJN,CNHUI,CNCZH,CNPAN,CNSHD,CNTAZ,CNLSN,HKHKG,AUGER,CNNTG,CNFAN,CNDAF,CNBHX,CNYJG,CNNBO,CNPYU,CNZOS,CNGUA,CNFUN,CNJIN,CNHKO,CNHPU,CNDYI,CNHUA,CNTAI,CNDCB,CNTJN,MYKUA,MYPKE,MYPAG,IDBAH,CNSTO,CNYSN,CNWGQ,CNCJK,CNJIT,CN9873,CNYZH,CNNSA,CNDSN,CNTAX,CNLAZ,CNFUZ,CNYTN,CNJIA,CN1087,TWHLN,CNLYG,CNYAN,TWKEE,AUESP,CNCHS,CNMEZ,CNDAL,CNYPG,IDKLR,CNRUG,CNZZU,TWKAO,CNZJG,AUFRE,CNBAS,CNSIZ,CNDJK,CNBYQ,CNLKU,CNSDG,MYTPP,CNPLI,CNCGM,CNXIA,CNBHI,TWMAI,CNRIZ,CNSHE,SGSGP,TWTCH,MY2243,CNJIJ,TWTAP,CNZHA,CNZPU,CNQUA,CNZHE,CNDDG,CNWEN,CNCHZ,CNQIZ,CNQHD,CNBAO,CNQIN,CNLVS,CNCFD,CNNJG,CNGLA,CNDNG,CNWEI,IDSAM,CNNDE,KRPOH,KRKUN,KRGWA,JPHIB,KRDAN,JPFUK,JPOIT,JPKIS,JPSKI,JPTOK,KRULS,KRINC,JPNAG,JPCBA,JPYOK,KRPYT,KRBUS,JPMIZ,JPKMA,JPOSK,AUGLE,AUMEL,AUNTL,AUPKE,AUADE,AUBRI,AUBNE,RUVYP,NZAKL,NZTAU,NZNAP"
OFFNNYFKK,"CNHUI,CNFAN,CNNBO,CNZOS,CNGUA,CNFUN,CNHPU,CNDYI,CNTJN,CNCJK,CNDSN,CNJIA,CNLYG,CNYAN,CNMEZ,CNDAL,CNYPG,TWKAO,CNDJK,CNBYQ,CNSDG,CNXIA,CNZHA,CNZPU,CNQUA,CNZHE,CNWEI,KRDAN,KRULS"
OARRSGYCK,"USLSA,CAVCR,USOAK,MXLCS,MXMAN,PECAL,ECGYL,USNYK,COBUE,CLTAL,UYULA,BRPAR,BRRDJ,UYMON,BRSTS,BRRGR,GBSOU,FRLEH,BEZEE,NLAMS,SIKOP,ITGOA,DEHAM,MTMAL,BEANT,PLGDA,ESGIJ,NLROT,TRYAR,GRAGT,ZARIB,JOAQA,ROCON,EGALE,SAJUB,BHBAH,KEMOM,SADMA,QAUMS,SAJED,SAYAN,KWMAA,AEJAL,AEABU,OMSOH,AEFUJ,PKQAS,PKKAR,INKNP,INMUN,THLCB,THKSI,VNHPG,VNCAM,CNHUI,CNPAN,CNLSN,HKHKG,AUGER,CNNTG,CNFAN,CNNBO,CNPYU,CNZOS,CNGUA,CNFUN,CNJIN,CNHUA,CNTAI,CNDCB,CNTJN,MYPKE,MYPAG,IDBAH,CNSTO,CNYSN,CNWGQ,CNCJK,CNJIT,CN9873,CNYZH,CNNSA,CNDSN,CNLAZ,CNYTN,CNJIA,CN1087,CNLYG,CNYAN,AUESP,CNCHS,CNMEZ,CNDAL,CNYPG,CNRUG,CNZZU,TWKAO,CNZJG,AUFRE,CNDJK,CNBYQ,CNLKU,CNSDG,MYTPP,CNPLI,CNCGM,CNXIA,CNBHI,TWMAI,CNRIZ,CNSHE,SGSGP,MY2243,CNJIJ,TWTAP,CNZHA,CNQUA,CNZHE,CNDDG,CNWEN,CNCHZ,CNQIZ,CNQHD,CNBAO,CNQIN,CNCFD,CNNJG,CNGLA,CNWEI,IDSAM,JPKAW,KRPOH,KRGWA,KRDAN,JPFUK,JPOIT,JPKIS,JPSKI,KRULS,KRINC,JPNAG,JPCBA,JPYOK,KRPYT,KRBUS,JPMIZ,JPKMA,JPOSK,AUGLE,AUMEL,AUNTL,AUADE,AUBRI"
OAOFNNKKK,"USSEA,USLSA,CAVCR,USOAK,MXLCS,MXMAN,PECAL,PABAL,USNPN,USSAV,USCHA,USNYK,COBUE,CLSAN,CLTAL,UYULA,BRPEC,BRTUB,BRPDM,ARBNA,BRPAR,BRRDJ,UYMON,BRSTS,BRITA,BRRGR,GBSOU,FRLEH,BEZEE,FRFOS,NLAMS,SIKOP,ITGOA,DEHAM,ESBAR,MTMAL,ESCAR,BEANT,PLGDA,ESGIJ,NLROT,TRMER,ZACPT,TRYAR,GRELE,GRAGT,TRALI,ZARIB,EGPSA,UAODS,JOAQA,ROCON,EGALE,EGDAM,SAJUB,BHBAH,KEMOM,SADMA,QAUMS,SAJED,SAYAN,KWMAA,AEJAL,AEABU,AERUW,OMSOH,AEFUJ,RUULG,PKQAS,PKKAR,INMUN,THLCB,THKSI,VNHPG,VNCAM,VNSOD,CN9014,CNHUI,CNPAN,MY3182,CNLSN,HKHKG,AUGER,CNFAN,CNNBO,CNPYU,CNZOS,CNGUA,CNFUN,CNJIN,CNHUA,CNTAI,CN9862,CNTJN,MYPKE,MYPAG,IDBAH,CNSTO,CNYSN,CNWGQ,CNCJK,CNJIT,CN9873,CNYZH,CNNSA,CNDSN,CNLAZ,CNYTN,CNJIA,CN1087,CNLYG,CNYAN,AUESP,CNMEZ,IDTBR,CNDAL,CNYPG,CNRUG,CNZZU,CNSWE,TWKAO,CNZJG,CNSLH,CNDJK,CNBYQ,CNLKU,MYTBS,CNSDG,MYTPP,CNMWN,CNCGM,CNXIA,CN2039,CNBHI,TWMAI,CNRIZ,CNSHE,SGSGP,MY2243,TWTAP,CNZHA,CNQUA,CNZHE,CNDDG,CNWEN,CNQIZ,CNLYW,CNQHD,CNBAO,CNQIN,CNCFD,CNGLA,MYPGG,CNWEI,IDSAM,CNMJS,JPKAW,KRPOH,KRGWA,KRDAN,JPFUK,JPOIT,JPKIS,JPSKI,KRULS,KRINC,JPNAG,JPCBA,JPYOK,KRPYT,KRBUS,JPMIZ,JPKMA,KRYOS,AUGLE,AUNTL,AUBRI,AUHAY,RUNJK"
OFFARYAKK,"CNNBO,CNTJN,CNDAL,SGSGP,CNQIN,KRGWA"
OAOKNSKKK,"USSEA,USLSA,CAVCR,USOAK,MXLCS,MXMAN,PECAL,PABAL,USNPN,USSAV,USCHA,USNYK,COBUE,CLSAN,CLTAL,UYULA,BRPEC,BRTUB,BRPDM,ARBNA,BRPAR,BRRDJ,UYMON,BRSTS,BRITA,BRRGR,GBSOU,FRLEH,BEZEE,FRFOS,NLAMS,SIKOP,ITGOA,DEHAM,ESBAR,MTMAL,ESCAR,BEANT,PLGDA,ESGIJ,NLROT,TRMER,ZACPT,TRYAR,GRELE,GRAGT,TRALI,ZARIB,EGPSA,UAODS,JOAQA,ROCON,EGALE,EGDAM,SAJUB,BHBAH,KEMOM,SADMA,QAUMS,SAJED,SAYAN,KWMAA,AEJAL,AEABU,AERUW,OMSOH,AEFUJ,RUULG,PKQAS,PKKAR,INMUN,THLCB,THKSI,VNHPG,VNCAM,VNSOD,CN9014,CNHUI,CNPAN,MY3182,CNLSN,HKHKG,AUGER,CNFAN,CNNBO,CNPYU,CNZOS,CNGUA,CNFUN,CNJIN,CNHUA,CNTAI,CN9862,CNTJN,MYPKE,MYPAG,IDBAH,CNSTO,CNYSN,CNWGQ,CNCJK,CNJIT,CN9873,CNYZH,CNNSA,CNDSN,CNLAZ,CNYTN,CNJIA,CN1087,CNLYG,CNYAN,AUESP,CNMEZ,IDTBR,CNDAL,CNYPG,CNRUG,CNZZU,CNSWE,TWKAO,CNZJG,CNSLH,CNDJK,CNBYQ,CNLKU,MYTBS,CNSDG,MYTPP,CNMWN,CNCGM,CNXIA,CN2039,CNBHI,TWMAI,CNRIZ,CNSHE,SGSGP,MY2243,TWTAP,CNZHA,CNZHE,CNDDG,CNWEN,CNQIZ,CNLYW,CNQHD,CNBAO,CNQIN,CNCFD,CNGLA,MYPGG,CNWEI,IDSAM,CNMJS,JPKAW,KRPOH,KRGWA,KRDAN,JPFUK,JPOIT,JPKIS,JPSKI,KRULS,KRINC,JPNAG,JPCBA,JPYOK,KRPYT,KRBUS,JPMIZ,JPKMA,KRYOS,AUGLE,AUNTL,AUBRI,AUHAY,RUNJK"
OFFRASCKK,"CNNBO,CNTJN,CNDAL,KRGWA"
OARARGKKK,"USSEA,USLSA,CAVCR,USOAK,MXLCS,MXMAN,PECAL,PABAL,USSAV,USCHA,USNYK,COBUE,CLSAN,CLTAL,UYULA,BRTUB,BRPDM,ARBNA,BRPAR,BRRDJ,UYMON,BRSTS,BRITA,BRRGR,GBSOU,FRLEH,BEZEE,FRFOS,SIKOP,ITGOA,DEHAM,ESBAR,MTMAL,ESCAR,BEANT,PLGDA,ESGIJ,NLROT,TRMER,TRYAR,TRALI,EGPSA,UAODS,JOAQA,ROCON,EGALE,EGDAM,SAJUB,SADMA,SAJED,QARAS,KWMAA,AEJAL,AEABU,AERUW,OMSOH,AEFUJ,PKQAS,PKKAR,INMUN,THLCB,THKSI,VNHPG,VNCAM,CNHUI,CNPAN,MY3182,CNLSN,HKHKG,CNFAN,CNNBO,CNZOS,CNGUA,CNFUN,CNJIN,CNHUA,CNTAI,CNTJN,MYPKE,MYPAG,CNYSN,CNWGQ,CNCJK,CNJIT,CNYZH,CNNSA,CNDSN,CNYTN,CNJIA,CNLYG,CNYAN,AUESP,CNMEZ,CNDAL,CNYPG,TWKAO,CNZJG,CNSLH,CNDJK,CNBYQ,CNLKU,CN9878,CNSDG,CNMWN,CNCGM,CNXIA,CN2039,CNRIZ,CNSHE,SGSGP,MY2243,TWTAP,CNZHA,CNZHE,CNDDG,CNQIZ,CNLYW,CNQHD,CNBAO,CNQIN,CNCFD,CNGLA,CNWEI,CNMJS,JPKAW,KRPOH,KRGWA,KRDAN,JPFUK,JPOIT,JPKIS,JPSKI,KRULS,KRINC,JPNAG,JPCBA,JPYOK,KRPYT,KRBUS,JPMIZ,JPKMA,KRYOS,AUGLE,AUNTL,AUBRI,AUSYD,AUHAY,RUNJK"
RFAFRFKKK,"GBBEL,PTLXS,IEDUB,FRLEH,ESHUE,ITTAR,ESTAR,DZDJE,DEHAM,FRROU,BEANT,NOBGN,NLROT,FRBAY,TRGEB,TRYAR,LTKLJ,CNCJN,CNHUI,CNCZH,CNNTG,CNFAN,CNYJG,CNNBO,CNZOS,CNGUA,CNFUN,CNHKO,CNHPU,CNDYI,CNTJN,CNSTO,CNCJK,CNDSN,CNTAX,CNFUZ,CNJIA,CNLYG,CNYAN,CNWEF,CNCHS,CNMEZ,CNDAL,CNYPG,TWKAO,CNBAS,CNDJK,CNYIZ,CNSDG,CNBHI,CNJIJ,CNZHA,CNZPU,CNQUA,CNZHE,CNWEN,CNCHZ,CNNJG,CNDNG,KRDAN,KRULS"
OARRGYKKK,"CNCJN,CNHUI,CNCZH,CNNTG,CNFAN,CNYJG,CNNBO,CNZOS,CNGUA,CNFUN,CNHKO,CNHPU,CNDYI,CNTJN,CNSTO,CNCJK,CNDSN,CNTAX,CNFUZ,CNJIA,CNLYG,CNYAN,CNWEF,CNCHS,CNMEZ,CNDAL,CNYPG,TWKAO,CNBAS,CNDJK,CNYIZ,CNSDG,CNBHI,SGSGP,CNJIJ,CNZHA,CNZPU,CNQUA,CNZHE,CNWEN,CNCHZ,CNNJG,CNDNG,KRGWA,KRDAN,KRULS"
RNFKCNKKK,"MXLCS,USLUA,USNYK,UYULA,GBBEL,PTLXS,IEDUB,FRLEH,ESHUE,ITTAR,ESTAR,DZDJE,DEHAM,FRROU,MTMAL,BEANT,ESGIJ,NLROT,TRGEB,TRYAR,GRAGT,LTKLJ,EGALE,THLCB,IDCXP,IDJAK,VNHCM,VNHPG,VNQUN,THRAY,CNHUM,CNCJN,CNHUI,CNCZH,HKHKG,CNNTG,CNFAN,CNYJG,CNNBO,CNZOS,CNGUA,CNFUN,CNJIN,CNHKO,CNHPU,CNDYI,CNTAI,CNTJN,MYPKE,MYPAG,CNSTO,CNYSN,CNWGQ,CNCJK,CNJIT,CNSHA,CNNSA,CNDSN,CNTAX,CNFUZ,CNYTN,CNJIA,TWHLN,CNLYG,CNYAN,CNWEF,CNCHS,CNMEZ,CNDAL,CNYPG,CNRUG,CNZZU,TWKAO,CNZJG,AUFRE,CNBAS,CNDJK,CNBYQ,CNYIZ,CNSHS,CNSDG,CNCGM,CNXIA,CNBHI,PHBAT,TWMAI,CNRIZ,CNSHE,SGSGP,TWTCH,CNJIJ,CNZHA,CNZPU,CNQUA,CNZHE,CNWEN,CNCHZ,CNQIZ,CNQHD,CNBAO,CNQIN,CNNJG,CNGLA,CNDNG,CNWEI,CNNDE,KRPOH,KRGWA,KRDAN,JPFUK,JPKIS,JPSKI,JPTOK,KRULS,KRINC,JPNAG,JPYOK,KRPYT,KRBUS,JPMIZ,JPOSK,AUADE,AUGEE"
OARNCGCRK,"CNHUI,CNCZH,CNFAN,CNYJG,CNZOS,CNGUA,CNHKO,CNSTO,CNYPG,CNBHI,CNZHA,CNDNG"
OFFCRRRKK,"BEZEE,DEHAM,BEANT,PLGDA,NLROT,GRPIR,SADMA,AEJAL,AEKHA,CNNBO,CNZOS,CNTJN,MYPKE,CNYSN,CNNSA,CNYTN,CNLYG,CNDAL,CNXIA,SGSGP,CNQIN,KRGWA"
OAROYRNRK,"GBBEL,PTLXS,IEDUB,FRLEH,ESHUE,ITTAR,ESTAR,DZDJE,DEHAM,FRROU,BEANT,NLROT,TRGEB,TRYAR,LTKLJ,CNCJN,CNHUI,CNCZH,CNNTG,CNFAN,CNYJG,CNNBO,CNZOS,CNGUA,CNFUN,CNJIN,CNHKO,CNHPU,CNDYI,CNTAI,CNTJN,CNSTO,CNYSN,CNWGQ,CNCJK,CNSHA,CNDSN,CNTAX,CNFUZ,CNJIA,CNLYG,CNYAN,CNWEF,CNCHS,CNMEZ,CNDAL,CNYPG,CNRUG,TWKAO,CNZJG,CNBAS,CNDJK,CNYIZ,CNSHS,CNSDG,CNBHI,TWMAI,SGSGP,CNJIJ,CNZHA,CNZPU,CNQUA,CNZHE,CNWEN,CNCHZ,CNQIN,CNNJG,CNGLA,CNDNG,CNNDE,KRGWA,KRDAN,KRULS"
OARCRRNSK,"CNHUI,CNCZH,CNFAN,CNYJG,CNGUA,CNHKO,CNSTO,CNYPG,CNSDG,CNBHI,CNZHA,CNDNG"
OARNCCKNK,"CNHKO,CNSYA,CNBHI,CNZHA,CNHAA"
OARFGKKKK,"USSEA,CAPRR,USLSA,CAVCR,USOAK,MXESE,MXLCS,MXMAN,PECAL,PABAL,USSAV,USNYK,COBUE,CLSAN,CLTAL,UYULA,CLLIR,BRPDM,ARBNA,BRPAR,BRRDJ,UYMON,BRSTS,BRIJI,BRRGR,FRLEH,BEZEE,SIKOP,ITGOA,DEHAM,ESBAR,MTMAL,BEANT,PLGDA,NLROT,TRMER,TRYAR,EGSOK,TRALI,EGPSA,JOAQA,ROCON,EGALE,EGDAM,SAJUB,SADMA,SAJED,KWMAA,AEJAL,AEABU,AERUW,OMSOH,AEKHA,AEFUJ,PKKAR,INNSA,LKCOL,INMUN,THLCB,VNHPG,VNCAM,CNHUI,MY3182,CNLSN,HKHKG,CNFAN,CNNBO,CNZOS,CNGUA,CNFUN,CNJIN,CNHUA,CNTAI,CNDCB,CNTJN,MYPKE,CNYSN,CNWGQ,CNCJK,CNJIT,CNNSA,CNYTN,CNJIA,CNLYG,CNYAN,AUESP,CNMEZ,CNDAL,CNYPG,TWKAO,CNZJG,CNSLH,CNDJK,CNBYQ,CNSDG,CNMWN,CNCGM,CNXIA,CNRIZ,CNSHE,SGSGP,TWTAP,CNZHA,CNQUA,CNZHE,CNDDG,CNQIZ,CNLYW,CNQHD,CNBAO,CNQIN,CNCFD,CNGLA,CNMJS,JPKAW,KRPOH,KRGWA,JPFUK,JPOIT,JPKIS,JPSKI,KRULS,KRINC,JPNAG,JPCBA,JPYOK,KRBUS,JPMIZ,JPKMA,KRYOS,AUGLE,AUNTL,AUHAY"
CRNKGSKRA,"USSEA,CAPRR,USLSA,CAVCR,USOAK,MXESE,MXLCS,MXMAN,PECAL,PABAL,USSAV,USCHA,USNYK,COBUE,CLSAN,CLTAL,UYULA,CLLIR,BRTUB,BRPDM,ARBNA,BRPAR,BRRDJ,UYMON,BRSTS,BRIJI,BRITA,BRRGR,FRLEH,BEZEE,SIKOP,ITGOA,DEHAM,ESBAR,MTMAL,BEANT,PLGDA,ESGIJ,NLROT,TRMER,TRYAR,EGSOK,TRALI,EGPSA,UAODS,JOAQA,ROCON,EGALE,EGDAM,SAJUB,SADMA,SAJED,KWMAA,AEJAL,AEABU,AERUW,OMSOH,AEKHA,AEFUJ,PKKAR,INNSA,LKCOL,INMUN,THLCB,VNHPG,VNCAM,CNHUI,MY3182,CNLSN,HKHKG,CNFAN,CNNBO,CNZOS,CNGUA,CNFUN,CNJIN,CNHUA,CNTAI,CNTJN,MYPKE,CNYSN,CNWGQ,CNCJK,CNJIT,CNYZH,CNNSA,CNYTN,CNJIA,CNLYG,CNYAN,AUESP,CNMEZ,CNDAL,CNYPG,TWKAO,CNZJG,CNSLH,AUFRE,CNDJK,CNBYQ,CNSDG,CNMWN,CNCGM,CNXIA,CNRIZ,CNSHE,SGSGP,TWTAP,CNZHA,CNZHE,CNDDG,CNQIZ,CNLYW,CNBAO,CNQIN,CNCFD,CNWEI,CNMJS,JPKAW,KRPOH,KRGWA,KRDAN,JPFUK,JPOIT,JPKIS,JPSKI,KRULS,KRINC,JPNAG,JPCBA,JPYOK,KRBUS,JPMIZ,JPKMA,KRYOS,AUGLE,AUMEL,AUNTL,AUBRI,AUSYD,AUHAY"
OFFSANNKK,"USLUA,PECAL,ECGYL,USNYK,PEMAT,ECPBO,UYULA,CLMEJ,BRRDJ,UYMON,BRRGR,GBBEL,PTLXS,GHTEM,GNCON,IEDUB,FRLEH,BEZEE,SIKOP,ESHUE,ITTAR,ESTAR,DZDJE,DEHAM,ITRAV,FRROU,MTMAL,BEANT,PLGDA,ESGIJ,NLROT,ESBIL,TRGEB,TRYAR,ZADUR,GRAGT,LTKLJ,FIKOT,EGALE,KEMOM,TZDRS,AEJAL,OMSOH,PKQAS,PKKAR,INKAN,THLCB,IDCXP,IDJAK,VNHCM,VNHPG,VNQUN,THRAY,CNHUM,CNCJN,CNHUI,CNCZH,CNLSN,HKHKG,AUGER,CNNTG,CNFAN,CNDAF,CNYJG,CNNBO,CNZOS,CNGUA,CNFUN,CNJIN,CNHKO,CNHPU,CNDYI,CNTAI,CNTJN,MYPKE,MYPAG,CNSTO,CNYSN,CNWGQ,CNCJK,CNJIT,CNYZH,CNSHA,CNDSN,CNTAX,CNFUZ,CNJIA,TWHLN,CNLYG,CNYAN,CNWEF,CNCHS,CNMEZ,CNDAL,CNYPG,CNRUG,CNZZU,TWKAO,CNZJG,AUFRE,CNBAS,CNDJK,CNBYQ,CNYIZ,CNSHS,CNSDG,AUBUN,CNPLI,CNCGM,CNXIA,CNBHI,PHBAT,TWMAI,CNRIZ,SGSGP,TWTCH,CNJIJ,CNZHA,CNZPU,CNQUA,CNZHE,CNWEN,CNCHZ,CNQIZ,CNQHD,CNBAO,CNQIN,CNCFD,CNNJG,CNGLA,CNDNG,CNWEI,CNNDE,KRPOH,KRGWA,KRDAN,JPFUK,JPOIT,JPKIS,JPSKI,JPTOK,KRULS,KRINC,JPNAG,JPYOK,KRPYT,KRBUS,JPMIZ,JPMOJ,JPOSK,AUGLE,AUMEL,AUNTL,AUPKE,AUADE,AUGEE,NZAKL,NZTAU"
OARARFKKK,"USSEA,USLSA,CAVCR,USOAK,MXLCS,MXMAN,PECAL,PABAL,USSAV,USCHA,USNYK,COBUE,CLSAN,CLTAL,UYULA,BRTUB,BRPDM,ARBNA,BRPAR,BRRDJ,UYMON,BRSTS,BRITA,BRRGR,GBSOU,FRLEH,BEZEE,FRFOS,SIKOP,ITGOA,DEHAM,ESBAR,MTMAL,ESCAR,BEANT,PLGDA,ESGIJ,NLROT,TRMER,TRYAR,TRALI,EGPSA,UAODS,JOAQA,ROCON,EGALE,EGDAM,SAJUB,SADMA,SAJED,QARAS,KWMAA,AEJAL,AEABU,AERUW,OMSOH,AEFUJ,PKQAS,PKKAR,INMUN,THLCB,THKSI,VNHPG,VNCAM,CNHUI,CNPAN,MY3182,CNLSN,HKHKG,CNFAN,CNNBO,CNZOS,CNGUA,CNFUN,CNJIN,CNHUA,CNTAI,CNTJN,MYPKE,MYPAG,CNYSN,CNWGQ,CNCJK,CNJIT,CNYZH,CNNSA,CNDSN,CNYTN,CNJIA,CNLYG,CNYAN,AUESP,CNMEZ,CNDAL,CNYPG,TWKAO,CNZJG,CNSLH,CNDJK,CNBYQ,CNLKU,CN9878,CNSDG,CNMWN,CNCGM,CNXIA,CN2039,CNRIZ,CNSHE,SGSGP,MY2243,TWTAP,CNZHA,CNZHE,CNDDG,CNQIZ,CNLYW,CNQHD,CNBAO,CNQIN,CNCFD,CNGLA,CNWEI,CNMJS,JPKAW,KRPOH,KRGWA,KRDAN,JPFUK,JPOIT,JPKIS,JPSKI,KRULS,KRINC,JPNAG,JPCBA,JPYOK,KRPYT,KRBUS,JPMIZ,JPKMA,KRYOS,AUGLE,AUNTL,AUBRI,AUSYD,AUHAY,RUNJK"
OFFGYGFKK,"CAPRR,BRPDM,SARTA,KWMAA,IQMAB,AERUW,OMSOH,AEFUJ,CNHUI,MY3182,CNLSN,CNNBO,CNZOS,CNJIN,CNTJN,CNJIT,MY3173,CNLYG,CNYAN,CNMEZ,CNDAL,CNYPG,TWKAO,CNSLH,CNDJK,CNSDG,AUPHE,CNRIZ,SGSGP,CNZHA,CNQIZ,CNQIN,CNCFD,CNMJS,KRGWA,JPKII,JPSKI,KRULS,KRINC,JPCBA,KRYOS"
OAOFARKKK,"USSEA,USLSA,CAVCR,USOAK,GTPQL,MXLCS,MXMAN,PECAL,PABAL,ECGYL,USSAV,USCHA,USNYK,COBUE,CLSAN,CLTAL,UYULA,BRTUB,BRPDM,ARBNA,BRPAR,BRRDJ,UYMON,BRIOA,BRSTS,BRITA,BRRGR,GBSOU,FRLEH,BEZEE,SIKOP,ITGOA,DEHAM,ESBAR,MTMAL,ESCAR,BEANT,PLGDA,ESGIJ,NLROT,TRMER,ZACPT,TRYAR,EGSOK,TRALI,EGPSA,UAODS,JOAQA,ROCON,EGALE,EGDAM,SAJUB,SADMA,SAJED,KWMAA,AEJAL,AEABU,AERUW,OMSOH,AEFUJ,PKQAS,PKKAR,INCHN,INKNP,INMUN,INVIS,INKUP,THLCB,VNHPG,VNCAM,CNHUI,CNPAN,MY3182,CNLSN,HKHKG,CNFAN,CNNBO,CNZOS,CNGUA,CNFUN,CNJIN,CNHUA,CNTAI,CNDCB,CNTJN,MYPKE,MYPAG,CNYSN,CNWGQ,CNCJK,CNJIT,CNYZH,CNNSA,CNDSN,CNYTN,CNJIA,CNLYG,CNYAN,AUESP,CNMEZ,CNDAL,CNYPG,CNZZU,TWKAO,CNZJG,CNSLH,AUFRE,CNDJK,CNBYQ,MYPEN,CNSDG,CNMWN,CNCGM,CNXIA,CNRIZ,CNSHE,SGSGP,TWTAP,CNZHA,CNZHE,CNDDG,CNQIZ,CNLYW,CNBAO,CNQIN,CNCFD,CNGLA,CNWEI,CNMJS,JPKAW,KRPOH,KRGWA,KRDAN,JPFUK,JPOIT,JPKIS,JPSKI,KRULS,KRINC,JPNAG,JPCBA,JPYOK,KRBUS,JPMIZ,JPKMA,KRYOS,JPOSK,AUGLE,AUMEL,AUNTL,AUADE,AUBRI,AUHAY"
OAOFCCKKK,"USSEA,USLSA,CAVCR,USOAK,MXLCS,MXMAN,PECAL,PABAL,USNPN,USSAV,USCHA,USNYK,COBUE,CLSAN,CLTAL,UYULA,BRPEC,BRTUB,BRPDM,ARBNA,BRPAR,BRRDJ,UYMON,BRSTS,BRITA,BRRGR,GBSOU,FRLEH,BEZEE,FRFOS,NLAMS,SIKOP,ITGOA,DEHAM,ESBAR,MTMAL,ESCAR,BEANT,PLGDA,ESGIJ,NLROT,TRMER,ZACPT,TRYAR,GRELE,GRAGT,TRALI,ZARIB,EGPSA,UAODS,JOAQA,ROCON,EGALE,EGDAM,SAJUB,BHBAH,KEMOM,SADMA,QAUMS,SAJED,SAYAN,KWMAA,AEJAL,AEABU,AERUW,OMSOH,AEFUJ,RUULG,PKQAS,PKKAR,INMUN,THLCB,THKSI,VNHPG,VNCAM,VNSOD,CN9014,CNHUI,CNPAN,MY3182,CNLSN,HKHKG,AUGER,CNFAN,CNNBO,CNPYU,CNZOS,CNGUA,CNFUN,CNJIN,CNHUA,CNTAI,CN9862,CNTJN,MYPKE,MYPAG,IDBAH,CNSTO,CNYSN,CNWGQ,CNCJK,CNJIT,CN9873,CNYZH,CNNSA,CNDSN,CNLAZ,CNYTN,CNJIA,CN1087,CNLYG,CNYAN,AUESP,CNMEZ,IDTBR,CNDAL,CNYPG,CNRUG,CNZZU,CNSWE,TWKAO,CNZJG,CNSLH,CNDJK,CNBYQ,CNLKU,MYTBS,CNSDG,MYTPP,CNMWN,CNCGM,CNXIA,CN2039,CNBHI,TWMAI,CNRIZ,CNSHE,SGSGP,MY2243,TWTAP,CNZHA,CNZHE,CNDDG,CNWEN,CNQIZ,CNLYW,CNQHD,CNBAO,CNQIN,CNCFD,CNGLA,MYPGG,CNWEI,IDSAM,CNMJS,JPKAW,KRPOH,KRGWA,KRDAN,JPFUK,JPOIT,JPKIS,JPSKI,KRULS,KRINC,JPNAG,JPCBA,JPYOK,KRPYT,KRBUS,JPMIZ,JPKMA,KRYOS,AUGLE,AUNTL,AUBRI,AUHAY,RUNJK"
OAOAOGKKK,"USLSA,CAVCR,USOAK,MXLCS,MXMAN,PECAL,ECGYL,USNYK,COBUE,CLTAL,UYULA,BRPEC,BRTUB,BRPAR,BRRDJ,UYMON,BRSTS,BRRGR,GBSOU,FRLEH,BEZEE,NLAMS,SIKOP,ITGOA,DEHAM,MTMAL,ESCAR,BEANT,PLGDA,ESGIJ,NLROT,TRYAR,GRAGT,ZARIB,JOAQA,ROCON,EGALE,SAJUB,BHBAH,KEMOM,SADMA,QAUMS,SAJED,SAYAN,KWMAA,AEJAL,AEABU,OMSOH,AEFUJ,PKQAS,PKKAR,INKNP,INMUN,THLCB,VNHPG,VNCAM,CNHUI,CNPAN,CNTAZ,CNLSN,HKHKG,AUGER,CNNTG,CNFAN,CNNBO,CNZOS,CNGUA,CNFUN,CNJIN,CNHUA,CNTAI,CNDCB,CNTJN,MYPKE,MYPAG,IDBAH,CNSTO,CNYSN,CNWGQ,CNCJK,CNJIT,CNYZH,CNNSA,CNDSN,CNLAZ,CNYTN,CNJIA,CNLYG,CNYAN,AUESP,CNCHS,CNMEZ,CNDAL,CNYPG,CNRUG,CNZZU,TWKAO,CNZJG,AUFRE,CNDJK,CNBYQ,CNLKU,CNSDG,CNPLI,CNCGM,CNXIA,CNBHI,TWMAI,CNRIZ,CNSHE,SGSGP,CNJIJ,TWTAP,CNZHA,CNQUA,CNZHE,CNDDG,CNWEN,CNCHZ,CNQIZ,CNQHD,CNBAO,CNQIN,CNCFD,CNNJG,CNGLA,CNWEI,IDSAM,JPKAW,KRPOH,KRGWA,KRDAN,JPFUK,JPOIT,JPKIS,JPSKI,KRULS,KRINC,JPNAG,JPYOK,KRPYT,KRBUS,JPMIZ,JPKMA,JPOSK,AUGLE,AUMEL,AUNTL,AUADE,AUBRI"
CRNKGFYRA,"USSEA,CAPRR,USLSA,CAVCR,USOAK,MXESE,MXLCS,MXMAN,PECAL,PABAL,USSAV,USCHA,USNYK,COBUE,CLSAN,CLTAL,UYULA,CLLIR,BRTUB,BRPDM,ARBNA,BRPAR,BRRDJ,UYMON,BRSTS,BRIJI,BRITA,BRRGR,FRLEH,BEZEE,FRFOS,SIKOP,ITGOA,DEHAM,ESBAR,MTMAL,BEANT,PLGDA,ESGIJ,NLROT,TRMER,TRYAR,EGSOK,TRALI,EGPSA,UAODS,JOAQA,ROCON,EGALE,EGDAM,SAJUB,SADMA,SAJED,KWMAA,AEJAL,AEABU,AERUW,OMSOH,AEKHA,AEFUJ,PKKAR,INNSA,LKCOL,INMUN,THLCB,VNHPG,VNCAM,CNHUI,MY3182,CNLSN,HKHKG,CNFAN,CNNBO,CNZOS,CNGUA,CNFUN,CNJIN,CNHUA,CNTAI,CNTJN,MYPKE,CNYSN,CNWGQ,CNCJK,CNJIT,CNYZH,CNNSA,CNYTN,CNJIA,CNLYG,CNYAN,AUESP,CNMEZ,CNDAL,CNYPG,TWKAO,CNZJG,CNSLH,AUFRE,CNDJK,CNBYQ,CNSDG,CNMWN,CNCGM,CNXIA,CNRIZ,CNSHE,SGSGP,TWTAP,CNZHA,CNZHE,CNDDG,CNQIZ,CNLYW,CNBAO,CNQIN,CNCFD,CNWEI,CNMJS,JPKAW,KRPOH,KRGWA,KRDAN,JPFUK,JPOIT,JPKIS,JPSKI,KRULS,KRINC,JPNAG,JPCBA,JPYOK,KRBUS,JPMIZ,JPKMA,KRYOS,AUGLE,AUMEL,AUNTL,AUBRI,AUSYD,AUHAY"
OARCGCOCK,"USLSA,CAVCR,USOAK,MXLCS,MXMAN,PECAL,ECGYL,USNYK,COBUE,CLTAL,UYULA,BRPEC,BRTUB,BRPAR,BRRDJ,UYMON,BRSTS,BRRGR,GBSOU,FRLEH,BEZEE,NLAMS,SIKOP,ITGOA,DEHAM,MTMAL,ESCAR,BEANT,PLGDA,ESGIJ,NLROT,TRYAR,GRAGT,ZARIB,JOAQA,ROCON,EGALE,SAJUB,BHBAH,KEMOM,SADMA,QAUMS,SAJED,SAYAN,KWMAA,AEJAL,AEABU,OMSOH,AEFUJ,PKQAS,PKKAR,INKNP,INMUN,THLCB,THKSI,VNHPG,VNCAM,CNHUI,CNPAN,CNTAZ,CNLSN,HKHKG,AUGER,CNNTG,CNFAN,CNNBO,CNPYU,CNZOS,CNGUA,CNFUN,CNJIN,CNHUA,CNTAI,CNDCB,CNTJN,MYPKE,MYPAG,IDBAH,CNSTO,CNYSN,CNWGQ,CNCJK,CNJIT,CN9873,CNYZH,CNNSA,CNDSN,CNLAZ,CNYTN,CNJIA,CN1087,CNLYG,CNYAN,AUESP,CNCHS,CNMEZ,CNDAL,CNYPG,CNRUG,CNZZU,TWKAO,CNZJG,AUFRE,CNDJK,CNBYQ,CNLKU,CNSDG,MYTPP,CNPLI,CNCGM,CNXIA,CNBHI,TWMAI,CNRIZ,CNSHE,SGSGP,MY2243,CNJIJ,TWTAP,CNZHA,CNQUA,CNZHE,CNDDG,CNWEN,CNCHZ,CNQIZ,CNQHD,CNBAO,CNQIN,CNCFD,CNNJG,CNGLA,CNWEI,IDSAM,JPKAW,KRPOH,KRGWA,KRDAN,JPFUK,JPOIT,JPKIS,JPSKI,KRULS,KRINC,JPNAG,JPCBA,JPYOK,KRPYT,KRBUS,JPMIZ,JPKMA,JPOSK,AUGLE,AUMEL,AUNTL,AUADE,AUBRI"
OFFRKAAKK,"USSEA,USLSA,CAVCR,USOAK,MXLCS,MXMAN,PECAL,PABAL,USNPN,USSAV,USCHA,CAPCA,USNYK,COBUE,CLSAN,CLTAL,UYULA,BRPEC,BRTUB,BRPDM,ARBNA,BRPAR,BRRDJ,UYMON,BRSTS,BRITA,BRRGR,GBSOU,FRLEH,BEZEE,FRFOS,NLAMS,SIKOP,ITGOA,FRDKK,DEHAM,ESBAR,MTMAL,ESCAR,BEANT,PLGDA,ESGIJ,NLROT,TRMER,ZACPT,TRYAR,GRELE,GRAGT,TRALI,ZARIB,EGPSA,UAODS,JOAQA,ROCON,EGALE,EGDAM,SAJUB,BHBAH,KEMOM,SADMA,QAUMS,SAJED,SAYAN,KWMAA,AEJAL,AEABU,AERUW,OMSOH,AEFUJ,RUULG,PKKAR,INMUN,THLCB,THKSI,VNHPG,VNCAM,VNSOD,CNHUI,CNPAN,MY3182,CNLSN,HKHKG,AUGER,CNFAN,CNNBO,CNZOS,CNGUA,CNFUN,CNJIN,CNHUA,CNTAI,CNTJN,MYPKE,MYPAG,IDBAH,CNSTO,CNYSN,CNWGQ,CNCJK,CNJIT,CNYZH,CNNSA,CNDSN,CNLAZ,CNYTN,CNJIA,CNLYG,CNYAN,AUESP,CNMEZ,IDTBR,CNDAL,CNYPG,CNRUG,CNZZU,CNSWE,TWKAO,CNZJG,CNSLH,CNDJK,CNBYQ,CNLKU,MYTBS,CNSDG,CNMWN,CNCGM,CNXIA,CN2039,TWMAI,CNRIZ,CNSHE,SGSGP,MY2243,TWTAP,CNZHA,CNZHE,CNDDG,CNWEN,CNQIZ,CNLYW,CNBAO,CNQIN,CNCFD,CNGLA,MYPGG,IDSAM,CNMJS,JPKAW,KRPOH,KRGWA,KRDAN,JPFUK,JPOIT,JPKIS,JPSKI,KRULS,KRINC,JPNAG,JPCBA,JPYOK,KRPYT,KRBUS,JPMIZ,JPKMA,KRYOS,AUGLE,AUNTL,AUBRI,AUHAY,RUNJK"
OAOFGKKKK,"USSEA,USLSA,CAVCR,USOAK,GTPQL,MXLCS,MXMAN,PECAL,PABAL,ECGYL,USSAV,USCHA,USNYK,COBUE,CLSAN,CLTAL,UYULA,BRTUB,BRPDM,ARBNA,BRPAR,BRRDJ,UYMON,BRIOA,BRSTS,BRITA,BRRGR,GBSOU,FRLEH,BEZEE,SIKOP,ITGOA,DEHAM,ESBAR,MTMAL,ESCAR,BEANT,PLGDA,ESGIJ,NLROT,TRMER,ZACPT,TRYAR,EGSOK,TRALI,EGPSA,UAODS,JOAQA,ROCON,EGALE,EGDAM,SAJUB,SADMA,SAJED,KWMAA,AEJAL,AEABU,AERUW,OMSOH,AEFUJ,PKQAS,PKKAR,INCHN,INKNP,INMUN,INVIS,INKUP,THLCB,VNHPG,VNCAM,CNHUI,CNPAN,MY3182,CNLSN,HKHKG,CNFAN,CNNBO,CNZOS,CNGUA,CNFUN,CNJIN,CNHUA,CNTAI,CNDCB,CNTJN,MYPKE,MYPAG,CNYSN,CNWGQ,CNCJK,CNJIT,CNYZH,CNNSA,CNDSN,CNYTN,CNJIA,CNLYG,CNYAN,AUESP,CNMEZ,CNDAL,CNYPG,CNZZU,TWKAO,CNZJG,CNSLH,AUFRE,CNDJK,CNBYQ,MYPEN,CNSDG,CNMWN,CNCGM,CNXIA,CNRIZ,CNSHE,SGSGP,TWTAP,CNZHA,CNZHE,CNDDG,CNQIZ,CNLYW,CNBAO,CNQIN,CNCFD,CNGLA,CNWEI,CNMJS,JPKAW,KRPOH,KRGWA,KRDAN,JPFUK,JPOIT,JPKIS,JPSKI,KRULS,KRINC,JPNAG,JPCBA,JPYOK,KRBUS,JPMIZ,JPKMA,KRYOS,JPOSK,AUGLE,AUMEL,AUNTL,AUADE,AUBRI,AUHAY"
OARCAYGRK,"USLSA,CAVCR,USOAK,MXLCS,MXMAN,PECAL,ECGYL,USNYK,COBUE,UYULA,BRPAR,BRRDJ,UYMON,BRSTS,BRRGR,GBSOU,FRLEH,BEZEE,NLAMS,SIKOP,ITGOA,DEHAM,MTMAL,BEANT,PLGDA,ESGIJ,NLROT,TRYAR,GRAGT,TRALI,ZARIB,EGPSA,JOAQA,ROCON,EGALE,SAJUB,BHBAH,KEMOM,SADMA,QAUMS,SAJED,SAYAN,KWMAA,AEJAL,AEABU,OMSOH,AEFUJ,PKQAS,PKKAR,INKNP,INMUN,THLCB,THKSI,VNHPG,VNCAM,CNHUI,CNPAN,CNTAZ,CNLSN,HKHKG,AUGER,CNNTG,CNFAN,CNNBO,CNPYU,CNZOS,CNGUA,CNFUN,CNJIN,CNHUA,CNTAI,CNDCB,CNTJN,MYPKE,MYPAG,IDBAH,CNSTO,CNYSN,CNWGQ,CNCJK,CNJIT,CN9873,CNYZH,CNNSA,CNDSN,CNLAZ,CNYTN,CNJIA,CN1087,CNLYG,CNYAN,AUESP,CNCHS,CNMEZ,CNDAL,CNYPG,CNRUG,CNZZU,TWKAO,CNZJG,CNSLH,AUFRE,CNDJK,CNBYQ,CNLKU,CNSDG,MYTPP,CNPLI,CNCGM,CNXIA,CNBHI,TWMAI,CNRIZ,CNSHE,SGSGP,MY2243,CNJIJ,TWTAP,CNZHA,CNQUA,CNZHE,CNDDG,CNWEN,CNCHZ,CNQIZ,CNQHD,CNBAO,CNQIN,CNCFD,CNNJG,CNGLA,CNWEI,IDSAM,KRPOH,KRGWA,KRDAN,JPFUK,JPOIT,JPKIS,JPSKI,KRULS,KRINC,JPNAG,JPCBA,JPYOK,KRPYT,KRBUS,JPMIZ,JPKMA,JPOSK,AUGLE,AUMEL,AUNTL,AUADE,AUBRI"
OARCROOOK,"CNHUI,CNCZH,CNHKO,CNSTO,CNBHI,CNZHA,CNDNG"
OARCROGOK,"CNHUI,CNCZH,CNFAN,CNYJG,CNGUA,CNHKO,CNSTO,CNDAL,CNYPG,CNSDG,CNBHI,CNZHA,CNDNG"
OAROFSCRK,"CAVCR,USLUA,PECAL,USNYK,UYULA,CLMEJ,UYFBS,BRVIT,BRSTS,GBBEL,PTLXS,GNCON,IEDUB,FRLEH,BEZEE,ESHUE,ITTAR,ESTAR,DZDJE,DEHAM,FRROU,MTMAL,BEANT,PLGDA,ESGIJ,NLROT,ESBIL,TRGEB,TRYAR,ZADUR,GRAGT,TRDER,JOAQA,LTKLJ,FIKOT,ROCON,EGALE,BHBAH,SADMA,SAJED,SAYAN,KWMAA,AEJAL,AEABU,AERAK,RUSPG,OMSOH,AEFUJ,PKQAS,PKKAR,INKAN,INKAK,INMUN,THLCB,IDCXP,IDJAK,VNHCM,VNHPG,VNQUN,THRAY,CNHUM,CNCJN,CNHUI,CNCZH,CNLSN,HKHKG,AUGER,CNNTG,CNFAN,CNDAF,CNYJG,CNNBO,CNZOS,CNGUA,CNFUN,CNJIN,CNHKO,CNHPU,CNDYI,CNTAI,CNTJN,MYPKE,MYPAG,CNSTO,CNYSN,CNWGQ,CNCJK,CNJIT,CNYZH,CNSHA,CNNSA,CNDSN,CNTAX,CNFUZ,CNJIA,TWHLN,CNLYG,CNYAN,CNWEF,CNCHS,CNMEZ,CNDAL,CNYPG,CNRUG,CNZZU,TWKAO,CNZJG,AUFRE,CNBAS,CNDJK,CNBYQ,CNYIZ,CNSHS,CNSDG,AUBUN,CNPLI,CNCGM,CNXIA,CNBHI,PHBAT,TWMAI,CNRIZ,SGSGP,TWTCH,CNJIJ,CNZHA,CNZPU,CNQUA,CNZHE,CNWEN,CNCHZ,CNQIZ,CNQHD,CNBAO,CNQIN,CNLVS,CNCFD,CNNJG,CNGLA,CNDNG,CNWEI,CNNDE,KRPOH,KRKUN,KRGWA,KRDAN,JPFUK,JPKIS,JPHHR,KRMAS,JPSKI,JPTOK,KRULS,KRINC,JPNAG,JPYOK,KRPYT,KRBUS,JPMIZ,JPMOJ,JPKMA,JPOSK,AUGLE,AUMEL,AUNTL,AUPKE,AUWHY,AUADE,AUPLD,AUGEE,NZNAP"
OARARRKKK,"USSEA,CAPRR,USLSA,CAVCR,USOAK,MXESE,CANWE,MXLCS,MXMAN,PECAL,PABAL,USSAV,USCHA,USNYK,COBUE,CLSAN,CLLIR,BRPDM,GBLGP,MATAN,FRLEH,BEZEE,FRFOS,SIKOP,ITGOA,DEHAM,ESBAR,MTMAL,BEANT,PLGDA,ESVAL,NLROT,TRMER,TRISK,TRYAR,EGSOK,TRALI,TRIST,GRPIR,EGPSA,JOAQA,EGDAM,SAJUB,SADMA,QAHMD,SAJED,KWMAA,AEJAL,AERUW,OMSOH,AEKHA,AEFUJ,PKKAR,INNSA,LKCOL,INMUN,THLCB,VNHPG,CNHUI,MY3182,CNLSN,HKHKG,CNFAN,CNNBO,CNZOS,CNGUA,CNFUN,CNJIN,CNHUA,CNTAI,CNTJN,MYPKE,CNYSN,CNWGQ,CNCJK,CNJIT,CNNSA,CNYTN,CNJIA,CNLYG,CNYAN,CNMEZ,CNDAL,CNYPG,TWKAO,CNSLH,CNDJK,CNBYQ,CNSDG,CNMWN,CNXIA,CNRIZ,CNSHE,SGSGP,TWTAP,CNZHA,CNDDG,CNQIZ,CNLYW,CNQIN,CNCFD,CNMJS,KRPOH,KRGWA,JPFUK,JPOIT,JPKIS,JPSKI,KRULS,KRINC,JPNAG,JPCBA,KRBUS,JPMIZ,JPKMA,KRYOS,AUNTL,AUHAY"
RNOSFYKKK,"USLSA,CAVCR,USOAK,MXLCS,MXMAN,PECAL,ECGYL,USNPN,USSAV,USNYK,COBUE,UYULA,BRPEC,BRTUB,BRPAR,BRRDJ,UYMON,BRSTS,BRRGR,GBSOU,FRLEH,BEZEE,NLAMS,SIKOP,ITGOA,DEHAM,ESBAR,MTMAL,ESCAR,BEANT,PLGDA,ESGIJ,NLROT,TRMER,ZACPT,TRYAR,GRELE,GRAGT,TRALI,ZARIB,EGPSA,JOAQA,ROCON,EGALE,SAJUB,BHBAH,KEMOM,SADMA,QAUMS,SAJED,SAYAN,KWMAA,AEJAL,AEABU,OMSOH,AEFUJ,RUULG,PKQAS,PKKAR,INKNP,INMUN,INVIS,THLCB,THKSI,VNHPG,VNCAM,CNHUI,CNPAN,CNTAZ,CNLSN,HKHKG,AUGER,CNNTG,CNFAN,CNNBO,CNPYU,CNZOS,CNGUA,CNFUN,CNJIN,CNHUA,CNTAI,CNDCB,CNTJN,MYPKE,MYPAG,IDBAH,CNSTO,CNYSN,CNWGQ,CNCJK,CNJIT,CN9873,CNYZH,CNNSA,CNDSN,CNLAZ,CNYTN,CNJIA,CN1087,CNLYG,CNYAN,AUESP,CNCHS,CNMEZ,CNDAL,CNYPG,CNRUG,CNZZU,TWKAO,CNZJG,CNSLH,AUFRE,CNDJK,CNBYQ,CNLKU,CNSDG,MYTPP,CNPLI,CNCGM,CNXIA,CNBHI,TWMAI,CNRIZ,CNSHE,SGSGP,MY2243,CNJIJ,TWTAP,CNZHA,CNQUA,CNZHE,CNDDG,CNWEN,CNCHZ,CNQIZ,CNQHD,CNBAO,CNQIN,CNCFD,CNNJG,CNGLA,CNWEI,IDSAM,KRPOH,KRGWA,KRDAN,JPFUK,JPOIT,JPKIS,JPSKI,KRULS,KRINC,JPNAG,JPCBA,JPYOK,KRPYT,KRBUS,JPMIZ,JPKMA,JPOSK,AUGLE,AUMEL,AUNTL,AUADE,AUBRI,AUHAY"
OAOFFAKKK,"USLSA,CAVCR,USOAK,MXLCS,MXMAN,PECAL,ECGYL,USNYK,COBUE,UYULA,BRPEC,BRTUB,BRPAR,BRRDJ,UYMON,BRSTS,BRRGR,GBSOU,FRLEH,BEZEE,NLAMS,SIKOP,ITGOA,DEHAM,MTMAL,BEANT,PLGDA,ESGIJ,NLROT,TRYAR,GRAGT,ZARIB,JOAQA,ROCON,EGALE,SAJUB,BHBAH,KEMOM,SADMA,QAUMS,SAJED,SAYAN,KWMAA,AEJAL,AEABU,OMSOH,AEFUJ,PKQAS,PKKAR,INKNP,INMUN,THLCB,VNHPG,VNCAM,CNHUI,CNPAN,CNTAZ,CNLSN,HKHKG,AUGER,CNNTG,CNFAN,CNNBO,CNZOS,CNGUA,CNFUN,CNJIN,CNHUA,CNTAI,CNDCB,CNTJN,MYPKE,MYPAG,IDBAH,CNSTO,CNYSN,CNWGQ,CNCJK,CNJIT,CNYZH,CNNSA,CNDSN,CNLAZ,CNYTN,CNJIA,CNLYG,CNYAN,AUESP,CNCHS,CNMEZ,CNDAL,CNYPG,CNRUG,CNZZU,TWKAO,CNZJG,AUFRE,CNDJK,CNBYQ,CNLKU,CNSDG,CNPLI,CNCGM,CNXIA,CNBHI,TWMAI,CNRIZ,CNSHE,SGSGP,CNJIJ,TWTAP,CNZHA,CNQUA,CNZHE,CNDDG,CNWEN,CNCHZ,CNQIZ,CNQHD,CNBAO,CNQIN,CNCFD,CNNJG,CNGLA,CNWEI,IDSAM,KRPOH,KRGWA,KRDAN,JPFUK,JPOIT,JPKIS,JPSKI,KRULS,KRINC,JPNAG,JPYOK,KRPYT,KRBUS,JPMIZ,JPKMA,JPOSK,AUGLE,AUMEL,AUNTL,AUADE,AUBRI"
OFFYGANKK,"USLSA,CAVCR,USOAK,GTPQL,MXLCS,MXMAN,PECAL,PABAL,ECGYL,USNPN,USSAV,USNYK,COBUE,CLTAL,UYULA,BRPEC,BRTUB,BRPDM,BRPAR,BRRDJ,UYMON,BRSTS,BRITA,BRRGR,GBSOU,FRLEH,BEZEE,NLAMS,SIKOP,ITGOA,DEHAM,ESBAR,MTMAL,ESCAR,BEANT,PLGDA,ESGIJ,NLROT,TRMER,ZACPT,TRYAR,GRELE,GRAGT,TRALI,ZARIB,EGPSA,JOAQA,ROCON,EGALE,EGDAM,SAJUB,BHBAH,KEMOM,SADMA,QAUMS,SAJED,SAYAN,KWMAA,AEJAL,AEABU,AERUW,OMSOH,AEFUJ,RUULG,PKQAS,PKKAR,INCHN,INKNP,INMUN,INVIS,THLCB,THKSI,VNHPG,VNCAM,VNSOD,CNHUI,CNPAN,CNTAZ,MY3182,CNLSN,HKHKG,AUGER,CNNTG,CNFAN,CNNBO,CNPYU,CNZOS,CNGUA,CNFUN,CNJIN,CNHUA,CNTAI,CNDCB,CN9862,CNTJN,MYPKE,MYPAG,IDBAH,CNSTO,CNYSN,CNWGQ,CNCJK,CNJIT,CN9873,CNYZH,CNNSA,CNDSN,CNLAZ,CNYTN,CNJIA,CN1087,CNLYG,CNYAN,AUESP,CNCHS,CNMEZ,CNDAL,CNYPG,CNRUG,CNZZU,TWKAO,CNZJG,CNSLH,AUFRE,CNDJK,CNBYQ,CNLKU,MYTBS,CNSDG,MYTPP,CNPLI,CNMWN,CNCGM,CNXIA,CNBHI,TWMAI,CNRIZ,CNSHE,SGSGP,MY2243,CNJIJ,TWTAP,CNZHA,CNQUA,CNZHE,CNDDG,CNWEN,CNCHZ,CNQIZ,CNLYW,CNQHD,CNBAO,CNQIN,CNCFD,CNNJG,CNGLA,MYPGG,CNWEI,IDSAM,JPKAW,KRPOH,KRGWA,KRDAN,JPFUK,JPOIT,JPKIS,JPSKI,KRULS,KRINC,JPNAG,JPCBA,JPYOK,KRPYT,KRBUS,JPMIZ,JPKMA,KRYOS,JPOSK,AUGLE,AUMEL,AUNTL,AUADE,AUBRI,AUHAY,RUNJK"
OARRSRCFK,"USLUA,USNYK,UYULA,GBBEL,PTLXS,IEDUB,FRLEH,ESHUE,ITTAR,ESTAR,DZDJE,DEHAM,FRROU,MTMAL,BEANT,ESGIJ,NLROT,TRGEB,TRYAR,GRAGT,LTKLJ,EGALE,THLCB,IDCXP,IDJAK,VNHCM,VNHPG,VNQUN,THRAY,CNHUM,CNCJN,CNHUI,CNCZH,HKHKG,CNNTG,CNFAN,CNYJG,CNNBO,CNZOS,CNGUA,CNFUN,CNJIN,CNHKO,CNHPU,CNDYI,CNTAI,CNTJN,MYPKE,MYPAG,CNSTO,CNYSN,CNWGQ,CNCJK,CNJIT,CNSHA,CNNSA,CNDSN,CNTAX,CNFUZ,CNJIA,TWHLN,CNLYG,CNYAN,CNWEF,CNCHS,CNMEZ,CNDAL,CNYPG,CNRUG,CNZZU,TWKAO,CNZJG,AUFRE,CNBAS,CNDJK,CNBYQ,CNYIZ,CNSHS,CNSDG,CNCGM,CNXIA,CNBHI,PHBAT,TWMAI,CNRIZ,SGSGP,TWTCH,CNJIJ,CNZHA,CNZPU,CNQUA,CNZHE,CNWEN,CNCHZ,CNQIZ,CNQHD,CNBAO,CNQIN,CNNJG,CNGLA,CNDNG,CNWEI,CNNDE,KRPOH,KRGWA,KRDAN,JPFUK,JPKIS,JPSKI,JPTOK,KRULS,KRINC,JPNAG,JPYOK,KRPYT,KRBUS,JPMIZ,JPOSK,AUADE,AUGEE"
OARACFKKK,"CNCJN,CNHUI,CNCZH,CNNTG,CNFAN,CNYJG,CNNBO,CNZOS,CNGUA,CNFUN,CNHKO,CNDYI,CNSTO,CNCJK,CNDSN,CNTAX,CNFUZ,CNJIA,CNLYG,CNYAN,CNWEF,CNCHS,CNMEZ,CNDAL,CNYPG,TWKAO,CNBAS,CNDJK,CNYIZ,CNSDG,CNBHI,CNJIJ,CNZHA,CNZPU,CNQUA,CNZHE,CNWEN,CNCHZ,CNNJG,CNDNG,CNWEI,KRDAN,KRULS"
OACNROKKK,"USSEA,USLSA,CAVCR,PABAL,USNFK,USSAV,USCHA,USNYK,BRTUB,BRPDM,BRITA,GBSOU,FRLEH,BEZEE,FRFOS,ITGOA,DEHAM,MTMAL,ESCAR,BEANT,PLGDA,ESGIJ,NLROT,JOAQA,EGALE,SADMA,SAJED,QARAS,KWMAA,AEJAL,AEABU,AERUW,OMSOH,AEFUJ,PKKAR,INMUN,VNCAM,CNHUI,MY3182,CNLSN,HKHKG,CNFAN,CNNBO,CNZOS,CNGUA,CNFUN,CNJIN,AUCPN,CNHUA,CNTAI,CNTJN,MYPKE,CNYSN,CNWGQ,CNCJK,CNJIT,CNYZH,CNNSA,CNDSN,CNYTN,CNJIA,CNLYG,CNYAN,AUESP,CNMEZ,CNDAL,CNYPG,TWKAO,CNZJG,CNSLH,CNDJK,CNBYQ,CNSDG,CNCGM,AUPHE,CNXIA,CNRIZ,CNSHE,SGSGP,TWTAP,CNZHA,CNZHE,CNDDG,CNQIZ,CNLYW,CNBAO,CNQIN,CNCFD,CNGLA,CNMJS,JPKAW,KRPOH,KRGWA,KRDAN,JPFUK,JPOIT,JPKIS,JPSKI,KRULS,KRINC,JPNAG,JPCBA,KRBUS,JPMIZ,JPKMA,KRYOS,AUGLE,AUAPT,AUNTL,AUBRI,AUHAY"
OFFYNYRKK,"USLUA,PECAL,USNYK,UYULA,CLMEJ,GBBEL,PTLXS,GNCON,IEDUB,FRLEH,BEZEE,ESHUE,ITTAR,ESTAR,DZDJE,DEHAM,FRROU,MTMAL,BEANT,PLGDA,ESGIJ,NLROT,ESBIL,TRGEB,TRYAR,ZADUR,GRAGT,LTKLJ,FIKOT,EGALE,KEMOM,TZDRS,AEJAL,OMSOH,PKQAS,PKKAR,INKAN,THLCB,IDCXP,IDJAK,VNHCM,VNHPG,VNQUN,THRAY,CNHUM,CNCJN,CNHUI,CNCZH,CNLSN,HKHKG,AUGER,CNNTG,CNFAN,CNDAF,CNYJG,CNNBO,CNZOS,CNGUA,CNFUN,CNJIN,CNHKO,CNHPU,CNDYI,CNTAI,CNTJN,MYPKE,MYPAG,CNSTO,CNYSN,CNWGQ,CNCJK,CNJIT,CNYZH,CNSHA,CNDSN,CNTAX,CNFUZ,CNJIA,TWHLN,CNLYG,CNYAN,CNWEF,CNCHS,CNMEZ,CNDAL,CNYPG,CNRUG,CNZZU,TWKAO,CNZJG,AUFRE,CNBAS,CNDJK,CNBYQ,CNYIZ,CNSHS,CNSDG,AUBUN,CNPLI,CNCGM,CNXIA,CNBHI,PHBAT,TWMAI,CNRIZ,SGSGP,TWTCH,CNJIJ,CNZHA,CNZPU,CNQUA,CNZHE,CNWEN,CNCHZ,CNQIZ,CNQHD,CNBAO,CNQIN,CNCFD,CNNJG,CNGLA,CNDNG,CNWEI,CNNDE,KRPOH,KRGWA,KRDAN,JPFUK,JPKIS,JPSKI,JPTOK,KRULS,KRINC,JPNAG,JPYOK,KRPYT,KRBUS,JPMIZ,JPMOJ,JPOSK,AUGLE,AUMEL,AUNTL,AUPKE,AUADE,AUGEE"
OAOCCRKKK,"USLSA,CAVCR,USOAK,GTPQL,MXLCS,MXMAN,PECAL,PABAL,ECGYL,USNPN,USSAV,USNYK,COBUE,CLTAL,UYULA,BRPEC,BRTUB,BRPDM,BRPAR,BRRDJ,UYMON,BRSTS,BRITA,BRRGR,GBSOU,FRLEH,BEZEE,NLAMS,SIKOP,ITGOA,DEHAM,ESBAR,MTMAL,ESCAR,BEANT,PLGDA,ESGIJ,NLROT,TRMER,ZACPT,TRYAR,GRELE,GRAGT,TRALI,ZARIB,EGPSA,JOAQA,ROCON,EGALE,EGDAM,SAJUB,BHBAH,KEMOM,SADMA,QAUMS,SAJED,SAYAN,KWMAA,AEJAL,AEABU,AERUW,OMSOH,AEFUJ,RUULG,PKQAS,PKKAR,INCHN,INKNP,INMUN,INVIS,THLCB,THKSI,VNHPG,VNCAM,VNSOD,CNHUI,CNPAN,CNTAZ,MY3182,CNLSN,HKHKG,AUGER,CNNTG,CNFAN,CNNBO,CNPYU,CNZOS,CNGUA,CNFUN,CNJIN,CNHUA,CNTAI,CNDCB,CN9862,CNTJN,MYPKE,MYPAG,IDBAH,CNSTO,CNYSN,CNWGQ,CNCJK,CNJIT,CN9873,CNYZH,CNNSA,CNDSN,CNLAZ,CNYTN,CNJIA,CN1087,CNLYG,CNYAN,AUESP,CNCHS,CNMEZ,CNDAL,CNYPG,CNRUG,CNZZU,TWKAO,CNZJG,CNSLH,AUFRE,CNDJK,CNBYQ,CNLKU,MYTBS,CNSDG,MYTPP,CNMWN,CNCGM,CNXIA,CNBHI,TWMAI,CNRIZ,CNSHE,SGSGP,MY2243,CNJIJ,TWTAP,CNZHA,CNQUA,CNZHE,CNDDG,CNWEN,CNCHZ,CNQIZ,CNLYW,CNQHD,CNBAO,CNQIN,CNCFD,CNNJG,CNGLA,MYPGG,CNWEI,IDSAM,JPKAW,KRPOH,KRGWA,KRDAN,JPFUK,JPOIT,JPKIS,JPSKI,KRULS,KRINC,JPNAG,JPCBA,JPYOK,KRPYT,KRBUS,JPMIZ,JPKMA,KRYOS,JPOSK,AUGLE,AUMEL,AUNTL,AUADE,AUBRI,AUHAY,RUNJK"
OFFFGNYKK,"USSEA,CAPRR,USLSA,CAVCR,USOAK,MXLCS,MXMAN,PECAL,PABAL,ECGYL,USSAV,USNYK,COBUE,CLSAN,CLTAL,UYULA,BRTUB,BRPAR,BRRDJ,UYMON,BRIOA,BRSTS,BRIJI,BRITA,BRRGR,GBSOU,FRLEH,BEZEE,SIKOP,ITGOA,DEHAM,MTMAL,ESCAR,BEANT,PLGDA,ESGIJ,NLROT,TRYAR,EGSOK,TRALI,EGPSA,JOAQA,ROCON,EGALE,SAJUB,SADMA,SAJED,KWMAA,AEJAL,AEABU,AERUW,OMSOH,AEFUJ,PKQAS,PKKAR,INNSA,INCHN,LKCOL,INKNP,INMUN,INKUP,THLCB,VNHPG,VNCAM,CNHUI,CNPAN,MY3182,CNLSN,HKHKG,CNFAN,CNNBO,CNZOS,CNGUA,CNFUN,CNJIN,CNHUA,CNTAI,CNDCB,CNTJN,MYPKE,MYPAG,CNYSN,CNWGQ,CNCJK,CNJIT,CNYZH,CNNSA,CNDSN,CNYTN,CNJIA,CNLYG,CNYAN,AUESP,CNMEZ,CNDAL,CNYPG,CNZZU,TWKAO,CNZJG,CNSLH,AUFRE,CNDJK,CNBYQ,MYPEN,CNSDG,CNMWN,CNCGM,CNXIA,CNRIZ,CNSHE,SGSGP,TWTAP,CNZHA,CNQUA,CNZHE,CNDDG,CNQIZ,CNLYW,CNQHD,CNBAO,CNQIN,CNCFD,CNGLA,CNWEI,JPKAW,KRPOH,KRGWA,KRDAN,JPFUK,JPOIT,JPKIS,JPSKI,KRULS,KRINC,JPNAG,JPCBA,JPYOK,KRBUS,JPMIZ,JPKMA,KRYOS,JPOSK,AUGLE,AUMEL,AUNTL,AUADE,AUBRI"
OFFAGGNKK,"CNNBO,CNTJN,CNDAL,SGSGP,CNQIN,KRGWA"
OARCRRRNK,"CNHUI,CNCZH,CNFAN,CNYJG,CNGUA,CNHKO,CNSTO,CNYAN,CNDAL,CNYPG,CNSDG,CNBHI,CNZHA,CNDNG"
OFFFNYGKK,"USSEA,USLSA,CAVCR,PABAL,USNFK,USSAV,USCHA,USNYK,BRTUB,BRPDM,BRITA,GBSOU,FRLEH,BEZEE,FRFOS,ITGOA,DEHAM,MTMAL,ESCAR,BEANT,PLGDA,ESGIJ,NLROT,JOAQA,EGALE,SADMA,SAJED,QARAS,KWMAA,AEJAL,AEABU,AERUW,OMSOH,AEFUJ,PKKAR,INMUN,VNCAM,CNHUI,MY3182,CNLSN,HKHKG,CNFAN,CNNBO,CNZOS,CNGUA,CNFUN,CNJIN,AUCPN,CNHUA,CNTAI,CNTJN,MYPKE,CNYSN,CNWGQ,CNCJK,CNJIT,CNYZH,CNNSA,CNDSN,CNYTN,CNJIA,CNLYG,CNYAN,AUESP,CNMEZ,CNDAL,CNYPG,TWKAO,CNZJG,CNSLH,CNDJK,CNBYQ,CNSDG,CNCGM,AUPHE,CNXIA,CNRIZ,CNSHE,SGSGP,TWTAP,CNZHA,CNZHE,CNDDG,CNQIZ,CNLYW,CNBAO,CNQIN,CNCFD,CNGLA,CNMJS,JPKAW,KRPOH,KRGWA,KRDAN,JPFUK,JPOIT,JPKIS,JPSKI,KRULS,KRINC,JPNAG,JPCBA,KRBUS,JPMIZ,JPKMA,KRYOS,AUGLE,AUAPT,AUNTL,AUBRI,AUHAY"
OFFOGRNKK,"USSEA,CAPRR,USLSA,CAVCR,USOAK,MXLCS,MXMAN,PECAL,PABAL,ECGYL,USSAV,USNYK,COBUE,CLSAN,CLTAL,UYULA,BRTUB,BRPAR,BRRDJ,UYMON,BRIOA,BRSTS,BRIJI,BRITA,BRRGR,GBSOU,FRLEH,BEZEE,SIKOP,ITGOA,DEHAM,MTMAL,ESCAR,BEANT,PLGDA,ESGIJ,NLROT,TRYAR,EGSOK,JOAQA,ROCON,EGALE,SAJUB,SADMA,SAJED,KWMAA,AEJAL,AEABU,OMSOH,AEFUJ,PKQAS,PKKAR,INNSA,INCHN,LKCOL,INKNP,INMUN,INKUP,THLCB,VNHPG,VNCAM,CNHUI,CNPAN,MY3182,CNLSN,HKHKG,CNFAN,CNNBO,CNZOS,CNGUA,CNFUN,CNJIN,CNHUA,CNTAI,CNDCB,CNTJN,MYPKE,MYPAG,CNYSN,CNWGQ,CNCJK,CNJIT,CNYZH,CNNSA,CNDSN,CNYTN,CNJIA,CNLYG,CNYAN,AUESP,CNMEZ,CNDAL,CNYPG,CNZZU,TWKAO,CNZJG,AUFRE,CNDJK,CNBYQ,MYPEN,CNSDG,CNMWN,CNCGM,CNXIA,CNRIZ,CNSHE,SGSGP,TWTAP,CNZHA,CNQUA,CNZHE,CNDDG,CNQIZ,CNQHD,CNBAO,CNQIN,CNCFD,CNGLA,CNWEI,JPKAW,KRPOH,KRGWA,KRDAN,JPFUK,JPOIT,JPKIS,JPSKI,KRULS,KRINC,JPNAG,JPCBA,JPYOK,KRBUS,JPMIZ,JPKMA,KRYOS,JPOSK,AUGLE,AUMEL,AUNTL,AUADE,AUBRI"
OACNCCGFK,"CNHKO,CNSYA,CNBHI,CNZHA,CNHAA"
OFFRAANKK,"USSEA,CAPRR,USLSA,CAVCR,USOAK,MXLCS,MXMAN,PECAL,PABAL,ECGYL,USSAV,USNYK,COBUE,CLSAN,CLTAL,UYULA,BRTUB,BRPAR,BRRDJ,UYMON,BRIOA,BRSTS,BRIJI,BRITA,BRRGR,GBSOU,FRLEH,BEZEE,SIKOP,ITGOA,DEHAM,MTMAL,ESCAR,BEANT,PLGDA,ESGIJ,NLROT,TRYAR,EGSOK,JOAQA,ROCON,EGALE,SAJUB,SADMA,SAJED,KWMAA,AEJAL,AEABU,OMSOH,AEFUJ,PKQAS,PKKAR,INNSA,INCHN,LKCOL,INKNP,INMUN,INKUP,THLCB,VNHPG,VNCAM,CNHUI,CNPAN,MY3182,CNLSN,HKHKG,CNFAN,CNNBO,CNZOS,CNGUA,CNFUN,CNJIN,CNHUA,CNTAI,CNDCB,CNTJN,MYPKE,MYPAG,CNYSN,CNWGQ,CNCJK,CNJIT,CNYZH,CNNSA,CNDSN,CNYTN,CNJIA,CNLYG,CNYAN,AUESP,CNMEZ,CNDAL,CNYPG,CNZZU,TWKAO,CNZJG,AUFRE,CNDJK,CNBYQ,MYPEN,CNSDG,CNMWN,CNCGM,CNXIA,CNRIZ,CNSHE,SGSGP,TWTAP,CNZHA,CNQUA,CNZHE,CNDDG,CNQIZ,CNQHD,CNBAO,CNQIN,CNCFD,CNGLA,CNWEI,JPKAW,KRPOH,KRGWA,KRDAN,JPFUK,JPOIT,JPKIS,JPSKI,KRULS,KRINC,JPNAG,JPCBA,JPYOK,KRBUS,JPMIZ,JPKMA,KRYOS,JPOSK,AUGLE,AUMEL,AUNTL,AUADE,AUBRI"
RFAKFSKKK,"GBBEL,PTLXS,IEDUB,FRLEH,ESHUE,ITTAR,ESTAR,DZDJE,DEHAM,FRROU,BEANT,NOBGN,FRBAY,TRGEB,LTKLJ,CNCJN,CNHUI,CNCZH,CNNTG,CNFAN,CNYJG,CNNBO,CNZOS,CNGUA,CNFUN,CNHKO,CNHPU,CNDYI,CNTJN,CNSTO,CNCJK,CNDSN,CNTAX,CNFUZ,CNJIA,CNLYG,CNYAN,CNWEF,CNCHS,CNMEZ,CNDAL,CNYPG,TWKAO,CNBAS,CNDJK,CNYIZ,CNSDG,CNBHI,CNJIJ,CNZHA,CNZPU,CNQUA,CNZHE,CNWEN,CNCHZ,CNNJG,CNDNG,KRDAN,KRULS"
OARRRGKKK,"USLSA,CAVCR,USOAK,MXLCS,MXMAN,PECAL,ECGYL,USSAV,USNYK,COBUE,CLTAL,UYULA,BRPEC,BRTUB,BRPAR,BRRDJ,UYMON,BRSTS,BRRGR,GBSOU,FRLEH,BEZEE,NLAMS,SIKOP,ITGOA,DEHAM,MTMAL,ESCAR,BEANT,PLGDA,ESGIJ,NLROT,ZACPT,TRYAR,GRAGT,TRALI,ZARIB,EGPSA,JOAQA,ROCON,EGALE,SAJUB,BHBAH,KEMOM,SADMA,QAUMS,SAJED,SAYAN,KWMAA,AEJAL,AEABU,AERUW,OMSOH,AEFUJ,PKQAS,PKKAR,INKNP,INMUN,THLCB,THKSI,VNHPG,VNCAM,CNHUI,CNPAN,CNTAZ,CNLSN,HKHKG,AUGER,CNNTG,CNFAN,CNNBO,CNPYU,CNZOS,CNGUA,CNFUN,CNJIN,CNHUA,CNTAI,CNDCB,CNTJN,MYPKE,MYPAG,IDBAH,CNSTO,CNYSN,CNWGQ,CNCJK,CNJIT,CN9873,CNYZH,CNNSA,CNDSN,CNLAZ,CNYTN,CNJIA,CN1087,CNLYG,CNYAN,AUESP,CNCHS,CNMEZ,CNDAL,CNYPG,CNRUG,CNZZU,TWKAO,CNZJG,CNSLH,AUFRE,CNDJK,CNBYQ,CNLKU,CNSDG,MYTPP,CNPLI,CNCGM,CNXIA,CNBHI,TWMAI,CNRIZ,CNSHE,SGSGP,MY2243,CNJIJ,TWTAP,CNZHA,CNQUA,CNZHE,CNDDG,CNWEN,CNCHZ,CNQIZ,CNLYW,CNQHD,CNBAO,CNQIN,CNCFD,CNNJG,CNGLA,CNWEI,IDSAM,JPKAW,KRPOH,KRGWA,KRDAN,JPFUK,JPOIT,JPKIS,JPSKI,KRULS,KRINC,JPNAG,JPCBA,JPYOK,KRPYT,KRBUS,JPMIZ,JPKMA,JPOSK,AUGLE,AUMEL,AUNTL,AUADE,AUBRI"
OARASFKKK,"USSEA,USLSA,CAVCR,USOAK,MXLCS,MXMAN,PECAL,PABAL,USNPN,USSAV,USCHA,USNYK,COBUE,CLSAN,CLTAL,UYULA,BRPEC,BRTUB,BRPDM,ARBNA,BRPAR,BRRDJ,UYMON,BRSTS,BRITA,BRRGR,GBSOU,FRLEH,BEZEE,FRFOS,NLAMS,SIKOP,ITGOA,DEHAM,ESBAR,MTMAL,ESCAR,BEANT,PLGDA,ESGIJ,NLROT,TRMER,ZACPT,TRYAR,GRELE,GRAGT,TRALI,ZARIB,EGPSA,UAODS,JOAQA,ROCON,EGALE,EGDAM,SAJUB,BHBAH,KEMOM,SADMA,QAUMS,SAJED,SAYAN,KWMAA,AEJAL,AEABU,AERUW,OMSOH,AEFUJ,RUULG,PKQAS,PKKAR,INMUN,THLCB,THKSI,VNHPG,VNCAM,VNSOD,CN9014,CNHUI,CNPAN,MY3182,CNLSN,HKHKG,AUGER,CNFAN,CNNBO,CNPYU,CNZOS,CNGUA,CNFUN,CNJIN,CNHUA,CNTAI,CN9862,CNTJN,MYPKE,MYPAG,IDBAH,CNSTO,CNYSN,CNWGQ,CNCJK,CNJIT,CN9873,CNYZH,CNNSA,CNDSN,CNLAZ,CNYTN,CNJIA,CN1087,CNLYG,CNYAN,AUESP,CNMEZ,IDTBR,CNDAL,CNYPG,CNRUG,CNZZU,CNSWE,TWKAO,CNZJG,CNSLH,CNDJK,CNBYQ,CNLKU,MYTBS,CNSDG,MYTPP,CNMWN,CNCGM,CNXIA,CN2039,CNBHI,TWMAI,CNRIZ,CNSHE,SGSGP,MY2243,TWTAP,CNZHA,CNZHE,CNDDG,CNWEN,CNQIZ,CNLYW,CNQHD,CNBAO,CNQIN,CNCFD,CNGLA,MYPGG,CNWEI,IDSAM,CNMJS,JPKAW,KRPOH,KRGWA,KRDAN,JPFUK,JPOIT,JPKIS,JPSKI,KRULS,KRINC,JPNAG,JPCBA,JPYOK,KRPYT,KRBUS,JPMIZ,JPKMA,KRYOS,AUGLE,AUNTL,AUBRI,AUHAY,RUNJK"
OARRAKRAK,"USLSA,CAVCR,USOAK,MXLCS,MXMAN,PECAL,ECGYL,USNYK,COBUE,UYULA,BRPAR,BRRDJ,UYMON,BRSTS,BRRGR,GBSOU,FRLEH,BEZEE,SIKOP,ITGOA,DEHAM,MTMAL,BEANT,PLGDA,ESGIJ,NLROT,TRYAR,GRAGT,ZARIB,JOAQA,ROCON,EGALE,SAJUB,BHBAH,KEMOM,SADMA,QAUMS,SAJED,SAYAN,KWMAA,AEJAL,AEABU,OMSOH,AEFUJ,PKQAS,PKKAR,INKNP,INMUN,THLCB,VNHPG,VNCAM,CNHUI,CNLSN,HKHKG,AUGER,CNNTG,CNFAN,CNNBO,CNZOS,CNGUA,CNFUN,CNJIN,CNHUA,CNTAI,CNDCB,CNTJN,MYPKE,MYPAG,IDBAH,CNSTO,CNYSN,CNWGQ,CNCJK,CNJIT,CNYZH,CNNSA,CNDSN,CNLAZ,CNYTN,CNJIA,CNLYG,CNYAN,AUESP,CNCHS,CNMEZ,CNDAL,CNYPG,CNRUG,CNZZU,TWKAO,CNZJG,AUFRE,CNDJK,CNBYQ,CNLKU,CNSDG,MYTPP,CNCGM,CNXIA,CNBHI,TWMAI,CNRIZ,CNSHE,SGSGP,CNJIJ,TWTAP,CNZHA,CNQUA,CNZHE,CNDDG,CNWEN,CNQIZ,CNQHD,CNBAO,CNQIN,CNCFD,CNNJG,CNGLA,CNWEI,IDSAM,KRPOH,KRGWA,KRDAN,JPFUK,JPOIT,JPKIS,JPSKI,KRULS,KRINC,JPNAG,JPYOK,KRPYT,KRBUS,JPMIZ,JPKMA,JPOSK,AUGLE,AUMEL,AUNTL,AUADE,AUBRI"
OFFNNCGKK,"USSEA,USLSA,CAVCR,USOAK,MXLCS,MXMAN,PECAL,PABAL,USSAV,USCHA,USNYK,COBUE,CLSAN,CLTAL,UYULA,BRTUB,BRPDM,ARBNA,BRPAR,BRRDJ,UYMON,BRSTS,BRITA,BRRGR,GBSOU,FRLEH,BEZEE,FRFOS,NLAMS,SIKOP,ITGOA,DEHAM,ESBAR,MTMAL,ESCAR,BEANT,PLGDA,ESGIJ,NLROT,TRMER,ZACPT,TRYAR,GRELE,GRAGT,TRALI,EGPSA,UAODS,JOAQA,ROCON,EGALE,EGDAM,SAJUB,BHBAH,KEMOM,SADMA,QAUMS,SAJED,SAYAN,QARAS,KWMAA,AEJAL,AEABU,AERUW,OMSOH,AEFUJ,RUULG,PKKAR,INMUN,THLCB,THKSI,VNHPG,VNCAM,CNHUI,CNPAN,MY3182,CNLSN,HKHKG,CNFAN,CNNBO,CNZOS,CNGUA,MY3177,CNFUN,CNJIN,AUCPN,CNHUA,CNTAI,CNTJN,MYPKE,MYPAG,CNYSN,CNWGQ,CNCJK,CNJIT,CNYZH,CNNSA,CNDSN,CNYTN,CNJIA,CNLYG,CNYAN,CN2032,AUESP,CNMEZ,CNDAL,CNYPG,TWKAO,CNZJG,CNSLH,CNDJK,CNBYQ,CNLKU,MYTBS,CNSDG,CNMWN,CNCGM,AUPHE,CNXIA,CN2039,TWMAI,CNRIZ,CNSHE,SGSGP,MY2243,TWTAP,CNZHA,CNZHE,CNDDG,CNQIZ,CNLYW,CNBAO,CNQIN,CNCFD,CNGLA,MYPGG,CNMJS,JPKAW,KRPOH,KRGWA,KRDAN,JPFUK,JPOIT,JPKIS,JPSKI,KRULS,KRINC,JPNAG,JPCBA,JPYOK,KRPYT,KRBUS,JPMIZ,JPKMA,KRYOS,AUGLE,AUAPT,AUNTL,AUBRI,AUHAY,RUNJK"
OFFRSYCKK,"USLUA,PECAL,USNYK,ECPBO,UYULA,CLMEJ,GBBEL,PTLXS,GNCON,IEDUB,FRLEH,BEZEE,ESHUE,ITTAR,ESTAR,DZDJE,DEHAM,FRROU,MTMAL,BEANT,PLGDA,ESGIJ,NLROT,ESBIL,TRGEB,TRYAR,ZADUR,GRAGT,LTKLJ,FIKOT,EGALE,KEMOM,TZDRS,AEJAL,OMSOH,PKQAS,PKKAR,INKAN,THLCB,IDCXP,IDJAK,VNHCM,VNHPG,VNQUN,THRAY,CNHUM,CNCJN,CNHUI,CNCZH,CNLSN,HKHKG,AUGER,CNNTG,CNFAN,CNDAF,CNYJG,CNNBO,CNZOS,CNGUA,CNFUN,CNJIN,CNHKO,CNHPU,CNDYI,CNTAI,CNTJN,MYPKE,MYPAG,CNSTO,CNYSN,CNWGQ,CNCJK,CNJIT,CNYZH,CNSHA,CNDSN,CNTAX,CNFUZ,CNJIA,TWHLN,CNLYG,CNYAN,CNWEF,CNCHS,CNMEZ,CNDAL,CNYPG,CNRUG,CNZZU,TWKAO,CNZJG,AUFRE,CNBAS,CNDJK,CNBYQ,CNYIZ,CNSHS,CNSDG,AUBUN,CNPLI,CNCGM,CNXIA,CNBHI,PHBAT,TWMAI,CNRIZ,SGSGP,TWTCH,CNJIJ,CNZHA,CNZPU,CNQUA,CNZHE,CNWEN,CNCHZ,CNQIZ,CNQHD,CNBAO,CNQIN,CNCFD,CNNJG,CNGLA,CNDNG,CNWEI,CNNDE,KRPOH,KRGWA,KRDAN,JPFUK,JPKIS,JPSKI,JPTOK,KRULS,KRINC,JPNAG,JPYOK,KRPYT,KRBUS,JPMIZ,JPMOJ,JPOSK,AUGLE,AUMEL,AUNTL,AUPKE,AUADE,AUGEE"
OFFYGFYKK,"BRPDM,FRFEC,EGSKR,SAJUT,SARTA,KWMAA,IQMAB,AERUW,OMMAF,AEFUJ,CNHUI,CNLSN,CNNBO,CNZOS,CNTJN,CNMEZ,CNDAL,CNYPG,TWKAO,CNSLH,CNDJK,CNSDG,SGSGP,CNZHA,CNQIZ,CNCFD,JPKII,JPSKI,JPCBA"
OARCGCORK,"USLSA,CAVCR,USOAK,MXLCS,MXMAN,PECAL,ECGYL,USNYK,COBUE,CLTAL,UYULA,BRPEC,BRTUB,BRPAR,BRRDJ,UYMON,BRSTS,BRRGR,GBSOU,FRLEH,BEZEE,NLAMS,SIKOP,ITGOA,DEHAM,MTMAL,ESCAR,BEANT,PLGDA,ESGIJ,NLROT,TRYAR,GRAGT,ZARIB,JOAQA,ROCON,EGALE,SAJUB,BHBAH,KEMOM,SADMA,QAUMS,SAJED,SAYAN,KWMAA,AEJAL,AEABU,OMSOH,AEFUJ,PKQAS,PKKAR,INKNP,INMUN,THLCB,THKSI,VNHPG,VNCAM,CNHUI,CNPAN,CNTAZ,CNLSN,HKHKG,AUGER,CNNTG,CNFAN,CNNBO,CNPYU,CNZOS,CNGUA,CNFUN,CNJIN,CNHUA,CNTAI,CNDCB,CNTJN,MYPKE,MYPAG,IDBAH,CNSTO,CNYSN,CNWGQ,CNCJK,CNJIT,CN9873,CNYZH,CNNSA,CNDSN,CNLAZ,CNYTN,CNJIA,CN1087,CNLYG,CNYAN,AUESP,CNCHS,CNMEZ,CNDAL,CNYPG,CNRUG,CNZZU,TWKAO,CNZJG,AUFRE,CNDJK,CNBYQ,CNLKU,CNSDG,MYTPP,CNPLI,CNCGM,CNXIA,CNBHI,TWMAI,CNRIZ,CNSHE,SGSGP,MY2243,CNJIJ,TWTAP,CNZHA,CNQUA,CNZHE,CNDDG,CNWEN,CNCHZ,CNQIZ,CNQHD,CNBAO,CNQIN,CNCFD,CNNJG,CNGLA,CNWEI,IDSAM,JPKAW,KRPOH,KRGWA,KRDAN,JPFUK,JPOIT,JPKIS,JPSKI,KRULS,KRINC,JPNAG,JPCBA,JPYOK,KRPYT,KRBUS,JPMIZ,JPKMA,JPOSK,AUGLE,AUMEL,AUNTL,AUADE,AUBRI"
OACOGYKKK,"USLSA,CAVCR,USOAK,GTPQL,MXLCS,MXMAN,PECAL,PABAL,ECGYL,USNPN,USSAV,USNYK,COBUE,CLSAN,CLTAL,UYULA,BRPEC,BRTUB,BRPDM,ARBNA,BRPAR,BRRDJ,UYMON,BRIOA,BRSTS,BRITA,BRRGR,GBSOU,FRLEH,BEZEE,NLAMS,SIKOP,ITGOA,DEHAM,ESBAR,MTMAL,ESCAR,BEANT,PLGDA,ESGIJ,NLROT,TRMER,ZACPT,TRYAR,GRELE,GRAGT,TRALI,ZARIB,EGPSA,JOAQA,ROCON,EGALE,EGDAM,SAJUB,BHBAH,KEMOM,SADMA,QAUMS,SAJED,SAYAN,KWMAA,AEJAL,AEABU,AERUW,OMSOH,AEFUJ,RUULG,PKQAS,PKKAR,INCHN,INKNP,INMUN,INVIS,THLCB,THKSI,VNHPG,VNCAM,VNSOD,CNHUI,CNPAN,CNTAZ,MY3182,CNLSN,HKHKG,AUGER,CNFAN,CNNBO,CNPYU,CNZOS,CNGUA,CNFUN,CNJIN,CNHUA,CNTAI,CNDCB,CN9862,CNTJN,MYPKE,MYPAG,IDBAH,CNSTO,CNYSN,CNWGQ,CNCJK,CNJIT,CN9873,CNYZH,CNNSA,CNDSN,CNLAZ,CNYTN,CNJIA,CN1087,CNLYG,CNYAN,AUESP,CNMEZ,CNDAL,CNYPG,CNRUG,CNZZU,CNSWE,TWKAO,CNZJG,CNSLH,AUFRE,CNDJK,CNBYQ,CNLKU,MYTBS,CNSDG,MYTPP,CNMWN,CNCGM,CNXIA,CNBHI,TWMAI,CNRIZ,CNSHE,SGSGP,MY2243,TWTAP,CNZHA,CNQUA,CNZHE,CNDDG,CNWEN,CNQIZ,CNLYW,CNQHD,CNBAO,CNQIN,CNCFD,CNGLA,MYPGG,CNWEI,IDSAM,CNMJS,JPKAW,KRPOH,KRGWA,KRDAN,JPFUK,JPOIT,JPKIS,JPSKI,KRULS,KRINC,JPNAG,JPCBA,JPYOK,KRPYT,KRBUS,JPMIZ,JPKMA,KRYOS,JPOSK,AUGLE,AUMEL,AUNTL,AUADE,AUBRI,AUHAY,RUNJK"
OARNCOKAK,"CNHUI,CNCZH,CNFAN,CNYJG,CNGUA,CNHKO,CNSTO,CNYPG,CNSDG,CNBHI,CNZHA,CNDNG"
OFFFRYCKK,"BRPDM,SARTA,KWMAA,IQMAB,AERUW,OMSOH,AEFUJ,CNHUI,MY3182,CNLSN,CNNBO,CNZOS,CNJIN,CNTJN,CNJIT,MY3173,CNLYG,CNYAN,CNMEZ,CNDAL,CNYPG,TWKAO,CNSLH,CNDJK,CNSDG,AUPHE,CNRIZ,SGSGP,CNZHA,CNQIZ,CNQIN,CNCFD,CNMJS,KRGWA,JPKII,JPSKI,KRULS,KRINC,JPCBA,KRYOS"
OFFFRGFKK,"USLSA,CAVCR,USOAK,GTPQL,MXLCS,MXMAN,PECAL,PABAL,ECGYL,USNPN,USSAV,USNYK,COBUE,CLSAN,CLTAL,UYULA,BRPEC,BRTUB,BRPDM,BRPAR,BRRDJ,UYMON,BRIOA,BRSTS,BRITA,BRRGR,GBSOU,FRLEH,BEZEE,NLAMS,SIKOP,ITGOA,DEHAM,ESBAR,MTMAL,ESCAR,BEANT,PLGDA,ESGIJ,NLROT,TRMER,ZACPT,TRYAR,GRELE,GRAGT,TRALI,ZARIB,EGPSA,JOAQA,ROCON,EGALE,EGDAM,SAJUB,BHBAH,KEMOM,SADMA,QAUMS,SAJED,SAYAN,KWMAA,AEJAL,AEABU,AERUW,OMSOH,AEFUJ,RUULG,PKQAS,PKKAR,INCHN,INKNP,INMUN,INVIS,THLCB,THKSI,VNHPG,VNCAM,VNSOD,CNHUI,CNPAN,CNTAZ,MY3182,CNLSN,HKHKG,AUGER,CNFAN,CNNBO,CNPYU,CNZOS,CNGUA,CNFUN,CNJIN,CNHUA,CNTAI,CNDCB,CN9862,CNTJN,MYPKE,MYPAG,IDBAH,CNSTO,CNYSN,CNWGQ,CNCJK,CNJIT,CN9873,CNYZH,CNNSA,CNDSN,CNLAZ,CNYTN,CNJIA,CN1087,CNLYG,CNYAN,AUESP,CNMEZ,CNDAL,CNYPG,CNRUG,CNZZU,CNSWE,TWKAO,CNZJG,CNSLH,AUFRE,CNDJK,CNBYQ,CNLKU,MYTBS,CNSDG,MYTPP,CNMWN,CNCGM,CNXIA,CNBHI,TWMAI,CNRIZ,CNSHE,SGSGP,MY2243,TWTAP,CNZHA,CNQUA,CNZHE,CNDDG,CNWEN,CNQIZ,CNLYW,CNQHD,CNBAO,CNQIN,CNCFD,CNGLA,MYPGG,CNWEI,IDSAM,CNMJS,JPKAW,KRPOH,KRGWA,KRDAN,JPFUK,JPOIT,JPKIS,JPSKI,KRULS,KRINC,JPNAG,JPCBA,JPYOK,KRPYT,KRBUS,JPMIZ,JPKMA,KRYOS,JPOSK,AUGLE,AUMEL,AUNTL,AUADE,AUBRI,AUHAY,RUNJK"
RFKKFAKKK,"USSEA,USLSA,CAVCR,PABAL,USSAV,USCHA,USNYK,BRTUB,BRPDM,BRITA,GBSOU,FRLEH,BEZEE,FRFOS,ITGOA,DEHAM,MTMAL,ESCAR,BEANT,PLGDA,ESGIJ,NLROT,JOAQA,EGALE,SADMA,SAJED,QARAS,KWMAA,AEJAL,AEABU,AERUW,OMSOH,AEFUJ,PKKAR,INMUN,VNCAM,CNHUI,MY3182,CNLSN,HKHKG,CNFAN,CNNBO,CNZOS,CNGUA,CNFUN,CNJIN,AUCPN,CNHUA,CNTAI,CNTJN,MYPKE,CNYSN,CNWGQ,CNCJK,CNJIT,CNYZH,CNNSA,CNDSN,CNYTN,CNJIA,CNLYG,CNYAN,AUESP,CNMEZ,CNDAL,CNYPG,TWKAO,CNZJG,CNSLH,CNDJK,CNBYQ,CNSDG,CNCGM,AUPHE,CNXIA,CNRIZ,CNSHE,SGSGP,TWTAP,CNZHA,CNZHE,CNDDG,CNQIZ,CNLYW,CNBAO,CNQIN,CNCFD,CNGLA,CNMJS,JPKAW,KRPOH,KRGWA,KRDAN,JPFUK,JPOIT,JPKIS,JPSKI,KRULS,KRINC,JPNAG,JPCBA,KRBUS,JPMIZ,JPKMA,KRYOS,AUGLE,AUAPT,AUNTL,AUBRI,AUHAY"
OAOARYKKK,"USLSA,CAVCR,USOAK,MXLCS,MXMAN,PECAL,ECGYL,USNPN,USSAV,USNYK,COBUE,CLTAL,UYULA,BRPEC,BRTUB,BRPAR,BRRDJ,UYMON,BRSTS,BRRGR,GBSOU,FRLEH,BEZEE,NLAMS,SIKOP,ITGOA,DEHAM,ESBAR,MTMAL,ESCAR,BEANT,PLGDA,ESGIJ,NLROT,TRMER,ZACPT,TRYAR,GRELE,GRAGT,TRALI,ZARIB,EGPSA,JOAQA,ROCON,EGALE,SAJUB,BHBAH,KEMOM,SADMA,QAUMS,SAJED,SAYAN,KWMAA,AEJAL,AEABU,AERUW,OMSOH,AEFUJ,RUULG,PKQAS,PKKAR,INKNP,INMUN,INVIS,THLCB,THKSI,VNHPG,VNCAM,CNHUI,CNPAN,CNTAZ,CNLSN,HKHKG,AUGER,CNNTG,CNFAN,CNNBO,CNPYU,CNZOS,CNGUA,CNFUN,CNJIN,CNHUA,CNTAI,CNDCB,CNTJN,MYPKE,MYPAG,IDBAH,CNSTO,CNYSN,CNWGQ,CNCJK,CNJIT,CN9873,CNYZH,CNNSA,CNDSN,CNLAZ,CNYTN,CNJIA,CN1087,CNLYG,CNYAN,AUESP,CNCHS,CNMEZ,CNDAL,CNYPG,CNRUG,CNZZU,TWKAO,CNZJG,CNSLH,AUFRE,CNDJK,CNBYQ,CNLKU,CNSDG,MYTPP,CNCGM,CNXIA,CNBHI,TWMAI,CNRIZ,CNSHE,SGSGP,MY2243,CNJIJ,TWTAP,CNZHA,CNQUA,CNZHE,CNDDG,CNWEN,CNCHZ,CNQIZ,CNLYW,CNQHD,CNBAO,CNQIN,CNCFD,CNNJG,CNGLA,CNWEI,IDSAM,CNMJS,JPKAW,KRPOH,KRGWA,KRDAN,JPFUK,JPOIT,JPKIS,JPSKI,KRULS,KRINC,JPNAG,JPCBA,JPYOK,KRPYT,KRBUS,JPMIZ,JPKMA,JPOSK,AUGLE,AUMEL,AUNTL,AUADE,AUBRI,AUHAY"
OARAFSKKK,"USSEA,USLSA,CAVCR,USOAK,MXLCS,MXMAN,PECAL,PABAL,USSAV,USCHA,USNYK,COBUE,CLSAN,CLTAL,UYULA,BRTUB,BRPDM,ARBNA,BRPAR,BRRDJ,UYMON,BRSTS,BRITA,BRRGR,GBSOU,FRLEH,BEZEE,FRFOS,SIKOP,ITGOA,DEHAM,ESBAR,MTMAL,ESCAR,BEANT,PLGDA,ESGIJ,NLROT,TRMER,TRYAR,TRALI,EGPSA,UAODS,JOAQA,ROCON,EGALE,EGDAM,SAJUB,SADMA,SAJED,QARAS,KWMAA,AEJAL,AEABU,AERUW,OMSOH,AEFUJ,PKQAS,PKKAR,INMUN,THLCB,THKSI,VNHPG,VNCAM,CNHUI,CNPAN,MY3182,CNLSN,HKHKG,CNFAN,CNNBO,CNZOS,CNGUA,CNFUN,CNJIN,CNHUA,CNTAI,CNTJN,MYPKE,MYPAG,CNYSN,CNWGQ,CNCJK,CNJIT,CNYZH,CNNSA,CNDSN,CNYTN,CNJIA,CNLYG,CNYAN,AUESP,CNMEZ,CNDAL,CNYPG,TWKAO,CNZJG,CNSLH,CNDJK,CNBYQ,CNLKU,CN9878,CNSDG,CNMWN,CNCGM,CNXIA,CN2039,CNRIZ,CNSHE,SGSGP,MY2243,TWTAP,CNZHA,CNZHE,CNDDG,CNQIZ,CNLYW,CNQHD,CNBAO,CNQIN,CNCFD,CNGLA,CNWEI,CNMJS,JPKAW,KRPOH,KRGWA,KRDAN,JPFUK,JPOIT,JPKIS,JPSKI,KRULS,KRINC,JPNAG,JPCBA,JPYOK,KRPYT,KRBUS,JPMIZ,JPKMA,KRYOS,AUGLE,AUNTL,AUBRI,AUSYD,AUHAY,RUNJK"
OFFGYGGKK,"USLSA,CAVCR,USOAK,MXLCS,MXMAN,PECAL,ECGYL,USSAV,USNYK,COBUE,CLTAL,UYULA,BRPEC,BRTUB,BRPAR,BRRDJ,UYMON,BRSTS,BRRGR,GBSOU,FRLEH,BEZEE,NLAMS,SIKOP,ITGOA,DEHAM,MTMAL,ESCAR,BEANT,PLGDA,ESGIJ,NLROT,ZACPT,TRYAR,GRAGT,TRALI,ZARIB,EGPSA,JOAQA,ROCON,EGALE,SAJUB,BHBAH,KEMOM,SADMA,QAUMS,SAJED,SAYAN,KWMAA,AEJAL,AEABU,AERUW,OMSOH,AEFUJ,PKQAS,PKKAR,INKNP,INMUN,THLCB,THKSI,VNHPG,VNCAM,CNHUI,CNPAN,CNTAZ,CNLSN,HKHKG,AUGER,CNNTG,CNFAN,CNNBO,CNPYU,CNZOS,CNGUA,CNFUN,CNJIN,CNHUA,CNTAI,CNDCB,CNTJN,MYPKE,MYPAG,IDBAH,CNSTO,CNYSN,CNWGQ,CNCJK,CNJIT,CN9873,CNYZH,CNNSA,CNDSN,CNLAZ,CNYTN,CNJIA,CN1087,CNLYG,CNYAN,AUESP,CNCHS,CNMEZ,CNDAL,CNYPG,CNRUG,CNZZU,TWKAO,CNZJG,CNSLH,AUFRE,CNDJK,CNBYQ,CNLKU,CNSDG,MYTPP,CNPLI,CNCGM,CNXIA,CNBHI,TWMAI,CNRIZ,CNSHE,SGSGP,MY2243,CNJIJ,TWTAP,CNZHA,CNQUA,CNZHE,CNDDG,CNWEN,CNCHZ,CNQIZ,CNLYW,CNQHD,CNBAO,CNQIN,CNCFD,CNNJG,CNGLA,CNWEI,IDSAM,JPKAW,KRPOH,KRGWA,KRDAN,JPFUK,JPOIT,JPKIS,JPSKI,KRULS,KRINC,JPNAG,JPCBA,JPYOK,KRPYT,KRBUS,JPMIZ,JPKMA,JPOSK,AUGLE,AUMEL,AUNTL,AUADE,AUBRI"
OAOFCKKKK,"USLSA,CAVCR,USOAK,MXLCS,MXMAN,PECAL,ECGYL,USNYK,COBUE,UYULA,BRPAR,BRRDJ,UYMON,BRSTS,BRRGR,GBSOU,FRLEH,BEZEE,NLAMS,SIKOP,ITGOA,DEHAM,MTMAL,BEANT,PLGDA,ESGIJ,NLROT,TRYAR,GRAGT,ZARIB,JOAQA,ROCON,EGALE,SAJUB,BHBAH,KEMOM,SADMA,QAUMS,SAJED,SAYAN,KWMAA,AEJAL,AEABU,OMSOH,AEFUJ,PKQAS,PKKAR,INKNP,INMUN,THLCB,THKSI,VNHPG,VNCAM,CNHUI,CNPAN,CNTAZ,MY3182,CNLSN,HKHKG,AUGER,CNNTG,CNFAN,CNNBO,CNPYU,CNZOS,CNGUA,CNFUN,CNJIN,CNHUA,CNTAI,CNDCB,CN9862,CNTJN,MYPKE,MYPAG,IDBAH,CNSTO,CNYSN,CNWGQ,CNCJK,CNJIT,CN9873,CNYZH,CNNSA,CNDSN,CNLAZ,CNYTN,CNJIA,CN1087,CNLYG,CNYAN,AUESP,CNCHS,CNMEZ,CNDAL,CNYPG,CNRUG,CNZZU,TWKAO,CNZJG,AUFRE,CNDJK,CNBYQ,CNLKU,MYTBS,CNSDG,MYTPP,CNMWN,CNCGM,CNXIA,CNBHI,TWMAI,CNRIZ,CNSHE,SGSGP,CNJIJ,TWTAP,CNZHA,CNQUA,CNZHE,CNDDG,CNWEN,CNQIZ,CNQHD,CNBAO,CNQIN,CNCFD,CNNJG,CNGLA,MYPGG,CNWEI,IDSAM,KRPOH,KRGWA,KRDAN,JPFUK,JPOIT,JPKIS,JPSKI,KRULS,KRINC,JPNAG,JPCBA,JPYOK,KRPYT,KRBUS,JPMIZ,JPKMA,KRYOS,JPOSK,AUGLE,AUMEL,AUNTL,AUADE,AUBRI,RUNJK"
OAORCSKKK,"USSEA,CAPRR,USLSA,CAVCR,USOAK,MXESE,MXLCS,MXMAN,PECAL,PABAL,USSAV,USCHA,USNYK,COBUE,CLSAN,CLTAL,UYULA,CLLIR,BRPDM,ARBNA,BRPAR,BRRDJ,UYMON,BRSTS,BRIJI,BRRGR,FRLEH,BEZEE,SIKOP,ITGOA,DEHAM,ESBAR,MTMAL,BEANT,PLGDA,NLROT,TRMER,TRYAR,EGSOK,TRALI,EGPSA,UAODS,JOAQA,ROCON,EGALE,EGDAM,SAJUB,SADMA,SAJED,KWMAA,AEJAL,AEABU,AERUW,OMSOH,AEKHA,AEFUJ,PKKAR,INNSA,LKCOL,INMUN,THLCB,VNHPG,VNCAM,CNHUI,MY3182,CNLSN,HKHKG,CNFAN,CNNBO,CNZOS,CNFUN,CNJIN,CNHUA,CNTAI,CNTJN,MYPKE,CNYSN,CNWGQ,CNCJK,CNJIT,CNNSA,CNYTN,CNJIA,CNLYG,CNYAN,AUESP,CNMEZ,CNDAL,CNYPG,TWKAO,CNZJG,CNSLH,CNDJK,CNBYQ,CNSDG,CNMWN,CNCGM,CNXIA,CNRIZ,CNSHE,SGSGP,TWTAP,CNZHA,CNZHE,CNDDG,CNQIZ,CNLYW,CNBAO,CNQIN,CNCFD,CNMJS,JPKAW,KRPOH,KRGWA,JPFUK,JPOIT,JPKIS,JPSKI,KRULS,KRINC,JPNAG,JPCBA,JPYOK,KRBUS,JPMIZ,JPKMA,KRYOS,AUGLE,AUNTL,AUHAY"
OAROYCSNK,"CAVCR,MXLCS,USLUA,MXMAN,PECAL,ECGYL,USNYK,UYULA,BRVIT,BRRDJ,UYMON,BRSTS,BRRGR,GBBEL,PTLXS,MACAS,GBSOU,GHTEM,IEDUB,CIABI,FRLEH,BEZEE,SIKOP,ITGOA,NLVSG,ESHUE,ITTAR,ESTAR,DZDJE,DEHAM,ITRAV,FRROU,MTMAL,BEANT,PLGDA,ESGIJ,NLROT,DEBRA,ESBIL,TRGEB,LVRIX,TRYAR,ZADUR,FIHEL,GRAGT,TRLMA,TRDER,ZARIB,JOAQA,LTKLJ,FIKOT,ROCON,ZAPLZ,UACHO,EGALE,BHBAH,KEMOM,TZDRS,SADMA,SAJED,SAYAN,KWMAA,AEJAL,AEABU,AERAK,RUSPG,OMSOH,AEFUJ,PKQAS,PKKAR,INKAN,INKNP,INMUN,THLCB,VNNGH,IDJAK,VNHCM,VNHPG,VNCAM,VNQUN,IDSUR,CNHUM,CNCJN,CNHUI,CNCZH,CNSHD,CNLSN,HKHKG,AUGER,CNNTG,CNFAN,CNDAF,CNYJG,CNNBO,CNZOS,CNGUA,CNFUN,CNJIN,CNHKO,CNHPU,CNDYI,CNHUA,CNTAI,CNDCB,CNTJN,MYKUA,MYPKE,MYPAG,IDBAH,CNSTO,CNYSN,CNWGQ,CNCJK,CNJIT,CNYZH,CNNSA,CNDSN,CNTAX,CNLAZ,CNFUZ,CNYTN,CNJIA,TWHLN,CNLYG,CNYAN,CNCHS,CNMEZ,CNDAL,CNYPG,CNRUG,CNZZU,TWKAO,CNZJG,AUFRE,CNBAS,CNDJK,CNBYQ,CNLKU,CNSHS,CNSDG,CNPLI,CNCGM,CNXIA,CNBHI,TWMAI,CNRIZ,CNSHE,SGSGP,TWTCH,CNJIJ,CNZHA,CNZPU,CNQUA,CNZHE,CNDDG,CNWEN,CNCHZ,CNQIZ,CNQHD,CNBAO,CNQIN,CNLVS,CNCFD,CNNJG,CNGLA,CNDNG,CNWEI,IDSAM,CNNDE,KRPOH,KRKUN,KRGWA,JPHIB,KRDAN,JPFUK,JPOIT,JPKIS,JPSKI,KRULS,KRINC,JPNAG,JPYOK,KRPYT,KRBUS,JPMIZ,JPKMA,JPOSK,AUGLE,AUMEL,AUNTL,AUPKE,AUADE,AUBRI,NZAKL,NZTAU,NZNAP"
OFFKRKFKK,"USLGB,BEZEE,DEHAM,BEANT,PLGDA,NLROT,GRPIR,SADMA,AEJAL,AEKHA,VNCMP,HKHKG,CNNBO,CNZOS,CNTJN,MYPKE,CNYSN,CNNSA,CNYTN,CNLYG,CNDAL,TWKAO,CNXIA,SGSGP,CNQIN,KRGWA"
OACNFKKKK,"USLSA,CAVCR,USOAK,GTPQL,MXLCS,MXMAN,PECAL,PABAL,ECGYL,USNPN,USSAV,USNYK,COBUE,CLTAL,UYULA,BRPEC,BRTUB,BRPDM,BRPAR,BRRDJ,UYMON,BRSTS,BRITA,BRRGR,GBSOU,FRLEH,BEZEE,NLAMS,SIKOP,ITGOA,DEHAM,ESBAR,MTMAL,ESCAR,BEANT,PLGDA,ESGIJ,NLROT,TRMER,ZACPT,TRYAR,GRELE,GRAGT,TRALI,ZARIB,EGPSA,JOAQA,ROCON,EGALE,EGDAM,SAJUB,BHBAH,KEMOM,SADMA,QAUMS,SAJED,SAYAN,KWMAA,AEJAL,AEABU,AERUW,OMSOH,AEFUJ,RUULG,PKQAS,PKKAR,INCHN,INKNP,INMUN,INVIS,THLCB,THKSI,VNHPG,VNCAM,VNSOD,CNHUI,CNPAN,CNTAZ,MY3182,CNLSN,HKHKG,AUGER,CNNTG,CNFAN,CNNBO,CNPYU,CNZOS,CNGUA,CNFUN,CNJIN,CNHUA,CNTAI,CNDCB,CN9862,CNTJN,MYPKE,MYPAG,IDBAH,CNSTO,CNYSN,CNWGQ,CNCJK,CNJIT,CN9873,CNYZH,CNNSA,CNDSN,CNLAZ,CNYTN,CNJIA,CN1087,CNLYG,CNYAN,AUESP,CNCHS,CNMEZ,CNDAL,CNYPG,CNRUG,CNZZU,CNSWE,TWKAO,CNZJG,CNSLH,AUFRE,CNDJK,CNBYQ,CNLKU,MYTBS,CNSDG,MYTPP,CNMWN,CNCGM,CNXIA,CNBHI,TWMAI,CNRIZ,CNSHE,SGSGP,MY2243,CNJIJ,TWTAP,CNZHA,CNQUA,CNZHE,CNDDG,CNWEN,CNCHZ,CNQIZ,CNLYW,CNQHD,CNBAO,CNQIN,CNCFD,CNNJG,CNGLA,MYPGG,CNWEI,IDSAM,CNMJS,JPKAW,KRPOH,KRGWA,KRDAN,JPFUK,JPOIT,JPKIS,JPSKI,KRULS,KRINC,JPNAG,JPCBA,JPYOK,KRPYT,KRBUS,JPMIZ,JPKMA,KRYOS,JPOSK,AUGLE,AUMEL,AUNTL,AUADE,AUBRI,AUHAY,RUNJK"
NGRACONKK,"BRPDM,CNMEZ,CNSLH,CNDJK"
OARAGFKKK,"USSEA,CAPRR,USLSA,CAVCR,USOAK,MXESE,MXLCS,MXMAN,PECAL,PABAL,ECGYL,USSAV,USNYK,COBUE,CLSAN,CLTAL,UYULA,CLLIR,BRTUB,BRPAR,BRRDJ,UYMON,BRIOA,BRSTS,BRIJI,BRITA,BRRGR,GBSOU,FRLEH,BEZEE,SIKOP,ITGOA,DEHAM,MTMAL,ESCAR,BEANT,PLGDA,ESGIJ,NLROT,TRYAR,EGSOK,JOAQA,ROCON,EGALE,SAJUB,SADMA,SAJED,KWMAA,AEJAL,AEABU,OMSOH,AEKHA,AEFUJ,PKQAS,PKKAR,INNSA,INCHN,LKCOL,INKNP,INMUN,INKUP,THLCB,VNHPG,VNCAM,CNHUI,MY3182,CNLSN,HKHKG,CNFAN,CNNBO,CNZOS,CNGUA,CNFUN,CNJIN,CNHUA,CNTAI,CNDCB,CNTJN,MYPKE,CNYSN,CNWGQ,CNCJK,CNJIT,CNYZH,CNNSA,CNDSN,CNYTN,CNJIA,CNLYG,CNYAN,AUESP,CNMEZ,CNDAL,CNYPG,TWKAO,CNZJG,AUFRE,CNDJK,CNBYQ,MYPEN,CNSDG,CNMWN,CNCGM,CNXIA,CNRIZ,CNSHE,SGSGP,TWTAP,CNZHA,CNQUA,CNZHE,CNDDG,CNQIZ,CNQHD,CNBAO,CNQIN,CNCFD,CNGLA,CNWEI,JPKAW,KRPOH,KRGWA,KRDAN,JPFUK,JPOIT,JPKIS,JPSKI,KRULS,KRINC,JPNAG,JPCBA,JPYOK,KRBUS,JPMIZ,JPKMA,KRYOS,JPOSK,AUGLE,AUMEL,AUNTL,AUADE,AUBRI"
OARNCKCNK,"CNHUI,CNCZH,CNHKO,CNSTO,CNSYA,CNZHA,CNDNG"
OAOOFGKKK,"CAPRR,CAVCR,BRPDM,BEZEE,DEHAM,MTMAL,BEANT,PLGDA,NLROT,SADMA,SARTA,KWMAA,IQMAB,AEJAL,AEABU,AERUW,OMSOH,AEKHA,AEFUJ,VNCAM,CNHUI,MY3182,CNLSN,HKHKG,CNFAN,CNNBO,CNZOS,CNJIN,CNHUA,CNTAI,CNTJN,MYPKE,CNYSN,CNJIT,CNNSA,CNYTN,MY3173,CNJIA,CNLYG,CNYAN,CNMEZ,CNDAL,CNYPG,TWKAO,CNSLH,CNDJK,CNBYQ,CNSDG,CNCGM,AUPHE,CNXIA,CNRIZ,SGSGP,CNZHA,CNDDG,CNQIZ,CNLYW,CNBAO,CNQIN,CNCFD,CNMJS,JPKAW,KRPOH,KRGWA,JPFUK,JPKII,JPOIT,JPKIS,JPSKI,KRULS,KRINC,JPNAG,JPCBA,JPMIZ,JPKMA,KRYOS,AUGLE,AUAPT,AUNTL,AUBRI,AUHAY"
OACKNGKKK,"USSEA,USLSA,CAVCR,USOAK,MXLCS,MXMAN,PECAL,PABAL,USNPN,USSAV,USCHA,USNYK,COBUE,CLSAN,CLTAL,UYULA,BRPEC,BRTUB,BRPDM,ARBNA,BRPAR,BRRDJ,UYMON,BRSTS,BRITA,BRRGR,GBSOU,FRLEH,BEZEE,FRFOS,NLAMS,SIKOP,ITGOA,DEHAM,ESBAR,MTMAL,ESCAR,BEANT,PLGDA,ESGIJ,NLROT,TRMER,ZACPT,TRYAR,GRELE,GRAGT,TRALI,ZARIB,EGPSA,UAODS,JOAQA,ROCON,EGALE,EGDAM,SAJUB,BHBAH,KEMOM,SADMA,QAUMS,SAJED,SAYAN,KWMAA,AEJAL,AEABU,AERUW,OMSOH,AEFUJ,RUULG,PKQAS,PKKAR,INMUN,THLCB,THKSI,VNHPG,VNCAM,VNSOD,CN9014,CNHUI,CNPAN,MY3182,CNLSN,HKHKG,AUGER,CNFAN,CNNBO,CNPYU,CNZOS,CNGUA,CNFUN,CNJIN,CNHUA,CNTAI,CN9862,CNTJN,MYPKE,MYPAG,IDBAH,CNSTO,CNYSN,CNWGQ,CNCJK,CNJIT,CN9873,CNYZH,CNNSA,CNDSN,CNLAZ,CNYTN,CNJIA,CN1087,CNLYG,CNYAN,AUESP,CNMEZ,CNDAL,CNYPG,CNRUG,CNZZU,CNSWE,TWKAO,CNZJG,CNSLH,CNDJK,CNBYQ,CNLKU,MYTBS,CNSDG,MYTPP,CNMWN,CNCGM,CNXIA,CN2039,CNBHI,TWMAI,CNRIZ,CNSHE,SGSGP,MY2243,TWTAP,CNZHA,CNQUA,CNZHE,CNDDG,CNWEN,CNQIZ,CNLYW,CNQHD,CNBAO,CNQIN,CNCFD,CNGLA,MYPGG,CNWEI,IDSAM,CNMJS,JPKAW,KRPOH,KRGWA,KRDAN,JPFUK,JPOIT,JPKIS,JPSKI,KRULS,KRINC,JPNAG,JPCBA,JPYOK,KRPYT,KRBUS,JPMIZ,JPKMA,KRYOS,AUGLE,AUNTL,AUBRI,AUHAY,RUNJK"
OARAFGKKK,"BRPDM,SAJUT,SARTA,KWMAA,IQMAB,AERUW,OMMAF,AEFUJ,CNHUI,CNLSN,CNNBO,CNZOS,CNTJN,CNMEZ,CNDAL,CNYPG,TWKAO,CNSLH,CNDJK,CNSDG,SGSGP,CNZHA,CNQIZ,CNQIN,CNCFD,KRGWA,JPKII,JPSKI,JPCBA"
OFFNYRGKK,"USLGB,USLSA,PABAL,USNFK,USSAV,USCHA,USNYK,BRPDM,GBLGP,MATAN,FRLEH,BEZEE,FRFOS,ITGOA,DEHAM,BEANT,PLGDA,ESVAL,NLROT,EGSOK,GRPIR,JOAQA,SADMA,QAHMD,SAJED,AEJAL,OMSOH,AEKHA,PKKAR,INNSA,INMUN,VNCMP,HKHKG,CNNBO,CNZOS,CNFUN,CNTJN,MYPKE,CNYSN,CNWGQ,CNCJK,CNJIT,CNNSA,CNYTN,CNLYG,CNMEZ,CNDAL,TWKAO,CNSLH,CNDJK,CNXIA,CNSHE,SGSGP,TWTAP,CNQIN,KRGWA,KRBUS"
OAOFOGKKK,"USLSA,CAVCR,USOAK,MXLCS,MXMAN,PECAL,ECGYL,USNYK,COBUE,UYULA,BRPAR,BRRDJ,UYMON,BRSTS,BRRGR,GBSOU,FRLEH,BEZEE,NLAMS,SIKOP,ITGOA,DEHAM,MTMAL,BEANT,PLGDA,ESGIJ,NLROT,TRYAR,GRAGT,ZARIB,JOAQA,ROCON,EGALE,SAJUB,BHBAH,KEMOM,SADMA,QAUMS,SAJED,SAYAN,KWMAA,AEJAL,AEABU,OMSOH,AEFUJ,PKQAS,PKKAR,INKNP,INMUN,THLCB,THKSI,VNHPG,VNCAM,CNHUI,CNPAN,CNTAZ,MY3182,CNLSN,HKHKG,AUGER,CNNTG,CNFAN,CNNBO,CNPYU,CNZOS,CNGUA,CNFUN,CNJIN,CNHUA,CNTAI,CNDCB,CN9862,CNTJN,MYPKE,MYPAG,IDBAH,CNSTO,CNYSN,CNWGQ,CNCJK,CNJIT,CN9873,CNYZH,CNNSA,CNDSN,CNLAZ,CNYTN,CNJIA,CN1087,CNLYG,CNYAN,AUESP,CNCHS,CNMEZ,CNDAL,CNYPG,CNRUG,CNZZU,TWKAO,CNZJG,AUFRE,CNDJK,CNBYQ,CNLKU,MYTBS,CNSDG,MYTPP,CNMWN,CNCGM,CNXIA,CNBHI,TWMAI,CNRIZ,CNSHE,SGSGP,CNJIJ,TWTAP,CNZHA,CNQUA,CNZHE,CNDDG,CNWEN,CNQIZ,CNQHD,CNBAO,CNQIN,CNCFD,CNNJG,CNGLA,MYPGG,CNWEI,IDSAM,KRPOH,KRGWA,KRDAN,JPFUK,JPOIT,JPKIS,JPSKI,KRULS,KRINC,JPNAG,JPCBA,JPYOK,KRPYT,KRBUS,JPMIZ,JPKMA,JPOSK,AUGLE,AUMEL,AUNTL,AUADE,AUBRI"
OAOGRYKKK,"USLSA,CAVCR,USOAK,GTPQL,MXLCS,MXMAN,PECAL,PABAL,ECGYL,USNPN,USSAV,USNYK,COBUE,CLTAL,UYULA,BRPEC,BRTUB,BRPDM,BRPAR,BRRDJ,UYMON,BRSTS,BRITA,BRRGR,GBSOU,FRLEH,BEZEE,NLAMS,SIKOP,ITGOA,DEHAM,ESBAR,MTMAL,ESCAR,BEANT,PLGDA,ESGIJ,NLROT,TRMER,ZACPT,TRYAR,GRELE,GRAGT,TRALI,ZARIB,EGPSA,JOAQA,ROCON,EGALE,EGDAM,SAJUB,BHBAH,KEMOM,SADMA,QAUMS,SAJED,SAYAN,KWMAA,AEJAL,AEABU,AERUW,OMSOH,AEFUJ,RUULG,PKQAS,PKKAR,INCHN,INKNP,INMUN,INVIS,THLCB,THKSI,VNHPG,VNCAM,VNSOD,CNHUI,CNPAN,CNTAZ,MY3182,CNLSN,HKHKG,AUGER,CNNTG,CNFAN,CNNBO,CNPYU,CNZOS,CNGUA,CNFUN,CNJIN,CNHUA,CNTAI,CNDCB,CN9862,CNTJN,MYPKE,MYPAG,IDBAH,CNSTO,CNYSN,CNWGQ,CNCJK,CNJIT,CN9873,CNYZH,CNNSA,CNDSN,CNLAZ,CNYTN,CNJIA,CN1087,CNLYG,CNYAN,AUESP,CNCHS,CNMEZ,CNDAL,CNYPG,CNRUG,CNZZU,TWKAO,CNZJG,CNSLH,AUFRE,CNDJK,CNBYQ,CNLKU,MYTBS,CNSDG,MYTPP,CNMWN,CNCGM,CNXIA,CNBHI,TWMAI,CNRIZ,CNSHE,SGSGP,MY2243,CNJIJ,TWTAP,CNZHA,CNQUA,CNZHE,CNDDG,CNWEN,CNCHZ,CNQIZ,CNLYW,CNQHD,CNBAO,CNQIN,CNCFD,CNNJG,CNGLA,MYPGG,CNWEI,IDSAM,JPKAW,KRPOH,KRGWA,KRDAN,JPFUK,JPOIT,JPKIS,JPSKI,KRULS,KRINC,JPNAG,JPCBA,JPYOK,KRPYT,KRBUS,JPMIZ,JPKMA,KRYOS,JPOSK,AUGLE,AUMEL,AUNTL,AUADE,AUBRI,AUHAY,RUNJK"
OFFYOFFKK,"USSEA,CAPRR,USLSA,CAVCR,USOAK,MXLCS,MXMAN,PECAL,PABAL,ECGYL,USSAV,USNYK,COBUE,CLSAN,CLTAL,UYULA,BRTUB,BRPAR,BRRDJ,UYMON,BRIOA,BRSTS,BRIJI,BRITA,BRRGR,GBSOU,FRLEH,BEZEE,SIKOP,ITGOA,DEHAM,MTMAL,ESCAR,BEANT,PLGDA,ESGIJ,NLROT,TRYAR,EGSOK,JOAQA,ROCON,EGALE,SAJUB,SADMA,SAJED,KWMAA,AEJAL,AEABU,OMSOH,AEFUJ,PKQAS,PKKAR,INNSA,INCHN,LKCOL,INKNP,INMUN,INKUP,THLCB,VNHPG,VNCAM,CNHUI,CNPAN,MY3182,CNLSN,HKHKG,CNFAN,CNNBO,CNZOS,CNGUA,CNFUN,CNJIN,CNHUA,CNTAI,CNDCB,CNTJN,MYPKE,MYPAG,CNYSN,CNWGQ,CNCJK,CNJIT,CNYZH,CNNSA,CNDSN,CNYTN,CNJIA,CNLYG,CNYAN,AUESP,CNMEZ,CNDAL,CNYPG,CNZZU,TWKAO,CNZJG,AUFRE,CNDJK,CNBYQ,MYPEN,CNSDG,CNMWN,CNCGM,CNXIA,CNRIZ,CNSHE,SGSGP,TWTAP,CNZHA,CNQUA,CNZHE,CNDDG,CNQIZ,CNQHD,CNBAO,CNQIN,CNCFD,CNGLA,CNWEI,JPKAW,KRPOH,KRGWA,KRDAN,JPFUK,JPOIT,JPKIS,JPSKI,KRULS,KRINC,JPNAG,JPCBA,JPYOK,KRBUS,JPMIZ,JPKMA,KRYOS,JPOSK,AUGLE,AUMEL,AUNTL,AUADE,AUBRI"
OAOFOSKKK,"USLSA,CAVCR,USOAK,MXLCS,MXMAN,PECAL,ECGYL,USNYK,COBUE,UYULA,BRPAR,BRRDJ,UYMON,BRSTS,BRRGR,GBSOU,FRLEH,BEZEE,NLAMS,SIKOP,ITGOA,DEHAM,MTMAL,BEANT,PLGDA,ESGIJ,NLROT,TRYAR,GRAGT,ZARIB,JOAQA,ROCON,EGALE,SAJUB,BHBAH,KEMOM,SADMA,QAUMS,SAJED,SAYAN,KWMAA,AEJAL,AEABU,OMSOH,AEFUJ,PKQAS,PKKAR,INKNP,INMUN,THLCB,THKSI,VNHPG,VNCAM,CNHUI,CNPAN,CNTAZ,MY3182,CNLSN,HKHKG,AUGER,CNNTG,CNFAN,CNNBO,CNPYU,CNZOS,CNGUA,CNFUN,CNJIN,CNHUA,CNTAI,CNDCB,CN9862,CNTJN,MYPKE,MYPAG,IDBAH,CNSTO,CNYSN,CNWGQ,CNCJK,CNJIT,CN9873,CNYZH,CNNSA,CNDSN,CNLAZ,CNYTN,CNJIA,CN1087,CNLYG,CNYAN,AUESP,CNCHS,CNMEZ,CNDAL,CNYPG,CNRUG,CNZZU,TWKAO,CNZJG,AUFRE,CNDJK,CNBYQ,CNLKU,MYTBS,CNSDG,MYTPP,CNMWN,CNCGM,CNXIA,CNBHI,TWMAI,CNRIZ,CNSHE,SGSGP,CNJIJ,TWTAP,CNZHA,CNQUA,CNZHE,CNDDG,CNWEN,CNQIZ,CNQHD,CNBAO,CNQIN,CNCFD,CNNJG,CNGLA,MYPGG,CNWEI,IDSAM,KRPOH,KRGWA,KRDAN,JPFUK,JPOIT,JPKIS,JPSKI,KRULS,KRINC,JPNAG,JPCBA,JPYOK,KRPYT,KRBUS,JPMIZ,JPKMA,KRYOS,JPOSK,AUGLE,AUMEL,AUNTL,AUADE,AUBRI,RUNJK"
OACRRAKKK,"CNCJN,CNHUI,CNCZH,CNNTG,CNFAN,CNYJG,CNNBO,CNZOS,CNGUA,CNFUN,CNHKO,CNDYI,CNSTO,CNCJK,CNJIT,CNDSN,CNTAX,CNFUZ,CNJIA,CNLYG,CNYAN,CNWEF,CNCHS,CNMEZ,CNDAL,CNYPG,TWKAO,CNBAS,CNDJK,CNYIZ,CNSDG,CNBHI,CNJIJ,CNZHA,CNZPU,CNQUA,CNZHE,CNWEN,CNCHZ,CNQHD,CNNJG,CNDNG,KRDAN,KRULS"
OARANFKKK,"BRPDM,XZKMN,SAJUT,QAASN,SARTA,KWMAA,IQMAB,AERUW,OMMAF,AEZUR,AEFUJ,MMMIO,CNHUI,CNLSN,CNNBO,CNZOS,CNJIN,CNTJN,CNYAN,CNMEZ,CNDAL,CNYPG,TWKAO,CNSLH,CNDJK,CNSDG,SGSGP,CNZHA,CNQIZ,CNQIN,CNCFD,KRGWA,JPKII,JPSKI,KRULS,KRINC,JPCBA"
OACOFGOCK,"CNCJN,CNHUI,CNCZH,CNNTG,CNFAN,CNYJG,CNNBO,CNZOS,CNGUA,CNFUN,CNHKO,CNDYI,CNSTO,CNCJK,CNTAX,CNFUZ,CNJIA,CNYAN,CNCHS,CNMEZ,CNDAL,CNYPG,TWKAO,CNBAS,CNDJK,CNYIZ,CNBHI,CNZHA,CNZPU,CNQUA,CNZHE,CNNJG,CNDNG,KRDAN,KRULS"
OFFKNFFKK,"BRPDM,XZKMN,SAJUT,QAASN,SARTA,KWMAA,IQMAB,AERUW,OMMAF,AEZUR,AEFUJ,MMMIO,CNHUI,CNLSN,CNNBO,CNZOS,CNJIN,CNTJN,CNYAN,CNMEZ,CNDAL,CNYPG,TWKAO,CNSLH,CNDJK,CNSDG,SGSGP,CNZHA,CNQIZ,CNQIN,CNCFD,KRGWA,JPKII,JPSKI,JPCBA"
OARRKCNAK,"USLSA,CAVCR,USOAK,MXLCS,MXMAN,PECAL,ECGYL,USNYK,COBUE,CLTAL,UYULA,BRPAR,BRRDJ,UYMON,BRSTS,BRRGR,GBSOU,FRLEH,BEZEE,NLAMS,SIKOP,ITGOA,DEHAM,MTMAL,BEANT,PLGDA,ESGIJ,NLROT,TRYAR,GRAGT,ZARIB,JOAQA,ROCON,EGALE,SAJUB,BHBAH,KEMOM,SADMA,QAUMS,SAJED,SAYAN,KWMAA,AEJAL,AEABU,OMSOH,AEFUJ,PKQAS,PKKAR,INKNP,INMUN,THLCB,VNHPG,VNCAM,CNHUI,CNPAN,CNTAZ,CNLSN,HKHKG,AUGER,CNNTG,CNFAN,CNNBO,CNZOS,CNGUA,CNFUN,CNJIN,CNHUA,CNTAI,CNDCB,CNTJN,MYPKE,MYPAG,IDBAH,CNSTO,CNYSN,CNWGQ,CNCJK,CNJIT,CNYZH,CNNSA,CNDSN,CNLAZ,CNYTN,CNJIA,CNLYG,CNYAN,AUESP,CNCHS,CNMEZ,CNDAL,CNYPG,CNRUG,CNZZU,TWKAO,CNZJG,AUFRE,CNDJK,CNBYQ,CNLKU,CNSDG,CNPLI,CNCGM,CNXIA,CNBHI,TWMAI,CNRIZ,CNSHE,SGSGP,CNJIJ,TWTAP,CNZHA,CNQUA,CNZHE,CNDDG,CNWEN,CNCHZ,CNQIZ,CNQHD,CNBAO,CNQIN,CNCFD,CNNJG,CNGLA,CNWEI,IDSAM,JPKAW,KRPOH,KRGWA,KRDAN,JPFUK,JPOIT,JPKIS,JPSKI,KRULS,KRINC,JPNAG,JPYOK,KRPYT,KRBUS,JPMIZ,JPKMA,JPOSK,AUGLE,AUMEL,AUNTL,AUADE,AUBRI"
OARAYOKKK,"USLSA,CAVCR,USOAK,GTPQL,MXLCS,MXMAN,PECAL,PABAL,ECGYL,USNPN,USSAV,USNYK,COBUE,CLTAL,UYULA,BRPEC,BRTUB,BRPDM,BRPAR,BRRDJ,UYMON,BRSTS,BRITA,BRRGR,GBSOU,FRLEH,BEZEE,NLAMS,SIKOP,ITGOA,DEHAM,ESBAR,MTMAL,ESCAR,BEANT,PLGDA,ESGIJ,NLROT,TRMER,ZACPT,TRYAR,GRELE,GRAGT,TRALI,ZARIB,EGPSA,JOAQA,ROCON,EGALE,EGDAM,SAJUB,BHBAH,KEMOM,SADMA,QAUMS,SAJED,SAYAN,KWMAA,AEJAL,AEABU,AERUW,OMSOH,AEFUJ,RUULG,PKQAS,PKKAR,INCHN,INKNP,INMUN,INVIS,THLCB,THKSI,VNHPG,VNCAM,VNSOD,CNHUI,CNPAN,CNTAZ,MY3182,CNLSN,HKHKG,AUGER,CNNTG,CNFAN,CNNBO,CNPYU,CNZOS,CNGUA,CNFUN,CNJIN,CNHUA,CNTAI,CNDCB,CN9862,CNTJN,MYPKE,MYPAG,IDBAH,CNSTO,CNYSN,CNWGQ,CNCJK,CNJIT,CN9873,CNYZH,CNNSA,CNDSN,CNLAZ,CNYTN,CNJIA,CN1087,CNLYG,CNYAN,AUESP,CNCHS,CNMEZ,CNDAL,CNYPG,CNRUG,CNZZU,CNSWE,TWKAO,CNZJG,CNSLH,AUFRE,CNDJK,CNBYQ,CNLKU,MYTBS,CNSDG,MYTPP,CNMWN,CNCGM,CNXIA,CNBHI,TWMAI,CNRIZ,CNSHE,SGSGP,MY2243,CNJIJ,TWTAP,CNZHA,CNQUA,CNZHE,CNDDG,CNWEN,CNCHZ,CNQIZ,CNLYW,CNQHD,CNBAO,CNQIN,CNCFD,CNNJG,CNGLA,MYPGG,CNWEI,IDSAM,CNMJS,JPKAW,KRPOH,KRGWA,KRDAN,JPFUK,JPOIT,JPKIS,JPSKI,KRULS,KRINC,JPNAG,JPCBA,JPYOK,KRPYT,KRBUS,JPMIZ,JPKMA,KRYOS,JPOSK,AUGLE,AUMEL,AUNTL,AUADE,AUBRI,AUHAY,RUNJK"
OARYSNKKK,"USSEA,USLSA,CAVCR,USOAK,MXLCS,MXMAN,PECAL,PABAL,USNPN,USSAV,USCHA,USNYK,COBUE,CLSAN,CLTAL,UYULA,BRPEC,BRTUB,BRPDM,ARBNA,BRPAR,BRRDJ,UYMON,BRSTS,BRITA,BRRGR,GBSOU,FRLEH,BEZEE,FRFOS,NLAMS,SIKOP,ITGOA,DEHAM,ESBAR,MTMAL,ESCAR,BEANT,PLGDA,ESGIJ,NLROT,TRMER,ZACPT,TRYAR,GRELE,GRAGT,TRALI,ZARIB,EGPSA,UAODS,JOAQA,ROCON,EGALE,EGDAM,SAJUB,BHBAH,KEMOM,SADMA,QAUMS,SAJED,SAYAN,KWMAA,AEJAL,AEABU,AERUW,OMSOH,AEFUJ,RUULG,PKQAS,PKKAR,INMUN,THLCB,THKSI,VNHPG,VNCAM,VNSOD,CN9014,CNHUI,CNPAN,MY3182,CNLSN,HKHKG,AUGER,CNFAN,CNNBO,CNPYU,CNZOS,CNGUA,CNFUN,CNJIN,CNHUA,CNTAI,CN9862,CNTJN,MYPKE,MYPAG,IDBAH,CNSTO,CNYSN,CNWGQ,CNCJK,CNJIT,CN9873,CNYZH,CNNSA,CNDSN,CNLAZ,CNYTN,CNJIA,CN1087,CNLYG,CNYAN,AUESP,CNMEZ,CNDAL,CNYPG,CNRUG,CNZZU,CNSWE,TWKAO,CNZJG,CNSLH,CNDJK,CNBYQ,CNLKU,MYTBS,CNSDG,MYTPP,CNMWN,CNCGM,CNXIA,CN2039,CNBHI,TWMAI,CNRIZ,CNSHE,SGSGP,MY2243,TWTAP,CNZHA,CNQUA,CNZHE,CNDDG,CNWEN,CNQIZ,CNLYW,CNQHD,CNBAO,CNQIN,CNCFD,CNGLA,MYPGG,CNWEI,IDSAM,CNMJS,JPKAW,KRPOH,KRGWA,KRDAN,JPFUK,JPOIT,JPKIS,JPSKI,KRULS,KRINC,JPNAG,JPCBA,JPYOK,KRPYT,KRBUS,JPMIZ,JPKMA,KRYOS,AUGLE,AUNTL,AUBRI,AUHAY,RUNJK"
OARANAKKK,"USSEA,CAPRR,USLSA,CAVCR,USOAK,MXESE,MXLCS,MXMAN,PECAL,PABAL,ECGYL,USSAV,USNYK,COBUE,CLSAN,CLTAL,UYULA,CLLIR,BRTUB,BRPAR,BRRDJ,UYMON,BRIOA,BRSTS,BRIJI,BRITA,BRRGR,GBSOU,FRLEH,BEZEE,SIKOP,ITGOA,DEHAM,MTMAL,ESCAR,BEANT,PLGDA,ESGIJ,NLROT,TRYAR,EGSOK,JOAQA,ROCON,EGALE,SAJUB,SADMA,SAJED,KWMAA,AEJAL,AEABU,OMSOH,AEKHA,AEFUJ,PKQAS,PKKAR,INNSA,INCHN,LKCOL,INKNP,INMUN,INKUP,THLCB,VNHPG,VNCAM,CNHUI,MY3182,CNLSN,HKHKG,CNFAN,CNNBO,CNZOS,CNGUA,CNFUN,CNJIN,CNHUA,CNTAI,CNDCB,CNTJN,MYPKE,CNYSN,CNWGQ,CNCJK,CNJIT,CNYZH,CNNSA,CNDSN,CNYTN,CNJIA,CNLYG,CNYAN,AUESP,CNMEZ,CNDAL,CNYPG,TWKAO,CNZJG,AUFRE,CNDJK,CNBYQ,MYPEN,CNSDG,CNMWN,CNCGM,CNXIA,CNRIZ,CNSHE,SGSGP,TWTAP,CNZHA,CNQUA,CNZHE,CNDDG,CNQIZ,CNQHD,CNBAO,CNQIN,CNCFD,CNGLA,CNWEI,JPKAW,KRPOH,KRGWA,KRDAN,JPFUK,JPOIT,JPKIS,JPSKI,KRULS,KRINC,JPNAG,JPCBA,JPYOK,KRBUS,JPMIZ,JPKMA,KRYOS,JPOSK,AUGLE,AUMEL,AUNTL,AUADE,AUBRI"
RNRKGGKKK,"MXLCS,USLUA,USNYK,UYULA,GBBEL,PTLXS,IEDUB,FRLEH,ESHUE,ITTAR,ESTAR,DZDJE,DEHAM,FRROU,MTMAL,BEANT,ESGIJ,NLROT,TRGEB,TRYAR,GRAGT,LTKLJ,EGALE,THLCB,IDCXP,IDJAK,VNHCM,VNHPG,VNQUN,THRAY,CNHUM,CNCJN,CNHUI,CNCZH,HKHKG,CNNTG,CNFAN,CNYJG,CNNBO,CNZOS,CNGUA,CNFUN,CNJIN,CNHKO,CNHPU,CNDYI,CNTAI,CNTJN,MYPKE,MYPAG,CNSTO,CNYSN,CNWGQ,CNCJK,CNJIT,CNSHA,CNNSA,CNDSN,CNTAX,CNFUZ,CNYTN,CNJIA,TWHLN,CNLYG,CNYAN,CNWEF,CNCHS,CNMEZ,CNDAL,CNYPG,CNRUG,CNZZU,TWKAO,CNZJG,AUFRE,CNBAS,CNDJK,CNBYQ,CNYIZ,CNSHS,CNSDG,CNCGM,CNXIA,CNBHI,PHBAT,TWMAI,CNRIZ,CNSHE,SGSGP,TWTCH,CNJIJ,CNZHA,CNZPU,CNQUA,CNZHE,CNWEN,CNCHZ,CNQIZ,CNQHD,CNBAO,CNQIN,CNNJG,CNGLA,CNDNG,CNWEI,CNNDE,KRPOH,KRGWA,KRDAN,JPFUK,JPKIS,JPSKI,JPTOK,KRULS,KRINC,JPNAG,JPYOK,KRPYT,KRBUS,JPMIZ,JPOSK,AUADE,AUGEE"
OFFRSFNKK,"USLUA,PECAL,ECGYL,USNYK,PEMAT,ECPBO,UYULA,CLMEJ,BRRDJ,UYMON,BRRGR,GBBEL,PTLXS,GHTEM,GNCON,IEDUB,FRLEH,BEZEE,SIKOP,ESHUE,ITTAR,ESTAR,DZDJE,DEHAM,ITRAV,FRROU,MTMAL,BEANT,PLGDA,ESGIJ,NLROT,ESBIL,TRGEB,TRYAR,ZADUR,GRAGT,ZARIB,LTKLJ,FIKOT,ZAPLZ,EGALE,KEMOM,TZDRS,AEJAL,OMSOH,PKQAS,PKKAR,INKAN,THLCB,IDCXP,IDJAK,VNHCM,VNHPG,VNQUN,THRAY,CNHUM,CNCJN,CNHUI,CNCZH,CNLSN,HKHKG,AUGER,CNNTG,CNFAN,CNDAF,CNYJG,CNNBO,CNZOS,CNGUA,CNFUN,CNJIN,CNHKO,CNHPU,CNDYI,CNTAI,CNTJN,MYPKE,MYPAG,CNSTO,CNYSN,CNWGQ,CNCJK,CNJIT,CNYZH,CNSHA,CNDSN,CNTAX,CNFUZ,CNJIA,TWHLN,CNLYG,CNYAN,CNWEF,CNCHS,CNMEZ,CNDAL,CNYPG,CNRUG,CNZZU,TWKAO,CNZJG,AUFRE,CNBAS,CNDJK,CNBYQ,CNYIZ,CNSHS,CNSDG,AUBUN,CNPLI,CNCGM,CNXIA,CNBHI,PHBAT,TWMAI,CNRIZ,SGSGP,TWTCH,CNJIJ,CNZHA,CNZPU,CNQUA,CNZHE,CNWEN,CNCHZ,CNQIZ,CNQHD,CNBAO,CNQIN,CNCFD,CNNJG,CNGLA,CNDNG,CNWEI,CNNDE,KRPOH,KRGWA,KRDAN,JPFUK,JPOIT,JPKIS,JPSKI,JPTOK,KRULS,KRINC,JPNAG,JPYOK,KRPYT,KRBUS,JPMIZ,JPMOJ,JPOSK,AUGLE,AUMEL,AUNTL,AUPKE,AUADE,AUGEE,NZAKL,NZTAU"
OAROONGSK,"CNCJN,CNHUI,CNCZH,CNNTG,CNFAN,CNYJG,CNNBO,CNZOS,CNGUA,CNFUN,CNHKO,CNDYI,CNSTO,CNCJK,CNTAX,CNFUZ,CNJIA,CNYAN,CNCHS,CNMEZ,CNDAL,CNYPG,TWKAO,CNBAS,CNDJK,CNYIZ,CNBHI,CNZHA,CNZPU,CNQUA,CNZHE,CNNJG,CNDNG,KRDAN,KRULS"
OFFGRCNKK,"USLSA,CAVCR,USOAK,GTPQL,MXLCS,MXMAN,PECAL,PABAL,ECGYL,USNPN,USSAV,USNYK,COBUE,CLSAN,CLTAL,UYULA,BRPEC,BRTUB,BRPDM,ARBNA,BRPAR,BRRDJ,UYMON,BRIOA,BRSTS,BRITA,BRRGR,GBSOU,FRLEH,BEZEE,NLAMS,SIKOP,ITGOA,DEHAM,ESBAR,MTMAL,ESCAR,BEANT,PLGDA,ESGIJ,NLROT,TRMER,ZACPT,TRYAR,GRELE,GRAGT,TRALI,ZARIB,EGPSA,JOAQA,ROCON,EGALE,EGDAM,SAJUB,BHBAH,KEMOM,SADMA,QAUMS,SAJED,SAYAN,KWMAA,AEJAL,AEABU,AERUW,OMSOH,AEFUJ,RUULG,PKQAS,PKKAR,INCHN,INKNP,INMUN,INVIS,THLCB,THKSI,VNHPG,VNCAM,VNSOD,CNHUI,CNPAN,CNTAZ,MY3182,CNLSN,HKHKG,AUGER,CNFAN,CNNBO,CNPYU,CNZOS,CNGUA,CNFUN,CNJIN,CNHUA,CNTAI,CNDCB,CN9862,CNTJN,MYPKE,MYPAG,IDBAH,CNSTO,CNYSN,CNWGQ,CNCJK,CNJIT,CN9873,CNYZH,CNNSA,CNDSN,CNLAZ,CNYTN,CNJIA,CN1087,CNLYG,CNYAN,AUESP,CNMEZ,CNDAL,CNYPG,CNRUG,CNZZU,CNSWE,TWKAO,CNZJG,CNSLH,AUFRE,CNDJK,CNBYQ,CNLKU,MYTBS,CNSDG,MYTPP,CNMWN,CNCGM,CNXIA,CNBHI,TWMAI,CNRIZ,CNSHE,SGSGP,MY2243,TWTAP,CNZHA,CNQUA,CNZHE,CNDDG,CNWEN,CNQIZ,CNLYW,CNQHD,CNBAO,CNQIN,CNCFD,CNGLA,MYPGG,CNWEI,IDSAM,CNMJS,JPKAW,KRPOH,KRGWA,KRDAN,JPFUK,JPOIT,JPKIS,JPSKI,KRULS,KRINC,JPNAG,JPCBA,JPYOK,KRPYT,KRBUS,JPMIZ,JPKMA,KRYOS,JPOSK,AUGLE,AUMEL,AUNTL,AUADE,AUBRI,AUHAY,RUNJK"
OARASKKKK,"BRPDM,SAJUT,SARTA,KWMAA,IQMAB,AERUW,OMMAF,AEFUJ,MMMIO,CNHUI,CNLSN,CNNBO,CNZOS,CNTJN,CNMEZ,CNDAL,CNYPG,TWKAO,CNSLH,CNDJK,CNSDG,SGSGP,CNZHA,CNQIZ,CNQIN,CNCFD,KRGWA,JPKII,JPSKI,JPCBA"
OAROYCONK,"USLUA,PECAL,USNYK,UYULA,CLMEJ,UYFBS,BRVIT,BRSTS,GBBEL,PTLXS,IEDUB,FRLEH,BEZEE,ESHUE,ITTAR,ESTAR,DZDJE,DEHAM,FRROU,MTMAL,BEANT,ESGIJ,NLROT,ESBIL,TRGEB,TRYAR,ZADUR,GRAGT,TRDER,JOAQA,LTKLJ,FIKOT,ROCON,EGALE,BHBAH,SADMA,SAJED,SAYAN,AEJAL,AEABU,AERAK,RUSPG,OMSOH,AEFUJ,PKQAS,PKKAR,INKAN,INKAK,THLCB,IDCXP,IDJAK,VNHCM,VNHPG,VNQUN,THRAY,CNHUM,CNCJN,CNHUI,CNCZH,HKHKG,AUGER,CNNTG,CNFAN,CNDAF,CNYJG,CNNBO,CNZOS,CNGUA,CNFUN,CNJIN,CNHKO,CNHPU,CNDYI,CNTAI,CNTJN,MYPKE,MYPAG,CNSTO,CNYSN,CNWGQ,CNCJK,CNJIT,CNYZH,CNSHA,CNNSA,CNDSN,CNTAX,CNFUZ,CNJIA,TWHLN,CNLYG,CNYAN,CNWEF,CNCHS,CNMEZ,CNDAL,CNYPG,CNRUG,CNZZU,TWKAO,CNZJG,AUFRE,CNBAS,CNDJK,CNBYQ,CNYIZ,CNSHS,CNSDG,AUBUN,CNPLI,CNCGM,CNXIA,CNBHI,PHBAT,TWMAI,CNRIZ,SGSGP,TWTCH,CNJIJ,CNZHA,CNZPU,CNQUA,CNZHE,CNWEN,CNCHZ,CNQIZ,CNQHD,CNBAO,CNQIN,CNLVS,CNCFD,CNNJG,CNGLA,CNDNG,CNWEI,CNNDE,KRPOH,KRGWA,KRDAN,JPFUK,JPKIS,JPHHR,KRMAS,JPSKI,JPTOK,KRULS,KRINC,JPNAG,JPYOK,KRPYT,KRBUS,JPMIZ,JPMOJ,JPKMA,JPOSK,AUGLE,AUMEL,AUNTL,AUPKE,AUWHY,AUADE,AUPLD,AUGEE,NZNAP"
OFFNCFYKK,"USLSA,CAVCR,USOAK,GTPQL,MXLCS,MXMAN,PECAL,PABAL,ECGYL,USNPN,USSAV,USCHA,USNYK,COBUE,CLTAL,UYULA,BRPEC,BRTUB,BRPDM,BRPAR,BRRDJ,UYMON,BRSTS,BRITA,BRRGR,GBSOU,FRLEH,BEZEE,NLAMS,SIKOP,ITGOA,DEHAM,ESBAR,MTMAL,ESCAR,BEANT,PLGDA,ESGIJ,NLROT,TRMER,ZACPT,TRYAR,GRELE,GRAGT,TRALI,ZARIB,EGPSA,JOAQA,ROCON,EGALE,EGDAM,SAJUB,BHBAH,KEMOM,SADMA,QAUMS,SAJED,SAYAN,KWMAA,AEJAL,AEABU,AERUW,OMSOH,AEFUJ,RUULG,PKQAS,PKKAR,INCHN,INKNP,INMUN,INVIS,THLCB,THKSI,VNHPG,VNCAM,VNSOD,CNHUI,CNPAN,CNTAZ,MY3182,CNLSN,HKHKG,AUGER,CNNTG,CNFAN,CNNBO,CNPYU,CNZOS,CNGUA,CNFUN,CNJIN,CNHUA,CNTAI,CNDCB,CN9862,CNTJN,MYPKE,MYPAG,IDBAH,CNSTO,CNYSN,CNWGQ,CNCJK,CNJIT,CN9873,CNYZH,CNNSA,CNDSN,CNLAZ,CNYTN,CNJIA,CN1087,CNLYG,CNYAN,AUESP,CNCHS,CNMEZ,CNDAL,CNYPG,CNRUG,CNZZU,TWKAO,CNZJG,CNSLH,AUFRE,CNDJK,CNBYQ,CNLKU,MYTBS,CNSDG,MYTPP,CNMWN,CNCGM,CNXIA,CNBHI,TWMAI,CNRIZ,CNSHE,SGSGP,MY2243,CNJIJ,TWTAP,CNZHA,CNQUA,CNZHE,CNDDG,CNWEN,CNQIZ,CNLYW,CNQHD,CNBAO,CNQIN,CNCFD,CNNJG,CNGLA,MYPGG,CNWEI,IDSAM,JPKAW,KRPOH,KRGWA,KRDAN,JPFUK,JPOIT,JPKIS,JPSKI,KRULS,KRINC,JPNAG,JPCBA,JPYOK,KRPYT,KRBUS,JPMIZ,JPKMA,KRYOS,JPOSK,AUGLE,AUMEL,AUNTL,AUADE,AUBRI,AUHAY,RUNJK"
OARGGKKKK,"USLSA,CAVCR,USOAK,GTPQL,MXLCS,MXMAN,PECAL,PABAL,ECGYL,USNPN,USSAV,USNYK,COBUE,CLTAL,UYULA,BRPEC,BRTUB,BRPDM,BRPAR,BRRDJ,UYMON,BRSTS,BRITA,BRRGR,GBSOU,FRLEH,BEZEE,NLAMS,SIKOP,ITGOA,DEHAM,ESBAR,MTMAL,ESCAR,BEANT,PLGDA,ESGIJ,NLROT,TRMER,ZACPT,TRYAR,GRELE,GRAGT,TRALI,ZARIB,EGPSA,JOAQA,ROCON,EGALE,EGDAM,SAJUB,BHBAH,KEMOM,SADMA,QAUMS,SAJED,SAYAN,KWMAA,AEJAL,AEABU,AERUW,OMSOH,AEFUJ,RUULG,PKQAS,PKKAR,INCHN,INKNP,INMUN,INVIS,THLCB,THKSI,VNHPG,VNCAM,VNSOD,CNHUI,CNPAN,CNTAZ,MY3182,CNLSN,HKHKG,AUGER,CNNTG,CNFAN,CNNBO,CNPYU,CNZOS,CNGUA,CNFUN,CNJIN,CNHUA,CNTAI,CNDCB,CN9862,CNTJN,MYPKE,MYPAG,IDBAH,CNSTO,CNYSN,CNWGQ,CNCJK,CNJIT,CN9873,CNYZH,CNNSA,CNDSN,CNLAZ,CNYTN,CNJIA,CN1087,CNLYG,CNYAN,AUESP,CNCHS,CNMEZ,CNDAL,CNYPG,CNRUG,CNZZU,CNSWE,TWKAO,CNZJG,CNSLH,AUFRE,CNDJK,CNBYQ,CNLKU,MYTBS,CNSDG,MYTPP,CNMWN,CNCGM,CNXIA,CNBHI,TWMAI,CNRIZ,CNSHE,SGSGP,MY2243,CNJIJ,TWTAP,CNZHA,CNQUA,CNZHE,CNDDG,CNWEN,CNCHZ,CNQIZ,CNLYW,CNQHD,CNBAO,CNQIN,CNCFD,CNNJG,CNGLA,MYPGG,CNWEI,IDSAM,CNMJS,JPKAW,KRPOH,KRGWA,KRDAN,JPFUK,JPOIT,JPKIS,JPSKI,KRULS,KRINC,JPNAG,JPCBA,JPYOK,KRPYT,KRBUS,JPMIZ,JPKMA,KRYOS,JPOSK,AUGLE,AUMEL,AUNTL,AUADE,AUBRI,AUHAY,RUNJK"
OACRONKKK,"USLSA,CAVCR,USOAK,MXLCS,MXMAN,PECAL,ECGYL,USSAV,USNYK,COBUE,UYULA,BRPEC,BRTUB,BRPAR,BRRDJ,UYMON,BRSTS,BRRGR,GBSOU,FRLEH,BEZEE,NLAMS,SIKOP,ITGOA,DEHAM,MTMAL,ESCAR,BEANT,PLGDA,ESGIJ,NLROT,TRMER,ZACPT,TRYAR,GRAGT,TRALI,ZARIB,EGPSA,JOAQA,ROCON,EGALE,SAJUB,BHBAH,KEMOM,SADMA,QAUMS,SAJED,SAYAN,KWMAA,AEJAL,AEABU,OMSOH,AEFUJ,PKQAS,PKKAR,INKNP,INMUN,THLCB,THKSI,VNHPG,VNCAM,CNHUI,CNPAN,CNTAZ,CNLSN,HKHKG,AUGER,CNNTG,CNFAN,CNNBO,CNPYU,CNZOS,CNGUA,CNFUN,CNJIN,CNHUA,CNTAI,CNDCB,CNTJN,MYPKE,MYPAG,IDBAH,CNSTO,CNYSN,CNWGQ,CNCJK,CNJIT,CN9873,CNYZH,CNNSA,CNDSN,CNLAZ,CNYTN,CNJIA,CN1087,CNLYG,CNYAN,AUESP,CNCHS,CNMEZ,CNDAL,CNYPG,CNRUG,CNZZU,TWKAO,CNZJG,CNSLH,AUFRE,CNDJK,CNBYQ,CNLKU,CNSDG,MYTPP,CNPLI,CNCGM,CNXIA,CNBHI,TWMAI,CNRIZ,CNSHE,SGSGP,MY2243,CNJIJ,TWTAP,CNZHA,CNQUA,CNZHE,CNDDG,CNWEN,CNCHZ,CNQIZ,CNQHD,CNBAO,CNQIN,CNCFD,CNNJG,CNGLA,CNWEI,IDSAM,KRPOH,KRGWA,KRDAN,JPFUK,JPOIT,JPKIS,JPSKI,KRULS,KRINC,JPNAG,JPCBA,JPYOK,KRPYT,KRBUS,JPMIZ,JPKMA,JPOSK,AUGLE,AUMEL,AUNTL,AUADE,AUBRI"
OFFAGSYKK,"CNNBO,CNTJN,CNDAL,SGSGP,CNQIN,KRGWA"
OARCYRNNK,"USLSA,CAVCR,USOAK,GTSTC,USBEA,USBTR,MXLCS,USLUA,MXMAN,PECAL,ECGYL,USNYK,COBAR,COBUE,UYULA,BRVIT,BRRDJ,UYMON,BRSTS,BRRGR,GBBEL,PTLXS,MACAS,GBSOU,GHTEM,GNCON,IEDUB,CIABI,FRLEH,BEZEE,NLAMS,SIKOP,ITGOA,NLVSG,ESHUE,ITTAR,ESTAR,DZDJE,DEHAM,ITRAV,FRROU,MTMAL,BEANT,PLGDA,ESSAN,ESGIJ,NLROT,ESSAG,ESBIL,TRGEB,LVRIX,TRYAR,ZADUR,GRAGT,TRLMA,TRDER,ZARIB,JOAQA,LTKLJ,FIKOT,ROCON,ZAPLZ,UACHO,EGALE,SAJUB,BHBAH,KEMOM,TZDRS,SADMA,QAUMS,SAJED,SAYAN,KWMAA,AEJAL,AEABU,AERAK,RUSPG,OMSOH,AEFUJ,PKQAS,PKKAR,INKAN,INKNP,INMUN,THLCB,VNPHU,THKSI,VNNGH,IDJAK,VNHCM,VNHPG,VNCAM,VNQUN,IDSUR,CNHUM,CNCJN,CNHUI,CNCZH,CNPAN,CNSHD,CNLSN,HKHKG,AUGER,CNNTG,CNFAN,CNDAF,CNYJG,CNNBO,CNPYU,CNZOS,CNGUA,CNFUN,CNJIN,CNHKO,CNHPU,CNDYI,CNHUA,CNTAI,CNDCB,CNTJN,MYKUA,MYPKE,MYPAG,IDBAH,CNSTO,CNYSN,CNWGQ,CNCJK,CNJIT,CN9873,CNYZH,CNNSA,CNDSN,CNTAX,CNLAZ,CNFUZ,CNYTN,CNJIA,CN1087,TWHLN,CNLYG,CNYAN,TWKEE,AUESP,CNCHS,CNMEZ,CNDAL,CNYPG,CNRUG,CNZZU,TWKAO,CNZJG,AUFRE,CNBAS,CNSIZ,CNDJK,CNBYQ,CNLKU,CNSDG,MYTPP,CNPLI,CNCGM,CNXIA,CNBHI,TWMAI,CNRIZ,CNSHE,SGSGP,TWTCH,MY2243,CNJIJ,CNZHA,CNZPU,CNQUA,CNZHE,CNDDG,CNWEN,CNCHZ,CNQIZ,CNQHD,CNBAO,CNQIN,CNLVS,CNCFD,CNNJG,CNGLA,CNDNG,CNWEI,IDSAM,CNNDE,KRPOH,KRKUN,KRGWA,JPHIB,KRDAN,JPFUK,JPOIT,JPKIS,JPSKI,JPTOK,KRULS,KRINC,JPNAG,JPCBA,JPYOK,KRPYT,KRBUS,JPMIZ,JPKMA,JPOSK,AUGLE,AUMEL,AUNTL,AUPKE,AUADE,AUBRI,AUBNE,NZAKL,NZTAU,NZNAP"
OFFASYRKK,"USLGB,USLSA,PABAL,USNFK,USSAV,USCHA,USNYK,BRPDM,GBLGP,MATAN,FRLEH,BEZEE,FRFOS,ITGOA,DEHAM,BEANT,PLGDA,ESVAL,NLROT,EGSOK,GRPIR,JOAQA,SADMA,QAHMD,SAJED,AEJAL,AEKHA,PKKAR,INNSA,INMUN,VNCMP,HKHKG,CNNBO,CNZOS,CNFUN,CNTJN,MYPKE,CNYSN,CNWGQ,CNCJK,CNNSA,CNYTN,CNLYG,CNMEZ,CNDAL,TWKAO,CNSLH,CNDJK,CNXIA,CNSHE,SGSGP,TWTAP,CNQIN,KRGWA,KRBUS"
OARYGGKKK,"USSEA,CAPRR,USLSA,CAVCR,USOAK,MXESE,MXLCS,MXMAN,PECAL,PABAL,USSAV,USNYK,COBUE,CLSAN,CLTAL,UYULA,CLLIR,BRPDM,ARBNA,BRPAR,BRRDJ,UYMON,BRSTS,BRIJI,BRRGR,FRLEH,BEZEE,SIKOP,ITGOA,DEHAM,ESBAR,MTMAL,BEANT,PLGDA,NLROT,TRMER,TRYAR,EGSOK,TRALI,EGPSA,JOAQA,ROCON,EGALE,EGDAM,SAJUB,SADMA,SAJED,KWMAA,AEJAL,AEABU,AERUW,OMSOH,AEKHA,AEFUJ,PKKAR,INNSA,LKCOL,INMUN,THLCB,VNHPG,VNCAM,CNHUI,MY3182,CNLSN,HKHKG,CNFAN,CNNBO,CNZOS,CNGUA,CNFUN,CNJIN,CNHUA,CNTAI,CNDCB,CNTJN,MYPKE,CNYSN,CNWGQ,CNCJK,CNJIT,CNNSA,CNYTN,CNJIA,CNLYG,CNYAN,AUESP,CNMEZ,CNDAL,CNYPG,TWKAO,CNZJG,CNSLH,CNDJK,CNBYQ,CNSDG,CNMWN,CNCGM,CNXIA,CNRIZ,CNSHE,SGSGP,TWTAP,CNZHA,CNQUA,CNZHE,CNDDG,CNQIZ,CNLYW,CNQHD,CNBAO,CNQIN,CNCFD,CNGLA,CNMJS,JPKAW,KRPOH,KRGWA,JPFUK,JPOIT,JPKIS,JPSKI,KRULS,KRINC,JPNAG,JPCBA,JPYOK,KRBUS,JPMIZ,JPKMA,KRYOS,AUGLE,AUNTL,AUHAY"
OACRKCSOK,"USLSA,CAVCR,USOAK,MXLCS,MXMAN,PECAL,ECGYL,USSAV,USNYK,COBUE,CLTAL,UYULA,BRPEC,BRTUB,BRPAR,BRRDJ,UYMON,BRSTS,BRRGR,GBSOU,FRLEH,BEZEE,NLAMS,SIKOP,ITGOA,DEHAM,MTMAL,ESCAR,BEANT,PLGDA,ESGIJ,NLROT,ZACPT,TRYAR,GRAGT,TRALI,ZARIB,EGPSA,JOAQA,ROCON,EGALE,SAJUB,BHBAH,KEMOM,SADMA,QAUMS,SAJED,SAYAN,KWMAA,AEJAL,AEABU,AERUW,OMSOH,AEFUJ,PKQAS,PKKAR,INKNP,INMUN,THLCB,THKSI,VNHPG,VNCAM,CNHUI,CNPAN,CNTAZ,CNLSN,HKHKG,AUGER,CNNTG,CNFAN,CNNBO,CNPYU,CNZOS,CNGUA,CNFUN,CNJIN,CNHUA,CNTAI,CNDCB,CNTJN,MYPKE,MYPAG,IDBAH,CNSTO,CNYSN,CNWGQ,CNCJK,CNJIT,CN9873,CNYZH,CNNSA,CNDSN,CNLAZ,CNYTN,CNJIA,CN1087,CNLYG,CNYAN,AUESP,CNCHS,CNMEZ,CNDAL,CNYPG,CNRUG,CNZZU,TWKAO,CNZJG,CNSLH,AUFRE,CNDJK,CNBYQ,CNLKU,CNSDG,MYTPP,CNPLI,CNCGM,CNXIA,CNBHI,TWMAI,CNRIZ,CNSHE,SGSGP,MY2243,CNJIJ,TWTAP,CNZHA,CNQUA,CNZHE,CNDDG,CNWEN,CNCHZ,CNQIZ,CNLYW,CNQHD,CNBAO,CNQIN,CNCFD,CNNJG,CNGLA,CNWEI,IDSAM,JPKAW,KRPOH,KRGWA,KRDAN,JPFUK,JPOIT,JPKIS,JPSKI,KRULS,KRINC,JPNAG,JPCBA,JPYOK,KRPYT,KRBUS,JPMIZ,JPKMA,JPOSK,AUGLE,AUMEL,AUNTL,AUADE,AUBRI"
OACROFKKK,"USLSA,CAVCR,USOAK,MXLCS,MXMAN,PECAL,ECGYL,USSAV,USNYK,COBUE,UYULA,BRPEC,BRTUB,BRPAR,BRRDJ,UYMON,BRSTS,BRRGR,GBSOU,FRLEH,BEZEE,NLAMS,SIKOP,ITGOA,DEHAM,MTMAL,ESCAR,BEANT,PLGDA,ESGIJ,NLROT,TRMER,ZACPT,TRYAR,GRAGT,TRALI,ZARIB,EGPSA,JOAQA,ROCON,EGALE,SAJUB,BHBAH,KEMOM,SADMA,QAUMS,SAJED,SAYAN,KWMAA,AEJAL,AEABU,OMSOH,AEFUJ,PKQAS,PKKAR,INKNP,INMUN,THLCB,THKSI,VNHPG,VNCAM,CNHUI,CNPAN,CNTAZ,CNLSN,HKHKG,AUGER,CNNTG,CNFAN,CNNBO,CNPYU,CNZOS,CNGUA,CNFUN,CNJIN,CNHUA,CNTAI,CNDCB,CNTJN,MYPKE,MYPAG,IDBAH,CNSTO,CNYSN,CNWGQ,CNCJK,CNJIT,CN9873,CNYZH,CNNSA,CNDSN,CNLAZ,CNYTN,CNJIA,CN1087,CNLYG,CNYAN,AUESP,CNCHS,CNMEZ,CNDAL,CNYPG,CNRUG,CNZZU,TWKAO,CNZJG,CNSLH,AUFRE,CNDJK,CNBYQ,CNLKU,CNSDG,MYTPP,CNPLI,CNCGM,CNXIA,CNBHI,TWMAI,CNRIZ,CNSHE,SGSGP,MY2243,CNJIJ,TWTAP,CNZHA,CNQUA,CNZHE,CNDDG,CNWEN,CNCHZ,CNQIZ,CNQHD,CNBAO,CNQIN,CNCFD,CNNJG,CNGLA,CNWEI,IDSAM,KRPOH,KRGWA,KRDAN,JPFUK,JPOIT,JPKIS,JPSKI,KRULS,KRINC,JPNAG,JPCBA,JPYOK,KRPYT,KRBUS,JPMIZ,JPKMA,JPOSK,AUGLE,AUMEL,AUNTL,AUADE,AUBRI"
OARSCSKKK,"CAPRR,CAVCR,CANWE,BRPDM,BEZEE,DEHAM,MTMAL,BEANT,PLGDA,NLROT,GRPIR,SADMA,SARTA,KWMAA,IQMAB,AEJAL,AERUW,OMSOH,AEKHA,AEFUJ,CNHUI,MY3182,CNLSN,HKHKG,CNFAN,CNNBO,CNZOS,CNJIN,CNHUA,CNTAI,CNTJN,MYPKE,CNYSN,CNCJK,CNJIT,CNNSA,CNYTN,MY3173,CNJIA,CNLYG,CNYAN,CNMEZ,CNDAL,CNYPG,TWKAO,CNSLH,CNDJK,CNBYQ,CNSDG,AUPHE,CNXIA,CNRIZ,SGSGP,AUPWA,CNZHA,CNDDG,CNQIZ,CNLYW,CNQIN,CNCFD,AUDPR,CNMJS,KRPOH,KRGWA,JPFUK,JPKII,JPOIT,JPKIS,JPSKI,KRULS,KRINC,JPNAG,JPCBA,JPMIZ,JPKMA,KRYOS,AUNTL,AUHAY"
OFFKYYNKK,"CAPRR,CAVCR,CANWE,BRPDM,BEZEE,DEHAM,MTMAL,BEANT,PLGDA,NLROT,GRPIR,SADMA,SARTA,KWMAA,IQMAB,AEJAL,AERUW,OMSOH,AEKHA,AEFUJ,CNHUI,MY3182,CNLSN,HKHKG,CNFAN,CNNBO,CNZOS,CNJIN,CNHUA,CNTAI,CNTJN,MYPKE,CNYSN,CNCJK,CNJIT,CNNSA,CNYTN,MY3173,CNJIA,CNLYG,CNYAN,CNMEZ,CNDAL,CNYPG,TWKAO,CNSLH,CNDJK,CNBYQ,CNSDG,AUPHE,CNXIA,CNRIZ,SGSGP,CNZHA,CNDDG,CNQIZ,CNLYW,CNQIN,CNCFD,CNMJS,KRPOH,KRGWA,JPFUK,JPKII,JPOIT,JPKIS,JPSKI,KRULS,KRINC,JPNAG,JPCBA,JPMIZ,JPKMA,KRYOS,AUNTL,AUHAY"
OFFYFNKKK,"USLSA,CAVCR,USOAK,MXLCS,MXMAN,PECAL,ECGYL,USSAV,USNYK,COBUE,UYULA,BRPEC,BRTUB,BRPAR,BRRDJ,UYMON,BRSTS,BRRGR,GBSOU,FRLEH,BEZEE,NLAMS,SIKOP,ITGOA,DEHAM,ESBAR,MTMAL,ESCAR,BEANT,PLGDA,ESGIJ,NLROT,TRMER,ZACPT,TRYAR,GRAGT,TRALI,ZARIB,EGPSA,JOAQA,ROCON,EGALE,SAJUB,BHBAH,KEMOM,SADMA,QAUMS,SAJED,SAYAN,KWMAA,AEJAL,AEABU,OMSOH,AEFUJ,RUULG,PKQAS,PKKAR,INKNP,INMUN,INVIS,THLCB,THKSI,VNHPG,VNCAM,CNHUI,CNPAN,CNTAZ,CNLSN,HKHKG,AUGER,CNNTG,CNFAN,CNNBO,CNPYU,CNZOS,CNGUA,CNFUN,CNJIN,CNHUA,CNTAI,CNDCB,CNTJN,MYPKE,MYPAG,IDBAH,CNSTO,CNYSN,CNWGQ,CNCJK,CNJIT,CN9873,CNYZH,CNNSA,CNDSN,CNLAZ,CNYTN,CNJIA,CN1087,CNLYG,CNYAN,AUESP,CNCHS,CNMEZ,CNDAL,CNYPG,CNRUG,CNZZU,TWKAO,CNZJG,CNSLH,AUFRE,CNDJK,CNBYQ,CNLKU,CNSDG,MYTPP,CNPLI,CNCGM,CNXIA,CNBHI,TWMAI,CNRIZ,CNSHE,SGSGP,MY2243,CNJIJ,TWTAP,CNZHA,CNQUA,CNZHE,CNDDG,CNWEN,CNCHZ,CNQIZ,CNQHD,CNBAO,CNQIN,CNCFD,CNNJG,CNGLA,CNWEI,IDSAM,KRPOH,KRGWA,KRDAN,JPFUK,JPOIT,JPKIS,JPSKI,KRULS,KRINC,JPNAG,JPCBA,JPYOK,KRPYT,KRBUS,JPMIZ,JPKMA,JPOSK,AUGLE,AUMEL,AUNTL,AUADE,AUBRI"
OFFKCAGKK,"USLSA,CAVCR,USOAK,MXLCS,MXMAN,PECAL,ECGYL,USNYK,COBUE,UYULA,BRPAR,BRRDJ,UYMON,BRSTS,BRRGR,GBSOU,FRLEH,BEZEE,NLAMS,SIKOP,ITGOA,DEHAM,MTMAL,BEANT,PLGDA,ESGIJ,NLROT,TRYAR,GRAGT,ZARIB,JOAQA,ROCON,EGALE,SAJUB,BHBAH,KEMOM,SADMA,QAUMS,SAJED,SAYAN,KWMAA,AEJAL,AEABU,OMSOH,AEFUJ,PKQAS,PKKAR,INKNP,INMUN,THLCB,VNHPG,VNCAM,CNHUI,CNPAN,CNTAZ,CNLSN,HKHKG,AUGER,CNNTG,CNFAN,CNNBO,CNZOS,CNGUA,CNFUN,CNJIN,CNHUA,CNTAI,CNDCB,CNTJN,MYPKE,MYPAG,IDBAH,CNSTO,CNYSN,CNWGQ,CNCJK,CNJIT,CN9873,CNYZH,CNNSA,CNDSN,CNLAZ,CNYTN,CNJIA,CNLYG,CNYAN,AUESP,CNCHS,CNMEZ,CNDAL,CNYPG,CNRUG,CNZZU,TWKAO,CNZJG,AUFRE,CNDJK,CNBYQ,CNLKU,CNSDG,MYTPP,CNCGM,CNXIA,CNBHI,TWMAI,CNRIZ,CNSHE,SGSGP,CNJIJ,TWTAP,CNZHA,CNQUA,CNZHE,CNDDG,CNWEN,CNQIZ,CNQHD,CNBAO,CNQIN,CNCFD,CNNJG,CNGLA,MYPGG,CNWEI,IDSAM,KRPOH,KRGWA,KRDAN,JPFUK,JPOIT,JPKIS,JPSKI,KRULS,KRINC,JPNAG,JPCBA,JPYOK,KRPYT,KRBUS,JPMIZ,JPKMA,KRYOS,JPOSK,AUGLE,AUMEL,AUNTL,AUADE,AUBRI"
OAOFNSKKK,"USSEA,USLSA,CAVCR,USOAK,GTPQL,MXLCS,MXMAN,PECAL,PABAL,ECGYL,USSAV,USCHA,USNYK,COBUE,CLSAN,CLTAL,UYULA,BRTUB,BRPDM,ARBNA,BRPAR,BRRDJ,UYMON,BRIOA,BRSTS,BRITA,BRRGR,GBSOU,FRLEH,BEZEE,SIKOP,ITGOA,DEHAM,ESBAR,MTMAL,ESCAR,BEANT,PLGDA,ESGIJ,NLROT,TRMER,ZACPT,TRYAR,EGSOK,TRALI,EGPSA,UAODS,JOAQA,ROCON,EGALE,EGDAM,SAJUB,SADMA,SAJED,KWMAA,AEJAL,AEABU,AERUW,OMSOH,AEFUJ,PKQAS,PKKAR,INCHN,INKNP,INMUN,INVIS,INKUP,THLCB,VNHPG,VNCAM,CNHUI,CNPAN,MY3182,CNLSN,HKHKG,CNFAN,CNNBO,CNZOS,CNGUA,CNFUN,CNJIN,CNHUA,CNTAI,CNDCB,CNTJN,MYPKE,MYPAG,CNYSN,CNWGQ,CNCJK,CNJIT,CNYZH,CNNSA,CNDSN,CNYTN,CNJIA,CNLYG,CNYAN,AUESP,CNMEZ,CNDAL,CNYPG,CNZZU,TWKAO,CNZJG,CNSLH,AUFRE,CNDJK,CNBYQ,MYPEN,CNSDG,CNMWN,CNCGM,CNXIA,CNRIZ,CNSHE,SGSGP,TWTAP,CNZHA,CNZHE,CNDDG,CNQIZ,CNLYW,CNBAO,CNQIN,CNCFD,CNGLA,CNWEI,CNMJS,JPKAW,KRPOH,KRGWA,KRDAN,JPFUK,JPOIT,JPKIS,JPSKI,KRULS,KRINC,JPNAG,JPCBA,JPYOK,KRBUS,JPMIZ,JPKMA,KRYOS,JPOSK,AUGLE,AUMEL,AUNTL,AUADE,AUBRI,AUHAY"
OAOFSGKKK,"USLSA,CAVCR,USOAK,GTPQL,MXLCS,MXMAN,PECAL,PABAL,ECGYL,USNPN,USSAV,USNYK,COBUE,CLTAL,UYULA,BRPEC,BRTUB,BRPDM,BRPAR,BRRDJ,UYMON,BRSTS,BRITA,BRRGR,GBSOU,FRLEH,BEZEE,NLAMS,SIKOP,ITGOA,DEHAM,ESBAR,MTMAL,ESCAR,BEANT,PLGDA,ESGIJ,NLROT,TRMER,ZACPT,TRYAR,GRELE,GRAGT,TRALI,ZARIB,EGPSA,JOAQA,ROCON,EGALE,EGDAM,SAJUB,BHBAH,KEMOM,SADMA,QAUMS,SAJED,SAYAN,KWMAA,AEJAL,AEABU,AERUW,OMSOH,AEFUJ,RUULG,PKQAS,PKKAR,INCHN,INKNP,INMUN,INVIS,THLCB,THKSI,VNHPG,VNCAM,VNSOD,CNHUI,CNPAN,CNTAZ,MY3182,CNLSN,HKHKG,AUGER,CNNTG,CNFAN,CNNBO,CNPYU,CNZOS,CNGUA,CNFUN,CNJIN,CNHUA,CNTAI,CNDCB,CN9862,CNTJN,MYPKE,MYPAG,IDBAH,CNSTO,CNYSN,CNWGQ,CNCJK,CNJIT,CN9873,CNYZH,CNNSA,CNDSN,CNLAZ,CNYTN,CNJIA,CN1087,CNLYG,CNYAN,AUESP,CNCHS,CNMEZ,CNDAL,CNYPG,CNRUG,CNZZU,TWKAO,CNZJG,CNSLH,AUFRE,CNDJK,CNBYQ,CNLKU,MYTBS,CNSDG,MYTPP,CNPLI,CNMWN,CNCGM,CNXIA,CNBHI,TWMAI,CNRIZ,CNSHE,SGSGP,MY2243,CNJIJ,TWTAP,CNZHA,CNQUA,CNZHE,CNDDG,CNWEN,CNCHZ,CNQIZ,CNLYW,CNQHD,CNBAO,CNQIN,CNCFD,CNNJG,CNGLA,MYPGG,CNWEI,IDSAM,JPKAW,KRPOH,KRGWA,KRDAN,JPFUK,JPOIT,JPKIS,JPSKI,KRULS,KRINC,JPNAG,JPCBA,JPYOK,KRPYT,KRBUS,JPMIZ,JPKMA,KRYOS,JPOSK,AUGLE,AUMEL,AUNTL,AUADE,AUBRI,AUHAY,RUNJK"
OFFANFOKK,"CNNBO,CNTJN,CNDAL,KRGWA"
OFFKAKCKK,"CAPRR,CAVCR,CANWE,BRPDM,DEHAM,SARTA,KWMAA,IQMAB,AERUW,OMSOH,AEFUJ,CNHUI,MY3182,CNLSN,CNFAN,CNNBO,CNZOS,CNJIN,CNHUA,CNTAI,CNTJN,CNJIT,MY3173,CNJIA,CNLYG,CNYAN,CNMEZ,CNDAL,CNYPG,TWKAO,CNSLH,CNDJK,CNBYQ,CNSDG,AUPHE,CNRIZ,SGSGP,AUPWA,CNZHA,CNDDG,CNQIZ,CNLYW,CNQIN,CNCFD,AUDPR,CNMJS,KRPOH,KRGWA,JPFUK,JPKII,JPKIS,JPSKI,KRULS,KRINC,JPNAG,JPCBA,JPMIZ,JPKMA,KRYOS,AUNTL,AUHAY"
OFFAKFCKK,"USLGB,USLSA,PABAL,USNFK,USSAV,USCHA,USNYK,BRPDM,GBLGP,MATAN,FRLEH,BEZEE,FRFOS,ITGOA,DEHAM,BEANT,PLGDA,ESVAL,NLROT,EGSOK,GRPIR,JOAQA,SADMA,QAHMD,SAJED,AEJAL,AEKHA,PKKAR,INNSA,INMUN,VNCMP,HKHKG,CNNBO,CNZOS,CNFUN,CNTJN,MYPKE,CNYSN,CNWGQ,CNCJK,CNNSA,CNYTN,CNLYG,CNMEZ,CNDAL,TWKAO,CNSLH,CNDJK,CNXIA,CNSHE,SGSGP,TWTAP,CNQIN,KRGWA,KRBUS"
OACNCRYCK,"USLUA,PECAL,ECGYL,USNYK,PEMAT,ECPBO,UYULA,CLMEJ,BRRDJ,UYMON,BRRGR,GBBEL,PTLXS,MACAS,GHTEM,GNCON,IEDUB,FRLEH,BEZEE,SIKOP,ITGOA,NLVSG,ESHUE,ITTAR,ESTAR,DZDJE,DEHAM,ITRAV,FRROU,MTMAL,BEANT,PLGDA,ESGIJ,NLROT,ESBIL,TRGEB,LVRIX,TRYAR,ZADUR,GRAGT,ZARIB,LTKLJ,FIKOT,ZAPLZ,EGALE,KEMOM,TZDRS,AEJAL,RUNVS,OMSOH,PKQAS,PKKAR,INKAN,THLCB,IDCXP,IDJAK,VNHCM,VNHPG,VNQUN,THRAY,IDSUR,CNHUM,CNCJN,CNHUI,CNCZH,CNLSN,HKHKG,AUGER,CNNTG,CNFAN,CNDAF,CNYJG,CNNBO,CNZOS,CNGUA,CNFUN,CNJIN,CNHKO,CNHPU,CNDYI,CNTAI,CNTJN,MYPKE,MYPAG,IDBAH,CNSTO,CNYSN,CNWGQ,CNCJK,CNJIT,CNYZH,CNSHA,CNDSN,CNTAX,CNFUZ,CNJIA,TWHLN,CNLYG,CNYAN,CNWEF,CNCHS,CNMEZ,CNDAL,CNYPG,CNRUG,CNZZU,TWKAO,CNZJG,AUFRE,CNBAS,CNDJK,CNBYQ,CNYIZ,CNSHS,CNSDG,AUBUN,CNPLI,CNCGM,CNXIA,CNBHI,PHBAT,TWMAI,CNRIZ,SGSGP,TWTCH,CNJIJ,CNZHA,CNZPU,CNQUA,CNZHE,CNWEN,CNCHZ,CNQIZ,CNQHD,CNBAO,CNQIN,CNCFD,CNNJG,CNGLA,CNDNG,CNWEI,CNNDE,KRPOH,KRGWA,KRDAN,JPFUK,JPOIT,JPKIS,JPSKI,JPTOK,KRULS,KRINC,JPNAG,JPYOK,KRPYT,KRBUS,JPMIZ,JPMOJ,JPOSK,AUGLE,AUMEL,AUNTL,AUPKE,AUADE,AUBRI,AUGEE,NZAKL,NZTAU"
OACCSYKKK,"USSEA,USLSA,CAVCR,USOAK,MXLCS,MXMAN,PECAL,PABAL,USNPN,USSAV,USCHA,USNYK,COBUE,CLSAN,CLTAL,UYULA,BRPEC,BRTUB,BRPDM,ARBNA,BRPAR,BRRDJ,UYMON,BRSTS,BRITA,BRRGR,GBSOU,FRLEH,BEZEE,FRFOS,NLAMS,SIKOP,ITGOA,FRDKK,DEHAM,ESBAR,MTMAL,ESCAR,BEANT,PLGDA,ESGIJ,NLROT,TRMER,ZACPT,TRYAR,GRELE,GRAGT,TRALI,ZARIB,EGPSA,UAODS,JOAQA,ROCON,EGALE,EGDAM,SAJUB,BHBAH,KEMOM,SADMA,QAUMS,SAJED,SAYAN,KWMAA,AEJAL,AEABU,AERUW,OMSOH,AEFUJ,RUULG,PKKAR,INMUN,THLCB,THKSI,VNHPG,VNCAM,VNSOD,CNHUI,CNPAN,MY3182,CNLSN,HKHKG,AUGER,CNFAN,CNNBO,CNZOS,CNGUA,CNFUN,CNJIN,CNHUA,CNTAI,CNTJN,MYPKE,MYPAG,IDBAH,CNSTO,CNYSN,CNWGQ,CNCJK,CNJIT,CNYZH,CNNSA,CNDSN,CNLAZ,CNYTN,CNJIA,CNLYG,CNYAN,AUESP,CNMEZ,IDTBR,CNDAL,CNYPG,CNRUG,CNZZU,CNSWE,TWKAO,CNZJG,CNSLH,CNDJK,CNBYQ,CNLKU,MYTBS,CNSDG,CNMWN,CNCGM,CNXIA,CN2039,CNBHI,TWMAI,CNRIZ,CNSHE,SGSGP,MY2243,TWTAP,CNZHA,CNZHE,CNDDG,CNWEN,CNQIZ,CNLYW,CNQHD,CNBAO,CNQIN,CNCFD,CNGLA,MYPGG,CNWEI,IDSAM,CNMJS,JPKAW,KRPOH,KRGWA,KRDAN,JPFUK,JPOIT,JPKIS,JPSKI,KRULS,KRINC,JPNAG,JPCBA,JPYOK,KRPYT,KRBUS,JPMIZ,JPKMA,KRYOS,AUGLE,AUNTL,AUBRI,AUHAY,RUNJK"
OFFFNCRKK,"USSEA,CAPRR,USLSA,CAVCR,USOAK,MXLCS,MXMAN,PECAL,PABAL,ECGYL,USSAV,USNYK,COBUE,CLSAN,CLTAL,UYULA,BRTUB,BRPAR,BRRDJ,UYMON,BRIOA,BRSTS,BRIJI,BRITA,BRRGR,GBSOU,FRLEH,BEZEE,SIKOP,ITGOA,DEHAM,MTMAL,ESCAR,BEANT,PLGDA,ESGIJ,NLROT,TRYAR,EGSOK,JOAQA,ROCON,EGALE,SAJUB,SADMA,SAJED,KWMAA,AEJAL,AEABU,OMSOH,AEFUJ,PKQAS,PKKAR,INNSA,INCHN,LKCOL,INKNP,INMUN,INKUP,THLCB,VNHPG,VNCAM,CNHUI,CNPAN,MY3182,CNLSN,HKHKG,CNFAN,CNNBO,CNZOS,CNGUA,CNFUN,CNJIN,CNHUA,CNTAI,CNDCB,CNTJN,MYPKE,MYPAG,CNYSN,CNWGQ,CNCJK,CNJIT,CNYZH,CNNSA,CNDSN,CNYTN,CNJIA,CNLYG,CNYAN,AUESP,CNMEZ,CNDAL,CNYPG,CNZZU,TWKAO,CNZJG,AUFRE,CNDJK,CNBYQ,MYPEN,CNSDG,CNMWN,CNCGM,CNXIA,CNRIZ,CNSHE,SGSGP,TWTAP,CNZHA,CNQUA,CNZHE,CNDDG,CNQIZ,CNQHD,CNBAO,CNQIN,CNCFD,CNGLA,CNWEI,JPKAW,KRPOH,KRGWA,KRDAN,JPFUK,JPOIT,JPKIS,JPSKI,KRULS,KRINC,JPNAG,JPCBA,JPYOK,KRBUS,JPMIZ,JPKMA,KRYOS,JPOSK,AUGLE,AUMEL,AUNTL,AUADE,AUBRI"
OARFFKKKK,"USSEA,USBNC,USLSA,CAVCR,USOAK,MXMAN,PECAL,PABAL,USSAV,USCHA,USNYK,COBUE,CLSAN,UYULA,BRTUB,BRPDM,ARBNA,BRPAR,BRRDJ,UYMON,BRSTS,BRITA,BRRGR,GBSOU,FRLEH,BEZEE,FRFOS,SIKOP,ITGOA,DEHAM,ESBAR,MTMAL,ESCAR,BEANT,PLGDA,ESGIJ,NLROT,TRMER,TRYAR,TRALI,EGPSA,UAODS,JOAQA,ROCON,EGALE,EGDAM,SAJUB,SADMA,SAJED,SARTA,QARAS,KWMAA,IQMAB,AEJAL,AEABU,AERUW,OMSOH,AEFUJ,PKKAR,INMUN,THLCB,VNHPG,VNCAM,CNHUI,MY3182,CNLSN,HKHKG,CNFAN,CNNBO,CNZOS,CNGUA,CNFUN,CNJIN,AUCPN,CNHUA,CNTAI,CNTJN,MYPKE,CNYSN,CNWGQ,CNCJK,CNJIT,CNYZH,CNNSA,CNDSN,CNYTN,CNJIA,CNLYG,CNYAN,AUESP,CNMEZ,CNDAL,CNYPG,TWKAO,CNZJG,CNSLH,CNDJK,CNBYQ,CNSDG,CNMWN,CNCGM,AUPHE,CNXIA,CNRIZ,CNSHE,SGSGP,TWTAP,CNZHA,CNZHE,CNDDG,CNQIZ,CNLYW,CNBAO,CNQIN,CNCFD,CNMJS,JPKAW,KRPOH,KRGWA,KRDAN,JPFUK,JPOIT,JPKIS,JPSKI,KRULS,KRINC,JPNAG,JPCBA,JPYOK,KRPYT,KRBUS,JPMIZ,JPKMA,KRYOS,AUGLE,AUAPT,AUNTL,AUBRI,AUHAY"
OFFGNCRKK,"USLGB,BEZEE,DEHAM,BEANT,PLGDA,NLROT,GRPIR,SADMA,AEJAL,AEKHA,VNCMP,HKHKG,CNNBO,CNZOS,CNTJN,MYPKE,CNYSN,CNNSA,CNYTN,CNLYG,CNDAL,TWKAO,CNXIA,SGSGP,CNQIN,KRGWA"
OACOFSFRK,"CAVCR,MXLCS,USLUA,MXMAN,PECAL,ECGYL,USNYK,CLTAL,UYULA,BRVIT,BRRDJ,UYMON,BRSTS,BRRGR,GBBEL,PTLXS,MACAS,GBSOU,GHTEM,IEDUB,CIABI,FRLEH,BEZEE,SIKOP,ITGOA,NLVSG,ESHUE,ITTAR,ESTAR,DZDJE,DEHAM,ITRAV,FRROU,MTMAL,BEANT,PLGDA,ESGIJ,NLROT,DEBRA,ESBIL,TRGEB,LVRIX,TRYAR,ZADUR,FIHEL,GRAGT,TRLMA,TRDER,ZARIB,JOAQA,LTKLJ,FIKOT,ROCON,ZAPLZ,UACHO,EGALE,BHBAH,KEMOM,TZDRS,SADMA,SAJED,SAYAN,KWMAA,AEJAL,AEABU,AERAK,RUSPG,OMSOH,AEFUJ,PKQAS,PKKAR,INKAN,INKNP,INMUN,THLCB,VNNGH,IDJAK,VNHCM,VNHPG,VNCAM,VNQUN,IDSUR,CNHUM,CNCJN,CNHUI,CNCZH,CNSHD,CNLSN,HKHKG,AUGER,CNNTG,CNFAN,CNDAF,CNYJG,CNNBO,CNZOS,CNGUA,CNFUN,CNJIN,CNHKO,CNHPU,CNDYI,CNHUA,CNTAI,CNDCB,CNTJN,MYKUA,MYPKE,MYPAG,IDBAH,CNSTO,CNYSN,CNWGQ,CNCJK,CNJIT,CNYZH,CNNSA,CNDSN,CNTAX,CNLAZ,CNFUZ,CNYTN,CNJIA,TWHLN,CNLYG,CNYAN,CNCHS,CNMEZ,CNDAL,CNYPG,CNRUG,CNZZU,TWKAO,CNZJG,AUFRE,CNBAS,CNDJK,CNBYQ,CNLKU,CNSDG,CNPLI,CNCGM,CNXIA,CNBHI,TWMAI,CNRIZ,CNSHE,SGSGP,TWTCH,CNJIJ,CNZHA,CNZPU,CNQUA,CNZHE,CNDDG,CNWEN,CNCHZ,CNQIZ,CNQHD,CNBAO,CNQIN,CNLVS,CNCFD,CNNJG,CNGLA,CNDNG,CNWEI,IDSAM,CNNDE,JPKAW,KRPOH,KRKUN,KRGWA,JPHIB,KRDAN,JPFUK,JPOIT,JPKIS,JPSKI,KRULS,KRINC,JPNAG,JPYOK,KRPYT,KRBUS,JPMIZ,JPKMA,JPOSK,AUGLE,AUMEL,AUNTL,AUPKE,AUADE,AUBRI,AUBNE,NZAKL,NZTAU,NZLYT,NZNAP"
OFFSANOKK,"USLUA,PECAL,ECGYL,USNYK,PEMAT,ECPBO,UYULA,CLMEJ,BRRDJ,UYMON,BRRGR,GBBEL,PTLXS,GHTEM,GNCON,IEDUB,FRLEH,BEZEE,SIKOP,ESHUE,ITTAR,ESTAR,DZDJE,DEHAM,ITRAV,FRROU,MTMAL,BEANT,PLGDA,ESGIJ,NLROT,ESBIL,TRGEB,TRYAR,ZADUR,GRAGT,LTKLJ,FIKOT,EGALE,KEMOM,TZDRS,AEJAL,OMSOH,PKQAS,PKKAR,INKAN,THLCB,IDCXP,IDJAK,VNHCM,VNHPG,VNQUN,THRAY,CNHUM,CNCJN,CNHUI,CNCZH,CNLSN,HKHKG,AUGER,CNNTG,CNFAN,CNDAF,CNYJG,CNNBO,CNZOS,CNGUA,CNFUN,CNJIN,CNHKO,CNHPU,CNDYI,CNTAI,CNTJN,MYPKE,MYPAG,CNSTO,CNYSN,CNWGQ,CNCJK,CNJIT,CNYZH,CNSHA,CNDSN,CNTAX,CNFUZ,CNJIA,TWHLN,CNLYG,CNYAN,CNWEF,CNCHS,CNMEZ,CNDAL,CNYPG,CNRUG,CNZZU,TWKAO,CNZJG,AUFRE,CNBAS,CNDJK,CNBYQ,CNYIZ,CNSHS,CNSDG,AUBUN,CNPLI,CNCGM,CNXIA,CNBHI,PHBAT,TWMAI,CNRIZ,SGSGP,TWTCH,CNJIJ,CNZHA,CNZPU,CNQUA,CNZHE,CNWEN,CNCHZ,CNQIZ,CNQHD,CNBAO,CNQIN,CNCFD,CNNJG,CNGLA,CNDNG,CNWEI,CNNDE,KRPOH,KRGWA,KRDAN,JPFUK,JPOIT,JPKIS,JPSKI,JPTOK,KRULS,KRINC,JPNAG,JPYOK,KRPYT,KRBUS,JPMIZ,JPMOJ,JPOSK,AUGLE,AUMEL,AUNTL,AUPKE,AUADE,AUGEE,NZAKL,NZTAU"
OAOKAFKKK,"USNYK,UYULA,FRLEH,DEHAM,MTMAL,BEANT,ESGIJ,NLROT,TRYAR,GRAGT,EGALE,VNHPG,CNHUI,CNFAN,CNNBO,CNZOS,CNGUA,CNFUN,CNJIN,CNTAI,CNTJN,CNSTO,CNYSN,CNWGQ,CNCJK,CNJIT,CNDSN,CNJIA,CNLYG,CNYAN,CNMEZ,CNDAL,CNYPG,CNRUG,CNZZU,TWKAO,CNZJG,CNDJK,CNBYQ,CNSDG,CNPLI,CNXIA,SGSGP,CNZHA,CNZHE,CNWEN,CNQIZ,CNQIN,CNGLA,KRGWA,KRDAN,KRULS,JPNAG"
OFFYGRSKK,"USLGB,GBFEL,BEZEE,DEHAM,BEANT,PLGDA,NLROT,GRPIR,SADMA,AEJAL,AEKHA,VNCMP,HKHKG,CNNBO,CNTJN,MYPKE,CNYSN,CNNSA,CNYTN,CNDAL,TWKAO,CNXIA,SGSGP,CNQIN,KRGWA"
OFFAKSCKK,"USSEA,USLSA,CAVCR,USOAK,MXLCS,MXMAN,PECAL,PABAL,USSAV,USCHA,USNYK,COBUE,CLSAN,CLTAL,UYULA,BRTUB,BRPDM,ARBNA,BRPAR,BRRDJ,UYMON,BRSTS,BRITA,BRRGR,GBSOU,FRLEH,BEZEE,FRFOS,SIKOP,ITGOA,DEHAM,ESBAR,MTMAL,ESCAR,BEANT,PLGDA,ESGIJ,NLROT,TRMER,TRYAR,TRALI,EGPSA,UAODS,JOAQA,ROCON,EGALE,EGDAM,SAJUB,SADMA,SAJED,SARTA,QARAS,KWMAA,IQMAB,AEJAL,AEABU,AERUW,OMSOH,AEFUJ,PKQAS,PKKAR,INMUN,THLCB,THKSI,VNHPG,VNCAM,CNHUI,CNPAN,MY3182,CNLSN,HKHKG,CNFAN,CNNBO,CNZOS,CNGUA,CNFUN,CNJIN,CNHUA,CNTAI,CNTJN,MYPKE,MYPAG,CNYSN,CNWGQ,CNCJK,CNJIT,CNYZH,CNNSA,CNDSN,CNYTN,CNJIA,CNLYG,CNYAN,AUESP,CNMEZ,CNDAL,CNYPG,TWKAO,CNZJG,CNSLH,CNDJK,CNBYQ,CNLKU,CN9878,CNSDG,CNMWN,CNCGM,CNXIA,CN2039,CNRIZ,CNSHE,SGSGP,MY2243,TWTAP,CNZHA,CNZHE,CNDDG,CNQIZ,CNLYW,CNQHD,CNBAO,CNQIN,CNCFD,CNGLA,CNWEI,CNMJS,JPKAW,KRPOH,KRGWA,KRDAN,JPFUK,JPOIT,JPKIS,JPSKI,KRULS,KRINC,JPNAG,JPCBA,JPYOK,KRPYT,KRBUS,JPMIZ,JPKMA,KRYOS,AUGLE,AUNTL,AUBRI,AUHAY,RUNJK"
OACRNRKKK,"USLSA,CAVCR,USOAK,GTPQL,MXLCS,MXMAN,PECAL,PABAL,ECGYL,USNPN,USSAV,USNYK,COBUE,CLTAL,UYULA,BRPEC,BRTUB,BRPDM,BRPAR,BRRDJ,UYMON,BRSTS,BRITA,BRRGR,GBSOU,FRLEH,BEZEE,NLAMS,SIKOP,ITGOA,DEHAM,ESBAR,MTMAL,ESCAR,BEANT,PLGDA,ESGIJ,NLROT,TRMER,ZACPT,TRYAR,GRELE,GRAGT,TRALI,ZARIB,EGPSA,JOAQA,ROCON,EGALE,EGDAM,SAJUB,BHBAH,KEMOM,SADMA,QAUMS,SAJED,SAYAN,KWMAA,AEJAL,AEABU,AERUW,OMSOH,AEFUJ,RUULG,PKQAS,PKKAR,INCHN,INKNP,INMUN,INVIS,THLCB,THKSI,VNHPG,VNCAM,VNSOD,CNHUI,CNPAN,CNTAZ,MY3182,CNLSN,HKHKG,AUGER,CNNTG,CNFAN,CNNBO,CNPYU,CNZOS,CNGUA,CNFUN,CNJIN,CNHUA,CNTAI,CNDCB,CN9862,CNTJN,MYPKE,MYPAG,IDBAH,CNSTO,CNYSN,CNWGQ,CNCJK,CNJIT,CN9873,CNYZH,CNNSA,CNDSN,CNLAZ,CNYTN,CNJIA,CN1087,CNLYG,CNYAN,AUESP,CNCHS,CNMEZ,CNDAL,CNYPG,CNRUG,CNZZU,CNSWE,TWKAO,CNZJG,CNSLH,AUFRE,CNDJK,CNBYQ,CNLKU,MYTBS,CNSDG,MYTPP,CNMWN,CNCGM,CNXIA,CNBHI,TWMAI,CNRIZ,CNSHE,SGSGP,MY2243,CNJIJ,TWTAP,CNZHA,CNQUA,CNZHE,CNDDG,CNWEN,CNCHZ,CNQIZ,CNLYW,CNQHD,CNBAO,CNQIN,CNCFD,CNNJG,CNGLA,MYPGG,CNWEI,IDSAM,CNMJS,JPKAW,KRPOH,KRGWA,KRDAN,JPFUK,JPOIT,JPKIS,JPSKI,KRULS,KRINC,JPNAG,JPCBA,JPYOK,KRPYT,KRBUS,JPMIZ,JPKMA,KRYOS,JPOSK,AUGLE,AUMEL,AUNTL,AUADE,AUBRI,AUHAY,RUNJK"
OFFSNKOKK,"USLSA,CAVCR,USOAK,GTPQL,MXLCS,MXMAN,PECAL,PABAL,ECGYL,USNPN,USSAV,USCHA,USNYK,COBUE,CLTAL,UYULA,BRPEC,BRTUB,BRPDM,BRPAR,BRRDJ,UYMON,BRSTS,BRITA,BRRGR,GBSOU,FRLEH,BEZEE,NLAMS,SIKOP,ITGOA,DEHAM,ESBAR,MTMAL,ESCAR,BEANT,PLGDA,ESGIJ,NLROT,TRMER,ZACPT,TRYAR,GRELE,GRAGT,TRALI,ZARIB,EGPSA,JOAQA,ROCON,EGALE,EGDAM,SAJUB,BHBAH,KEMOM,SADMA,QAUMS,SAJED,SAYAN,KWMAA,AEJAL,AEABU,AERUW,OMSOH,AEFUJ,RUULG,PKQAS,PKKAR,INCHN,INKNP,INMUN,INVIS,THLCB,THKSI,VNHPG,VNCAM,VNSOD,CNHUI,CNPAN,CNTAZ,MY3182,CNLSN,HKHKG,AUGER,CNNTG,CNFAN,CNNBO,CNPYU,CNZOS,CNGUA,CNFUN,CNJIN,CNHUA,CNTAI,CNDCB,CN9862,CNTJN,MYPKE,MYPAG,IDBAH,CNSTO,CNYSN,CNWGQ,CNCJK,CNJIT,CN9873,CNYZH,CNNSA,CNDSN,CNLAZ,CNYTN,CNJIA,CN1087,CNLYG,CNYAN,AUESP,CNCHS,CNMEZ,CNDAL,CNYPG,CNRUG,CNZZU,TWKAO,CNZJG,CNSLH,AUFRE,CNDJK,CNBYQ,CNLKU,MYTBS,CNSDG,MYTPP,CNMWN,CNCGM,CNXIA,CNBHI,TWMAI,CNRIZ,CNSHE,SGSGP,MY2243,CNJIJ,TWTAP,CNZHA,CNQUA,CNZHE,CNDDG,CNWEN,CNQIZ,CNLYW,CNQHD,CNBAO,CNQIN,CNCFD,CNNJG,CNGLA,MYPGG,CNWEI,IDSAM,JPKAW,KRPOH,KRGWA,KRDAN,JPFUK,JPOIT,JPKIS,JPSKI,KRULS,KRINC,JPNAG,JPCBA,JPYOK,KRPYT,KRBUS,JPMIZ,JPKMA,KRYOS,JPOSK,AUGLE,AUMEL,AUNTL,AUADE,AUBRI,AUHAY,RUNJK"
OACAAYKKK,"MXLCS,USLUA,MXMAN,USNYK,UYULA,GBBEL,PTLXS,IEDUB,FRLEH,ESHUE,ITTAR,ESTAR,DZDJE,DEHAM,FRROU,MTMAL,BEANT,ESGIJ,NLROT,TRGEB,TRYAR,GRAGT,LTKLJ,EGALE,BDCTG,INKAK,THLCB,IDCXP,IDJAK,VNHCM,VNHPG,VNQUN,THRAY,CNHUM,CNCJN,CNHUI,CNCZH,CNSHD,CNLSN,CNNTG,CNFAN,CNYJG,CNNBO,CNZOS,CNGUA,CNFUN,CNJIN,CNHKO,CNHPU,CNDYI,CNTAI,CNDCB,CNTJN,MYKUA,MYPKE,MYPAG,CNSTO,CNYSN,CNWGQ,CNCJK,CNJIT,CNSHA,CNDSN,CNTAX,CNFUZ,CNJIA,TWHLN,CNLYG,CNYAN,CNWEF,CNCHS,CNMEZ,CNDAL,CNYPG,CNRUG,CNZZU,TWKAO,CNZJG,AUFRE,CNBAS,CNDJK,CNBYQ,CNYIZ,CNSHS,CNSDG,CNCGM,CNXIA,CNBHI,PHBAT,TWMAI,CNRIZ,SGSGP,TWTCH,CNJIJ,CNZHA,CNZPU,CNQUA,CNZHE,CNWEN,CNCHZ,CNQIZ,CNQHD,CNBAO,CNQIN,CNNJG,CNGLA,CNDNG,CNWEI,CNNDE,KRPOH,KRGWA,KRDAN,JPFUK,JPKIS,JPSKI,JPTOK,KRULS,JPNAG,JPYOK,KRPYT,JPMIZ,JPOSK,AUADE,AUGEE"
OARYRSKKK,"USLSA,CAVCR,USOAK,GTPQL,MXLCS,MXMAN,PECAL,PABAL,ECGYL,USNPN,USSAV,USNYK,COBUE,CLTAL,UYULA,BRPEC,BRTUB,BRPDM,BRPAR,BRRDJ,UYMON,BRSTS,BRITA,BRRGR,GBSOU,FRLEH,BEZEE,NLAMS,SIKOP,ITGOA,DEHAM,ESBAR,MTMAL,ESCAR,BEANT,PLGDA,ESGIJ,NLROT,TRMER,ZACPT,TRYAR,GRELE,GRAGT,TRALI,ZARIB,EGPSA,JOAQA,ROCON,EGALE,EGDAM,SAJUB,BHBAH,KEMOM,SADMA,QAUMS,SAJED,SAYAN,KWMAA,AEJAL,AEABU,AERUW,OMSOH,AEFUJ,RUULG,PKQAS,PKKAR,INCHN,INKNP,INMUN,INVIS,THLCB,THKSI,VNHPG,VNCAM,VNSOD,CNHUI,CNPAN,CNTAZ,MY3182,CNLSN,HKHKG,AUGER,CNNTG,CNFAN,CNNBO,CNPYU,CNZOS,CNGUA,CNFUN,CNJIN,CNHUA,CNTAI,CNDCB,CN9862,CNTJN,MYPKE,MYPAG,IDBAH,CNSTO,CNYSN,CNWGQ,CNCJK,CNJIT,CN9873,CNYZH,CNNSA,CNDSN,CNLAZ,CNYTN,CNJIA,CN1087,CNLYG,CNYAN,AUESP,CNCHS,CNMEZ,CNDAL,CNYPG,CNRUG,CNZZU,TWKAO,CNZJG,CNSLH,AUFRE,CNDJK,CNBYQ,CNLKU,MYTBS,CNSDG,MYTPP,CNMWN,CNCGM,CNXIA,CNBHI,TWMAI,CNRIZ,CNSHE,SGSGP,MY2243,CNJIJ,TWTAP,CNZHA,CNQUA,CNZHE,CNDDG,CNWEN,CNCHZ,CNQIZ,CNLYW,CNQHD,CNBAO,CNQIN,CNCFD,CNNJG,CNGLA,MYPGG,CNWEI,IDSAM,CNMJS,JPKAW,KRPOH,KRGWA,KRDAN,JPFUK,JPOIT,JPKIS,JPSKI,KRULS,KRINC,JPNAG,JPCBA,JPYOK,KRPYT,KRBUS,JPMIZ,JPKMA,KRYOS,JPOSK,AUGLE,AUMEL,AUNTL,AUADE,AUBRI,AUHAY,RUNJK"
OFFSNKRKK,"CAVCR,GTSTC,USBEA,USBTR,MXVER,USLUA,MXMAN,PECAL,ECGYL,USJAC,USNYK,COBUE,UYULA,DORHA,BRREC,BRATU,BRSAF,ARROS,BRVIT,BRMAC,BRRDJ,UYMON,BRSTS,BRRGR,GBBEL,PTLXS,MACAS,GHTEM,GNCON,IEDUB,MASAF,FRLEH,BEZEE,SIKOP,ITGOA,NLVSG,ESHUE,ITTAR,ESTAR,DZDJE,DEHAM,ITRAV,FRROU,MTMAL,BEANT,PLGDA,ITVEN,ESGIJ,NLROT,ESBIL,ITGAE,TRGEB,UAYUZ,LVRIX,TRYAR,GRTHE,TRHER,ZADUR,GRAGT,TRLMA,TRDER,ZARIB,JOAQA,LTKLJ,FIKOT,ROCON,ZAPLZ,UACHO,EGALE,BHBAH,KEMOM,TZDRS,SADMA,SAJED,SAYAN,KWMAA,AEJAL,AEABU,AERAK,RUNVS,RUSPG,OMSOH,AEFUJ,PKQAS,PKKAR,INKAN,INKNP,INMUN,THLCB,VNNGH,IDJAK,VNHCM,VNHPG,VNCAM,VNQUN,IDSUR,CNHUM,CNCJN,CNHUI,CNCZH,CNLSN,HKHKG,AUGER,CNNTG,CNFAN,CNDAF,CNYJG,CNNBO,CNZOS,CNGUA,CNFUN,CNJIN,CNHKO,CNHPU,CNDYI,CNHUA,CNTAI,CNTJN,MYPKE,MYPAG,IDBAH,CNSTO,CNYSN,CNWGQ,CNCJK,CNJIT,CNYZH,CNSHA,CNNSA,CNDSN,CNTAX,CNLAZ,CNFUZ,CNJIA,TWHLN,CNLYG,CNYAN,CNCHS,CNMEZ,CNDAL,CNYPG,CNRUG,CNZZU,TWKAO,CNZJG,AUFRE,CNBAS,CNDJK,CNBYQ,CNLKU,CNYIZ,CNSDG,CNPLI,CNCGM,CNXIA,CNBHI,PHBAT,TWMAI,CNRIZ,SGSGP,TWTCH,CNJIJ,TWTAP,CNZHA,CNZPU,CNQUA,CNZHE,CNDDG,CNWEN,CNCHZ,CNQIZ,CNQHD,CNBAO,CNQIN,CNLVS,CNCFD,CNNJG,CNGLA,CNDNG,CNWEI,IDSAM,CNNDE,KRPOH,KRKUN,KRGWA,JPHIB,KRDAN,JPFUK,JPOIT,JPKIS,JPHHR,JPSKI,JPTOK,KRULS,KRINC,JPNAG,JPYOK,KRPYT,KRBUS,JPMIZ,JPMOJ,JPKMA,JPOSK,AUGLE,AUMEL,AUNTL,AUPKE,AUADE,AUBRI,AUBNE,AUGEE,RUVYP,NZAKL,NZTAU,NZNAP"
OACACAKKK,"MXLCS,USLUA,MXMAN,USNYK,UYULA,GBBEL,PTLXS,GNCON,IEDUB,CIABI,FRLEH,ESHUE,ITTAR,ESTAR,DZDJE,DEHAM,FRROU,MTMAL,BEANT,ESGIJ,NLROT,TRGEB,TRYAR,GRAGT,LTKLJ,EGALE,BDCTG,INKAK,THLCB,IDCXP,IDJAK,VNHCM,VNHPG,VNQUN,THRAY,CNHUM,CNCJN,CNHUI,CNCZH,CNSHD,CNLSN,CNNTG,CNFAN,CNYJG,CNNBO,CNZOS,CNGUA,CNFUN,CNJIN,CNHKO,CNHPU,CNDYI,CNTAI,CNDCB,CNTJN,MYKUA,MYPKE,MYPAG,CNSTO,CNYSN,CNWGQ,CNCJK,CNJIT,CNSHA,CNDSN,CNTAX,CNFUZ,CNJIA,TWHLN,CNLYG,CNYAN,CNWEF,CNCHS,CNMEZ,CNDAL,CNYPG,CNRUG,CNZZU,TWKAO,CNZJG,AUFRE,CNBAS,CNDJK,CNBYQ,CNYIZ,CNSHS,CNSDG,CNCGM,CNXIA,CNBHI,PHBAT,TWMAI,CNRIZ,SGSGP,TWTCH,CNJIJ,CNZHA,CNZPU,CNQUA,CNZHE,CNWEN,CNCHZ,CNQIZ,CNQHD,CNBAO,CNQIN,CNNJG,CNGLA,CNDNG,CNWEI,CNNDE,KRPOH,KRGWA,KRDAN,JPFUK,JPKIS,JPSKI,JPTOK,KRULS,JPNAG,JPYOK,KRPYT,JPMIZ,JPOSK,AUADE,AUGEE"
OARNCRASK,"CNHUI,CNCZH,CNFAN,CNYJG,CNGUA,CNHKO,CNSTO,CNYPG,CNSDG,CNBHI,CNZHA,CNDNG"
OACOFRKKK,"USLSA,CAVCR,USOAK,GTPQL,MXLCS,MXMAN,PECAL,PABAL,ECGYL,USNPN,USSAV,USCHA,USNYK,COBUE,CLTAL,UYULA,BRPEC,BRTUB,BRPDM,BRPAR,BRRDJ,UYMON,BRSTS,BRITA,BRRGR,GBSOU,FRLEH,BEZEE,NLAMS,SIKOP,ITGOA,DEHAM,ESBAR,MTMAL,ESCAR,BEANT,PLGDA,ESGIJ,NLROT,TRMER,ZACPT,TRYAR,GRELE,GRAGT,TRALI,ZARIB,EGPSA,UAODS,JOAQA,ROCON,EGALE,EGDAM,SAJUB,BHBAH,KEMOM,SADMA,QAUMS,SAJED,SAYAN,KWMAA,AEJAL,AEABU,AERUW,OMSOH,AEFUJ,RUULG,PKQAS,PKKAR,INCHN,INKNP,INMUN,INVIS,THLCB,THKSI,VNHPG,VNCAM,VNSOD,CN9014,CNHUI,CNPAN,CNTAZ,MY3182,CNLSN,HKHKG,AUGER,CNFAN,CNNBO,CNPYU,CNZOS,CNGUA,CNFUN,CNJIN,CNHUA,CNTAI,CNDCB,CN9862,CNTJN,MYPKE,MYPAG,IDBAH,CNSTO,CNYSN,CNWGQ,CNCJK,CNJIT,CN9873,CNYZH,CNNSA,CNDSN,CNLAZ,CNYTN,CNJIA,CN1087,CNLYG,CNYAN,CN2032,AUESP,CNMEZ,CNDAL,CNYPG,CNRUG,CNZZU,CNSWE,TWKAO,CNZJG,CNSLH,AUFRE,CNDJK,CNBYQ,CNLKU,MYTBS,CNSDG,MYTPP,CNMWN,CNCGM,CNXIA,CN2039,CNBHI,TWMAI,CNRIZ,CNSHE,SGSGP,MY2243,TWTAP,CNZHA,CNQUA,CNZHE,CNDDG,CNWEN,CNQIZ,CNLYW,CNBAO,CNQIN,CNCFD,CNGLA,MYPGG,CNWEI,IDSAM,CNMJS,JPKAW,KRPOH,KRGWA,KRDAN,JPFUK,JPOIT,JPKIS,JPSKI,KRULS,KRINC,JPNAG,JPCBA,JPYOK,KRPYT,KRBUS,JPMIZ,JPKMA,KRYOS,JPOSK,AUGLE,AUMEL,AUNTL,AUADE,AUBRI,AUHAY,RUNJK"
OARRKCKKK,"USSEA,USLSA,CAVCR,USOAK,MXLCS,MXMAN,PECAL,PABAL,USNPN,USSAV,USCHA,CAPCA,USNYK,COBUE,CLSAN,CLTAL,UYULA,BRPEC,BRTUB,BRPDM,ARBNA,BRPAR,BRRDJ,UYMON,BRSTS,BRITA,BRRGR,GBSOU,FRLEH,BEZEE,FRFOS,NLAMS,SIKOP,ITGOA,FRDKK,DEHAM,ESBAR,MTMAL,ESCAR,BEANT,PLGDA,ESGIJ,NLROT,TRMER,ZACPT,TRYAR,GRELE,GRAGT,TRALI,ZARIB,EGPSA,UAODS,JOAQA,ROCON,EGALE,EGDAM,SAJUB,BHBAH,KEMOM,SADMA,QAUMS,SAJED,SAYAN,KWMAA,AEJAL,AEABU,AERUW,OMSOH,AEFUJ,RUULG,PKKAR,INMUN,THLCB,THKSI,VNHPG,VNCAM,VNSOD,CNHUI,CNPAN,MY3182,CNLSN,HKHKG,AUGER,CNFAN,CNNBO,CNZOS,CNGUA,CNFUN,CNJIN,CNHUA,CNTAI,CNTJN,MYPKE,MYPAG,IDBAH,CNSTO,CNYSN,CNWGQ,CNCJK,CNJIT,CNYZH,CNNSA,CNDSN,CNLAZ,CNYTN,CNJIA,CNLYG,CNYAN,AUESP,CNMEZ,IDTBR,CNDAL,CNYPG,CNRUG,CNZZU,CNSWE,TWKAO,CNZJG,CNSLH,CNDJK,CNBYQ,CNLKU,MYTBS,CNSDG,CNMWN,CNCGM,CNXIA,CN2039,TWMAI,CNRIZ,CNSHE,SGSGP,MY2243,TWTAP,CNZHA,CNZHE,CNDDG,CNWEN,CNQIZ,CNLYW,CNBAO,CNQIN,CNCFD,CNGLA,MYPGG,IDSAM,CNMJS,JPKAW,KRPOH,KRGWA,KRDAN,JPFUK,JPOIT,JPKIS,JPSKI,KRULS,KRINC,JPNAG,JPCBA,JPYOK,KRPYT,KRBUS,JPMIZ,JPKMA,KRYOS,AUGLE,AUNTL,AUBRI,AUHAY,RUNJK"
OAROYNFGK,"USLUA,USNYK,UYULA,CLMEJ,GBBEL,PTLXS,IEDUB,FRLEH,ESHUE,ITTAR,ESTAR,DZDJE,DEHAM,FRROU,MTMAL,BEANT,ESGIJ,NLROT,TRGEB,TRYAR,GRAGT,LTKLJ,EGALE,THLCB,IDCXP,IDJAK,VNHCM,VNHPG,VNQUN,THRAY,CNHUM,CNCJN,CNHUI,CNCZH,CNNTG,CNFAN,CNYJG,CNNBO,CNZOS,CNGUA,CNFUN,CNJIN,CNHKO,CNHPU,CNDYI,CNTAI,CNTJN,MYPKE,MYPAG,CNSTO,CNYSN,CNWGQ,CNCJK,CNSHA,CNDSN,CNTAX,CNFUZ,CNJIA,TWHLN,CNLYG,CNYAN,CNWEF,CNCHS,CNMEZ,CNDAL,CNYPG,CNRUG,CNZZU,TWKAO,CNZJG,AUFRE,CNBAS,CNDJK,CNBYQ,CNYIZ,CNSHS,CNSDG,CNCGM,CNXIA,CNBHI,PHBAT,TWMAI,CNRIZ,SGSGP,TWTCH,CNJIJ,CNZHA,CNZPU,CNQUA,CNZHE,CNWEN,CNCHZ,CNQIZ,CNBAO,CNQIN,CNNJG,CNGLA,CNDNG,CNWEI,CNNDE,KRPOH,JPKOB,KRGWA,KRDAN,JPFUK,JPKIS,JPSKI,JPTOK,KRULS,JPNAG,JPYOK,KRPYT,JPMIZ,JPOSK,AUADE,AUGEE"
OARAOGKKK,"USSEA,CAPRR,USLSA,CAVCR,USOAK,MXESE,MXLCS,MXMAN,PECAL,PABAL,ECGYL,USSAV,USNYK,COBUE,CLSAN,CLTAL,UYULA,CLLIR,BRTUB,BRPAR,BRRDJ,UYMON,BRIOA,BRSTS,BRIJI,BRITA,BRRGR,GBSOU,FRLEH,BEZEE,SIKOP,ITGOA,DEHAM,MTMAL,ESCAR,BEANT,PLGDA,ESGIJ,NLROT,TRYAR,EGSOK,JOAQA,ROCON,EGALE,SAJUB,SADMA,SAJED,KWMAA,AEJAL,AEABU,OMSOH,AEKHA,AEFUJ,PKQAS,PKKAR,INNSA,INCHN,LKCOL,INKNP,INMUN,INKUP,THLCB,VNHPG,VNCAM,CNHUI,MY3182,CNLSN,HKHKG,CNFAN,CNNBO,CNZOS,CNGUA,CNFUN,CNJIN,CNHUA,CNTAI,CNDCB,CNTJN,MYPKE,CNYSN,CNWGQ,CNCJK,CNJIT,CNYZH,CNNSA,CNDSN,CNYTN,CNJIA,CNLYG,CNYAN,AUESP,CNMEZ,CNDAL,CNYPG,TWKAO,CNZJG,AUFRE,CNDJK,CNBYQ,MYPEN,CNSDG,CNMWN,CNCGM,CNXIA,CNRIZ,CNSHE,SGSGP,TWTAP,CNZHA,CNQUA,CNZHE,CNDDG,CNQIZ,CNQHD,CNBAO,CNQIN,CNCFD,CNGLA,CNWEI,JPKAW,KRPOH,KRGWA,KRDAN,JPFUK,JPOIT,JPKIS,JPSKI,KRULS,KRINC,JPNAG,JPCBA,JPYOK,KRBUS,JPMIZ,JPKMA,KRYOS,JPOSK,AUGLE,AUMEL,AUNTL,AUADE,AUBRI"
OACNRRKKK,"USSEA,USLSA,CAVCR,PABAL,USNFK,USSAV,USCHA,USNYK,BRTUB,BRPDM,BRITA,GBSOU,FRLEH,BEZEE,FRFOS,ITGOA,DEHAM,MTMAL,ESCAR,BEANT,PLGDA,ESGIJ,NLROT,JOAQA,EGALE,SADMA,SAJED,QARAS,KWMAA,AEJAL,AEABU,AERUW,OMSOH,AEFUJ,PKKAR,INMUN,VNCAM,CNHUI,MY3182,CNLSN,HKHKG,CNFAN,CNNBO,CNZOS,CNGUA,CNFUN,CNJIN,AUCPN,CNHUA,CNTAI,CNTJN,MYPKE,CNYSN,CNWGQ,CNCJK,CNJIT,CNYZH,CNNSA,CNDSN,CNYTN,CNJIA,CNLYG,CNYAN,AUESP,CNMEZ,CNDAL,CNYPG,TWKAO,CNZJG,CNSLH,CNDJK,CNBYQ,CNSDG,CNCGM,AUPHE,CNXIA,CNRIZ,CNSHE,SGSGP,TWTAP,CNZHA,CNZHE,CNDDG,CNQIZ,CNLYW,CNBAO,CNQIN,CNCFD,CNGLA,CNMJS,JPKAW,KRPOH,KRGWA,KRDAN,JPFUK,JPOIT,JPKIS,JPSKI,KRULS,KRINC,JPNAG,JPCBA,KRPYT,KRBUS,JPMIZ,JPKMA,KRYOS,AUGLE,AUAPT,AUNTL,AUBRI,AUHAY"
OFFANOFKK,"CNNBO,CNTJN,CNDAL,SGSGP,CNQIN,KRGWA"
OFFAOSSKK,"CNNBO,CNTJN,CNDAL,SGSGP,CNQIN,KRGWA"
OAOCARKKK,"BRPDM,SAJUT,QAASN,SARTA,KWMAA,IQMAB,AERUW,OMMAF,AEZUR,AEFUJ,MMMIO,CNHUI,CNLSN,CNNBO,CNZOS,CNTJN,CNMEZ,CNDAL,CNYPG,TWKAO,CNSLH,CNDJK,CNSDG,SGSGP,CNZHA,CNQIZ,CNQIN,CNCFD,KRGWA,JPKII,JPSKI,JPCBA"
NGRKOGGKK,"BRPDM,XZKMN,SAJUT,QAASN,SARTA,KWMAA,IQMAB,AERUW,OMMAF,AEZUR,AEFUJ,MMMIO,CNHUI,CNLSN,CNNBO,CNZOS,CNJIN,CNTJN,CNYAN,CNMEZ,CNDAL,CNYPG,TWKAO,CNSLH,CNDJK,CNSDG,SGSGP,CNZHA,CNQIZ,CNQIN,CNCFD,KRGWA,JPKII,JPSKI,JPCBA"
OARCRRNGK,"CNHKO,CNZHH,CNSYA,CNBHI,CNZHA,CNHAA,CNDNG"
OARYSRKKK,"USSEA,USLSA,CAVCR,PABAL,USNFK,USSAV,USCHA,USNYK,BRTUB,BRPDM,BRITA,GBSOU,FRLEH,BEZEE,FRFOS,ITGOA,DEHAM,MTMAL,ESCAR,BEANT,PLGDA,ESGIJ,NLROT,JOAQA,EGALE,SADMA,SAJED,QARAS,KWMAA,AEJAL,AEABU,AERUW,OMSOH,AEFUJ,PKKAR,INMUN,VNCAM,CNHUI,MY3182,CNLSN,HKHKG,CNFAN,CNNBO,CNZOS,CNGUA,CNFUN,CNJIN,AUCPN,CNHUA,CNTAI,CNTJN,MYPKE,CNYSN,CNWGQ,CNCJK,CNJIT,CNYZH,CNNSA,CNDSN,CNYTN,CNJIA,CNLYG,CNYAN,AUESP,CNMEZ,CNDAL,CNYPG,TWKAO,CNZJG,CNSLH,CNDJK,CNBYQ,CNSDG,CNCGM,AUPHE,CNXIA,CNRIZ,CNSHE,SGSGP,TWTAP,CNZHA,CNZHE,CNDDG,CNQIZ,CNLYW,CNBAO,CNQIN,CNCFD,CNGLA,CNMJS,JPKAW,KRPOH,KRGWA,KRDAN,JPFUK,JPOIT,JPKIS,JPSKI,KRULS,KRINC,JPNAG,JPCBA,KRBUS,JPMIZ,JPKMA,KRYOS,AUGLE,AUAPT,AUNTL,AUBRI,AUHAY"
OACKCRKKK,"FRLEH,DEHAM,BEANT,NLROT,TRYAR,CNHUI,CNFAN,CNNBO,CNZOS,CNGUA,CNFUN,CNJIN,CNTAI,CNTJN,CNSTO,CNYSN,CNWGQ,CNCJK,CNDSN,CNJIA,CNLYG,CNYAN,CNMEZ,CNDAL,CNYPG,CNRUG,TWKAO,CNZJG,CNDJK,CNBYQ,CNSDG,CNXIA,TWMAI,SGSGP,CNZHA,CNQUA,CNZHE,CNWEN,CNQIN,CNGLA,CNWEI,KRGWA,KRDAN,KRULS"
OAOFNRKKK,"USLSA,CAVCR,USOAK,MXLCS,MXMAN,PECAL,PABAL,ECGYL,USNPN,USSAV,USNYK,COBUE,CLTAL,UYULA,BRPEC,BRTUB,BRPDM,BRPAR,BRRDJ,UYMON,BRSTS,BRITA,BRRGR,GBSOU,FRLEH,BEZEE,NLAMS,SIKOP,ITGOA,DEHAM,ESBAR,MTMAL,ESCAR,BEANT,PLGDA,ESGIJ,NLROT,TRMER,ZACPT,TRYAR,GRELE,GRAGT,TRALI,ZARIB,EGPSA,JOAQA,ROCON,EGALE,EGDAM,SAJUB,BHBAH,KEMOM,SADMA,QAUMS,SAJED,SAYAN,KWMAA,AEJAL,AEABU,AERUW,OMSOH,AEFUJ,RUULG,PKQAS,PKKAR,INCHN,INKNP,INMUN,INVIS,THLCB,THKSI,VNHPG,VNCAM,VNSOD,CNHUI,CNPAN,CNTAZ,MY3182,CNLSN,HKHKG,AUGER,CNNTG,CNFAN,CNNBO,CNPYU,CNZOS,CNGUA,CNFUN,CNJIN,CNHUA,CNTAI,CNDCB,CN9862,CNTJN,MYPKE,MYPAG,IDBAH,CNSTO,CNYSN,CNWGQ,CNCJK,CNJIT,CN9873,CNYZH,CNNSA,CNDSN,CNLAZ,CNYTN,CNJIA,CN1087,CNLYG,CNYAN,AUESP,CNCHS,CNMEZ,CNDAL,CNYPG,CNRUG,CNZZU,TWKAO,CNZJG,CNSLH,AUFRE,CNDJK,CNBYQ,CNLKU,MYTBS,CNSDG,MYTPP,CNPLI,CNMWN,CNCGM,CNXIA,CNBHI,TWMAI,CNRIZ,CNSHE,SGSGP,MY2243,CNJIJ,TWTAP,CNZHA,CNQUA,CNZHE,CNDDG,CNWEN,CNCHZ,CNQIZ,CNLYW,CNQHD,CNBAO,CNQIN,CNCFD,CNNJG,CNGLA,MYPGG,CNWEI,IDSAM,JPKAW,KRPOH,KRGWA,KRDAN,JPFUK,JPOIT,JPKIS,JPSKI,KRULS,KRINC,JPNAG,JPCBA,JPYOK,KRPYT,KRBUS,JPMIZ,JPKMA,KRYOS,JPOSK,AUGLE,AUMEL,AUNTL,AUADE,AUBRI,AUHAY,RUNJK"
OFFROFNKK,"USLSA,CAVCR,USOAK,GTSTC,USBEA,USBTR,MXTUX,USLUA,MXMAN,PECAL,ECGYL,USNYK,COBAR,COBUE,UYULA,DOSDO,BRVIT,BRRDJ,UYMON,BRSTS,BRRGR,GBBEL,PTLXS,MACAS,GHTEM,GNCON,IEDUB,FRLEH,BEZEE,SIKOP,ITGOA,NLVSG,ESHUE,ITTAR,ESTAR,DZDJE,DEHAM,ITRAV,FRROU,MTMAL,BEANT,PLGDA,ESSAN,ESGIJ,NLROT,ESBIL,TRGEB,LVRIX,TRYAR,ZADUR,GRAGT,TRLMA,TRDER,ZARIB,JOAQA,LTKLJ,FIKOT,ROCON,ZAPLZ,UACHO,EGALE,SAJUB,BHBAH,KEMOM,TZDRS,SADMA,QAUMS,SAJED,SAYAN,KWMAA,AEJAL,AEABU,AERAK,RUSPG,OMSOH,AEFUJ,AESJH,PKQAS,PKKAR,INKAN,INKNP,INMUN,THLCB,IDCXP,VNNGH,IDJAK,VNHCM,VNHPG,VNCAM,VNQUN,THRAY,IDSUR,CNHUM,CNCJN,CNHUI,CNCZH,CNLSN,HKHKG,AUGER,CNNTG,CNFAN,CNDAF,CNYJG,CNNBO,CNZOS,CNGUA,CNFUN,CNJIN,CNHKO,CNHPU,CNDYI,CNHUA,CNTAI,CNTJN,MYPKE,MYPAG,IDBAH,CNSTO,CNYSN,CNWGQ,CNCJK,CNJIT,CNYZH,CNSHA,CNNSA,CNDSN,CNTAX,CNLAZ,CNFUZ,CNJIA,TWHLN,CNLYG,CNYAN,CNWEF,AUESP,CNCHS,CNMEZ,CNDAL,CNYPG,CNRUG,CNZZU,TWKAO,CNZJG,AUFRE,CNBAS,CNDJK,IDMUS,CNBYQ,CNLKU,CNYIZ,CNSDG,AUBUN,CNPLI,CNCGM,CNXIA,CNBHI,PHBAT,TWMAI,CNRIZ,SGSGP,TWTCH,CNJIJ,CNZHA,CNZPU,CNQUA,CNZHE,CNDDG,CNWEN,CNCHZ,CNQIZ,CNQHD,CNBAO,CNQIN,CNLVS,CNCFD,CNNJG,CNGLA,CNDNG,CNWEI,IDSAM,CNNDE,KRPOH,KRKUN,KRGWA,JPHIB,KRDAN,JPFUK,JPOIT,JPKIS,JPHHR,JPSKI,JPTOK,KRULS,KRINC,JPNAG,JPYOK,KRPYT,KRBUS,JPMIZ,JPKMA,JPOSK,AUGLE,AUMEL,AUNTL,AUPKE,AUADE,AUBRI,AUBNE,AUHBT,AUDEV,AUGEE,NZAKL,NZTAU,NZNAP"
OARNCFYAK,"USLUA,GBBEL,PTLXS,IEDUB,FRLEH,ESHUE,ITTAR,ESTAR,DZDJE,DEHAM,FRROU,BEANT,ESGIJ,NLROT,TRGEB,TRYAR,LTKLJ,EGALE,VNHPG,THRAY,CNHUM,CNCJN,CNHUI,CNCZH,CNNTG,CNFAN,CNYJG,CNNBO,CNZOS,CNGUA,CNFUN,CNJIN,CNHKO,CNHPU,CNDYI,CNTJN,CNSTO,CNWGQ,CNCJK,CNSHA,CNDSN,CNTAX,CNFUZ,CNJIA,CNLYG,CNYAN,CNWEF,CNCHS,CNMEZ,CNDAL,CNYPG,TWKAO,CNBAS,CNDJK,CNYIZ,CNSDG,CNBHI,SGSGP,CNJIJ,CNZHA,CNZPU,CNQUA,CNZHE,CNWEN,CNCHZ,CNQIZ,CNQIN,CNNJG,CNDNG,KRGWA,KRDAN,KRULS,AUADE,AUGEE"
OFFFFGNKK,"USLGB,CAPRR,CAVCR,CANWE,BRPDM,BEZEE,DEHAM,BEANT,PLGDA,NLROT,GRPIR,SADMA,SARTA,KWMAA,IQMAB,AEJAL,AERUW,OMSOH,AEKHA,AEFUJ,VNCMP,CNHUI,MY3182,CNLSN,HKHKG,CNFAN,CNNBO,CNZOS,CNJIN,CNHUA,CNTAI,CNTJN,MYPKE,CNYSN,CNJIT,CNNSA,CNYTN,MY3173,CNJIA,CNLYG,CNYAN,CNMEZ,CNDAL,CNYPG,TWKAO,CNSLH,CNDJK,CNBYQ,CNSDG,AUPHE,CNXIA,CNRIZ,SGSGP,AUPWA,CNZHA,CNDDG,CNQIZ,CNLYW,CNQIN,CNCFD,AUDPR,CNMJS,KRPOH,KRGWA,JPFUK,JPKII,JPOIT,JPKIS,JPSKI,KRULS,KRINC,JPNAG,JPCBA,JPMIZ,JPKMA,KRYOS,AUNTL,AUHAY"
OARAFKKKK,"USSEA,CAPRR,USLSA,CAVCR,USOAK,MXESE,MXLCS,MXMAN,PECAL,PABAL,ECGYL,USSAV,USNYK,COBUE,CLSAN,CLTAL,UYULA,CLLIR,BRTUB,BRPAR,BRRDJ,UYMON,BRIOA,BRSTS,BRIJI,BRITA,BRRGR,GBSOU,FRLEH,BEZEE,SIKOP,ITGOA,DEHAM,MTMAL,ESCAR,BEANT,PLGDA,ESGIJ,NLROT,TRYAR,EGSOK,JOAQA,ROCON,EGALE,SAJUB,SADMA,SAJED,KWMAA,AEJAL,AEABU,OMSOH,AEKHA,AEFUJ,PKQAS,PKKAR,INNSA,INCHN,LKCOL,INKNP,INMUN,INKUP,THLCB,VNHPG,VNCAM,CNHUI,MY3182,CNLSN,HKHKG,CNFAN,CNNBO,CNZOS,CNGUA,CNFUN,CNJIN,CNHUA,CNTAI,CNDCB,CNTJN,MYPKE,CNYSN,CNWGQ,CNCJK,CNJIT,CNYZH,CNNSA,CNDSN,CNYTN,CNJIA,CNLYG,CNYAN,AUESP,CNMEZ,CNDAL,CNYPG,TWKAO,CNZJG,AUFRE,CNDJK,CNBYQ,MYPEN,CNSDG,CNMWN,CNCGM,CNXIA,CNRIZ,CNSHE,SGSGP,TWTAP,CNZHA,CNQUA,CNZHE,CNDDG,CNQIZ,CNQHD,CNBAO,CNQIN,CNCFD,CNGLA,CNWEI,JPKAW,KRPOH,KRGWA,KRDAN,JPFUK,JPOIT,JPKIS,JPSKI,KRULS,KRINC,JPNAG,JPCBA,JPYOK,KRBUS,JPMIZ,JPKMA,KRYOS,JPOSK,AUGLE,AUMEL,AUNTL,AUADE,AUBRI"
OFFFKSSKK,"BRPDM,SARTA,KWMAA,IQMAB,AERUW,OMSOH,AEFUJ,CNHUI,MY3182,CNLSN,CNNBO,CNZOS,CNJIN,CNHUA,CNTAI,CNTJN,CNJIT,MY3173,CNLYG,CNYAN,CNMEZ,CNDAL,CNYPG,TWKAO,CNSLH,CNDJK,CNBYQ,CNSDG,AUPHE,CNRIZ,SGSGP,AUPWA,CNZHA,CNQIZ,CNQIN,CNCFD,CNMJS,KRGWA,JPKII,JPSKI,KRULS,KRINC,JPCBA,KRYOS"
OFFNNCNKK,"USSEA,USLSA,CAVCR,USOAK,MXLCS,MXMAN,PECAL,PABAL,USSAV,USCHA,USNYK,COBUE,CLSAN,CLTAL,UYULA,BRTUB,BRPDM,ARBNA,BRPAR,BRRDJ,UYMON,BRSTS,BRITA,BRRGR,GBSOU,FRLEH,BEZEE,FRFOS,NLAMS,SIKOP,ITGOA,DEHAM,ESBAR,MTMAL,ESCAR,BEANT,PLGDA,ESGIJ,NLROT,TRMER,ZACPT,TRYAR,GRELE,GRAGT,TRALI,EGPSA,UAODS,JOAQA,ROCON,EGALE,EGDAM,SAJUB,BHBAH,KEMOM,SADMA,QAUMS,SAJED,SAYAN,QARAS,KWMAA,AEJAL,AEABU,AERUW,OMSOH,AEFUJ,RUULG,PKKAR,INMUN,THLCB,THKSI,VNHPG,VNCAM,CNHUI,CNPAN,MY3182,CNLSN,HKHKG,CNFAN,CNNBO,CNZOS,CNGUA,MY3177,CNFUN,CNJIN,AUCPN,CNHUA,CNTAI,CNTJN,MYPKE,MYPAG,CNYSN,CNWGQ,CNCJK,CNJIT,CNYZH,CNNSA,CNDSN,CNYTN,CNJIA,CNLYG,CNYAN,CN2032,AUESP,CNMEZ,CNDAL,CNYPG,TWKAO,CNZJG,CNSLH,CNDJK,CNBYQ,CNLKU,MYTBS,CNSDG,CNMWN,CNCGM,AUPHE,CNXIA,CN2039,TWMAI,CNRIZ,CNSHE,SGSGP,MY2243,TWTAP,CNZHA,CNZHE,CNDDG,CNQIZ,CNLYW,CNBAO,CNQIN,CNCFD,CNGLA,MYPGG,CNMJS,JPKAW,KRPOH,KRGWA,KRDAN,JPFUK,JPOIT,JPKIS,JPSKI,KRULS,KRINC,JPNAG,JPCBA,JPYOK,KRPYT,KRBUS,JPMIZ,JPKMA,KRYOS,AUGLE,AUAPT,AUNTL,AUBRI,AUHAY,RUNJK"
OFFOCRSKK,"USLGB,GBFEL,BEZEE,DEHAM,BEANT,PLGDA,NLROT,GRPIR,SADMA,AEJAL,AEKHA,VNCMP,HKHKG,CNNBO,CNTJN,MYPKE,CNYSN,CNNSA,CNYTN,CNDAL,TWKAO,CNXIA,SGSGP,CNQIN,KRGWA"
OARCGCRFK,"USLSA,CAVCR,USOAK,MXLCS,MXMAN,PECAL,ECGYL,USNYK,COBUE,CLTAL,UYULA,BRPEC,BRTUB,BRPAR,BRRDJ,UYMON,BRSTS,BRRGR,GBSOU,FRLEH,BEZEE,NLAMS,SIKOP,ITGOA,DEHAM,MTMAL,ESCAR,BEANT,PLGDA,ESGIJ,NLROT,TRYAR,GRAGT,ZARIB,JOAQA,ROCON,EGALE,SAJUB,BHBAH,KEMOM,SADMA,QAUMS,SAJED,SAYAN,KWMAA,AEJAL,AEABU,OMSOH,AEFUJ,PKQAS,PKKAR,INKNP,INMUN,THLCB,THKSI,VNHPG,VNCAM,CNHUI,CNPAN,CNTAZ,CNLSN,HKHKG,AUGER,CNNTG,CNFAN,CNNBO,CNPYU,CNZOS,CNGUA,CNFUN,CNJIN,CNHUA,CNTAI,CNDCB,CNTJN,MYPKE,MYPAG,IDBAH,CNSTO,CNYSN,CNWGQ,CNCJK,CNJIT,CN9873,CNYZH,CNNSA,CNDSN,CNLAZ,CNYTN,CNJIA,CN1087,CNLYG,CNYAN,AUESP,CNCHS,CNMEZ,CNDAL,CNYPG,CNRUG,CNZZU,TWKAO,CNZJG,AUFRE,CNDJK,CNBYQ,CNLKU,CNSDG,MYTPP,CNPLI,CNCGM,CNXIA,CNBHI,TWMAI,CNRIZ,CNSHE,SGSGP,MY2243,CNJIJ,TWTAP,CNZHA,CNQUA,CNZHE,CNDDG,CNWEN,CNCHZ,CNQIZ,CNQHD,CNBAO,CNQIN,CNCFD,CNNJG,CNGLA,CNWEI,IDSAM,JPKAW,KRPOH,KRGWA,KRDAN,JPFUK,JPOIT,JPKIS,JPSKI,KRULS,KRINC,JPNAG,JPCBA,JPYOK,KRPYT,KRBUS,JPMIZ,JPKMA,JPOSK,AUGLE,AUMEL,AUNTL,AUADE,AUBRI"
OFFKCAYKK,"USSEA,USLSA,CAVCR,USOAK,MXLCS,MXMAN,PECAL,PABAL,USSAV,USCHA,USNYK,COBUE,CLSAN,CLTAL,UYULA,BRTUB,BRPDM,ARBNA,BRPAR,BRRDJ,UYMON,BRSTS,BRITA,BRRGR,GBSOU,FRLEH,BEZEE,FRFOS,NLAMS,SIKOP,ITGOA,DEHAM,ESBAR,MTMAL,ESCAR,BEANT,PLGDA,ESGIJ,NLROT,TRMER,ZACPT,TRYAR,GRELE,GRAGT,TRALI,EGPSA,UAODS,JOAQA,ROCON,EGALE,EGDAM,SAJUB,BHBAH,KEMOM,SADMA,QAUMS,SAJED,SAYAN,QARAS,KWMAA,AEJAL,AEABU,AERUW,OMSOH,AEFUJ,RUULG,PKKAR,INMUN,THLCB,THKSI,VNHPG,VNCAM,CNHUI,CNPAN,MY3182,CNLSN,HKHKG,CNFAN,CNNBO,CNZOS,CNGUA,MY3177,CNFUN,CNJIN,CNHUA,CNTAI,CNTJN,MYPKE,MYPAG,CNYSN,CNWGQ,CNCJK,CNJIT,CNYZH,CNNSA,CNDSN,CNLAZ,CNYTN,CNJIA,CNLYG,CNYAN,AUESP,CNMEZ,CNDAL,CNYPG,TWKAO,CNZJG,CNSLH,CNDJK,CNBYQ,CNLKU,MYTBS,CNSDG,CNMWN,CNCGM,CNXIA,CN2039,TWMAI,CNRIZ,CNSHE,SGSGP,MY2243,TWTAP,CNZHA,CNZHE,CNDDG,CNQIZ,CNLYW,CNBAO,CNQIN,CNCFD,CNGLA,MYPGG,CNMJS,JPKAW,KRPOH,KRGWA,KRDAN,JPFUK,JPOIT,JPKIS,JPSKI,KRULS,KRINC,JPNAG,JPCBA,JPYOK,KRPYT,KRBUS,JPMIZ,JPKMA,KRYOS,AUGLE,AUNTL,AUBRI,AUHAY,RUNJK"
OARCGAYNK,"USLSA,CAVCR,USOAK,MXLCS,MXMAN,PECAL,ECGYL,USNYK,COBUE,CLTAL,UYULA,BRPAR,BRRDJ,UYMON,BRSTS,BRRGR,GBSOU,FRLEH,BEZEE,NLAMS,SIKOP,ITGOA,DEHAM,MTMAL,BEANT,PLGDA,ESGIJ,NLROT,TRYAR,GRAGT,ZARIB,JOAQA,ROCON,EGALE,SAJUB,BHBAH,KEMOM,SADMA,QAUMS,SAJED,SAYAN,KWMAA,AEJAL,AEABU,OMSOH,AEFUJ,PKQAS,PKKAR,INKNP,INMUN,THLCB,THKSI,VNHPG,VNCAM,CNHUI,CNPAN,CNLSN,HKHKG,AUGER,CNNTG,CNFAN,CNNBO,CNPYU,CNZOS,CNGUA,CNFUN,CNJIN,CNHUA,CNTAI,CNDCB,CNTJN,MYPKE,MYPAG,IDBAH,CNSTO,CNYSN,CNWGQ,CNCJK,CNJIT,CN9873,CNYZH,CNNSA,CNDSN,CNLAZ,CNYTN,CNJIA,CN1087,CNLYG,CNYAN,AUESP,CNCHS,CNMEZ,CNDAL,CNYPG,CNRUG,CNZZU,TWKAO,CNZJG,AUFRE,CNDJK,CNBYQ,CNLKU,CNSDG,MYTPP,CNPLI,CNCGM,CNXIA,CNBHI,TWMAI,CNRIZ,CNSHE,SGSGP,MY2243,CNJIJ,TWTAP,CNZHA,CNQUA,CNZHE,CNDDG,CNWEN,CNCHZ,CNQIZ,CNQHD,CNBAO,CNQIN,CNCFD,CNNJG,CNGLA,CNWEI,IDSAM,JPKAW,KRPOH,KRGWA,KRDAN,JPFUK,JPOIT,JPKIS,JPSKI,KRULS,KRINC,JPNAG,JPCBA,JPYOK,KRPYT,KRBUS,JPMIZ,JPKMA,JPOSK,AUGLE,AUMEL,AUNTL,AUADE,AUBRI"
OFFCNCAKK,"BRPDM,XZKMN,SAJUT,QAASN,SARTA,KWMAA,IQMAB,AERUW,OMMAF,AEZUR,AEFUJ,MMMIO,CNHUI,CNLSN,CNNBO,CNZOS,CNJIN,CNTJN,CNYAN,CNMEZ,CNDAL,CNYPG,TWKAO,CNSLH,CNDJK,CNSDG,SGSGP,CNZHA,CNQIZ,CNQIN,CNCFD,KRGWA,JPKII,JPSKI,JPCBA"
RNORNSKKK,"USLUA,GBBEL,PTLXS,IEDUB,FRLEH,ESHUE,ITTAR,ESTAR,DZDJE,DEHAM,FRROU,BEANT,ESGIJ,NLROT,TRGEB,TRYAR,LTKLJ,EGALE,VNHPG,THRAY,CNHUM,CNCJN,CNHUI,CNCZH,CNNTG,CNFAN,CNYJG,CNNBO,CNZOS,CNGUA,CNFUN,CNJIN,CNHKO,CNHPU,CNDYI,CNTAI,CNTJN,CNSTO,CNYSN,CNWGQ,CNCJK,CNSHA,CNDSN,CNTAX,CNFUZ,CNJIA,CNLYG,CNYAN,CNWEF,CNCHS,CNMEZ,CNDAL,CNYPG,CNRUG,CNZZU,TWKAO,CNZJG,AUFRE,CNBAS,CNDJK,CNYIZ,CNSHS,CNSDG,CNBHI,TWMAI,SGSGP,CNJIJ,CNZHA,CNZPU,CNQUA,CNZHE,CNWEN,CNCHZ,CNQIZ,CNQIN,CNNJG,CNGLA,CNDNG,CNWEI,CNNDE,JPKOB,KRGWA,KRDAN,JPTOK,KRULS,JPNAG,JPYOK,JPOSK,AUADE,AUGEE"
OFFGSOAKK,"USLSA,CAVCR,USOAK,GTPQL,MXLCS,MXMAN,PECAL,PABAL,ECGYL,USNPN,USSAV,USCHA,USNYK,COBUE,CLTAL,UYULA,BRPEC,BRTUB,BRPDM,BRPAR,BRRDJ,UYMON,BRSTS,BRITA,BRRGR,GBSOU,FRLEH,BEZEE,NLAMS,SIKOP,ITGOA,DEHAM,ESBAR,MTMAL,ESCAR,BEANT,PLGDA,ESGIJ,NLROT,TRMER,ZACPT,TRYAR,GRELE,GRAGT,TRALI,ZARIB,EGPSA,JOAQA,ROCON,EGALE,EGDAM,SAJUB,BHBAH,KEMOM,SADMA,QAUMS,SAJED,SAYAN,KWMAA,AEJAL,AEABU,AERUW,OMSOH,AEFUJ,RUULG,PKQAS,PKKAR,INCHN,INKNP,INMUN,INVIS,THLCB,THKSI,VNHPG,VNCAM,VNSOD,CNHUI,CNPAN,CNTAZ,MY3182,CNLSN,HKHKG,AUGER,CNNTG,CNFAN,CNNBO,CNPYU,CNZOS,CNGUA,CNFUN,CNJIN,CNHUA,CNTAI,CNDCB,CN9862,CNTJN,MYPKE,MYPAG,IDBAH,CNSTO,CNYSN,CNWGQ,CNCJK,CNJIT,CN9873,CNYZH,CNNSA,CNDSN,CNLAZ,CNYTN,CNJIA,CN1087,CNLYG,CNYAN,AUESP,CNCHS,CNMEZ,CNDAL,CNYPG,CNRUG,CNZZU,TWKAO,CNZJG,CNSLH,AUFRE,CNDJK,CNBYQ,CNLKU,MYTBS,CNSDG,MYTPP,CNMWN,CNCGM,CNXIA,CNBHI,TWMAI,CNRIZ,CNSHE,SGSGP,MY2243,CNJIJ,TWTAP,CNZHA,CNQUA,CNZHE,CNDDG,CNWEN,CNQIZ,CNLYW,CNQHD,CNBAO,CNQIN,CNCFD,CNNJG,CNGLA,MYPGG,CNWEI,IDSAM,JPKAW,KRPOH,KRGWA,KRDAN,JPFUK,JPOIT,JPKIS,JPSKI,KRULS,KRINC,JPNAG,JPCBA,JPYOK,KRPYT,KRBUS,JPMIZ,JPKMA,KRYOS,JPOSK,AUGLE,AUMEL,AUNTL,AUADE,AUBRI,AUHAY,RUNJK"
OFFSNKCKK,"USLSA,CAVCR,USOAK,GTPQL,MXLCS,MXMAN,PECAL,PABAL,ECGYL,USNPN,USSAV,USCHA,USNYK,COBUE,CLTAL,UYULA,BRPEC,BRTUB,BRPDM,BRPAR,BRRDJ,UYMON,BRSTS,BRITA,BRRGR,GBSOU,FRLEH,BEZEE,NLAMS,SIKOP,ITGOA,DEHAM,ESBAR,MTMAL,ESCAR,BEANT,PLGDA,ESGIJ,NLROT,TRMER,ZACPT,TRYAR,GRELE,GRAGT,TRALI,ZARIB,EGPSA,JOAQA,ROCON,EGALE,EGDAM,SAJUB,BHBAH,KEMOM,SADMA,QAUMS,SAJED,SAYAN,KWMAA,AEJAL,AEABU,AERUW,OMSOH,AEFUJ,RUULG,PKQAS,PKKAR,INCHN,INKNP,INMUN,INVIS,THLCB,THKSI,VNHPG,VNCAM,VNSOD,CNHUI,CNPAN,CNTAZ,MY3182,CNLSN,HKHKG,AUGER,CNNTG,CNFAN,CNNBO,CNPYU,CNZOS,CNGUA,CNFUN,CNJIN,CNHUA,CNTAI,CNDCB,CN9862,CNTJN,MYPKE,MYPAG,IDBAH,CNSTO,CNYSN,CNWGQ,CNCJK,CNJIT,CN9873,CNYZH,CNNSA,CNDSN,CNLAZ,CNYTN,CNJIA,CN1087,CNLYG,CNYAN,AUESP,CNCHS,CNMEZ,CNDAL,CNYPG,CNRUG,CNZZU,TWKAO,CNZJG,CNSLH,AUFRE,CNDJK,CNBYQ,CNLKU,MYTBS,CNSDG,MYTPP,CNMWN,CNCGM,CNXIA,CNBHI,TWMAI,CNRIZ,CNSHE,SGSGP,MY2243,CNJIJ,TWTAP,CNZHA,CNQUA,CNZHE,CNDDG,CNWEN,CNQIZ,CNLYW,CNQHD,CNBAO,CNQIN,CNCFD,CNNJG,CNGLA,MYPGG,CNWEI,IDSAM,JPKAW,KRPOH,KRGWA,KRDAN,JPFUK,JPOIT,JPKIS,JPSKI,KRULS,KRINC,JPNAG,JPCBA,JPYOK,KRPYT,KRBUS,JPMIZ,JPKMA,KRYOS,JPOSK,AUGLE,AUMEL,AUNTL,AUADE,AUBRI,AUHAY,RUNJK"
OFFOGOYKK,"BRPDM,SARTA,KWMAA,IQMAB,AERUW,OMSOH,CNHUI,CNLSN,CNNBO,CNZOS,CNJIT,CNMEZ,CNDAL,CNYPG,TWKAO,CNSLH,CNDJK,CNSDG,SGSGP,CNZHA,CNQIZ,CNCFD"
OFFRAAGKK,"USSEA,CAPRR,USLSA,CAVCR,USOAK,MXLCS,MXMAN,PECAL,PABAL,ECGYL,USSAV,USNYK,COBUE,CLSAN,CLTAL,UYULA,BRTUB,BRPAR,BRRDJ,UYMON,BRIOA,BRSTS,BRIJI,BRITA,BRRGR,GBSOU,FRLEH,BEZEE,SIKOP,ITGOA,DEHAM,MTMAL,ESCAR,BEANT,PLGDA,ESGIJ,NLROT,TRYAR,EGSOK,JOAQA,ROCON,EGALE,SAJUB,SADMA,SAJED,KWMAA,AEJAL,AEABU,OMSOH,AEFUJ,PKQAS,PKKAR,INNSA,INCHN,LKCOL,INKNP,INMUN,INKUP,THLCB,VNHPG,VNCAM,CNHUI,CNPAN,MY3182,CNLSN,HKHKG,CNFAN,CNNBO,CNZOS,CNGUA,CNFUN,CNJIN,CNHUA,CNTAI,CNDCB,CNTJN,MYPKE,MYPAG,CNYSN,CNWGQ,CNCJK,CNJIT,CNYZH,CNNSA,CNDSN,CNYTN,CNJIA,CNLYG,CNYAN,AUESP,CNMEZ,CNDAL,CNYPG,CNZZU,TWKAO,CNZJG,AUFRE,CNDJK,CNBYQ,MYPEN,CNSDG,CNMWN,CNCGM,CNXIA,CNRIZ,CNSHE,SGSGP,TWTAP,CNZHA,CNQUA,CNZHE,CNDDG,CNQIZ,CNQHD,CNBAO,CNQIN,CNCFD,CNGLA,CNWEI,JPKAW,KRPOH,KRGWA,KRDAN,JPFUK,JPOIT,JPKIS,JPSKI,KRULS,KRINC,JPNAG,JPCBA,JPYOK,KRBUS,JPMIZ,JPKMA,KRYOS,JPOSK,AUGLE,AUMEL,AUNTL,AUADE,AUBRI"
OFFGRGSKK,"USLSA,CAVCR,USOAK,GTPQL,MXLCS,MXMAN,PECAL,PABAL,ECGYL,USNPN,USSAV,USCHA,USNYK,COBUE,CLTAL,UYULA,BRPEC,BRTUB,BRPDM,BRPAR,BRRDJ,UYMON,BRSTS,BRITA,BRRGR,GBSOU,FRLEH,BEZEE,NLAMS,SIKOP,ITGOA,DEHAM,ESBAR,MTMAL,ESCAR,BEANT,PLGDA,ESGIJ,NLROT,TRMER,ZACPT,TRYAR,GRELE,GRAGT,TRALI,ZARIB,EGPSA,UAODS,JOAQA,ROCON,EGALE,EGDAM,SAJUB,BHBAH,KEMOM,SADMA,QAUMS,SAJED,SAYAN,KWMAA,AEJAL,AEABU,AERUW,OMSOH,AEFUJ,RUULG,PKQAS,PKKAR,INCHN,INKNP,INMUN,INVIS,THLCB,THKSI,VNHPG,VNCAM,VNSOD,CNHUI,CNPAN,CNTAZ,MY3182,CNLSN,HKHKG,AUGER,CNNTG,CNFAN,CNNBO,CNPYU,CNZOS,CNGUA,CNFUN,CNJIN,CNHUA,CNTAI,CNDCB,CN9862,CNTJN,MYPKE,MYPAG,IDBAH,CNSTO,CNYSN,CNWGQ,CNCJK,CNJIT,CN9873,CNYZH,CNNSA,CNDSN,CNLAZ,CNYTN,CNJIA,CN1087,CNLYG,CNYAN,AUESP,CNCHS,CNMEZ,CNDAL,CNYPG,CNRUG,CNZZU,TWKAO,CNZJG,CNSLH,AUFRE,CNDJK,CNBYQ,CNLKU,MYTBS,CNSDG,MYTPP,CNMWN,CNCGM,CNXIA,CNBHI,TWMAI,CNRIZ,CNSHE,SGSGP,MY2243,CNJIJ,TWTAP,CNZHA,CNQUA,CNZHE,CNDDG,CNWEN,CNQIZ,CNLYW,CNQHD,CNBAO,CNQIN,CNCFD,CNNJG,CNGLA,MYPGG,CNWEI,IDSAM,JPKAW,KRPOH,KRGWA,KRDAN,JPFUK,JPOIT,JPKIS,JPSKI,KRULS,KRINC,JPNAG,JPCBA,JPYOK,KRPYT,KRBUS,JPMIZ,JPKMA,KRYOS,JPOSK,AUGLE,AUMEL,AUNTL,AUADE,AUBRI,AUHAY,RUNJK"
OARASYKKK,"USLSA,CAVCR,USOAK,GTPQL,MXLCS,MXMAN,PECAL,PABAL,ECGYL,USNPN,USSAV,USNYK,COBUE,CLTAL,UYULA,BRPEC,BRTUB,BRPDM,BRPAR,BRRDJ,UYMON,BRSTS,BRITA,BRRGR,GBSOU,FRLEH,BEZEE,NLAMS,SIKOP,ITGOA,DEHAM,ESBAR,MTMAL,ESCAR,BEANT,PLGDA,ESGIJ,NLROT,TRMER,ZACPT,TRYAR,GRELE,GRAGT,TRALI,ZARIB,EGPSA,JOAQA,ROCON,EGALE,EGDAM,SAJUB,BHBAH,KEMOM,SADMA,QAUMS,SAJED,SAYAN,KWMAA,AEJAL,AEABU,AERUW,OMSOH,AEFUJ,RUULG,PKQAS,PKKAR,INCHN,INKNP,INMUN,INVIS,THLCB,THKSI,VNHPG,VNCAM,VNSOD,CNHUI,CNPAN,CNTAZ,MY3182,CNLSN,HKHKG,AUGER,CNNTG,CNFAN,CNNBO,CNPYU,CNZOS,CNGUA,CNFUN,CNJIN,CNHUA,CNTAI,CNDCB,CN9862,CNTJN,MYPKE,MYPAG,IDBAH,CNSTO,CNYSN,CNWGQ,CNCJK,CNJIT,CN9873,CNYZH,CNNSA,CNDSN,CNLAZ,CNYTN,CNJIA,CN1087,CNLYG,CNYAN,AUESP,CNCHS,CNMEZ,CNDAL,CNYPG,CNRUG,CNZZU,CNSWE,TWKAO,CNZJG,CNSLH,AUFRE,CNDJK,CNBYQ,CNLKU,MYTBS,CNSDG,MYTPP,CNMWN,CNCGM,CNXIA,CNBHI,TWMAI,CNRIZ,CNSHE,SGSGP,MY2243,CNJIJ,TWTAP,CNZHA,CNQUA,CNZHE,CNDDG,CNWEN,CNCHZ,CNQIZ,CNLYW,CNQHD,CNBAO,CNQIN,CNCFD,CNNJG,CNGLA,MYPGG,CNWEI,IDSAM,CNMJS,JPKAW,KRPOH,KRGWA,KRDAN,JPFUK,JPOIT,JPKIS,JPSKI,KRULS,KRINC,JPNAG,JPCBA,JPYOK,KRPYT,KRBUS,JPMIZ,JPKMA,KRYOS,JPOSK,AUGLE,AUMEL,AUNTL,AUADE,AUBRI,AUHAY,RUNJK"
OARNCCCCK,"CNHUI,CNCZH,CNFAN,CNYJG,CNGUA,CNHKO,CNSTO,CNSYA,CNYPG,CNSDG,CNBHI,CNZHA,CNHAA,CNDNG"
OARANOKKK,"USLSA,CAVCR,USOAK,MXLCS,MXMAN,PECAL,ECGYL,USNYK,COBUE,UYULA,BRPAR,BRRDJ,UYMON,BRSTS,BRRGR,GBSOU,FRLEH,BEZEE,NLAMS,SIKOP,ITGOA,DEHAM,MTMAL,BEANT,PLGDA,ESGIJ,NLROT,TRYAR,GRAGT,ZARIB,JOAQA,ROCON,EGALE,SAJUB,BHBAH,KEMOM,SADMA,QAUMS,SAJED,SAYAN,KWMAA,AEJAL,AEABU,OMSOH,AEFUJ,PKQAS,PKKAR,INKNP,INMUN,THLCB,THKSI,VNHPG,VNCAM,CNHUI,CNPAN,CNTAZ,MY3182,CNLSN,HKHKG,AUGER,CNNTG,CNFAN,CNNBO,CNPYU,CNZOS,CNGUA,CNFUN,CNJIN,CNHUA,CNTAI,CNDCB,CN9862,CNTJN,MYPKE,MYPAG,IDBAH,CNSTO,CNYSN,CNWGQ,CNCJK,CNJIT,CN9873,CNYZH,CNNSA,CNDSN,CNLAZ,CNYTN,CNJIA,CN1087,CNLYG,CNYAN,AUESP,CNCHS,CNMEZ,CNDAL,CNYPG,CNRUG,CNZZU,TWKAO,CNZJG,CNSLH,AUFRE,CNDJK,CNBYQ,CNLKU,MYTBS,CNSDG,MYTPP,CNMWN,CNCGM,CNXIA,CNBHI,TWMAI,CNRIZ,CNSHE,SGSGP,CNJIJ,TWTAP,CNZHA,CNQUA,CNZHE,CNDDG,CNWEN,CNQIZ,CNQHD,CNBAO,CNQIN,CNCFD,CNNJG,CNGLA,MYPGG,CNWEI,IDSAM,KRPOH,KRGWA,KRDAN,JPFUK,JPOIT,JPKIS,JPSKI,KRULS,KRINC,JPNAG,JPCBA,JPYOK,KRPYT,KRBUS,JPMIZ,JPKMA,KRYOS,JPOSK,AUGLE,AUMEL,AUNTL,AUADE,AUBRI,RUNJK"
OARAARKKK,"USSEA,USLSA,CAVCR,USOAK,MXLCS,MXMAN,PECAL,PABAL,USNPN,USSAV,USCHA,USNYK,COBUE,CLSAN,CLTAL,UYULA,BRPEC,BRTUB,BRPDM,ARBNA,BRPAR,BRRDJ,UYMON,BRSTS,BRITA,BRRGR,GBSOU,FRLEH,BEZEE,FRFOS,NLAMS,SIKOP,ITGOA,DEHAM,ESBAR,MTMAL,ESCAR,BEANT,PLGDA,ESGIJ,NLROT,TRMER,ZACPT,TRYAR,GRELE,GRAGT,TRALI,ZARIB,EGPSA,UAODS,JOAQA,ROCON,EGALE,EGDAM,SAJUB,BHBAH,KEMOM,SADMA,QAUMS,SAJED,SAYAN,KWMAA,AEJAL,AEABU,AERUW,OMSOH,AEFUJ,RUULG,PKQAS,PKKAR,INMUN,THLCB,THKSI,VNHPG,VNCAM,VNSOD,CN9014,CNHUI,CNPAN,MY3182,CNLSN,HKHKG,AUGER,CNFAN,CNNBO,CNPYU,CNZOS,CNGUA,CNFUN,CNJIN,CNHUA,CNTAI,CN9862,CNTJN,MYPKE,MYPAG,IDBAH,CNSTO,CNYSN,CNWGQ,CNCJK,CNJIT,CN9873,CNYZH,CNNSA,CNDSN,CNLAZ,CNYTN,CNJIA,CN1087,CNLYG,CNYAN,AUESP,CNMEZ,CNDAL,CNYPG,CNRUG,CNZZU,CNSWE,TWKAO,CNZJG,CNSLH,CNDJK,CNBYQ,CNLKU,MYTBS,CNSDG,MYTPP,CNMWN,CNCGM,CNXIA,CN2039,CNBHI,TWMAI,CNRIZ,CNSHE,SGSGP,MY2243,TWTAP,CNZHA,CNQUA,CNZHE,CNDDG,CNWEN,CNQIZ,CNLYW,CNQHD,CNBAO,CNQIN,CNCFD,CNGLA,MYPGG,CNWEI,IDSAM,CNMJS,JPKAW,KRPOH,KRGWA,KRDAN,JPFUK,JPOIT,JPKIS,JPSKI,KRULS,KRINC,JPNAG,JPCBA,JPYOK,KRPYT,KRBUS,JPMIZ,JPKMA,KRYOS,AUGLE,AUNTL,AUBRI,AUHAY,RUNJK"
OARANCKKK,"USSEA,USLSA,CAVCR,USOAK,MXLCS,MXMAN,PECAL,PABAL,USSAV,USCHA,USNYK,COBUE,CLSAN,CLTAL,UYULA,BRTUB,BRPDM,ARBNA,BRPAR,BRRDJ,UYMON,BRSTS,BRITA,BRRGR,GBSOU,FRLEH,BEZEE,FRFOS,SIKOP,ITGOA,DEHAM,ESBAR,MTMAL,ESCAR,BEANT,PLGDA,ESGIJ,NLROT,TRMER,TRYAR,TRALI,EGPSA,UAODS,JOAQA,ROCON,EGALE,EGDAM,SAJUB,SADMA,SAJED,QARAS,KWMAA,AEJAL,AEABU,AERUW,OMSOH,AEFUJ,PKQAS,PKKAR,INMUN,THLCB,THKSI,VNHPG,VNCAM,CNHUI,CNPAN,MY3182,CNLSN,HKHKG,CNFAN,CNNBO,CNZOS,CNGUA,CNFUN,CNJIN,CNHUA,CNTAI,CNTJN,MYPKE,MYPAG,CNYSN,CNWGQ,CNCJK,CNJIT,CNYZH,CNNSA,CNDSN,CNYTN,CNJIA,CNLYG,CNYAN,AUESP,CNMEZ,CNDAL,CNYPG,TWKAO,CNZJG,CNSLH,CNDJK,CNBYQ,CNLKU,CN9878,CNSDG,CNMWN,CNCGM,CNXIA,CN2039,CNRIZ,CNSHE,SGSGP,MY2243,TWTAP,CNZHA,CNZHE,CNDDG,CNQIZ,CNLYW,CNQHD,CNBAO,CNQIN,CNCFD,CNGLA,CNWEI,CNMJS,JPKAW,KRPOH,KRGWA,KRDAN,JPFUK,JPOIT,JPKIS,JPSKI,KRULS,KRINC,JPNAG,JPCBA,JPYOK,KRPYT,KRBUS,JPMIZ,JPKMA,KRYOS,AUGLE,AUNTL,AUBRI,AUSYD,AUHAY,RUNJK"
OFFCCYOKK,"USLGB,GBFEL,BEZEE,DEHAM,BEANT,PLGDA,NLROT,GRPIR,SADMA,AEJAL,AEKHA,VNCMP,HKHKG,CNNBO,CNTJN,MYPKE,CNYSN,CNNSA,CNYTN,CNDAL,TWKAO,CNXIA,SGSGP,CNQIN,KRGWA"
OACOASKKK,"USSEA,USLSA,CAVCR,PABAL,USSAV,USCHA,USNYK,BRTUB,BRPDM,BRITA,GBSOU,FRLEH,BEZEE,FRFOS,ITGOA,DEHAM,MTMAL,ESCAR,BEANT,PLGDA,ESGIJ,NLROT,JOAQA,EGALE,SADMA,SAJED,SARTA,QARAS,KWMAA,IQMAB,AEJAL,AEABU,AERUW,OMSOH,AEFUJ,PKKAR,INMUN,THLCB,VNCAM,CNHUI,MY3182,CNLSN,HKHKG,CNFAN,CNNBO,CNZOS,CNGUA,CNFUN,CNJIN,AUCPN,CNHUA,CNTAI,CNTJN,MYPKE,CNYSN,CNWGQ,CNCJK,CNJIT,CNYZH,CNNSA,CNDSN,CNYTN,CNJIA,CNLYG,CNYAN,AUESP,CNMEZ,CNDAL,CNYPG,TWKAO,CNZJG,CNSLH,CNDJK,CNBYQ,CNSDG,CNCGM,AUPHE,CNXIA,CNRIZ,CNSHE,SGSGP,TWTAP,CNZHA,CNZHE,CNDDG,CNQIZ,CNLYW,CNBAO,CNQIN,CNCFD,CNMJS,JPKAW,KRPOH,KRGWA,KRDAN,JPFUK,JPOIT,JPKIS,JPSKI,KRULS,KRINC,JPNAG,JPCBA,KRBUS,JPMIZ,JPKMA,KRYOS,AUGLE,AUAPT,AUNTL,AUBRI,AUHAY"
OFFRAYCKK,"USLGB,CAPRR,CAVCR,CANWE,BRPDM,BEZEE,DEHAM,BEANT,PLGDA,NLROT,GRPIR,SADMA,SARTA,KWMAA,IQMAB,AEJAL,AERUW,OMSOH,AEKHA,AEFUJ,VNCMP,CNHUI,MY3182,CNLSN,HKHKG,CNFAN,CNNBO,CNZOS,CNJIN,CNHUA,CNTAI,CNTJN,MYPKE,CNYSN,CNCJK,CNJIT,CNNSA,CNYTN,MY3173,CNJIA,CNLYG,CNYAN,CNMEZ,CNDAL,CNYPG,TWKAO,CNSLH,CNDJK,CNBYQ,CNSDG,AUPHE,CNXIA,CNRIZ,SGSGP,AUPWA,CNZHA,CNDDG,CNQIZ,CNLYW,CNQIN,CNCFD,AUDPR,CNMJS,KRPOH,KRGWA,JPFUK,JPKII,JPOIT,JPKIS,JPSKI,KRULS,KRINC,JPNAG,JPCBA,JPMIZ,JPKMA,KRYOS,AUNTL,AUHAY"
RNOGORKKK,"USSEA,USLSA,CAVCR,USOAK,MXLCS,MXMAN,PECAL,PABAL,USNPN,USSAV,USCHA,CAPCA,USNYK,COBUE,CLSAN,CLTAL,UYULA,BRPEC,BRTUB,BRPDM,ARBNA,BRPAR,BRRDJ,UYMON,BRSTS,BRITA,BRRGR,GBSOU,FRLEH,BEZEE,FRFOS,NLAMS,SIKOP,ITGOA,FRDKK,DEHAM,ESBAR,MTMAL,ESCAR,BEANT,PLGDA,ESGIJ,NLROT,TRMER,ZACPT,TRYAR,GRELE,GRAGT,TRALI,ZARIB,EGPSA,UAODS,JOAQA,ROCON,EGALE,EGDAM,SAJUB,BHBAH,KEMOM,SADMA,QAUMS,SAJED,SAYAN,KWMAA,AEJAL,AEABU,AERUW,OMSOH,AEFUJ,RUULG,PKKAR,INMUN,THLCB,THKSI,VNHPG,VNCAM,VNSOD,CNHUI,CNPAN,MY3182,CNLSN,HKHKG,AUGER,CNFAN,CNNBO,CNZOS,CNGUA,CNFUN,CNJIN,CNHUA,CNTAI,CNTJN,MYPKE,MYPAG,IDBAH,CNSTO,CNYSN,CNWGQ,CNCJK,CNJIT,CNYZH,CNNSA,CNDSN,CNLAZ,CNYTN,CNJIA,CNLYG,CNYAN,AUESP,CNMEZ,IDTBR,CNDAL,CNYPG,CNRUG,CNZZU,CNSWE,TWKAO,CNZJG,CNSLH,CNDJK,CNBYQ,CNLKU,MYTBS,CNSDG,CNMWN,CNCGM,CNXIA,CN2039,TWMAI,CNRIZ,CNSHE,SGSGP,MY2243,TWTAP,CNZHA,CNZHE,CNDDG,CNWEN,CNQIZ,CNLYW,CNBAO,CNQIN,CNCFD,CNGLA,MYPGG,IDSAM,CNMJS,JPKAW,KRPOH,KRGWA,KRDAN,JPFUK,JPOIT,JPKIS,JPSKI,KRULS,KRINC,JPNAG,JPCBA,JPYOK,KRPYT,KRBUS,JPMIZ,JPKMA,KRYOS,AUGLE,AUNTL,AUBRI,AUHAY,RUNJK"
OFFNCOYKK,"CAVCR,GTSTC,USBEA,USBTR,USLUA,MXMAN,PECAL,PESAL,ECGYL,USNYK,COBUE,UYULA,BRVIT,BRRDJ,UYMON,BRSTS,BRRGR,GBBEL,PTLXS,MACAS,GHTEM,GNCON,IEDUB,FRLEH,BEZEE,SIKOP,NLEEM,ITGOA,NLVSG,ESHUE,ITTAR,ESTAR,DZDJE,DEHAM,ITRAV,FRROU,MTMAL,BEANT,PLGDA,ESSAN,ESGIJ,NLROT,ESBIL,TRGEB,TRKRS,LVRIX,TRYAR,ZADUR,GRAGT,TRLMA,TRDER,ZARIB,JOAQA,LTKLJ,FIKOT,ROCON,ZAPLZ,UACHO,EGALE,BHBAH,KEMOM,TZDRS,SADMA,SAJED,SAYAN,KWMAA,AEJAL,AEABU,AERAK,RUSPG,OMSOH,AEFUJ,PKQAS,PKKAR,INKAN,INKNP,INMUN,THLCB,IDCXP,VNNGH,IDJAK,VNHCM,VNHPG,VNCAM,VNQUN,THRAY,IDSUR,CNHUM,CNCJN,CNHUI,CNCZH,CNLSN,HKHKG,AUGER,CNNTG,CNFAN,CNDAF,CNYJG,CNNBO,CNZOS,CNGUA,CNFUN,CNJIN,CNHKO,CNHPU,CNDYI,CNHUA,CNTAI,CNTJN,MYPKE,MYPAG,IDBAH,CNSTO,CNYSN,CNWGQ,CNCJK,CNJIT,CNYZH,CNSHA,CNNSA,CNDSN,CNTAX,CNLAZ,CNFUZ,CNJIA,TWHLN,CNLYG,CNYAN,CNWEF,CNCHS,CNMEZ,CNDAL,CNYPG,CNRUG,CNZZU,TWKAO,CNZJG,AUFRE,CNBAS,CNDJK,CNBYQ,CNLKU,CNYIZ,CNSDG,AUBUN,CNPLI,CNCGM,CNXIA,CNBHI,PHBAT,TWMAI,CNRIZ,SGSGP,TWTCH,CNJIJ,CNZHA,CNZPU,CNQUA,CNZHE,CNDDG,CNWEN,CNCHZ,CNQIZ,CNQHD,CNBAO,CNQIN,CNLVS,CNCFD,CNNJG,CNGLA,CNDNG,CNWEI,IDSAM,CNNDE,KRPOH,KRKUN,KRGWA,JPHIB,KRDAN,JPFUK,JPOIT,JPKIS,JPHHR,JPSKI,JPTOK,KRULS,KRINC,JPNAG,JPYOK,KRPYT,KRBUS,JPMIZ,JPKMA,JPOSK,AUGLE,AUMEL,AUNTL,AUPKE,AUADE,AUBRI,AUBNE,AUGEE,NZAKL,NZTAU,NZNAP"
RNCGRNKKK,"USLSA,CAVCR,USOAK,GTPQL,MXLCS,MXMAN,PECAL,PABAL,ECGYL,USNPN,USSAV,USNYK,COBUE,CLTAL,UYULA,BRPEC,BRTUB,BRPDM,BRPAR,BRRDJ,UYMON,BRSTS,BRITA,BRRGR,GBSOU,FRLEH,BEZEE,NLAMS,SIKOP,ITGOA,DEHAM,ESBAR,MTMAL,ESCAR,BEANT,PLGDA,ESGIJ,NLROT,TRMER,ZACPT,TRYAR,GRELE,GRAGT,TRALI,ZARIB,EGPSA,JOAQA,ROCON,EGALE,EGDAM,SAJUB,BHBAH,KEMOM,SADMA,QAUMS,SAJED,SAYAN,KWMAA,AEJAL,AEABU,AERUW,OMSOH,AEFUJ,RUULG,PKQAS,PKKAR,INCHN,INKNP,INMUN,INVIS,THLCB,THKSI,VNHPG,VNCAM,VNSOD,CNHUI,CNPAN,CNTAZ,MY3182,CNLSN,HKHKG,AUGER,CNNTG,CNFAN,CNNBO,CNPYU,CNZOS,CNGUA,CNFUN,CNJIN,CNHUA,CNTAI,CNDCB,CN9862,CNTJN,MYPKE,MYPAG,IDBAH,CNSTO,CNYSN,CNWGQ,CNCJK,CNJIT,CN9873,CNYZH,CNNSA,CNDSN,CNLAZ,CNYTN,CNJIA,CN1087,CNLYG,CNYAN,AUESP,CNCHS,CNMEZ,CNDAL,CNYPG,CNRUG,CNZZU,TWKAO,CNZJG,CNSLH,AUFRE,CNDJK,CNBYQ,CNLKU,MYTBS,CNSDG,MYTPP,CNPLI,CNMWN,CNCGM,CNXIA,CNBHI,TWMAI,CNRIZ,CNSHE,SGSGP,MY2243,CNJIJ,TWTAP,CNZHA,CNQUA,CNZHE,CNDDG,CNWEN,CNCHZ,CNQIZ,CNLYW,CNQHD,CNBAO,CNQIN,CNCFD,CNNJG,CNGLA,MYPGG,CNWEI,IDSAM,JPKAW,KRPOH,KRGWA,KRDAN,JPFUK,JPOIT,JPKIS,JPSKI,KRULS,KRINC,JPNAG,JPCBA,JPYOK,KRPYT,KRBUS,JPMIZ,JPKMA,KRYOS,JPOSK,AUGLE,AUMEL,AUNTL,AUADE,AUBRI,AUHAY,RUNJK"
OAOFKGKKK,"USSEA,USLSA,CAVCR,USOAK,MXLCS,MXMAN,PECAL,PABAL,USNPN,USSAV,USCHA,USNYK,COBUE,CLSAN,CLTAL,UYULA,BRPEC,BRTUB,BRPDM,ARBNA,BRPAR,BRRDJ,UYMON,BRSTS,BRITA,BRRGR,GBSOU,FRLEH,BEZEE,FRFOS,NLAMS,SIKOP,ITGOA,DEHAM,ESBAR,MTMAL,ESCAR,BEANT,PLGDA,ESGIJ,NLROT,TRMER,ZACPT,TRYAR,GRELE,GRAGT,TRALI,ZARIB,EGPSA,UAODS,JOAQA,ROCON,EGALE,EGDAM,SAJUB,BHBAH,KEMOM,SADMA,QAUMS,SAJED,SAYAN,KWMAA,AEJAL,AEABU,AERUW,OMSOH,AEFUJ,RUULG,PKQAS,PKKAR,INMUN,THLCB,THKSI,VNHPG,VNCAM,VNSOD,CN9014,CNHUI,CNPAN,MY3182,CNLSN,HKHKG,AUGER,CNFAN,CNNBO,CNPYU,CNZOS,CNGUA,CNFUN,CNJIN,CNHUA,CNTAI,CN9862,CNTJN,MYPKE,MYPAG,IDBAH,CNSTO,CNYSN,CNWGQ,CNCJK,CNJIT,CN9873,CNYZH,CNNSA,CNDSN,CNLAZ,CNYTN,CNJIA,CN1087,CNLYG,CNYAN,AUESP,CNMEZ,CNDAL,CNYPG,CNRUG,CNZZU,CNSWE,TWKAO,CNZJG,CNSLH,CNDJK,CNBYQ,CNLKU,MYTBS,CNSDG,MYTPP,CNMWN,CNCGM,CNXIA,CN2039,CNBHI,TWMAI,CNRIZ,CNSHE,SGSGP,MY2243,TWTAP,CNZHA,CNQUA,CNZHE,CNDDG,CNWEN,CNQIZ,CNLYW,CNQHD,CNBAO,CNQIN,CNCFD,CNGLA,MYPGG,CNWEI,IDSAM,CNMJS,JPKAW,KRPOH,KRGWA,KRDAN,JPFUK,JPOIT,JPKIS,JPSKI,KRULS,KRINC,JPNAG,JPCBA,JPYOK,KRPYT,KRBUS,JPMIZ,JPKMA,KRYOS,AUGLE,AUNTL,AUBRI,AUHAY,RUNJK"
OACGRRKKK,"USSEA,CAPRR,USLSA,CAVCR,USOAK,MXESE,MXLCS,MXMAN,PECAL,PABAL,USSAV,USNYK,COBUE,CLSAN,CLTAL,UYULA,CLLIR,BRPDM,ARBNA,BRPAR,BRRDJ,UYMON,BRSTS,BRIJI,BRRGR,FRLEH,BEZEE,SIKOP,ITGOA,DEHAM,ESBAR,MTMAL,BEANT,PLGDA,NLROT,TRMER,TRYAR,EGSOK,TRALI,EGPSA,JOAQA,ROCON,EGALE,EGDAM,SAJUB,SADMA,SAJED,KWMAA,AEJAL,AEABU,AERUW,OMSOH,AEKHA,AEFUJ,PKKAR,INNSA,LKCOL,INMUN,THLCB,VNHPG,VNCAM,CNHUI,MY3182,CNLSN,HKHKG,CNFAN,CNNBO,CNZOS,CNGUA,CNFUN,CNJIN,CNHUA,CNTAI,CNDCB,CNTJN,MYPKE,CNYSN,CNWGQ,CNCJK,CNJIT,CNNSA,CNYTN,CNJIA,CNLYG,CNYAN,AUESP,CNMEZ,CNDAL,CNYPG,TWKAO,CNZJG,CNSLH,CNDJK,CNBYQ,CNSDG,CNMWN,CNCGM,CNXIA,CNRIZ,CNSHE,SGSGP,TWTAP,CNZHA,CNQUA,CNZHE,CNDDG,CNQIZ,CNLYW,CNQHD,CNBAO,CNQIN,CNCFD,CNGLA,CNMJS,JPKAW,KRPOH,KRGWA,JPFUK,JPOIT,JPKIS,JPSKI,KRULS,KRINC,JPNAG,JPCBA,JPYOK,KRBUS,JPMIZ,JPKMA,KRYOS,AUGLE,AUNTL,AUHAY"
OFFGGOCKK,"BRPDM,SARTA,KWMAA,IQMAB,AERUW,OMSOH,AEFUJ,CNHUI,MY3182,CNLSN,CNFAN,CNNBO,CNZOS,CNJIN,CNHUA,CNTAI,CNTJN,CNJIT,MY3173,CNJIA,CNLYG,CNYAN,CNMEZ,CNDAL,CNYPG,TWKAO,CNSLH,CNDJK,CNBYQ,CNSDG,AUPHE,CNRIZ,SGSGP,AUPWA,CNZHA,CNDDG,CNQIZ,CNLYW,CNQIN,CNCFD,AUDPR,CNMJS,KRGWA,JPFUK,JPKII,JPSKI,KRULS,KRINC,JPCBA,KRYOS"
RNGNKRKKK,"GBBEL,IEDUB,FRLEH,DZDJE,FRROU,BEANT,NOBGN,CNCJN,CNHUI,CNCZH,CNNTG,CNFAN,CNYJG,CNNBO,CNZOS,CNGUA,CNFUN,CNHKO,CNHPU,CNDYI,CNTJN,CNSTO,CNCJK,CNDSN,CNTAX,CNFUZ,CNJIA,CNLYG,CNYAN,CNWEF,CNCHS,CNMEZ,CNDAL,CNYPG,TWKAO,CNBAS,CNDJK,CNYIZ,CNSDG,CNBHI,CNJIJ,CNZHA,CNZPU,CNQUA,CNZHE,CNWEN,CNCHZ,CNNJG,CNDNG,KRDAN,KRULS"
OARAYNKKK,"USLSA,CAVCR,USOAK,GTPQL,MXLCS,MXMAN,PECAL,PABAL,ECGYL,USNPN,USSAV,USNYK,COBUE,CLTAL,UYULA,BRPEC,BRTUB,BRPDM,BRPAR,BRRDJ,UYMON,BRSTS,BRITA,BRRGR,GBSOU,FRLEH,BEZEE,NLAMS,SIKOP,ITGOA,DEHAM,ESBAR,MTMAL,ESCAR,BEANT,PLGDA,ESGIJ,NLROT,TRMER,ZACPT,TRYAR,GRELE,GRAGT,TRALI,ZARIB,EGPSA,JOAQA,ROCON,EGALE,EGDAM,SAJUB,BHBAH,KEMOM,SADMA,QAUMS,SAJED,SAYAN,KWMAA,AEJAL,AEABU,AERUW,OMSOH,AEFUJ,RUULG,PKQAS,PKKAR,INCHN,INKNP,INMUN,INVIS,THLCB,THKSI,VNHPG,VNCAM,VNSOD,CNHUI,CNPAN,CNTAZ,MY3182,CNLSN,HKHKG,AUGER,CNNTG,CNFAN,CNNBO,CNPYU,CNZOS,CNGUA,CNFUN,CNJIN,CNHUA,CNTAI,CNDCB,CN9862,CNTJN,MYPKE,MYPAG,IDBAH,CNSTO,CNYSN,CNWGQ,CNCJK,CNJIT,CN9873,CNYZH,CNNSA,CNDSN,CNLAZ,CNYTN,CNJIA,CN1087,CNLYG,CNYAN,AUESP,CNCHS,CNMEZ,CNDAL,CNYPG,CNRUG,CNZZU,CNSWE,TWKAO,CNZJG,CNSLH,AUFRE,CNDJK,CNBYQ,CNLKU,MYTBS,CNSDG,MYTPP,CNMWN,CNCGM,CNXIA,CNBHI,TWMAI,CNRIZ,CNSHE,SGSGP,MY2243,CNJIJ,TWTAP,CNZHA,CNQUA,CNZHE,CNDDG,CNWEN,CNCHZ,CNQIZ,CNLYW,CNQHD,CNBAO,CNQIN,CNCFD,CNNJG,CNGLA,MYPGG,CNWEI,IDSAM,CNMJS,JPKAW,KRPOH,KRGWA,KRDAN,JPFUK,JPOIT,JPKIS,JPSKI,KRULS,KRINC,JPNAG,JPCBA,JPYOK,KRPYT,KRBUS,JPMIZ,JPKMA,KRYOS,JPOSK,AUGLE,AUMEL,AUNTL,AUADE,AUBRI,AUHAY,RUNJK"
OARAGAKKK,"USSEA,USLGB,CAPRR,USLSA,CAVCR,USOAK,MXESE,MXMAN,PECAL,PABAL,USSAV,USCHA,USNYK,COBUE,CLSAN,CLLIR,BRPDM,GBLGP,MATAN,FRLEH,BEZEE,FRFOS,SIKOP,ITGOA,DEHAM,ESBAR,MTMAL,BEANT,PLGDA,ESVAL,NLROT,TRMER,TRISK,TRYAR,EGSOK,TRALI,TRIST,GRPIR,EGPSA,JOAQA,EGDAM,SAJUB,SADMA,QAHMD,SAJED,AEJAL,OMSOH,AEKHA,PKKAR,INNSA,LKCOL,INMUN,VNCMP,THLCB,VNHPG,HKHKG,CNNBO,CNZOS,CNFUN,CNTJN,MYPKE,CNYSN,CNWGQ,CNCJK,CNJIT,CNNSA,CNYTN,CNLYG,CNMEZ,CNDAL,TWKAO,CNSLH,CNDJK,CNMWN,CNXIA,CNSHE,SGSGP,TWTAP,CNQIN,KRGWA,KRBUS"
OAOROCKKK,"USSEA,CAPRR,USLSA,CAVCR,USOAK,MXESE,MXLCS,MXMAN,PECAL,PABAL,USSAV,USCHA,USNYK,COBUE,CLSAN,CLTAL,UYULA,CLLIR,BRPDM,ARBNA,BRPAR,BRRDJ,UYMON,BRSTS,BRIJI,BRRGR,FRLEH,BEZEE,SIKOP,ITGOA,DEHAM,ESBAR,MTMAL,BEANT,PLGDA,NLROT,TRMER,TRYAR,EGSOK,TRALI,EGPSA,UAODS,JOAQA,ROCON,EGALE,EGDAM,SAJUB,SADMA,SAJED,KWMAA,AEJAL,AEABU,AERUW,OMSOH,AEKHA,AEFUJ,PKKAR,INNSA,LKCOL,INMUN,THLCB,VNHPG,VNCAM,CNHUI,MY3182,CNLSN,HKHKG,CNFAN,CNNBO,CNZOS,CNFUN,CNJIN,CNHUA,CNTAI,CNTJN,MYPKE,CNYSN,CNWGQ,CNCJK,CNJIT,CNNSA,CNYTN,CNJIA,CNLYG,CNYAN,AUESP,CNMEZ,CNDAL,CNYPG,TWKAO,CNZJG,CNSLH,CNDJK,CNBYQ,CNSDG,CNMWN,CNCGM,CNXIA,CNRIZ,CNSHE,SGSGP,TWTAP,CNZHA,CNZHE,CNDDG,CNQIZ,CNLYW,CNBAO,CNQIN,CNCFD,CNMJS,JPKAW,KRPOH,KRGWA,JPFUK,JPOIT,JPKIS,JPSKI,KRULS,KRINC,JPNAG,JPCBA,JPYOK,KRBUS,JPMIZ,JPKMA,KRYOS,AUGLE,AUNTL,AUHAY"
OFFRYYCKK,"BRPDM,SARTA,KWMAA,IQMAB,AERUW,OMSOH,AEFUJ,CNHUI,MY3182,CNLSN,CNNBO,CNZOS,CNJIN,CNTJN,CNJIT,MY3173,CNLYG,CNYAN,CNMEZ,CNDAL,CNYPG,TWKAO,CNSLH,CNDJK,CNSDG,AUPHE,SGSGP,CNZHA,CNQIZ,CNQIN,CNCFD,KRGWA,JPKII,JPSKI,KRULS,KRINC,JPCBA,KRYOS"
OACOFFFNK,"CNCJN,CNHUI,CNCZH,CNNTG,CNFAN,CNYJG,CNNBO,CNZOS,CNGUA,CNHKO,CNDYI,CNSTO,CNCJK,CNJIA,CNWEF,CNCHS,CNYPG,CNYIZ,CNSDG,CNBHI,CNJIJ,CNZHA,CNZHE,CNWEN,CNDNG"
NGGAFNKKK,"USSEA,USLSA,CAVCR,USOAK,MXLCS,MXMAN,PECAL,PABAL,USSAV,USCHA,USNYK,COBUE,CLSAN,CLTAL,UYULA,BRTUB,BRPDM,ARBNA,BRPAR,BRRDJ,UYMON,BRSTS,BRITA,BRRGR,GBSOU,FRLEH,BEZEE,FRFOS,SIKOP,ITGOA,DEHAM,ESBAR,MTMAL,ESCAR,BEANT,PLGDA,ESGIJ,NLROT,TRMER,TRYAR,TRALI,EGPSA,UAODS,JOAQA,ROCON,EGALE,EGDAM,SAJUB,SADMA,SAJED,QARAS,KWMAA,AEJAL,AEABU,AERUW,OMSOH,AEFUJ,PKQAS,PKKAR,INMUN,THLCB,THKSI,VNHPG,VNCAM,CNHUI,CNPAN,MY3182,CNLSN,HKHKG,CNFAN,CNNBO,CNZOS,CNGUA,CNFUN,CNJIN,CNHUA,CNTAI,CNTJN,MYPKE,MYPAG,CNYSN,CNWGQ,CNCJK,CNJIT,CNYZH,CNNSA,CNDSN,CNYTN,CNJIA,CNLYG,CNYAN,AUESP,CNMEZ,CNDAL,CNYPG,TWKAO,CNZJG,CNSLH,CNDJK,CNBYQ,CNLKU,CN9878,CNSDG,CNMWN,CNCGM,CNXIA,CN2039,CNRIZ,CNSHE,SGSGP,MY2243,TWTAP,CNZHA,CNZHE,CNDDG,CNQIZ,CNLYW,CNQHD,CNBAO,CNQIN,CNCFD,CNGLA,CNWEI,CNMJS,JPKAW,KRPOH,KRGWA,KRDAN,JPFUK,JPOIT,JPKIS,JPSKI,KRULS,KRINC,JPNAG,JPCBA,JPYOK,KRPYT,KRBUS,JPMIZ,JPKMA,KRYOS,AUGLE,AUNTL,AUBRI,AUSYD,AUHAY,RUNJK"
OFFASRYKK,"BEZEE,DEHAM,BEANT,PLGDA,NLROT,GRPIR,SADMA,AEJAL,AEKHA,CNNBO,CNZOS,CNTJN,MYPKE,CNYSN,CNNSA,CNYTN,CNLYG,CNDAL,CNXIA,SGSGP,CNQIN,KRGWA"
OARGSFKKK,"USSEA,USLSA,CAVCR,USOAK,MXLCS,MXMAN,PECAL,PABAL,USNPN,USSAV,USCHA,CAPCA,USNYK,COBUE,CLSAN,CLTAL,UYULA,BRPEC,BRTUB,BRPDM,ARBNA,BRPAR,BRRDJ,UYMON,BRSTS,BRITA,BRRGR,GBSOU,FRLEH,BEZEE,FRFOS,NLAMS,SIKOP,ITGOA,FRDKK,DEHAM,ESBAR,MTMAL,ESCAR,BEANT,PLGDA,ESGIJ,NLROT,TRMER,ZACPT,TRYAR,GRELE,GRAGT,TRALI,ZARIB,EGPSA,UAODS,JOAQA,ROCON,EGALE,EGDAM,SAJUB,BHBAH,KEMOM,SADMA,QAUMS,SAJED,SAYAN,KWMAA,AEJAL,AEABU,AERUW,OMSOH,AEFUJ,RUULG,PKKAR,INMUN,THLCB,THKSI,VNHPG,VNCAM,VNSOD,CNHUI,CNPAN,MY3182,CNLSN,HKHKG,AUGER,CNFAN,CNNBO,CNZOS,CNGUA,CNFUN,CNJIN,CNHUA,CNTAI,CNTJN,MYPKE,MYPAG,IDBAH,CNSTO,CNYSN,CNWGQ,CNCJK,CNJIT,CNYZH,CNNSA,CNDSN,CNLAZ,CNYTN,CNJIA,CNLYG,CNYAN,AUESP,CNMEZ,IDTBR,CNDAL,CNYPG,CNRUG,CNZZU,CNSWE,TWKAO,CNZJG,CNSLH,CNDJK,CNBYQ,CNLKU,MYTBS,CNSDG,CNMWN,CNCGM,CNXIA,CN2039,TWMAI,CNRIZ,CNSHE,SGSGP,MY2243,TWTAP,CNZHA,CNZHE,CNDDG,CNWEN,CNQIZ,CNLYW,CNQHD,CNBAO,CNQIN,CNCFD,CNGLA,MYPGG,IDSAM,CNMJS,JPKAW,KRPOH,KRGWA,KRDAN,JPFUK,JPOIT,JPKIS,JPSKI,KRULS,KRINC,JPNAG,JPCBA,JPYOK,KRPYT,KRBUS,JPMIZ,JPKMA,KRYOS,AUGLE,AUNTL,AUBRI,AUHAY,RUNJK"
OFFAKKGKK,"CAPRR,CAVCR,CANWE,BRPDM,DEHAM,SARTA,KWMAA,IQMAB,AERUW,OMSOH,AEFUJ,CNHUI,MY3182,CNLSN,CNFAN,CNNBO,CNZOS,CNJIN,CNHUA,CNTAI,CNTJN,CNJIT,MY3173,CNJIA,CNLYG,CNYAN,CNMEZ,CNDAL,CNYPG,TWKAO,CNSLH,CNDJK,CNBYQ,CNSDG,AUPHE,CNRIZ,SGSGP,AUPWA,CNZHA,CNDDG,CNQIZ,CNLYW,CNQIN,CNCFD,AUDPR,CNMJS,KRPOH,KRGWA,JPFUK,JPKII,JPKIS,JPSKI,KRULS,KRINC,JPNAG,JPCBA,JPMIZ,JPKMA,KRYOS,AUNTL,AUHAY"
OARRRFKKK,"USLSA,CAVCR,USOAK,MXLCS,MXMAN,PECAL,ECGYL,USSAV,USNYK,COBUE,CLTAL,UYULA,BRPEC,BRTUB,BRPAR,BRRDJ,UYMON,BRSTS,BRRGR,GBSOU,FRLEH,BEZEE,NLAMS,SIKOP,ITGOA,DEHAM,MTMAL,ESCAR,BEANT,PLGDA,ESGIJ,NLROT,ZACPT,TRYAR,GRAGT,TRALI,ZARIB,EGPSA,JOAQA,ROCON,EGALE,SAJUB,BHBAH,KEMOM,SADMA,QAUMS,SAJED,SAYAN,KWMAA,AEJAL,AEABU,AERUW,OMSOH,AEFUJ,PKQAS,PKKAR,INKNP,INMUN,THLCB,THKSI,VNHPG,VNCAM,CNHUI,CNPAN,CNTAZ,CNLSN,HKHKG,AUGER,CNNTG,CNFAN,CNNBO,CNPYU,CNZOS,CNGUA,CNFUN,CNJIN,CNHUA,CNTAI,CNDCB,CNTJN,MYPKE,MYPAG,IDBAH,CNSTO,CNYSN,CNWGQ,CNCJK,CNJIT,CN9873,CNYZH,CNNSA,CNDSN,CNLAZ,CNYTN,CNJIA,CN1087,CNLYG,CNYAN,AUESP,CNCHS,CNMEZ,CNDAL,CNYPG,CNRUG,CNZZU,TWKAO,CNZJG,CNSLH,AUFRE,CNDJK,CNBYQ,CNLKU,CNSDG,MYTPP,CNPLI,CNCGM,CNXIA,CNBHI,TWMAI,CNRIZ,CNSHE,SGSGP,MY2243,CNJIJ,TWTAP,CNZHA,CNQUA,CNZHE,CNDDG,CNWEN,CNCHZ,CNQIZ,CNLYW,CNQHD,CNBAO,CNQIN,CNCFD,CNNJG,CNGLA,CNWEI,IDSAM,JPKAW,KRPOH,KRGWA,KRDAN,JPFUK,JPOIT,JPKIS,JPSKI,KRULS,KRINC,JPNAG,JPCBA,JPYOK,KRPYT,KRBUS,JPMIZ,JPKMA,JPOSK,AUGLE,AUMEL,AUNTL,AUADE,AUBRI"
NRSKKFNKA,"USSEA,USLSA,CAVCR,USOAK,MXLCS,MXMAN,PECAL,PABAL,USSAV,USCHA,USNYK,COBUE,CLSAN,CLTAL,UYULA,BRTUB,BRPDM,ARBNA,BRPAR,BRRDJ,UYMON,BRSTS,BRITA,BRRGR,GBSOU,FRLEH,BEZEE,FRFOS,NLAMS,SIKOP,ITGOA,DEHAM,ESBAR,MTMAL,ESCAR,BEANT,PLGDA,ESGIJ,NLROT,TRMER,ZACPT,TRYAR,GRELE,GRAGT,TRALI,EGPSA,UAODS,JOAQA,ROCON,EGALE,EGDAM,SAJUB,BHBAH,KEMOM,SADMA,QAUMS,SAJED,SAYAN,QARAS,KWMAA,AEJAL,AEABU,AERUW,OMSOH,AEFUJ,RUULG,PKKAR,INMUN,THLCB,THKSI,VNHPG,VNCAM,CNHUI,CNPAN,MY3182,CNLSN,HKHKG,CNFAN,CNNBO,CNZOS,CNGUA,MY3177,CNFUN,CNJIN,CNHUA,CNTAI,CNTJN,MYPKE,MYPAG,CNYSN,CNWGQ,CNCJK,CNJIT,CNYZH,CNNSA,CNDSN,CNYTN,CNJIA,CNLYG,CNYAN,AUESP,CNMEZ,CNDAL,CNYPG,TWKAO,CNZJG,CNSLH,CNDJK,CNBYQ,CNLKU,MYTBS,CNSDG,CNMWN,CNCGM,CNXIA,CN2039,TWMAI,CNRIZ,CNSHE,SGSGP,MY2243,TWTAP,CNZHA,CNZHE,CNDDG,CNQIZ,CNLYW,CNBAO,CNQIN,CNCFD,CNGLA,MYPGG,CNMJS,JPKAW,KRPOH,KRGWA,KRDAN,JPFUK,JPOIT,JPKIS,JPSKI,KRULS,KRINC,JPNAG,JPCBA,JPYOK,KRPYT,KRBUS,JPMIZ,JPKMA,KRYOS,AUGLE,AUAPT,AUNTL,AUBRI,AUHAY,RUNJK"
OARARAKKK,"USSEA,CAPRR,USLSA,CAVCR,USOAK,MXESE,MXLCS,MXMAN,PECAL,PABAL,ECGYL,USSAV,USNYK,COBUE,CLSAN,CLTAL,UYULA,CLLIR,BRTUB,BRPAR,BRRDJ,UYMON,BRIOA,BRSTS,BRIJI,BRITA,BRRGR,GBSOU,FRLEH,BEZEE,SIKOP,ITGOA,DEHAM,MTMAL,ESCAR,BEANT,PLGDA,ESGIJ,NLROT,TRYAR,EGSOK,JOAQA,ROCON,EGALE,SAJUB,SADMA,SAJED,KWMAA,AEJAL,AEABU,OMSOH,AEKHA,AEFUJ,PKQAS,PKKAR,INNSA,INCHN,LKCOL,INKNP,INMUN,INKUP,THLCB,VNHPG,VNCAM,CNHUI,MY3182,CNLSN,HKHKG,CNFAN,CNNBO,CNZOS,CNGUA,CNFUN,CNJIN,CNHUA,CNTAI,CNDCB,CNTJN,MYPKE,CNYSN,CNWGQ,CNCJK,CNJIT,CNYZH,CNNSA,CNDSN,CNYTN,CNJIA,CNLYG,CNYAN,AUESP,CNMEZ,CNDAL,CNYPG,TWKAO,CNZJG,AUFRE,CNDJK,CNBYQ,MYPEN,CNSDG,CNMWN,CNCGM,CNXIA,CNRIZ,CNSHE,SGSGP,TWTAP,CNZHA,CNQUA,CNZHE,CNDDG,CNQIZ,CNQHD,CNBAO,CNQIN,CNCFD,CNGLA,CNWEI,JPKAW,KRPOH,KRGWA,KRDAN,JPFUK,JPOIT,JPKIS,JPSKI,KRULS,KRINC,JPNAG,JPCBA,JPYOK,KRBUS,JPMIZ,JPKMA,KRYOS,JPOSK,AUGLE,AUMEL,AUNTL,AUADE,AUBRI"
OARCGCNSK,"USLSA,CAVCR,USOAK,MXLCS,MXMAN,PECAL,ECGYL,USNYK,COBUE,CLTAL,UYULA,BRPEC,BRTUB,BRPAR,BRRDJ,UYMON,BRSTS,BRRGR,GBSOU,FRLEH,BEZEE,NLAMS,SIKOP,ITGOA,DEHAM,MTMAL,BEANT,PLGDA,ESGIJ,NLROT,TRYAR,GRAGT,ZARIB,JOAQA,ROCON,EGALE,SAJUB,BHBAH,KEMOM,SADMA,QAUMS,SAJED,SAYAN,KWMAA,AEJAL,AEABU,OMSOH,AEFUJ,PKQAS,PKKAR,INKNP,INMUN,THLCB,THKSI,VNHPG,VNCAM,CNHUI,CNPAN,CNTAZ,CNLSN,HKHKG,AUGER,CNNTG,CNFAN,CNNBO,CNPYU,CNZOS,CNGUA,CNFUN,CNJIN,CNHUA,CNTAI,CNDCB,CNTJN,MYPKE,MYPAG,IDBAH,CNSTO,CNYSN,CNWGQ,CNCJK,CNJIT,CN9873,CNYZH,CNNSA,CNDSN,CNLAZ,CNYTN,CNJIA,CN1087,CNLYG,CNYAN,AUESP,CNCHS,CNMEZ,CNDAL,CNYPG,CNRUG,CNZZU,TWKAO,CNZJG,AUFRE,CNDJK,CNBYQ,CNLKU,CNSDG,MYTPP,CNPLI,CNCGM,CNXIA,CNBHI,TWMAI,CNRIZ,CNSHE,SGSGP,MY2243,CNJIJ,TWTAP,CNZHA,CNQUA,CNZHE,CNDDG,CNWEN,CNCHZ,CNQIZ,CNQHD,CNBAO,CNQIN,CNCFD,CNNJG,CNGLA,CNWEI,IDSAM,JPKAW,KRPOH,KRGWA,KRDAN,JPFUK,JPOIT,JPKIS,JPSKI,KRULS,KRINC,JPNAG,JPCBA,JPYOK,KRPYT,KRBUS,JPMIZ,JPKMA,JPOSK,AUGLE,AUMEL,AUNTL,AUADE,AUBRI"
OFFSOSFKK,"USLGB,USLSA,USNFK,USSAV,USNYK,BRPDM,GBLGP,MATAN,FRLEH,BEZEE,FRFOS,ITGOA,DEHAM,BEANT,PLGDA,ESVAL,NLROT,EGSOK,GRPIR,JOAQA,SADMA,QAHMD,SAJED,AEJAL,OMSOH,AEKHA,PKKAR,INNSA,INMUN,VNCMP,HKHKG,CNNBO,CNZOS,CNFUN,CNTJN,MYPKE,CNYSN,CNJIT,CNNSA,CNYTN,CNLYG,CNMEZ,CNDAL,TWKAO,CNSLH,CNDJK,CNXIA,CNSHE,SGSGP,TWTAP,CNQIN,KRGWA"
OAOFAGKKK,"USSEA,USLSA,CAVCR,USOAK,MXLCS,MXMAN,PECAL,PABAL,USNPN,USSAV,USCHA,USNYK,COBUE,CLSAN,CLTAL,UYULA,BRPEC,BRTUB,BRPDM,ARBNA,BRPAR,BRRDJ,UYMON,BRSTS,BRITA,BRRGR,GBSOU,FRLEH,BEZEE,FRFOS,NLAMS,SIKOP,ITGOA,DEHAM,ESBAR,MTMAL,ESCAR,BEANT,PLGDA,ESGIJ,NLROT,TRMER,ZACPT,TRYAR,GRELE,GRAGT,TRALI,ZARIB,EGPSA,UAODS,JOAQA,ROCON,EGALE,EGDAM,SAJUB,BHBAH,KEMOM,SADMA,QAUMS,SAJED,SAYAN,KWMAA,AEJAL,AEABU,AERUW,OMSOH,AEFUJ,RUULG,PKQAS,PKKAR,INMUN,THLCB,THKSI,VNHPG,VNCAM,VNSOD,CN9014,CNHUI,CNPAN,MY3182,CNLSN,HKHKG,AUGER,CNFAN,CNNBO,CNPYU,CNZOS,CNGUA,CNFUN,CNJIN,CNHUA,CNTAI,CN9862,CNTJN,MYPKE,MYPAG,IDBAH,CNSTO,CNYSN,CNWGQ,CNCJK,CNJIT,CN9873,CNYZH,CNNSA,CNDSN,CNLAZ,CNYTN,CNJIA,CN1087,CNLYG,CNYAN,AUESP,CNMEZ,IDTBR,CNDAL,CNYPG,CNRUG,CNZZU,CNSWE,TWKAO,CNZJG,CNSLH,CNDJK,CNBYQ,CNLKU,MYTBS,CNSDG,MYTPP,CNMWN,CNCGM,CNXIA,CN2039,CNBHI,TWMAI,CNRIZ,CNSHE,SGSGP,MY2243,TWTAP,CNZHA,CNZHE,CNDDG,CNWEN,CNQIZ,CNLYW,CNQHD,CNBAO,CNQIN,CNCFD,CNGLA,MYPGG,CNWEI,IDSAM,CNMJS,JPKAW,KRPOH,KRGWA,KRDAN,JPFUK,JPOIT,JPKIS,JPSKI,KRULS,KRINC,JPNAG,JPCBA,JPYOK,KRPYT,KRBUS,JPMIZ,JPKMA,KRYOS,AUGLE,AUNTL,AUBRI,AUHAY,RUNJK"
OACGNSKKK,"USSEA,CAPRR,USLSA,CAVCR,USOAK,MXESE,MXLCS,MXMAN,PECAL,PABAL,USSAV,USCHA,USNYK,COBUE,CLSAN,CLTAL,UYULA,CLLIR,BRPDM,ARBNA,BRPAR,BRRDJ,UYMON,BRSTS,BRIJI,BRRGR,FRLEH,BEZEE,SIKOP,ITGOA,DEHAM,ESBAR,MTMAL,BEANT,PLGDA,NLROT,TRMER,TRYAR,EGSOK,TRALI,EGPSA,JOAQA,ROCON,EGALE,EGDAM,SAJUB,SADMA,SAJED,KWMAA,AEJAL,AEABU,AERUW,OMSOH,AEKHA,AEFUJ,PKKAR,INNSA,LKCOL,INMUN,THLCB,VNHPG,VNCAM,CNHUI,MY3182,CNLSN,HKHKG,CNFAN,CNNBO,CNZOS,CNGUA,CNFUN,CNJIN,CNHUA,CNTAI,CNDCB,CNTJN,MYPKE,CNYSN,CNWGQ,CNCJK,CNJIT,CNNSA,CNYTN,CNJIA,CNLYG,CNYAN,AUESP,CNMEZ,CNDAL,CNYPG,TWKAO,CNZJG,CNSLH,CNDJK,CNBYQ,CNSDG,CNMWN,CNCGM,CNXIA,CNRIZ,CNSHE,SGSGP,TWTAP,CNZHA,CNQUA,CNZHE,CNDDG,CNQIZ,CNLYW,CNQHD,CNBAO,CNQIN,CNCFD,CNGLA,CNMJS,JPKAW,KRPOH,KRGWA,JPFUK,JPOIT,JPKIS,JPSKI,KRULS,KRINC,JPNAG,JPCBA,JPYOK,KRBUS,JPMIZ,JPKMA,KRYOS,AUGLE,AUNTL,AUHAY"
OARCNFOSK,"USLSA,CAVCR,USOAK,MXLCS,MXMAN,PECAL,ECGYL,USNYK,COBUE,CLTAL,UYULA,BRPAR,BRRDJ,UYMON,BRSTS,BRRGR,GBSOU,FRLEH,BEZEE,NLAMS,SIKOP,ITGOA,DEHAM,MTMAL,BEANT,PLGDA,ESGIJ,NLROT,TRYAR,GRAGT,ZARIB,JOAQA,ROCON,EGALE,SAJUB,BHBAH,KEMOM,SADMA,QAUMS,SAJED,SAYAN,KWMAA,AEJAL,AEABU,OMSOH,AEFUJ,PKQAS,PKKAR,INKNP,INMUN,THLCB,VNHPG,VNCAM,CNHUI,CNPAN,CNLSN,HKHKG,AUGER,CNNTG,CNFAN,CNNBO,CNZOS,CNGUA,CNFUN,CNJIN,CNHUA,CNTAI,CNDCB,CNTJN,MYPKE,MYPAG,IDBAH,CNSTO,CNYSN,CNWGQ,CNCJK,CNJIT,CNYZH,CNNSA,CNDSN,CNLAZ,CNYTN,CNJIA,CNLYG,CNYAN,AUESP,CNCHS,CNMEZ,CNDAL,CNYPG,CNRUG,CNZZU,TWKAO,CNZJG,AUFRE,CNDJK,CNBYQ,CNLKU,CNSDG,CNPLI,CNCGM,CNXIA,CNBHI,TWMAI,CNRIZ,CNSHE,SGSGP,CNJIJ,TWTAP,CNZHA,CNQUA,CNZHE,CNDDG,CNWEN,CNCHZ,CNQIZ,CNQHD,CNBAO,CNQIN,CNCFD,CNNJG,CNGLA,CNWEI,IDSAM,JPKAW,KRPOH,KRGWA,KRDAN,JPFUK,JPOIT,JPKIS,JPSKI,KRULS,KRINC,JPNAG,JPYOK,KRPYT,KRBUS,JPMIZ,JPKMA,JPOSK,AUGLE,AUMEL,AUNTL,AUADE,AUBRI"
OFFKARCKK,"USLUA,PECAL,ECGYL,USNYK,PEMAT,ECPBO,UYULA,CLMEJ,BRRDJ,UYMON,BRRGR,GBBEL,PTLXS,GNCON,IEDUB,FRLEH,BEZEE,ESHUE,ITTAR,ESTAR,DZDJE,DEHAM,FRROU,MTMAL,BEANT,PLGDA,ESGIJ,NLROT,ESBIL,TRGEB,TRYAR,ZADUR,GRAGT,LTKLJ,FIKOT,EGALE,KEMOM,TZDRS,AEJAL,OMSOH,PKQAS,PKKAR,INKAN,THLCB,IDCXP,IDJAK,VNHCM,VNHPG,VNQUN,THRAY,CNHUM,CNCJN,CNHUI,CNCZH,CNLSN,HKHKG,AUGER,CNNTG,CNFAN,CNDAF,CNYJG,CNNBO,CNZOS,CNGUA,CNFUN,CNJIN,CNHKO,CNHPU,CNDYI,CNTAI,CNTJN,MYPKE,MYPAG,CNSTO,CNYSN,CNWGQ,CNCJK,CNJIT,CNYZH,CNSHA,CNDSN,CNTAX,CNFUZ,CNJIA,TWHLN,CNLYG,CNYAN,CNWEF,CNCHS,CNMEZ,CNDAL,CNYPG,CNRUG,CNZZU,TWKAO,CNZJG,AUFRE,CNBAS,CNDJK,CNBYQ,CNYIZ,CNSHS,CNSDG,AUBUN,CNPLI,CNCGM,CNXIA,CNBHI,PHBAT,TWMAI,CNRIZ,SGSGP,TWTCH,CNJIJ,CNZHA,CNZPU,CNQUA,CNZHE,CNWEN,CNCHZ,CNQIZ,CNQHD,CNBAO,CNQIN,CNCFD,CNNJG,CNGLA,CNDNG,CNWEI,CNNDE,KRPOH,KRGWA,KRDAN,JPFUK,JPOIT,JPKIS,JPSKI,JPTOK,KRULS,KRINC,JPNAG,JPYOK,KRPYT,KRBUS,JPMIZ,JPMOJ,JPOSK,AUGLE,AUMEL,AUNTL,AUPKE,AUADE,AUGEE"
OAOKFGKKK,"USLSA,CAVCR,USOAK,MXLCS,MXMAN,PECAL,ECGYL,USSAV,USNYK,COBUE,CLTAL,UYULA,BRPEC,BRTUB,BRPAR,BRRDJ,UYMON,BRSTS,BRRGR,GBSOU,FRLEH,BEZEE,NLAMS,SIKOP,ITGOA,DEHAM,MTMAL,ESCAR,BEANT,PLGDA,ESGIJ,NLROT,ZACPT,TRYAR,GRAGT,TRALI,ZARIB,EGPSA,JOAQA,ROCON,EGALE,SAJUB,BHBAH,KEMOM,SADMA,QAUMS,SAJED,SAYAN,KWMAA,AEJAL,AEABU,AERUW,OMSOH,AEFUJ,PKQAS,PKKAR,INKNP,INMUN,THLCB,THKSI,VNHPG,VNCAM,CNHUI,CNPAN,CNTAZ,CNLSN,HKHKG,AUGER,CNNTG,CNFAN,CNNBO,CNPYU,CNZOS,CNGUA,CNFUN,CNJIN,CNHUA,CNTAI,CNDCB,CNTJN,MYPKE,MYPAG,IDBAH,CNSTO,CNYSN,CNWGQ,CNCJK,CNJIT,CN9873,CNYZH,CNNSA,CNDSN,CNLAZ,CNYTN,CNJIA,CN1087,CNLYG,CNYAN,AUESP,CNCHS,CNMEZ,CNDAL,CNYPG,CNRUG,CNZZU,TWKAO,CNZJG,CNSLH,AUFRE,CNDJK,CNBYQ,CNLKU,CNSDG,MYTPP,CNPLI,CNCGM,CNXIA,CNBHI,TWMAI,CNRIZ,CNSHE,SGSGP,MY2243,CNJIJ,TWTAP,CNZHA,CNQUA,CNZHE,CNDDG,CNWEN,CNCHZ,CNQIZ,CNLYW,CNQHD,CNBAO,CNQIN,CNCFD,CNNJG,CNGLA,CNWEI,IDSAM,JPKAW,KRPOH,KRGWA,KRDAN,JPFUK,JPOIT,JPKIS,JPSKI,KRULS,KRINC,JPNAG,JPCBA,JPYOK,KRPYT,KRBUS,JPMIZ,JPKMA,JPOSK,AUGLE,AUMEL,AUNTL,AUADE,AUBRI"
OAOFAOKKK,"USSEA,USLSA,CAVCR,USOAK,GTPQL,MXLCS,MXMAN,PECAL,PABAL,ECGYL,USSAV,USCHA,USNYK,COBUE,CLSAN,CLTAL,UYULA,BRTUB,BRPDM,ARBNA,BRPAR,BRRDJ,UYMON,BRIOA,BRSTS,BRITA,BRRGR,GBSOU,FRLEH,BEZEE,SIKOP,ITGOA,DEHAM,ESBAR,MTMAL,ESCAR,BEANT,PLGDA,ESGIJ,NLROT,TRMER,ZACPT,TRYAR,EGSOK,TRALI,EGPSA,UAODS,JOAQA,ROCON,EGALE,EGDAM,SAJUB,SADMA,SAJED,KWMAA,AEJAL,AEABU,AERUW,OMSOH,AEFUJ,PKQAS,PKKAR,INCHN,INKNP,INMUN,INVIS,INKUP,THLCB,VNHPG,VNCAM,CNHUI,CNPAN,MY3182,CNLSN,HKHKG,CNFAN,CNNBO,CNZOS,CNGUA,CNFUN,CNJIN,CNHUA,CNTAI,CNDCB,CNTJN,MYPKE,MYPAG,CNYSN,CNWGQ,CNCJK,CNJIT,CNYZH,CNNSA,CNDSN,CNYTN,CNJIA,CNLYG,CNYAN,AUESP,CNMEZ,CNDAL,CNYPG,CNZZU,TWKAO,CNZJG,CNSLH,AUFRE,CNDJK,CNBYQ,MYPEN,CNSDG,CNMWN,CNCGM,CNXIA,CNRIZ,CNSHE,SGSGP,TWTAP,CNZHA,CNZHE,CNDDG,CNQIZ,CNLYW,CNBAO,CNQIN,CNCFD,CNGLA,CNWEI,CNMJS,JPKAW,KRPOH,KRGWA,KRDAN,JPFUK,JPOIT,JPKIS,JPSKI,KRULS,KRINC,JPNAG,JPCBA,JPYOK,KRBUS,JPMIZ,JPKMA,KRYOS,JPOSK,AUGLE,AUMEL,AUNTL,AUADE,AUBRI,AUHAY"
OACNYYKKK,"USLSA,CAVCR,USOAK,GTPQL,MXLCS,MXMAN,PECAL,PABAL,ECGYL,USNPN,USSAV,USNYK,COBUE,CLTAL,UYULA,BRPEC,BRTUB,BRPDM,BRPAR,BRRDJ,UYMON,BRSTS,BRITA,BRRGR,GBSOU,FRLEH,BEZEE,NLAMS,SIKOP,ITGOA,DEHAM,ESBAR,MTMAL,ESCAR,BEANT,PLGDA,ESGIJ,NLROT,TRMER,ZACPT,TRYAR,GRELE,GRAGT,TRALI,ZARIB,EGPSA,JOAQA,ROCON,EGALE,EGDAM,SAJUB,BHBAH,KEMOM,SADMA,QAUMS,SAJED,SAYAN,KWMAA,AEJAL,AEABU,AERUW,OMSOH,AEFUJ,RUULG,PKQAS,PKKAR,INCHN,INKNP,INMUN,INVIS,THLCB,THKSI,VNHPG,VNCAM,VNSOD,CNHUI,CNPAN,CNTAZ,MY3182,CNLSN,HKHKG,AUGER,CNNTG,CNFAN,CNNBO,CNPYU,CNZOS,CNGUA,CNFUN,CNJIN,CNHUA,CNTAI,CNDCB,CN9862,CNTJN,MYPKE,MYPAG,IDBAH,CNSTO,CNYSN,CNWGQ,CNCJK,CNJIT,CN9873,CNYZH,CNNSA,CNDSN,CNLAZ,CNYTN,CNJIA,CN1087,CNLYG,CNYAN,AUESP,CNCHS,CNMEZ,CNDAL,CNYPG,CNRUG,CNZZU,CNSWE,TWKAO,CNZJG,CNSLH,AUFRE,CNDJK,CNBYQ,CNLKU,MYTBS,CNSDG,MYTPP,CNMWN,CNCGM,CNXIA,CNBHI,TWMAI,CNRIZ,CNSHE,SGSGP,MY2243,CNJIJ,TWTAP,CNZHA,CNQUA,CNZHE,CNDDG,CNWEN,CNCHZ,CNQIZ,CNLYW,CNQHD,CNBAO,CNQIN,CNCFD,CNNJG,CNGLA,MYPGG,CNWEI,IDSAM,CNMJS,JPKAW,KRPOH,KRGWA,KRDAN,JPFUK,JPOIT,JPKIS,JPSKI,KRULS,KRINC,JPNAG,JPCBA,JPYOK,KRPYT,KRBUS,JPMIZ,JPKMA,KRYOS,JPOSK,AUGLE,AUMEL,AUNTL,AUADE,AUBRI,AUHAY,RUNJK"
OARRKAKKK,"USSEA,USLSA,CAVCR,USOAK,MXLCS,MXMAN,PECAL,PABAL,USNPN,USSAV,USCHA,CAPCA,USNYK,COBUE,CLSAN,CLTAL,UYULA,BRPEC,BRTUB,BRPDM,ARBNA,BRPAR,BRRDJ,UYMON,BRSTS,BRITA,BRRGR,GBSOU,FRLEH,BEZEE,FRFOS,NLAMS,SIKOP,ITGOA,FRDKK,DEHAM,ESBAR,MTMAL,ESCAR,BEANT,PLGDA,ESGIJ,NLROT,TRMER,ZACPT,TRYAR,GRELE,GRAGT,TRALI,ZARIB,EGPSA,UAODS,JOAQA,ROCON,EGALE,EGDAM,SAJUB,BHBAH,KEMOM,SADMA,QAUMS,SAJED,SAYAN,KWMAA,AEJAL,AEABU,AERUW,OMSOH,AEFUJ,RUULG,PKKAR,INMUN,THLCB,THKSI,VNHPG,VNCAM,VNSOD,CNHUI,CNPAN,MY3182,CNLSN,HKHKG,AUGER,CNFAN,CNNBO,CNZOS,CNGUA,CNFUN,CNJIN,CNHUA,CNTAI,CNTJN,MYPKE,MYPAG,IDBAH,CNSTO,CNYSN,CNWGQ,CNCJK,CNJIT,CNYZH,CNNSA,CNDSN,CNLAZ,CNYTN,CNJIA,CNLYG,CNYAN,AUESP,CNMEZ,IDTBR,CNDAL,CNYPG,CNRUG,CNZZU,CNSWE,TWKAO,CNZJG,CNSLH,CNDJK,CNBYQ,CNLKU,MYTBS,CNSDG,CNMWN,CNCGM,CNXIA,CN2039,TWMAI,CNRIZ,CNSHE,SGSGP,MY2243,TWTAP,CNZHA,CNZHE,CNDDG,CNWEN,CNQIZ,CNLYW,CNBAO,CNQIN,CNCFD,CNGLA,MYPGG,IDSAM,CNMJS,JPKAW,KRPOH,KRGWA,KRDAN,JPFUK,JPOIT,JPKIS,JPSKI,KRULS,KRINC,JPNAG,JPCBA,JPYOK,KRPYT,KRBUS,JPMIZ,JPKMA,KRYOS,AUGLE,AUNTL,AUBRI,AUHAY,RUNJK"
OFFOGONKK,"USSEA,CAPRR,USLSA,CAVCR,USOAK,MXLCS,MXMAN,PECAL,PABAL,ECGYL,USSAV,USNYK,COBUE,CLSAN,CLTAL,UYULA,BRTUB,BRPAR,BRRDJ,UYMON,BRIOA,BRSTS,BRIJI,BRITA,BRRGR,GBSOU,FRLEH,BEZEE,SIKOP,ITGOA,DEHAM,MTMAL,ESCAR,BEANT,PLGDA,ESGIJ,NLROT,TRYAR,EGSOK,JOAQA,ROCON,EGALE,SAJUB,SADMA,SAJED,KWMAA,AEJAL,AEABU,OMSOH,AEFUJ,PKQAS,PKKAR,INNSA,INCHN,LKCOL,INKNP,INMUN,INKUP,THLCB,VNHPG,VNCAM,CNHUI,CNPAN,MY3182,CNLSN,HKHKG,CNFAN,CNNBO,CNZOS,CNGUA,CNFUN,CNJIN,CNHUA,CNTAI,CNDCB,CNTJN,MYPKE,MYPAG,CNYSN,CNWGQ,CNCJK,CNJIT,CNYZH,CNNSA,CNDSN,CNYTN,CNJIA,CNLYG,CNYAN,AUESP,CNMEZ,CNDAL,CNYPG,CNZZU,TWKAO,CNZJG,AUFRE,CNDJK,CNBYQ,MYPEN,CNSDG,CNMWN,CNCGM,CNXIA,CNRIZ,CNSHE,SGSGP,TWTAP,CNZHA,CNQUA,CNZHE,CNDDG,CNQIZ,CNQHD,CNBAO,CNQIN,CNCFD,CNGLA,CNWEI,JPKAW,KRPOH,KRGWA,KRDAN,JPFUK,JPOIT,JPKIS,JPSKI,KRULS,KRINC,JPNAG,JPCBA,JPYOK,KRBUS,JPMIZ,JPKMA,KRYOS,JPOSK,AUGLE,AUMEL,AUNTL,AUADE,AUBRI"
OFFCKCCKK,"CNNBO,CNZOS,CNDAL,SGSGP"
OARACRKKK,"USLSA,CAVCR,USOAK,GTPQL,MXLCS,MXMAN,PECAL,PABAL,ECGYL,USNPN,USSAV,USNYK,COBUE,CLTAL,UYULA,BRPEC,BRTUB,BRPDM,BRPAR,BRRDJ,UYMON,BRSTS,BRITA,BRRGR,GBSOU,FRLEH,BEZEE,NLAMS,SIKOP,ITGOA,DEHAM,ESBAR,MTMAL,ESCAR,BEANT,PLGDA,ESGIJ,NLROT,TRMER,ZACPT,TRYAR,GRELE,GRAGT,TRALI,ZARIB,EGPSA,JOAQA,ROCON,EGALE,EGDAM,SAJUB,BHBAH,KEMOM,SADMA,QAUMS,SAJED,SAYAN,KWMAA,AEJAL,AEABU,AERUW,OMSOH,AEFUJ,RUULG,PKQAS,PKKAR,INCHN,INKNP,INMUN,INVIS,THLCB,THKSI,VNHPG,VNCAM,VNSOD,CNHUI,CNPAN,CNTAZ,MY3182,CNLSN,HKHKG,AUGER,CNNTG,CNFAN,CNNBO,CNPYU,CNZOS,CNGUA,CNFUN,CNJIN,CNHUA,CNTAI,CNDCB,CN9862,CNTJN,MYPKE,MYPAG,IDBAH,CNSTO,CNYSN,CNWGQ,CNCJK,CNJIT,CN9873,CNYZH,CNNSA,CNDSN,CNLAZ,CNYTN,CNJIA,CN1087,CNLYG,CNYAN,AUESP,CNCHS,CNMEZ,CNDAL,CNYPG,CNRUG,CNZZU,CNSWE,TWKAO,CNZJG,CNSLH,AUFRE,CNDJK,CNBYQ,CNLKU,MYTBS,CNSDG,MYTPP,CNMWN,CNCGM,CNXIA,CNBHI,TWMAI,CNRIZ,CNSHE,SGSGP,MY2243,CNJIJ,TWTAP,CNZHA,CNQUA,CNZHE,CNDDG,CNWEN,CNCHZ,CNQIZ,CNLYW,CNQHD,CNBAO,CNQIN,CNCFD,CNNJG,CNGLA,MYPGG,CNWEI,IDSAM,CNMJS,JPKAW,KRPOH,KRGWA,KRDAN,JPFUK,JPOIT,JPKIS,JPSKI,KRULS,KRINC,JPNAG,JPCBA,JPYOK,KRPYT,KRBUS,JPMIZ,JPKMA,KRYOS,JPOSK,AUGLE,AUMEL,AUNTL,AUADE,AUBRI,AUHAY,RUNJK"
OFFCKASKK,"USLSA,CAVCR,USOAK,GTSTC,USBEA,USBTR,MXLCS,USLUA,MXMAN,PECAL,ECGYL,USNYK,COBAR,COBUE,UYULA,BRVIT,BRRDJ,UYMON,BRSTS,BRRGR,GBBEL,PTLXS,MACAS,GBSOU,GHTEM,GNCON,IEDUB,CIABI,FRLEH,BEZEE,NLAMS,SIKOP,ITGOA,NLVSG,ESHUE,ITTAR,ESTAR,DZDJE,DEHAM,ITRAV,FRROU,MTMAL,BEANT,PLGDA,ESSAN,ESGIJ,NLROT,ESSAG,ESBIL,TRGEB,LVRIX,TRYAR,ZADUR,GRAGT,TRLMA,TRDER,ZARIB,JOAQA,LTKLJ,FIKOT,ROCON,ZAPLZ,UACHO,EGALE,SAJUB,BHBAH,KEMOM,TZDRS,SADMA,QAUMS,SAJED,SAYAN,KWMAA,AEJAL,AEABU,AERAK,RUSPG,OMSOH,AEFUJ,PKQAS,PKKAR,INKAN,INKNP,INMUN,THLCB,VNPHU,VNNGH,IDJAK,VNHCM,VNHPG,VNCAM,VNQUN,IDSUR,CNHUM,CNCJN,CNHUI,CNCZH,CNSHD,CNLSN,HKHKG,AUGER,CNNTG,CNFAN,CNDAF,CNYJG,CNNBO,CNZOS,CNGUA,CNFUN,CNJIN,CNHKO,CNHPU,CNDYI,CNHUA,CNTAI,CNDCB,CNTJN,MYKUA,MYPKE,MYPAG,IDBAH,CNSTO,CNYSN,CNWGQ,CNCJK,CNJIT,CNYZH,CNNSA,CNDSN,CNTAX,CNLAZ,CNFUZ,CNYTN,CNJIA,TWHLN,CNLYG,CNYAN,TWKEE,AUESP,CNCHS,CNMEZ,CNDAL,CNYPG,CNRUG,CNZZU,TWKAO,CNZJG,AUFRE,CNBAS,CNSIZ,CNDJK,CNBYQ,CNLKU,CNSDG,CNPLI,CNCGM,CNXIA,CNBHI,TWMAI,CNRIZ,CNSHE,SGSGP,TWTCH,CNJIJ,CNZHA,CNZPU,CNQUA,CNZHE,CNDDG,CNWEN,CNCHZ,CNQIZ,CNQHD,CNBAO,CNQIN,CNLVS,CNCFD,CNNJG,CNGLA,CNDNG,CNWEI,IDSAM,CNNDE,KRPOH,KRKUN,KRGWA,JPHIB,KRDAN,JPFUK,JPOIT,JPKIS,JPSKI,JPTOK,KRULS,KRINC,JPNAG,JPYOK,KRPYT,KRBUS,JPMIZ,JPKMA,JPOSK,AUGLE,AUMEL,AUNTL,AUPKE,AUADE,AUBRI,AUBNE,NZAKL,NZTAU,NZNAP"
NGNAKKKKK,"USLSA,CAVCR,USOAK,MXLCS,MXMAN,PECAL,ECGYL,USSAV,USNYK,COBUE,UYULA,BRPEC,BRTUB,BRPAR,BRRDJ,UYMON,BRSTS,BRRGR,GBSOU,FRLEH,BEZEE,NLAMS,SIKOP,ITGOA,DEHAM,MTMAL,ESCAR,BEANT,PLGDA,ESGIJ,NLROT,TRMER,ZACPT,TRYAR,GRAGT,TRALI,ZARIB,EGPSA,JOAQA,ROCON,EGALE,SAJUB,BHBAH,KEMOM,SADMA,QAUMS,SAJED,SAYAN,KWMAA,AEJAL,AEABU,OMSOH,AEFUJ,PKQAS,PKKAR,INKNP,INMUN,THLCB,THKSI,VNHPG,VNCAM,CNHUI,CNPAN,CNTAZ,CNLSN,HKHKG,AUGER,CNNTG,CNFAN,CNNBO,CNPYU,CNZOS,CNGUA,CNFUN,CNJIN,CNHUA,CNTAI,CNDCB,CNTJN,MYPKE,MYPAG,IDBAH,CNSTO,CNYSN,CNWGQ,CNCJK,CNJIT,CN9873,CNYZH,CNNSA,CNDSN,CNLAZ,CNYTN,CNJIA,CN1087,CNLYG,CNYAN,AUESP,CNCHS,CNMEZ,CNDAL,CNYPG,CNRUG,CNZZU,TWKAO,CNZJG,CNSLH,AUFRE,CNDJK,CNBYQ,CNLKU,CNSDG,MYTPP,CNPLI,CNCGM,CNXIA,CNBHI,TWMAI,CNRIZ,CNSHE,SGSGP,MY2243,CNJIJ,TWTAP,CNZHA,CNQUA,CNZHE,CNDDG,CNWEN,CNCHZ,CNQIZ,CNQHD,CNBAO,CNQIN,CNCFD,CNNJG,CNGLA,CNWEI,IDSAM,KRPOH,KRGWA,KRDAN,JPFUK,JPOIT,JPKIS,JPSKI,KRULS,KRINC,JPNAG,JPCBA,JPYOK,KRPYT,KRBUS,JPMIZ,JPKMA,JPOSK,AUGLE,AUMEL,AUNTL,AUADE,AUBRI"
NGOOCKKKK,"USSEA,USLSA,CAVCR,USOAK,MXLCS,MXMAN,PECAL,PABAL,USSAV,USCHA,USNYK,COBUE,CLSAN,CLTAL,UYULA,BRTUB,BRPDM,ARBNA,BRPAR,BRRDJ,UYMON,BRSTS,BRITA,BRRGR,GBSOU,FRLEH,BEZEE,FRFOS,SIKOP,ITGOA,DEHAM,ESBAR,MTMAL,ESCAR,BEANT,PLGDA,ESGIJ,NLROT,TRMER,TRYAR,TRALI,EGPSA,UAODS,JOAQA,ROCON,EGALE,EGDAM,SAJUB,SADMA,SAJED,SARTA,QARAS,KWMAA,IQMAB,AEJAL,AEABU,AERUW,OMSOH,AEFUJ,PKQAS,PKKAR,INMUN,THLCB,THKSI,VNHPG,VNCAM,CNHUI,CNPAN,MY3182,CNLSN,HKHKG,CNFAN,CNNBO,CNZOS,CNGUA,CNFUN,CNJIN,CNHUA,CNTAI,CNTJN,MYPKE,MYPAG,CNYSN,CNWGQ,CNCJK,CNJIT,CNYZH,CNNSA,CNDSN,CNYTN,CNJIA,CNLYG,CNYAN,AUESP,CNMEZ,CNDAL,CNYPG,TWKAO,CNZJG,CNSLH,CNDJK,CNBYQ,CNLKU,CN9878,CNSDG,CNMWN,CNCGM,CNXIA,CN2039,CNRIZ,CNSHE,SGSGP,MY2243,TWTAP,CNZHA,CNZHE,CNDDG,CNQIZ,CNLYW,CNQHD,CNBAO,CNQIN,CNCFD,CNGLA,CNWEI,CNMJS,JPKAW,KRPOH,KRGWA,KRDAN,JPFUK,JPOIT,JPKIS,JPSKI,KRULS,KRINC,JPNAG,JPCBA,JPYOK,KRPYT,KRBUS,JPMIZ,JPKMA,KRYOS,AUGLE,AUNTL,AUBRI,AUSYD,AUHAY,RUNJK"
OFFCSGCKK,"BEZEE,DEHAM,BEANT,PLGDA,NLROT,GRPIR,SADMA,AEJAL,AEKHA,CNNBO,CNZOS,CNTJN,MYPKE,CNYSN,CNNSA,CNYTN,CNLYG,CNDAL,CNXIA,SGSGP,CNQIN,KRGWA"
OARFGAKKK,"USSEA,CAPRR,USLSA,CAVCR,USOAK,MXESE,MXLCS,MXMAN,PECAL,PABAL,USSAV,USNYK,COBUE,CLSAN,CLTAL,UYULA,CLLIR,BRPDM,ARBNA,BRPAR,BRRDJ,UYMON,BRSTS,BRIJI,BRRGR,FRLEH,BEZEE,SIKOP,ITGOA,DEHAM,ESBAR,MTMAL,BEANT,PLGDA,NLROT,TRMER,TRYAR,EGSOK,TRALI,EGPSA,JOAQA,ROCON,EGALE,EGDAM,SAJUB,SADMA,SAJED,KWMAA,AEJAL,AEABU,AERUW,OMSOH,AEKHA,AEFUJ,PKKAR,INNSA,LKCOL,INMUN,THLCB,VNHPG,VNCAM,CNHUI,MY3182,CNLSN,HKHKG,CNFAN,CNNBO,CNZOS,CNGUA,CNFUN,CNJIN,CNHUA,CNTAI,CNDCB,CNTJN,MYPKE,CNYSN,CNWGQ,CNCJK,CNJIT,CNNSA,CNYTN,CNJIA,CNLYG,CNYAN,AUESP,CNMEZ,CNDAL,CNYPG,TWKAO,CNZJG,CNSLH,CNDJK,CNBYQ,CNSDG,CNMWN,CNCGM,CNXIA,CNRIZ,CNSHE,SGSGP,TWTAP,CNZHA,CNQUA,CNZHE,CNDDG,CNQIZ,CNLYW,CNQHD,CNBAO,CNQIN,CNCFD,CNGLA,CNMJS,JPKAW,KRPOH,KRGWA,JPFUK,JPOIT,JPKIS,JPSKI,KRULS,KRINC,JPNAG,JPCBA,JPYOK,KRBUS,JPMIZ,JPKMA,KRYOS,AUGLE,AUNTL,AUHAY"
OAOFCSKKK,"USSEA,USLSA,CAVCR,USOAK,MXMAN,PECAL,PABAL,USSAV,USCHA,USNYK,COBUE,CLSAN,UYULA,BRTUB,BRPDM,ARBNA,BRPAR,BRRDJ,UYMON,BRSTS,BRITA,BRRGR,GBSOU,FRLEH,BEZEE,FRFOS,SIKOP,ITGOA,DEHAM,ESBAR,MTMAL,ESCAR,BEANT,PLGDA,ESGIJ,NLROT,TRMER,TRYAR,TRALI,EGPSA,UAODS,JOAQA,ROCON,EGALE,EGDAM,SAJUB,SADMA,SAJED,SARTA,QARAS,KWMAA,IQMAB,AEJAL,AEABU,AERUW,OMSOH,AEFUJ,PKKAR,INMUN,THLCB,VNHPG,VNCAM,CNHUI,CNPAN,MY3182,CNLSN,HKHKG,CNFAN,CNNBO,CNZOS,CNGUA,CNFUN,CNJIN,AUCPN,CNHUA,CNTAI,CNTJN,MYPKE,MYPAG,CNYSN,CNWGQ,CNCJK,CNJIT,CNYZH,CNNSA,CNDSN,CNYTN,CNJIA,CNLYG,CNYAN,AUESP,CNMEZ,CNDAL,CNYPG,CN8965,TWKAO,CNZJG,CNSLH,CNDJK,CNBYQ,CNLKU,CNSDG,CNMWN,CNCGM,AUPHE,CNXIA,CNRIZ,CNSHE,SGSGP,MY2243,TWTAP,CNZHA,CNZHE,CNDDG,CNQIZ,CNLYW,CNBAO,CNQIN,CNCFD,CNGLA,CNMJS,JPKAW,KRPOH,KRGWA,KRDAN,JPFUK,JPOIT,JPKIS,JPSKI,KRULS,KRINC,JPNAG,JPCBA,JPYOK,KRPYT,KRBUS,JPMIZ,JPKMA,KRYOS,AUGLE,AUAPT,AUNTL,AUBRI,AUHAY"
OARCGANOK,"USLSA,CAVCR,USOAK,MXLCS,MXMAN,PECAL,ECGYL,USNYK,COBUE,CLTAL,UYULA,BRPAR,BRRDJ,UYMON,BRSTS,BRRGR,GBSOU,FRLEH,BEZEE,NLAMS,SIKOP,ITGOA,DEHAM,MTMAL,BEANT,PLGDA,ESGIJ,NLROT,TRYAR,GRAGT,ZARIB,JOAQA,ROCON,EGALE,SAJUB,BHBAH,KEMOM,SADMA,QAUMS,SAJED,SAYAN,KWMAA,AEJAL,AEABU,OMSOH,AEFUJ,PKQAS,PKKAR,INKNP,INMUN,THLCB,THKSI,VNHPG,VNCAM,CNHUI,CNPAN,CNLSN,HKHKG,AUGER,CNNTG,CNFAN,CNNBO,CNPYU,CNZOS,CNGUA,CNFUN,CNJIN,CNHUA,CNTAI,CNDCB,CNTJN,MYPKE,MYPAG,IDBAH,CNSTO,CNYSN,CNWGQ,CNCJK,CNJIT,CN9873,CNYZH,CNNSA,CNDSN,CNLAZ,CNYTN,CNJIA,CN1087,CNLYG,CNYAN,AUESP,CNCHS,CNMEZ,CNDAL,CNYPG,CNRUG,CNZZU,TWKAO,CNZJG,AUFRE,CNDJK,CNBYQ,CNLKU,CNSDG,MYTPP,CNPLI,CNCGM,CNXIA,CNBHI,TWMAI,CNRIZ,CNSHE,SGSGP,MY2243,CNJIJ,TWTAP,CNZHA,CNQUA,CNZHE,CNDDG,CNWEN,CNCHZ,CNQIZ,CNQHD,CNBAO,CNQIN,CNCFD,CNNJG,CNGLA,CNWEI,IDSAM,JPKAW,KRPOH,KRGWA,KRDAN,JPFUK,JPOIT,JPKIS,JPSKI,KRULS,KRINC,JPNAG,JPCBA,JPYOK,KRPYT,KRBUS,JPMIZ,JPKMA,JPOSK,AUGLE,AUMEL,AUNTL,AUADE,AUBRI"
OFFANSFKK,"USLGB,USLSA,PABAL,USNFK,USSAV,USCHA,USNYK,BRPDM,GBLGP,MATAN,FRLEH,BEZEE,FRFOS,ITGOA,DEHAM,BEANT,PLGDA,ESVAL,NLROT,EGSOK,GRPIR,JOAQA,DJDJI,SADMA,QAHMD,SAJED,AEJAL,OMSOH,AEKHA,PKKAR,INNSA,INMUN,VNCMP,HKHKG,CNNBO,CNZOS,CNFUN,CNTJN,MYPKE,CNYSN,CNWGQ,CNCJK,CNJIT,CNNSA,CNYTN,CNLYG,CNMEZ,CNDAL,TWKAO,CNSLH,CNDJK,CNXIA,CNSHE,SGSGP,TWTAP,CNQIN,KRGWA,KRBUS"
OAONORKKK,"USLSA,CAVCR,USOAK,MXLCS,MXMAN,PECAL,ECGYL,USNYK,COBUE,UYULA,BRPAR,BRRDJ,UYMON,BRSTS,BRRGR,GBSOU,FRLEH,BEZEE,SIKOP,ITGOA,DEHAM,MTMAL,BEANT,PLGDA,ESGIJ,NLROT,TRYAR,GRAGT,ZARIB,JOAQA,ROCON,EGALE,SAJUB,BHBAH,KEMOM,SADMA,QAUMS,SAJED,SAYAN,KWMAA,AEJAL,AEABU,OMSOH,AEFUJ,PKQAS,PKKAR,INKNP,INMUN,THLCB,VNHPG,VNCAM,CNHUI,CNLSN,HKHKG,AUGER,CNNTG,CNFAN,CNNBO,CNZOS,CNGUA,CNFUN,CNJIN,CNHUA,CNTAI,CNDCB,CNTJN,MYPKE,MYPAG,IDBAH,CNSTO,CNYSN,CNWGQ,CNCJK,CNJIT,CNYZH,CNNSA,CNDSN,CNLAZ,CNYTN,CNJIA,CNLYG,CNYAN,AUESP,CNCHS,CNMEZ,CNDAL,CNYPG,CNRUG,CNZZU,TWKAO,CNZJG,AUFRE,CNDJK,CNBYQ,CNLKU,CNSDG,MYTPP,CNCGM,CNXIA,CNBHI,TWMAI,CNRIZ,CNSHE,SGSGP,CNJIJ,TWTAP,CNZHA,CNQUA,CNZHE,CNDDG,CNWEN,CNQIZ,CNQHD,CNBAO,CNQIN,CNCFD,CNNJG,CNGLA,CNWEI,IDSAM,KRPOH,KRGWA,KRDAN,JPFUK,JPOIT,JPKIS,JPSKI,KRULS,KRINC,JPNAG,JPYOK,KRPYT,KRBUS,JPMIZ,JPKMA,JPOSK,AUGLE,AUMEL,AUNTL,AUADE,AUBRI"
OFFKFAYKK,"USLSA,CAVCR,USOAK,MXLCS,MXMAN,PECAL,ECGYL,USNYK,COBUE,UYULA,BRPAR,BRRDJ,UYMON,BRSTS,BRRGR,GBSOU,FRLEH,BEZEE,NLAMS,SIKOP,ITGOA,DEHAM,MTMAL,BEANT,PLGDA,ESGIJ,NLROT,TRYAR,GRAGT,ZARIB,JOAQA,ROCON,EGALE,SAJUB,BHBAH,KEMOM,SADMA,QAUMS,SAJED,SAYAN,KWMAA,AEJAL,AEABU,OMSOH,AEFUJ,PKQAS,PKKAR,INKNP,INMUN,THLCB,THKSI,VNHPG,VNCAM,CNHUI,CNPAN,CNTAZ,MY3182,CNLSN,HKHKG,AUGER,CNNTG,CNFAN,CNNBO,CNPYU,CNZOS,CNGUA,CNFUN,CNJIN,CNHUA,CNTAI,CNDCB,CNTJN,MYPKE,MYPAG,IDBAH,CNSTO,CNYSN,CNWGQ,CNCJK,CNJIT,CN9873,CNYZH,CNNSA,CNDSN,CNLAZ,CNYTN,CNJIA,CN1087,CNLYG,CNYAN,AUESP,CNCHS,CNMEZ,CNDAL,CNYPG,CNRUG,CNZZU,TWKAO,CNZJG,AUFRE,CNDJK,CNBYQ,CNLKU,MYTBS,CNSDG,MYTPP,CNCGM,CNXIA,CNBHI,TWMAI,CNRIZ,CNSHE,SGSGP,CNJIJ,TWTAP,CNZHA,CNQUA,CNZHE,CNDDG,CNWEN,CNQIZ,CNQHD,CNBAO,CNQIN,CNCFD,CNNJG,CNGLA,MYPGG,CNWEI,IDSAM,KRPOH,KRGWA,KRDAN,JPFUK,JPOIT,JPKIS,JPSKI,KRULS,KRINC,JPNAG,JPCBA,JPYOK,KRPYT,KRBUS,JPMIZ,JPKMA,JPOSK,AUGLE,AUMEL,AUNTL,AUADE,AUBRI"
OFFYCNGKK,"BRPDM,SARTA,KWMAA,IQMAB,AERUW,OMSOH,AEFUJ,CNHUI,MY3182,CNLSN,CNNBO,CNZOS,CNJIN,CNTJN,CNJIT,MY3173,CNLYG,CNYAN,CNMEZ,CNDAL,CNYPG,TWKAO,CNSLH,CNDJK,CNSDG,AUPHE,CNRIZ,SGSGP,CNZHA,CNQIZ,CNQIN,CNCFD,CNMJS,KRGWA,JPKII,JPSKI,KRULS,KRINC,JPCBA,KRYOS"
OFFSOFNKK,"USLSA,CAVCR,USOAK,MXLCS,MXMAN,PECAL,PABAL,ECGYL,USNPN,USSAV,USNYK,COBUE,CLTAL,UYULA,BRPEC,BRTUB,BRPAR,BRRDJ,UYMON,BRSTS,BRITA,BRRGR,GBSOU,FRLEH,BEZEE,NLAMS,SIKOP,ITGOA,DEHAM,ESBAR,MTMAL,ESCAR,BEANT,PLGDA,ESGIJ,NLROT,TRMER,ZACPT,TRYAR,GRELE,GRAGT,TRALI,ZARIB,EGPSA,JOAQA,ROCON,EGALE,SAJUB,BHBAH,KEMOM,SADMA,QAUMS,SAJED,SAYAN,KWMAA,AEJAL,AEABU,AERUW,OMSOH,AEFUJ,RUULG,PKQAS,PKKAR,INCHN,INKNP,INMUN,INVIS,THLCB,THKSI,VNHPG,VNCAM,VNSOD,CNHUI,CNPAN,CNTAZ,MY3182,CNLSN,HKHKG,AUGER,CNNTG,CNFAN,CNNBO,CNPYU,CNZOS,CNGUA,CNFUN,CNJIN,CNHUA,CNTAI,CNDCB,CN9862,CNTJN,MYPKE,MYPAG,IDBAH,CNSTO,CNYSN,CNWGQ,CNCJK,CNJIT,CN9873,CNYZH,CNNSA,CNDSN,CNLAZ,CNYTN,CNJIA,CN1087,CNLYG,CNYAN,AUESP,CNCHS,CNMEZ,CNDAL,CNYPG,CNRUG,CNZZU,TWKAO,CNZJG,CNSLH,AUFRE,CNDJK,CNBYQ,CNLKU,MYTBS,CNSDG,MYTPP,CNPLI,CNMWN,CNCGM,CNXIA,CNBHI,TWMAI,CNRIZ,CNSHE,SGSGP,MY2243,CNJIJ,TWTAP,CNZHA,CNQUA,CNZHE,CNDDG,CNWEN,CNCHZ,CNQIZ,CNLYW,CNQHD,CNBAO,CNQIN,CNCFD,CNNJG,CNGLA,MYPGG,CNWEI,IDSAM,JPKAW,KRPOH,KRGWA,KRDAN,JPFUK,JPOIT,JPKIS,JPSKI,KRULS,KRINC,JPNAG,JPCBA,JPYOK,KRPYT,KRBUS,JPMIZ,JPKMA,KRYOS,JPOSK,AUGLE,AUMEL,AUNTL,AUADE,AUBRI,AUHAY,RUNJK"
OARAONKKK,"USSEA,CAPRR,USLSA,CAVCR,USOAK,MXESE,MXLCS,MXMAN,PECAL,PABAL,ECGYL,USSAV,USNYK,COBUE,CLSAN,CLTAL,UYULA,CLLIR,BRTUB,BRPAR,BRRDJ,UYMON,BRIOA,BRSTS,BRIJI,BRITA,BRRGR,GBSOU,FRLEH,BEZEE,SIKOP,ITGOA,DEHAM,MTMAL,ESCAR,BEANT,PLGDA,ESGIJ,NLROT,TRYAR,EGSOK,JOAQA,ROCON,EGALE,SAJUB,SADMA,SAJED,KWMAA,AEJAL,AEABU,OMSOH,AEKHA,AEFUJ,PKQAS,PKKAR,INNSA,INCHN,LKCOL,INKNP,INMUN,INKUP,THLCB,VNHPG,VNCAM,CNHUI,MY3182,CNLSN,HKHKG,CNFAN,CNNBO,CNZOS,CNGUA,CNFUN,CNJIN,CNHUA,CNTAI,CNDCB,CNTJN,MYPKE,CNYSN,CNWGQ,CNCJK,CNJIT,CNYZH,CNNSA,CNDSN,CNYTN,CNJIA,CNLYG,CNYAN,AUESP,CNMEZ,CNDAL,CNYPG,TWKAO,CNZJG,AUFRE,CNDJK,CNBYQ,MYPEN,CNSDG,CNMWN,CNCGM,CNXIA,CNRIZ,CNSHE,SGSGP,TWTAP,CNZHA,CNQUA,CNZHE,CNDDG,CNQIZ,CNQHD,CNBAO,CNQIN,CNCFD,CNGLA,CNWEI,JPKAW,KRPOH,KRGWA,KRDAN,JPFUK,JPOIT,JPKIS,JPSKI,KRULS,KRINC,JPNAG,JPCBA,JPYOK,KRBUS,JPMIZ,JPKMA,KRYOS,JPOSK,AUGLE,AUMEL,AUNTL,AUADE,AUBRI"
OARKGSKKK,"USSEA,CAPRR,USLSA,CAVCR,USOAK,MXLCS,MXMAN,PECAL,PABAL,ECGYL,USSAV,USNYK,COBUE,CLSAN,CLTAL,UYULA,BRTUB,BRPAR,BRRDJ,UYMON,BRIOA,BRSTS,BRIJI,BRITA,BRRGR,GBSOU,FRLEH,BEZEE,SIKOP,ITGOA,DEHAM,MTMAL,ESCAR,BEANT,PLGDA,ESGIJ,NLROT,TRYAR,EGSOK,JOAQA,ROCON,EGALE,SAJUB,SADMA,SAJED,KWMAA,AEJAL,AEABU,OMSOH,AEFUJ,PKQAS,PKKAR,INNSA,INCHN,LKCOL,INKNP,INMUN,INKUP,THLCB,VNHPG,VNCAM,CNHUI,MY3182,CNLSN,HKHKG,CNFAN,CNNBO,CNZOS,CNGUA,CNFUN,CNJIN,CNHUA,CNTAI,CNDCB,CNTJN,MYPKE,CNYSN,CNWGQ,CNCJK,CNJIT,CNYZH,CNNSA,CNDSN,CNYTN,CNJIA,CNLYG,CNYAN,AUESP,CNMEZ,CNDAL,CNYPG,TWKAO,CNZJG,AUFRE,CNDJK,CNBYQ,MYPEN,CNSDG,CNMWN,CNCGM,CNXIA,CNRIZ,CNSHE,SGSGP,TWTAP,CNZHA,CNQUA,CNZHE,CNDDG,CNQIZ,CNQHD,CNBAO,CNQIN,CNCFD,CNGLA,CNWEI,JPKAW,KRPOH,KRGWA,KRDAN,JPFUK,JPOIT,JPKIS,JPSKI,KRULS,KRINC,JPNAG,JPCBA,JPYOK,KRBUS,JPMIZ,JPKMA,KRYOS,JPOSK,AUGLE,AUMEL,AUNTL,AUADE,AUBRI"
OARNCAACK,"CNHUI,CNCZH,CNFAN,CNYJG,CNGUA,CNHKO,CNSTO,CNSYA,CNYPG,CNBHI,CNZHA,CNHAA,CNDNG"
OAOKFYKKK,"USLSA,CAVCR,USOAK,GTPQL,MXLCS,MXMAN,PECAL,PABAL,ECGYL,USNPN,USSAV,USNYK,COBUE,CLTAL,UYULA,BRPEC,BRTUB,BRPDM,BRPAR,BRRDJ,UYMON,BRSTS,BRITA,BRRGR,GBSOU,FRLEH,BEZEE,NLAMS,SIKOP,ITGOA,DEHAM,ESBAR,MTMAL,ESCAR,BEANT,PLGDA,ESGIJ,NLROT,TRMER,ZACPT,TRYAR,GRELE,GRAGT,TRALI,ZARIB,EGPSA,JOAQA,ROCON,EGALE,EGDAM,SAJUB,BHBAH,KEMOM,SADMA,QAUMS,SAJED,SAYAN,KWMAA,AEJAL,AEABU,AERUW,OMSOH,AEFUJ,RUULG,PKQAS,PKKAR,INCHN,INKNP,INMUN,INVIS,THLCB,THKSI,VNHPG,VNCAM,VNSOD,CNHUI,CNPAN,CNTAZ,MY3182,CNLSN,HKHKG,AUGER,CNNTG,CNFAN,CNNBO,CNPYU,CNZOS,CNGUA,CNFUN,CNJIN,CNHUA,CNTAI,CNDCB,CN9862,CNTJN,MYPKE,MYPAG,IDBAH,CNSTO,CNYSN,CNWGQ,CNCJK,CNJIT,CN9873,CNYZH,CNNSA,CNDSN,CNLAZ,CNYTN,CNJIA,CN1087,CNLYG,CNYAN,AUESP,CNCHS,CNMEZ,CNDAL,CNYPG,CNRUG,CNZZU,TWKAO,CNZJG,CNSLH,AUFRE,CNDJK,CNBYQ,CNLKU,MYTBS,CNSDG,MYTPP,CNPLI,CNMWN,CNCGM,CNXIA,CNBHI,TWMAI,CNRIZ,CNSHE,SGSGP,MY2243,CNJIJ,TWTAP,CNZHA,CNQUA,CNZHE,CNDDG,CNWEN,CNCHZ,CNQIZ,CNLYW,CNQHD,CNBAO,CNQIN,CNCFD,CNNJG,CNGLA,MYPGG,CNWEI,IDSAM,JPKAW,KRPOH,KRGWA,KRDAN,JPFUK,JPOIT,JPKIS,JPSKI,KRULS,KRINC,JPNAG,JPCBA,JPYOK,KRPYT,KRBUS,JPMIZ,JPKMA,KRYOS,JPOSK,AUGLE,AUMEL,AUNTL,AUADE,AUBRI,AUHAY,RUNJK"
RFASOFKKK,"BRPDM,XZKMN,SAJUT,QAASN,SARTA,KWMAA,IQMAB,AERUW,OMMAF,AEZUR,AEFUJ,MMMIO,CNHUI,CNLSN,CNNBO,CNZOS,CNJIN,CNTJN,CNYAN,CNMEZ,CNDAL,CNYPG,TWKAO,CNSLH,CNDJK,CNSDG,SGSGP,CNZHA,CNQIZ,CNQIN,CNCFD,KRGWA,JPKII,JPSKI,KRULS,KRINC,JPCBA"
OAOOSKKKK,"CNNBO,CNZOS,CNDAL,SGSGP"
OARAOSKKK,"USSEA,CAPRR,USLSA,CAVCR,USOAK,MXESE,MXLCS,MXMAN,PECAL,PABAL,ECGYL,USSAV,USNYK,COBUE,CLSAN,CLTAL,UYULA,CLLIR,BRTUB,BRPAR,BRRDJ,UYMON,BRIOA,BRSTS,BRIJI,BRITA,BRRGR,GBSOU,FRLEH,BEZEE,SIKOP,ITGOA,DEHAM,MTMAL,ESCAR,BEANT,PLGDA,ESGIJ,NLROT,TRYAR,EGSOK,JOAQA,ROCON,EGALE,SAJUB,SADMA,SAJED,KWMAA,AEJAL,AEABU,OMSOH,AEKHA,AEFUJ,PKQAS,PKKAR,INNSA,INCHN,LKCOL,INKNP,INMUN,INKUP,THLCB,VNHPG,VNCAM,CNHUI,MY3182,CNLSN,HKHKG,CNFAN,CNNBO,CNZOS,CNGUA,CNFUN,CNJIN,CNHUA,CNTAI,CNDCB,CNTJN,MYPKE,CNYSN,CNWGQ,CNCJK,CNJIT,CNYZH,CNNSA,CNDSN,CNYTN,CNJIA,CNLYG,CNYAN,AUESP,CNMEZ,CNDAL,CNYPG,TWKAO,CNZJG,AUFRE,CNDJK,CNBYQ,MYPEN,CNSDG,CNMWN,CNCGM,CNXIA,CNRIZ,CNSHE,SGSGP,TWTAP,CNZHA,CNQUA,CNZHE,CNDDG,CNQIZ,CNQHD,CNBAO,CNQIN,CNCFD,CNGLA,CNWEI,JPKAW,KRPOH,KRGWA,KRDAN,JPFUK,JPOIT,JPKIS,JPSKI,KRULS,KRINC,JPNAG,JPCBA,JPYOK,KRBUS,JPMIZ,JPKMA,KRYOS,JPOSK,AUGLE,AUMEL,AUNTL,AUADE,AUBRI"
OAOKKYKKK,"USLSA,CAVCR,USOAK,GTPQL,MXLCS,MXMAN,PECAL,PABAL,ECGYL,USNPN,USSAV,USNYK,COBUE,CLTAL,UYULA,BRPEC,BRTUB,BRPDM,BRPAR,BRRDJ,UYMON,BRSTS,BRITA,BRRGR,GBSOU,FRLEH,BEZEE,NLAMS,SIKOP,ITGOA,DEHAM,ESBAR,MTMAL,ESCAR,BEANT,PLGDA,ESGIJ,NLROT,TRMER,ZACPT,TRYAR,GRELE,GRAGT,TRALI,ZARIB,EGPSA,JOAQA,ROCON,EGALE,EGDAM,SAJUB,BHBAH,KEMOM,SADMA,QAUMS,SAJED,SAYAN,KWMAA,AEJAL,AEABU,AERUW,OMSOH,AEFUJ,RUULG,PKQAS,PKKAR,INCHN,INKNP,INMUN,INVIS,THLCB,THKSI,VNHPG,VNCAM,VNSOD,CNHUI,CNPAN,CNTAZ,MY3182,CNLSN,HKHKG,AUGER,CNNTG,CNFAN,CNNBO,CNPYU,CNZOS,CNGUA,CNFUN,CNJIN,CNHUA,CNTAI,CNDCB,CN9862,CNTJN,MYPKE,MYPAG,IDBAH,CNSTO,CNYSN,CNWGQ,CNCJK,CNJIT,CN9873,CNYZH,CNNSA,CNDSN,CNLAZ,CNYTN,CNJIA,CN1087,CNLYG,CNYAN,AUESP,CNCHS,CNMEZ,CNDAL,CNYPG,CNRUG,CNZZU,TWKAO,CNZJG,CNSLH,AUFRE,CNDJK,CNBYQ,CNLKU,MYTBS,CNSDG,MYTPP,CNPLI,CNMWN,CNCGM,CNXIA,CNBHI,TWMAI,CNRIZ,CNSHE,SGSGP,MY2243,CNJIJ,TWTAP,CNZHA,CNQUA,CNZHE,CNDDG,CNWEN,CNCHZ,CNQIZ,CNLYW,CNQHD,CNBAO,CNQIN,CNCFD,CNNJG,CNGLA,MYPGG,CNWEI,IDSAM,JPKAW,KRPOH,KRGWA,KRDAN,JPFUK,JPOIT,JPKIS,JPSKI,KRULS,KRINC,JPNAG,JPCBA,JPYOK,KRPYT,KRBUS,JPMIZ,JPKMA,KRYOS,JPOSK,AUGLE,AUMEL,AUNTL,AUADE,AUBRI,AUHAY,RUNJK"
OFFKARRKK,"USLSA,CAVCR,USOAK,MXLCS,MXMAN,PECAL,PABAL,ECGYL,USNPN,USSAV,USNYK,COBUE,CLTAL,UYULA,BRPEC,BRTUB,BRPAR,BRRDJ,UYMON,BRSTS,BRITA,BRRGR,GBSOU,FRLEH,BEZEE,NLAMS,SIKOP,ITGOA,DEHAM,ESBAR,MTMAL,ESCAR,BEANT,PLGDA,ESGIJ,NLROT,TRMER,ZACPT,TRYAR,GRELE,GRAGT,TRALI,ZARIB,EGPSA,JOAQA,ROCON,EGALE,SAJUB,BHBAH,KEMOM,SADMA,QAUMS,SAJED,SAYAN,KWMAA,AEJAL,AEABU,AERUW,OMSOH,AEFUJ,RUULG,PKQAS,PKKAR,INCHN,INKNP,INMUN,INVIS,THLCB,THKSI,VNHPG,VNCAM,VNSOD,CNHUI,CNPAN,CNTAZ,MY3182,CNLSN,HKHKG,AUGER,CNNTG,CNFAN,CNNBO,CNPYU,CNZOS,CNGUA,CNFUN,CNJIN,CNHUA,CNTAI,CNDCB,CN9862,CNTJN,MYPKE,MYPAG,IDBAH,CNSTO,CNYSN,CNWGQ,CNCJK,CNJIT,CN9873,CNYZH,CNNSA,CNDSN,CNLAZ,CNYTN,CNJIA,CN1087,CNLYG,CNYAN,AUESP,CNCHS,CNMEZ,CNDAL,CNYPG,CNRUG,CNZZU,TWKAO,CNZJG,CNSLH,AUFRE,CNDJK,CNBYQ,CNLKU,MYTBS,CNSDG,MYTPP,CNPLI,CNMWN,CNCGM,CNXIA,CNBHI,TWMAI,CNRIZ,CNSHE,SGSGP,MY2243,CNJIJ,TWTAP,CNZHA,CNQUA,CNZHE,CNDDG,CNWEN,CNCHZ,CNQIZ,CNLYW,CNQHD,CNBAO,CNQIN,CNCFD,CNNJG,CNGLA,MYPGG,CNWEI,IDSAM,JPKAW,KRPOH,KRGWA,KRDAN,JPFUK,JPOIT,JPKIS,JPSKI,KRULS,KRINC,JPNAG,JPCBA,JPYOK,KRPYT,KRBUS,JPMIZ,JPKMA,KRYOS,JPOSK,AUGLE,AUMEL,AUNTL,AUADE,AUBRI,AUHAY,RUNJK"
OARNCRAYK,"CNHUI,CNCZH,CNFAN,CNYJG,CNGUA,CNHKO,CNSTO,CNYPG,CNSDG,CNBHI,CNZHA,CNDNG"
OARKGNKKK,"USSEA,CAPRR,USLSA,CAVCR,USOAK,MXESE,CANWE,MXLCS,MXMAN,PECAL,PABAL,USSAV,USCHA,USNYK,COBUE,CLSAN,CLLIR,BRPDM,GBLGP,MATAN,FRLEH,BEZEE,FRFOS,SIKOP,ITGOA,DEHAM,ESBAR,MTMAL,BEANT,PLGDA,ESVAL,NLROT,TRMER,TRISK,TRYAR,EGSOK,TRALI,TRIST,GRPIR,EGPSA,JOAQA,EGDAM,SAJUB,SADMA,QAHMD,SAJED,KWMAA,AEJAL,AERUW,OMSOH,AEKHA,AEFUJ,PKKAR,INNSA,LKCOL,INMUN,THLCB,VNHPG,CNHUI,MY3182,CNLSN,HKHKG,CNFAN,CNNBO,CNZOS,CNGUA,CNFUN,CNJIN,CNHUA,CNTAI,CNTJN,MYPKE,CNYSN,CNWGQ,CNCJK,CNJIT,CNNSA,CNYTN,CNJIA,CNLYG,CNYAN,CNMEZ,CNDAL,CNYPG,TWKAO,CNSLH,CNDJK,CNBYQ,CNSDG,CNMWN,CNXIA,CNRIZ,CNSHE,SGSGP,TWTAP,CNZHA,CNDDG,CNQIZ,CNLYW,CNQIN,CNCFD,CNMJS,KRPOH,KRGWA,JPFUK,JPOIT,JPKIS,JPSKI,KRULS,KRINC,JPNAG,JPCBA,KRBUS,JPMIZ,JPKMA,KRYOS,AUNTL,AUHAY"
OARCOFKKK,"USSEA,USLSA,CAVCR,USOAK,MXLCS,MXMAN,PECAL,PABAL,USSAV,USCHA,USNYK,COBUE,CLSAN,CLTAL,UYULA,BRTUB,BRPDM,ARBNA,BRPAR,BRRDJ,UYMON,BRSTS,BRITA,BRRGR,GBSOU,FRLEH,BEZEE,FRFOS,SIKOP,ITGOA,DEHAM,ESBAR,MTMAL,ESCAR,BEANT,PLGDA,ESGIJ,NLROT,TRMER,TRYAR,TRALI,EGPSA,UAODS,JOAQA,ROCON,EGALE,EGDAM,SAJUB,SADMA,SAJED,QARAS,KWMAA,AEJAL,AEABU,AERUW,OMSOH,AEFUJ,PKQAS,PKKAR,INMUN,THLCB,THKSI,VNHPG,VNCAM,CNHUI,CNPAN,MY3182,CNLSN,HKHKG,CNFAN,CNNBO,CNZOS,CNGUA,CNFUN,CNJIN,CNHUA,CNTAI,CNTJN,MYPKE,MYPAG,CNYSN,CNWGQ,CNCJK,CNJIT,CNYZH,CNNSA,CNDSN,CNYTN,CNJIA,CNLYG,CNYAN,AUESP,CNMEZ,CNDAL,CNYPG,TWKAO,CNZJG,CNSLH,CNDJK,CNBYQ,CNLKU,CN9878,CNSDG,CNMWN,CNCGM,CNXIA,CN2039,CNRIZ,CNSHE,SGSGP,MY2243,TWTAP,CNZHA,CNZHE,CNDDG,CNQIZ,CNLYW,CNQHD,CNBAO,CNQIN,CNCFD,CNGLA,CNWEI,CNMJS,JPKAW,KRPOH,KRGWA,KRDAN,JPFUK,JPOIT,JPKIS,JPSKI,KRULS,KRINC,JPNAG,JPCBA,JPYOK,KRPYT,KRBUS,JPMIZ,JPKMA,KRYOS,AUGLE,AUNTL,AUBRI,AUSYD,AUHAY,RUNJK"
OARCROFCK,"CNHUI,CNCZH,CNFAN,CNYJG,CNGUA,CNHKO,CNSTO,CNSYA,CNYPG,CNBHI,CNZHA,CNHAA,CNDNG"
OARAYFKKK,"USLSA,CAVCR,USOAK,MXLCS,MXMAN,PECAL,ECGYL,USSAV,USNYK,COBUE,CLTAL,UYULA,BRPEC,BRTUB,BRPAR,BRRDJ,UYMON,BRSTS,BRRGR,GBSOU,FRLEH,BEZEE,NLAMS,SIKOP,ITGOA,DEHAM,MTMAL,ESCAR,BEANT,PLGDA,ESGIJ,NLROT,ZACPT,TRYAR,GRAGT,TRALI,ZARIB,EGPSA,JOAQA,ROCON,EGALE,SAJUB,BHBAH,KEMOM,SADMA,QAUMS,SAJED,SAYAN,KWMAA,AEJAL,AEABU,AERUW,OMSOH,AEFUJ,PKQAS,PKKAR,INKNP,INMUN,THLCB,THKSI,VNHPG,VNCAM,CNHUI,CNPAN,CNTAZ,CNLSN,HKHKG,AUGER,CNNTG,CNFAN,CNNBO,CNPYU,CNZOS,CNGUA,CNFUN,CNJIN,CNHUA,CNTAI,CNDCB,CNTJN,MYPKE,MYPAG,IDBAH,CNSTO,CNYSN,CNWGQ,CNCJK,CNJIT,CN9873,CNYZH,CNNSA,CNDSN,CNLAZ,CNYTN,CNJIA,CN1087,CNLYG,CNYAN,AUESP,CNCHS,CNMEZ,CNDAL,CNYPG,CNRUG,CNZZU,TWKAO,CNZJG,CNSLH,AUFRE,CNDJK,CNBYQ,CNLKU,CNSDG,MYTPP,CNPLI,CNCGM,CNXIA,CNBHI,TWMAI,CNRIZ,CNSHE,SGSGP,MY2243,CNJIJ,TWTAP,CNZHA,CNQUA,CNZHE,CNDDG,CNWEN,CNCHZ,CNQIZ,CNLYW,CNQHD,CNBAO,CNQIN,CNCFD,CNNJG,CNGLA,CNWEI,IDSAM,JPKAW,KRPOH,KRGWA,KRDAN,JPFUK,JPOIT,JPKIS,JPSKI,KRULS,KRINC,JPNAG,JPCBA,JPYOK,KRPYT,KRBUS,JPMIZ,JPKMA,JPOSK,AUGLE,AUMEL,AUNTL,AUADE,AUBRI"
RFCFYOKKK,"BRPDM,SARTA,KWMAA,IQMAB,AERUW,OMSOH,AEFUJ,CNHUI,MY3182,CNLSN,CNNBO,CNZOS,CNJIN,CNTJN,CNJIT,MY3173,CNYAN,CNMEZ,CNDAL,CNYPG,TWKAO,CNSLH,CNDJK,CNSDG,SGSGP,CNZHA,CNQIZ,CNQIN,CNCFD,KRGWA,JPKII,JPSKI,KRULS,KRINC,JPCBA,KRYOS"
CRNKGSKRC,"USSEA,CAPRR,USLSA,CAVCR,USOAK,MXESE,MXLCS,MXMAN,PECAL,PABAL,USSAV,USCHA,USNYK,COBUE,CLSAN,CLTAL,UYULA,CLLIR,BRTUB,BRPDM,ARBNA,BRPAR,BRRDJ,UYMON,BRSTS,BRIJI,BRITA,BRRGR,FRLEH,BEZEE,FRFOS,SIKOP,ITGOA,DEHAM,ESBAR,MTMAL,BEANT,PLGDA,ESGIJ,NLROT,TRMER,TRYAR,EGSOK,TRALI,EGPSA,UAODS,JOAQA,ROCON,EGALE,EGDAM,SAJUB,SADMA,SAJED,KWMAA,AEJAL,AEABU,AERUW,OMSOH,AEKHA,AEFUJ,PKKAR,INNSA,LKCOL,INMUN,THLCB,VNHPG,VNCAM,CNHUI,MY3182,CNLSN,HKHKG,CNFAN,CNNBO,CNZOS,CNGUA,CNFUN,CNJIN,CNHUA,CNTAI,CNTJN,MYPKE,CNYSN,CNWGQ,CNCJK,CNJIT,CNYZH,CNNSA,CNYTN,CNJIA,CNLYG,CNYAN,AUESP,CNMEZ,CNDAL,CNYPG,TWKAO,CNZJG,CNSLH,AUFRE,CNDJK,CNBYQ,CNSDG,CNMWN,CNCGM,CNXIA,CNRIZ,CNSHE,SGSGP,TWTAP,CNZHA,CNZHE,CNDDG,CNQIZ,CNLYW,CNBAO,CNQIN,CNCFD,CNWEI,CNMJS,JPKAW,KRPOH,KRGWA,KRDAN,JPFUK,JPOIT,JPKIS,JPSKI,KRULS,KRINC,JPNAG,JPCBA,JPYOK,KRBUS,JPMIZ,JPKMA,KRYOS,AUGLE,AUMEL,AUNTL,AUBRI,AUSYD,AUHAY"
OARNCCAAK,"CNHUI,CNCZH,CNFAN,CNYJG,CNGUA,CNHKO,CNSTO,CNSYA,CNYPG,CNSDG,CNBHI,CNZHA,CNHAA,CNDNG"
OARSNSKKK,"USSEA,USBNC,USLSA,CAVCR,USOAK,MXMAN,PECAL,PABAL,USSAV,USCHA,USNYK,COBUE,CLSAN,UYULA,BRTUB,BRPDM,ARBNA,BRPAR,BRRDJ,UYMON,BRSTS,BRITA,BRRGR,GBSOU,FRLEH,BEZEE,FRFOS,SIKOP,ITGOA,DEHAM,ESBAR,MTMAL,ESCAR,BEANT,PLGDA,ESGIJ,NLROT,TRMER,TRYAR,TRALI,EGPSA,UAODS,JOAQA,ROCON,EGALE,EGDAM,SAJUB,SADMA,SAJED,SARTA,QARAS,KWMAA,IQMAB,AEJAL,AEABU,AERUW,OMSOH,AEFUJ,PKKAR,INMUN,THLCB,VNHPG,VNCAM,CNHUI,MY3182,CNLSN,HKHKG,CNFAN,CNNBO,CNZOS,CNGUA,CNFUN,CNJIN,AUCPN,CNHUA,CNTAI,CNTJN,MYPKE,CNYSN,CNWGQ,CNCJK,CNJIT,CNYZH,CNNSA,CNDSN,CNYTN,MY3173,CNJIA,CNLYG,CNYAN,AUESP,CNMEZ,CNDAL,CNYPG,TWKAO,CNZJG,CNSLH,CNDJK,CNBYQ,CNSDG,CNMWN,CNCGM,AUPHE,CNXIA,CNRIZ,CNSHE,SGSGP,TWTAP,CNZHA,CNZHE,CNDDG,CNQIZ,CNLYW,CNBAO,CNQIN,CNCFD,CNMJS,JPKAW,KRPOH,KRGWA,KRDAN,JPFUK,JPOIT,JPKIS,JPSKI,KRULS,KRINC,JPNAG,JPCBA,KRPYT,KRBUS,JPMIZ,JPKMA,KRYOS,AUGLE,AUAPT,AUNTL,AUBRI,AUHAY"
OARNCFKSK,"USLUA,GBBEL,PTLXS,IEDUB,FRLEH,ESHUE,ITTAR,ESTAR,DZDJE,DEHAM,FRROU,BEANT,ESGIJ,NLROT,TRGEB,TRYAR,LTKLJ,EGALE,VNHPG,THRAY,CNHUM,CNCJN,CNHUI,CNCZH,CNNTG,CNFAN,CNYJG,CNNBO,CNZOS,CNGUA,CNFUN,CNJIN,CNHKO,CNHPU,CNDYI,CNTJN,CNSTO,CNWGQ,CNCJK,CNSHA,CNDSN,CNTAX,CNFUZ,CNJIA,CNLYG,CNYAN,CNWEF,CNCHS,CNMEZ,CNDAL,CNYPG,CNZZU,TWKAO,AUFRE,CNBAS,CNDJK,CNYIZ,CNSDG,CNBHI,SGSGP,CNJIJ,CNZHA,CNZPU,CNQUA,CNZHE,CNWEN,CNCHZ,CNQIZ,CNQIN,CNNJG,CNDNG,KRGWA,KRDAN,KRULS,AUADE,AUGEE"
OARKGYKKK,"USSEA,USBNC,USLSA,CAVCR,USOAK,MXMAN,PECAL,PABAL,USSAV,USCHA,USNYK,COBUE,CLSAN,UYULA,BRTUB,BRPDM,ARBNA,BRPAR,BRRDJ,UYMON,BRSTS,BRITA,BRRGR,GBSOU,FRLEH,BEZEE,FRFOS,SIKOP,ITGOA,DEHAM,ESBAR,MTMAL,ESCAR,BEANT,PLGDA,ESGIJ,NLROT,TRMER,TRYAR,TRALI,EGPSA,UAODS,JOAQA,ROCON,EGALE,EGDAM,SAJUB,SADMA,SAJED,SARTA,QARAS,KWMAA,IQMAB,AEJAL,AEABU,AERUW,OMSOH,AEFUJ,PKKAR,INMUN,THLCB,VNHPG,VNCAM,CNHUI,MY3182,CNLSN,HKHKG,CNFAN,CNNBO,CNZOS,CNGUA,CNFUN,CNJIN,AUCPN,CNHUA,CNTAI,CNTJN,MYPKE,CNYSN,CNWGQ,CNCJK,CNJIT,CNYZH,CNNSA,CNDSN,CNYTN,CNJIA,CNLYG,CNYAN,AUESP,CNMEZ,CNDAL,CNYPG,TWKAO,CNZJG,CNSLH,CNDJK,CNBYQ,CNSDG,CNMWN,CNCGM,AUPHE,CNXIA,CNRIZ,CNSHE,SGSGP,TWTAP,CNZHA,CNZHE,CNDDG,CNQIZ,CNLYW,CNBAO,CNQIN,CNCFD,CNMJS,JPKAW,KRPOH,KRGWA,KRDAN,JPFUK,JPOIT,JPKIS,JPSKI,KRULS,KRINC,JPNAG,JPCBA,JPYOK,KRPYT,KRBUS,JPMIZ,JPKMA,KRYOS,AUGLE,AUAPT,AUNTL,AUBRI,AUHAY"
OFFCAYYKK,"USLGB,BEZEE,DEHAM,BEANT,PLGDA,NLROT,GRPIR,SADMA,AEJAL,AEKHA,VNCMP,HKHKG,CNNBO,CNZOS,CNTJN,MYPKE,CNYSN,CNNSA,CNYTN,CNLYG,CNDAL,TWKAO,CNXIA,SGSGP,CNQIN,KRGWA"
OARAOAKKK,"USSEA,CAPRR,USLSA,CAVCR,USOAK,MXESE,MXLCS,MXMAN,PECAL,PABAL,ECGYL,USSAV,USNYK,COBUE,CLSAN,CLTAL,UYULA,CLLIR,BRTUB,BRPAR,BRRDJ,UYMON,BRIOA,BRSTS,BRIJI,BRITA,BRRGR,GBSOU,FRLEH,BEZEE,SIKOP,ITGOA,DEHAM,MTMAL,ESCAR,BEANT,PLGDA,ESGIJ,NLROT,TRYAR,EGSOK,JOAQA,ROCON,EGALE,SAJUB,SADMA,SAJED,KWMAA,AEJAL,AEABU,OMSOH,AEKHA,AEFUJ,PKQAS,PKKAR,INNSA,INCHN,LKCOL,INKNP,INMUN,INKUP,THLCB,VNHPG,VNCAM,CNHUI,MY3182,CNLSN,HKHKG,CNFAN,CNNBO,CNZOS,CNGUA,CNFUN,CNJIN,CNHUA,CNTAI,CNDCB,CNTJN,MYPKE,CNYSN,CNWGQ,CNCJK,CNJIT,CNYZH,CNNSA,CNDSN,CNYTN,CNJIA,CNLYG,CNYAN,AUESP,CNMEZ,CNDAL,CNYPG,TWKAO,CNZJG,AUFRE,CNDJK,CNBYQ,MYPEN,CNSDG,CNMWN,CNCGM,CNXIA,CNRIZ,CNSHE,SGSGP,TWTAP,CNZHA,CNQUA,CNZHE,CNDDG,CNQIZ,CNQHD,CNBAO,CNQIN,CNCFD,CNGLA,CNWEI,JPKAW,KRPOH,KRGWA,KRDAN,JPFUK,JPOIT,JPKIS,JPSKI,KRULS,KRINC,JPNAG,JPCBA,JPYOK,KRBUS,JPMIZ,JPKMA,KRYOS,JPOSK,AUGLE,AUMEL,AUNTL,AUADE,AUBRI"
OFFKKAFKK,"USSEA,CAPRR,USLSA,CAVCR,USOAK,MXLCS,MXMAN,PECAL,PABAL,ECGYL,USSAV,USNYK,COBUE,CLSAN,CLTAL,UYULA,BRTUB,BRPAR,BRRDJ,UYMON,BRIOA,BRSTS,BRIJI,BRITA,BRRGR,GBSOU,FRLEH,BEZEE,SIKOP,ITGOA,DEHAM,MTMAL,ESCAR,BEANT,PLGDA,ESGIJ,NLROT,TRYAR,EGSOK,JOAQA,ROCON,EGALE,SAJUB,SADMA,SAJED,KWMAA,AEJAL,AEABU,OMSOH,AEFUJ,PKQAS,PKKAR,INNSA,INCHN,LKCOL,INKNP,INMUN,INKUP,THLCB,VNHPG,VNCAM,CNHUI,CNPAN,MY3182,CNLSN,HKHKG,CNFAN,CNNBO,CNZOS,CNGUA,CNFUN,CNJIN,CNHUA,CNTAI,CNDCB,CNTJN,MYPKE,MYPAG,CNYSN,CNWGQ,CNCJK,CNJIT,CNYZH,CNNSA,CNDSN,CNYTN,CNJIA,CNLYG,CNYAN,AUESP,CNMEZ,CNDAL,CNYPG,CNZZU,TWKAO,CNZJG,AUFRE,CNDJK,CNBYQ,MYPEN,CNSDG,CNMWN,CNCGM,CNXIA,CNRIZ,CNSHE,SGSGP,TWTAP,CNZHA,CNQUA,CNZHE,CNDDG,CNQIZ,CNQHD,CNBAO,CNQIN,CNCFD,CNGLA,CNWEI,JPKAW,KRPOH,KRGWA,KRDAN,JPFUK,JPOIT,JPKIS,JPSKI,KRULS,KRINC,JPNAG,JPCBA,JPYOK,KRBUS,JPMIZ,JPKMA,KRYOS,JPOSK,AUGLE,AUMEL,AUNTL,AUADE,AUBRI"
OARNCCRYK,"CNHKO,CNSYA,CNZHA"
OFFGAOGKK,"BRPDM,SARTA,KWMAA,IQMAB,AERUW,OMSOH,AEFUJ,CNHUI,MY3182,CNLSN,CNNBO,CNZOS,CNJIN,CNTJN,CNJIT,MY3173,CNLYG,CNYAN,CNMEZ,CNDAL,CNYPG,TWKAO,CNSLH,CNDJK,CNSDG,SGSGP,CNZHA,CNQIZ,CNQIN,CNCFD,KRGWA,JPKII,JPSKI,KRULS,KRINC,JPCBA,KRYOS"
OFFRAYRKK,"USSEA,CAPRR,USLSA,CAVCR,USOAK,MXLCS,MXMAN,PECAL,PABAL,ECGYL,USSAV,USNYK,COBUE,CLSAN,CLTAL,UYULA,BRTUB,BRPAR,BRRDJ,UYMON,BRIOA,BRSTS,BRIJI,BRITA,BRRGR,GBSOU,FRLEH,BEZEE,SIKOP,ITGOA,DEHAM,MTMAL,ESCAR,BEANT,PLGDA,ESGIJ,NLROT,TRYAR,EGSOK,JOAQA,ROCON,EGALE,SAJUB,SADMA,SAJED,KWMAA,AEJAL,AEABU,OMSOH,AEFUJ,PKQAS,PKKAR,INNSA,INCHN,LKCOL,INKNP,INMUN,INKUP,THLCB,VNHPG,VNCAM,CNHUI,CNPAN,MY3182,CNLSN,HKHKG,CNFAN,CNNBO,CNZOS,CNGUA,CNFUN,CNJIN,CNHUA,CNTAI,CNDCB,CNTJN,MYPKE,MYPAG,CNYSN,CNWGQ,CNCJK,CNJIT,CNYZH,CNNSA,CNDSN,CNYTN,CNJIA,CNLYG,CNYAN,AUESP,CNMEZ,CNDAL,CNYPG,CNZZU,TWKAO,CNZJG,AUFRE,CNDJK,CNBYQ,MYPEN,CNSDG,CNMWN,CNCGM,CNXIA,CNRIZ,CNSHE,SGSGP,TWTAP,CNZHA,CNQUA,CNZHE,CNDDG,CNQIZ,CNQHD,CNBAO,CNQIN,CNCFD,CNGLA,CNWEI,JPKAW,KRPOH,KRGWA,KRDAN,JPFUK,JPOIT,JPKIS,JPSKI,KRULS,KRINC,JPNAG,JPCBA,JPYOK,KRBUS,JPMIZ,JPKMA,KRYOS,JPOSK,AUGLE,AUMEL,AUNTL,AUADE,AUBRI"
OFFKYASKK,"BRPDM,SARTA,KWMAA,IQMAB,AERUW,OMSOH,CNHUI,CNLSN,CNNBO,CNZOS,CNJIT,CNMEZ,CNDAL,CNYPG,TWKAO,CNSLH,CNDJK,CNSDG,SGSGP,CNZHA,CNQIZ,CNCFD"
OFFYNKNKK,"USSEA,USLSA,CAVCR,PABAL,USNFK,USSAV,USCHA,USNYK,BRTUB,BRPDM,BRITA,GBSOU,FRLEH,BEZEE,FRFOS,ITGOA,DEHAM,MTMAL,ESCAR,BEANT,PLGDA,ESGIJ,NLROT,EGSOK,JOAQA,EGALE,SADMA,SAJED,QARAS,KWMAA,AEJAL,AEABU,AERUW,OMSOH,AEFUJ,PKKAR,INMUN,VNCAM,CNHUI,MY3182,CNLSN,HKHKG,CNFAN,CNNBO,CNZOS,CNGUA,CNFUN,CNJIN,AUCPN,CNHUA,CNTAI,CNTJN,MYPKE,CNYSN,CNWGQ,CNCJK,CNJIT,CNYZH,CNNSA,CNDSN,CNYTN,CNJIA,CNLYG,CNYAN,AUESP,CNMEZ,CNDAL,CNYPG,TWKAO,CNZJG,CNSLH,CNDJK,CNBYQ,CNSDG,CNCGM,AUPHE,CNXIA,CNRIZ,CNSHE,SGSGP,TWTAP,CNZHA,CNZHE,CNDDG,CNQIZ,CNLYW,CNBAO,CNQIN,CNCFD,CNGLA,CNMJS,JPKAW,KRPOH,KRGWA,KRDAN,JPFUK,JPOIT,JPKIS,JPSKI,KRULS,KRINC,JPNAG,JPCBA,KRBUS,JPMIZ,JPKMA,KRYOS,AUGLE,AUAPT,AUNTL,AUBRI,AUHAY"
RNNOFOKKK,"MXLCS,USLUA,USNYK,UYULA,GBBEL,PTLXS,IEDUB,FRLEH,ESHUE,ITTAR,ESTAR,DZDJE,DEHAM,FRROU,MTMAL,BEANT,ESGIJ,NLROT,TRGEB,TRYAR,GRAGT,LTKLJ,EGALE,THLCB,IDCXP,IDJAK,VNHCM,VNHPG,VNQUN,THRAY,CNHUM,CNCJN,CNHUI,CNCZH,HKHKG,CNNTG,CNFAN,CNYJG,CNNBO,CNZOS,CNGUA,CNFUN,CNJIN,CNHKO,CNHPU,CNDYI,CNTAI,CNTJN,MYPKE,MYPAG,CNSTO,CNYSN,CNWGQ,CNCJK,CNJIT,CNSHA,CNNSA,CNDSN,CNTAX,CNFUZ,CNYTN,CNJIA,TWHLN,CNLYG,CNYAN,CNWEF,CNCHS,CNMEZ,CNDAL,CNYPG,CNRUG,CNZZU,TWKAO,CNZJG,AUFRE,CNBAS,CNDJK,CNBYQ,CNYIZ,CNSHS,CNSDG,CNCGM,CNXIA,CNBHI,PHBAT,TWMAI,CNRIZ,CNSHE,SGSGP,TWTCH,CNJIJ,CNZHA,CNZPU,CNQUA,CNZHE,CNWEN,CNCHZ,CNQIZ,CNQHD,CNBAO,CNQIN,CNNJG,CNGLA,CNDNG,CNWEI,CNNDE,KRPOH,KRGWA,KRDAN,JPFUK,JPKIS,JPSKI,JPTOK,KRULS,KRINC,JPNAG,JPYOK,KRPYT,KRBUS,JPMIZ,JPOSK,AUADE,AUGEE"
OFFAGSOKK,"BEZEE,DEHAM,BEANT,PLGDA,NLROT,GRPIR,SADMA,AEJAL,AEKHA,CNNBO,CNZOS,CNTJN,MYPKE,CNYSN,CNNSA,CNYTN,CNLYG,CNDAL,CNXIA,SGSGP,CNQIN,KRGWA"
RNNSKSKKK,"USSEA,CAPRR,USLSA,CAVCR,USOAK,MXESE,MXLCS,MXMAN,PECAL,PABAL,USSAV,USCHA,USNYK,COBUE,CLSAN,CLTAL,UYULA,CLLIR,BRPDM,ARBNA,BRPAR,BRRDJ,UYMON,BRSTS,BRIJI,BRRGR,FRLEH,BEZEE,SIKOP,ITGOA,DEHAM,ESBAR,MTMAL,BEANT,PLGDA,NLROT,TRMER,TRYAR,EGSOK,TRALI,EGPSA,UAODS,JOAQA,ROCON,EGALE,EGDAM,SAJUB,SADMA,SAJED,KWMAA,AEJAL,AEABU,AERUW,OMSOH,AEKHA,AEFUJ,PKKAR,INNSA,LKCOL,INMUN,THLCB,VNHPG,VNCAM,CNHUI,MY3182,CNLSN,HKHKG,CNFAN,CNNBO,CNZOS,CNFUN,CNJIN,CNHUA,CNTAI,CNTJN,MYPKE,CNYSN,CNWGQ,CNCJK,CNJIT,CNNSA,CNYTN,CNJIA,CNLYG,CNYAN,AUESP,CNMEZ,CNDAL,CNYPG,TWKAO,CNZJG,CNSLH,CNDJK,CNBYQ,CNSDG,CNMWN,CNCGM,CNXIA,CNRIZ,CNSHE,SGSGP,TWTAP,CNZHA,CNZHE,CNDDG,CNQIZ,CNLYW,CNBAO,CNQIN,CNCFD,CNMJS,JPKAW,KRPOH,KRGWA,JPFUK,JPOIT,JPKIS,JPSKI,KRULS,KRINC,JPNAG,JPCBA,JPYOK,KRBUS,JPMIZ,JPKMA,KRYOS,AUGLE,AUNTL,AUHAY"
OAOFSOKKK,"USLSA,CAVCR,USOAK,GTPQL,MXLCS,MXMAN,PECAL,PABAL,ECGYL,USSAV,USCHA,USNYK,COBUE,CLSAN,CLTAL,UYULA,BRTUB,BRPDM,ARBNA,BRPAR,BRRDJ,UYMON,BRIOA,BRSTS,BRITA,BRRGR,GBSOU,FRLEH,BEZEE,NLAMS,SIKOP,ITGOA,DEHAM,ESBAR,MTMAL,ESCAR,BEANT,PLGDA,ESGIJ,NLROT,TRMER,ZACPT,TRYAR,GRELE,GRAGT,TRALI,EGPSA,UAODS,JOAQA,ROCON,EGALE,EGDAM,SAJUB,BHBAH,KEMOM,SADMA,QAUMS,SAJED,SAYAN,KWMAA,AEJAL,AEABU,AERUW,OMSOH,AEFUJ,RUULG,PKQAS,PKKAR,INCHN,INKNP,INMUN,INVIS,THLCB,THKSI,VNHPG,VNCAM,CN9014,CNHUI,CNPAN,MY3182,CNLSN,HKHKG,CNFAN,CNNBO,CNPYU,CNZOS,CNGUA,CNFUN,CNJIN,CNHUA,CNTAI,CNDCB,CN9862,CNTJN,MYPKE,MYPAG,CNYSN,CNWGQ,CNCJK,CNJIT,CN9873,CNYZH,CNNSA,CNDSN,CNLAZ,CNYTN,CNJIA,CN1087,CNLYG,CNYAN,AUESP,CNMEZ,CNDAL,CNYPG,TWKAO,CNZJG,CNSLH,AUFRE,CNDJK,CNBYQ,CNLKU,MYTBS,CNSDG,MYTPP,CNMWN,CNCGM,CNXIA,TWMAI,CNRIZ,CNSHE,SGSGP,MY2243,TWTAP,CNZHA,CNQUA,CNZHE,CNDDG,CNQIZ,CNLYW,CNQHD,CNBAO,CNQIN,CNCFD,CNGLA,MYPGG,CNWEI,CNMJS,JPKAW,KRPOH,KRGWA,KRDAN,JPFUK,JPOIT,JPKIS,JPSKI,KRULS,KRINC,JPNAG,JPCBA,JPYOK,KRPYT,KRBUS,JPMIZ,JPKMA,KRYOS,JPOSK,AUGLE,AUMEL,AUNTL,AUADE,AUBRI,AUHAY,RUNJK"
OFFKKCSKK,"CAVCR,GTSTC,USBEA,USBTR,MXVER,USLUA,MXMAN,PECAL,ECGYL,USJAC,USNYK,COBUE,UYULA,DORHA,BRSAF,ARROS,ARARS,BRPAR,BRVIT,BRRDJ,UYMON,BRSTS,BRRGR,GBBEL,PTLXS,MACAS,GHTEM,GNCON,IEDUB,MASAF,FRLEH,BEZEE,SIKOP,ITGOA,NLVSG,ESHUE,ITTAR,ESTAR,DZDJE,DEHAM,ITRAV,FRROU,MTMAL,BEANT,PLGDA,ITVEN,ESGIJ,NLROT,ESBIL,TRGEB,UAYUZ,LVRIX,TRMMK,TRYAR,GRTHE,TRHER,ZADUR,GRAGT,TRLMA,TRDER,ZARIB,JOAQA,LTKLJ,FIKOT,ROCON,ZAPLZ,UACHO,EGALE,BHBAH,KEMOM,TZDRS,SADMA,SAJED,SAYAN,KWMAA,AEJAL,AEABU,AERAK,RUNVS,RUSPG,OMSOH,AEFUJ,PKQAS,PKKAR,INKAN,INKNP,INMUN,THLCB,VNNGH,IDJAK,VNHCM,VNHPG,VNCAM,VNQUN,IDSUR,CNHUM,CNCJN,CNHUI,CNCZH,CNLSN,HKHKG,AUGER,CNNTG,CNFAN,CNDAF,CNYJG,CNNBO,CNZOS,CNGUA,CNFUN,CNJIN,CNHKO,CNHPU,CNDYI,CNHUA,CNTAI,CNTJN,MYPKE,MYPAG,IDBAH,CNSTO,CNYSN,CNWGQ,CNCJK,CNJIT,CNYZH,CNSHA,CNNSA,CNDSN,CNTAX,CNLAZ,CNFUZ,CNJIA,TWHLN,CNLYG,CNYAN,CNCHS,CNMEZ,CNDAL,CNYPG,CNRUG,CNZZU,TWKAO,CNZJG,AUFRE,CNBAS,CNDJK,CNBYQ,CNLKU,CNYIZ,CNSDG,CNPLI,CNCGM,CNXIA,CNBHI,PHBAT,TWMAI,CNRIZ,SGSGP,TWTCH,CNJIJ,TWTAP,CNZHA,CNZPU,CNQUA,CNZHE,CNDDG,CNWEN,CNCHZ,CNQIZ,CNQHD,CNBAO,CNQIN,CNLVS,CNCFD,CNNJG,CNGLA,CNDNG,CNWEI,IDSAM,CNNDE,KRPOH,KRKUN,KRGWA,JPHIB,KRDAN,JPFUK,JPOIT,JPKIS,JPHHR,JPSKI,JPTOK,KRULS,KRINC,JPNAG,JPYOK,KRPYT,KRBUS,JPMIZ,JPMOJ,JPKMA,JPOSK,AUGLE,AUMEL,AUNTL,AUPKE,AUADE,AUBRI,AUBNE,AUGEE,RUVYP,NZAKL,NZTAU,NZNAP"
OARAOCKKK,"USSEA,CAPRR,USLSA,CAVCR,USOAK,MXESE,MXLCS,MXMAN,PECAL,PABAL,ECGYL,USSAV,USNYK,COBUE,CLSAN,CLTAL,UYULA,CLLIR,BRTUB,BRPAR,BRRDJ,UYMON,BRIOA,BRSTS,BRIJI,BRITA,BRRGR,GBSOU,FRLEH,BEZEE,SIKOP,ITGOA,DEHAM,MTMAL,ESCAR,BEANT,PLGDA,ESGIJ,NLROT,TRYAR,EGSOK,JOAQA,ROCON,EGALE,SAJUB,SADMA,SAJED,KWMAA,AEJAL,AEABU,OMSOH,AEKHA,AEFUJ,PKQAS,PKKAR,INNSA,INCHN,LKCOL,INKNP,INMUN,INKUP,THLCB,VNHPG,VNCAM,CNHUI,MY3182,CNLSN,HKHKG,CNFAN,CNNBO,CNZOS,CNGUA,CNFUN,CNJIN,CNHUA,CNTAI,CNDCB,CNTJN,MYPKE,CNYSN,CNWGQ,CNCJK,CNJIT,CNYZH,CNNSA,CNDSN,CNYTN,CNJIA,CNLYG,CNYAN,AUESP,CNMEZ,CNDAL,CNYPG,TWKAO,CNZJG,AUFRE,CNDJK,CNBYQ,MYPEN,CNSDG,CNMWN,CNCGM,CNXIA,CNRIZ,CNSHE,SGSGP,TWTAP,CNZHA,CNQUA,CNZHE,CNDDG,CNQIZ,CNQHD,CNBAO,CNQIN,CNCFD,CNGLA,CNWEI,JPKAW,KRPOH,KRGWA,KRDAN,JPFUK,JPOIT,JPKIS,JPSKI,KRULS,KRINC,JPNAG,JPCBA,JPYOK,KRBUS,JPMIZ,JPKMA,KRYOS,JPOSK,AUGLE,AUMEL,AUNTL,AUADE,AUBRI"
OFFKNFOKK,"USLSA,CAVCR,USOAK,GTPQL,MXLCS,MXMAN,PECAL,PABAL,ECGYL,USNPN,USSAV,USCHA,USNYK,COBUE,CLTAL,UYULA,BRPEC,BRTUB,BRPDM,BRPAR,BRRDJ,UYMON,BRSTS,BRITA,BRRGR,GBSOU,FRLEH,BEZEE,NLAMS,SIKOP,ITGOA,DEHAM,ESBAR,MTMAL,ESCAR,BEANT,PLGDA,ESGIJ,NLROT,TRMER,ZACPT,TRYAR,GRELE,GRAGT,TRALI,ZARIB,EGPSA,JOAQA,ROCON,EGALE,EGDAM,SAJUB,BHBAH,KEMOM,SADMA,QAUMS,SAJED,SAYAN,KWMAA,AEJAL,AEABU,AERUW,OMSOH,AEFUJ,RUULG,PKQAS,PKKAR,INCHN,INKNP,INMUN,INVIS,THLCB,THKSI,VNHPG,VNCAM,VNSOD,CNHUI,CNPAN,CNTAZ,MY3182,CNLSN,HKHKG,AUGER,CNNTG,CNFAN,CNNBO,CNPYU,CNZOS,CNGUA,CNFUN,CNJIN,CNHUA,CNTAI,CNDCB,CN9862,CNTJN,MYPKE,MYPAG,IDBAH,CNSTO,CNYSN,CNWGQ,CNCJK,CNJIT,CN9873,CNYZH,CNNSA,CNDSN,CNLAZ,CNYTN,CNJIA,CN1087,CNLYG,CNYAN,AUESP,CNCHS,CNMEZ,CNDAL,CNYPG,CNRUG,CNZZU,TWKAO,CNZJG,CNSLH,AUFRE,CNDJK,CNBYQ,CNLKU,MYTBS,CNSDG,MYTPP,CNMWN,CNCGM,CNXIA,CNBHI,TWMAI,CNRIZ,CNSHE,SGSGP,MY2243,CNJIJ,TWTAP,CNZHA,CNQUA,CNZHE,CNDDG,CNWEN,CNQIZ,CNLYW,CNQHD,CNBAO,CNQIN,CNCFD,CNNJG,CNGLA,MYPGG,CNWEI,IDSAM,JPKAW,KRPOH,KRGWA,KRDAN,JPFUK,JPOIT,JPKIS,JPSKI,KRULS,KRINC,JPNAG,JPCBA,JPYOK,KRPYT,KRBUS,JPMIZ,JPKMA,KRYOS,JPOSK,AUGLE,AUMEL,AUNTL,AUADE,AUBRI,AUHAY,RUNJK"
OFFOARFKK,"BRPDM,SARTA,KWMAA,IQMAB,AERUW,OMSOH,CNHUI,CNLSN,CNNBO,CNZOS,CNJIT,CNMEZ,CNDAL,CNYPG,TWKAO,CNSLH,CNDJK,CNSDG,SGSGP,CNZHA,CNQIZ,CNCFD"
OAROSYYCK,"CAVCR,MXLCS,USLUA,MXMAN,PECAL,ECGYL,USNYK,UYULA,BRVIT,BRRDJ,UYMON,BRSTS,BRRGR,GBBEL,PTLXS,MACAS,GBSOU,GHTEM,IEDUB,CIABI,FRLEH,BEZEE,SIKOP,ITGOA,NLVSG,ESHUE,ITTAR,ESTAR,DZDJE,DEHAM,ITRAV,FRROU,MTMAL,BEANT,PLGDA,ESGIJ,NLROT,DEBRA,ESBIL,TRGEB,LVRIX,TRYAR,ZADUR,FIHEL,GRAGT,TRLMA,TRDER,ZARIB,JOAQA,LTKLJ,FIKOT,ROCON,ZAPLZ,UACHO,EGALE,BHBAH,KEMOM,TZDRS,SADMA,SAJED,SAYAN,KWMAA,AEJAL,AEABU,AERAK,RUSPG,OMSOH,AEFUJ,PKQAS,PKKAR,INKAN,INKNP,INMUN,THLCB,VNNGH,IDJAK,VNHCM,VNHPG,VNCAM,VNQUN,IDSUR,CNHUM,CNCJN,CNHUI,CNCZH,CNSHD,CNLSN,HKHKG,AUGER,CNNTG,CNFAN,CNDAF,CNYJG,CNNBO,CNZOS,CNGUA,CNFUN,CNJIN,CNHKO,CNHPU,CNDYI,CNHUA,CNTAI,CNDCB,CNTJN,MYKUA,MYPKE,MYPAG,IDBAH,CNSTO,CNYSN,CNWGQ,CNCJK,CNJIT,CNYZH,CNNSA,CNDSN,CNTAX,CNLAZ,CNFUZ,CNYTN,CNJIA,TWHLN,CNLYG,CNYAN,CNCHS,CNMEZ,CNDAL,CNYPG,CNRUG,CNZZU,TWKAO,CNZJG,AUFRE,CNBAS,CNDJK,CNBYQ,CNLKU,CNSDG,CNPLI,CNCGM,CNXIA,CNBHI,TWMAI,CNRIZ,CNSHE,SGSGP,TWTCH,CNJIJ,CNZHA,CNZPU,CNQUA,CNZHE,CNDDG,CNWEN,CNCHZ,CNQIZ,CNQHD,CNBAO,CNQIN,CNLVS,CNCFD,CNNJG,CNGLA,CNDNG,CNWEI,IDSAM,CNNDE,KRPOH,KRKUN,KRGWA,JPHIB,KRDAN,JPFUK,JPOIT,JPKIS,JPSKI,KRULS,KRINC,JPNAG,JPYOK,KRPYT,KRBUS,JPMIZ,JPKMA,JPOSK,AUGLE,AUMEL,AUNTL,AUPKE,AUADE,AUBRI,AUBNE,NZAKL,NZTAU,NZLYT,NZNAP"
OFFFARRKK,"USLSA,CAVCR,USOAK,GTSTC,USBEA,USBTR,USLUA,MXMAN,PECAL,ECGYL,USNYK,COBAR,COBUE,JMKIN,UYULA,BRVIT,BRRDJ,UYMON,BRSTS,BRRGR,GBBEL,PTLXS,MACAS,GHTEM,GNCON,IEDUB,FRLEH,BEZEE,SIKOP,ITGOA,NLVSG,ESHUE,ITTAR,ESTAR,DZDJE,DEHAM,ITRAV,FRROU,MTMAL,BEANT,PLGDA,ESSAN,ESGIJ,NLROT,ESBIL,TRGEB,LVRIX,TRYAR,ZADUR,GRAGT,TRLMA,TRDER,ZARIB,JOAQA,LTKLJ,FIKOT,ROCON,ZAPLZ,UACHO,EGALE,BHBAH,KEMOM,TZDRS,SADMA,QAUMS,SAJED,SAYAN,KWMAA,AEJAL,AEABU,AERAK,RUSPG,OMSOH,AEFUJ,PKQAS,PKKAR,INKAN,INKNP,INMUN,THLCB,IDCXP,VNNGH,IDJAK,VNHCM,VNHPG,VNCAM,VNQUN,THRAY,IDSUR,CNHUM,CNCJN,CNHUI,CNCZH,CNLSN,HKHKG,AUGER,CNNTG,CNFAN,CNDAF,CNYJG,CNNBO,CNZOS,CNGUA,CNFUN,CNJIN,CNHKO,CNHPU,CNDYI,CNHUA,CNTAI,CNTJN,MYPKE,MYPAG,IDBAH,CNSTO,CNYSN,CNWGQ,CNCJK,CNJIT,CNYZH,CNSHA,CNNSA,CNDSN,CNTAX,CNLAZ,CNFUZ,CNJIA,TWHLN,CNLYG,CNYAN,CNWEF,CNCHS,CNMEZ,CNDAL,CNYPG,CNRUG,CNZZU,TWKAO,CNZJG,AUFRE,CNBAS,CNDJK,IDMUS,CNBYQ,CNLKU,CNYIZ,CNSDG,AUBUN,CNPLI,CNCGM,CNXIA,CNBHI,PHBAT,TWMAI,CNRIZ,SGSGP,TWTCH,CNJIJ,CNZHA,CNZPU,CNQUA,CNZHE,CNDDG,CNWEN,CNCHZ,CNQIZ,CNQHD,CNBAO,CNQIN,CNLVS,CNCFD,CNNJG,CNGLA,CNDNG,CNWEI,IDSAM,CNNDE,KRPOH,KRKUN,KRGWA,JPHIB,KRDAN,JPFUK,JPOIT,JPKIS,JPHHR,JPSKI,JPTOK,KRULS,KRINC,JPNAG,JPYOK,KRPYT,KRBUS,JPMIZ,JPKMA,JPOSK,AUGLE,AUMEL,AUNTL,AUPKE,AUADE,AUBRI,AUBNE,AUHBT,AUDEV,AUGEE,NZAKL,NZTAU,NZNAP"
OAOFRRKKK,"USSEA,USLSA,CAVCR,USOAK,MXLCS,MXMAN,PECAL,PABAL,USNPN,USSAV,USCHA,USNYK,COBUE,CLSAN,CLTAL,UYULA,BRPEC,BRTUB,BRPDM,ARBNA,BRPAR,BRRDJ,UYMON,BRSTS,BRITA,BRRGR,GBSOU,FRLEH,BEZEE,FRFOS,NLAMS,SIKOP,ITGOA,DEHAM,ESBAR,MTMAL,ESCAR,BEANT,PLGDA,ESGIJ,NLROT,TRMER,ZACPT,TRYAR,GRELE,GRAGT,TRALI,ZARIB,EGPSA,UAODS,JOAQA,ROCON,EGALE,EGDAM,SAJUB,BHBAH,KEMOM,SADMA,QAUMS,SAJED,SAYAN,KWMAA,AEJAL,AEABU,AERUW,OMSOH,AEFUJ,RUULG,PKQAS,PKKAR,INMUN,THLCB,THKSI,VNHPG,VNCAM,VNSOD,CN9014,CNHUI,CNPAN,MY3182,CNLSN,HKHKG,AUGER,CNFAN,CNNBO,CNPYU,CNZOS,CNGUA,CNFUN,CNJIN,CNHUA,CNTAI,CN9862,CNTJN,MYPKE,MYPAG,IDBAH,CNSTO,CNYSN,CNWGQ,CNCJK,CNJIT,CN9873,CNYZH,CNNSA,CNDSN,CNLAZ,CNYTN,CNJIA,CN1087,CNLYG,CNYAN,AUESP,CNMEZ,IDTBR,CNDAL,CNYPG,CNRUG,CNZZU,CNSWE,TWKAO,CNZJG,CNSLH,CNDJK,CNBYQ,CNLKU,MYTBS,CNSDG,MYTPP,CNMWN,CNCGM,CNXIA,CN2039,CNBHI,TWMAI,CNRIZ,CNSHE,SGSGP,MY2243,TWTAP,CNZHA,CNZHE,CNDDG,CNWEN,CNQIZ,CNLYW,CNQHD,CNBAO,CNQIN,CNCFD,CNGLA,MYPGG,CNWEI,IDSAM,CNMJS,JPKAW,KRPOH,KRGWA,KRDAN,JPFUK,JPOIT,JPKIS,JPSKI,KRULS,KRINC,JPNAG,JPCBA,JPYOK,KRPYT,KRBUS,JPMIZ,JPKMA,KRYOS,AUGLE,AUNTL,AUBRI,AUHAY,RUNJK"
OAROCOKKK,"CAPRR,CAVCR,CANWE,BRPDM,BEZEE,DEHAM,MTMAL,BEANT,PLGDA,NLROT,GRPIR,SADMA,SARTA,KWMAA,IQMAB,AEJAL,AERUW,OMSOH,AEKHA,AEFUJ,CNHUI,MY3182,CNLSN,HKHKG,CNFAN,CNNBO,CNZOS,CNJIN,CNHUA,CNTAI,CNTJN,MYPKE,CNYSN,CNCJK,CNJIT,CNNSA,CNYTN,MY3173,CNJIA,CNLYG,CNYAN,CNMEZ,CNDAL,CNYPG,TWKAO,CNSLH,CNDJK,CNBYQ,CNSDG,AUPHE,CNXIA,CNRIZ,SGSGP,AUPWA,CNZHA,CNDDG,CNQIZ,CNLYW,CNQIN,CNCFD,AUDPR,CNMJS,KRPOH,KRGWA,JPFUK,JPKII,JPOIT,JPKIS,JPSKI,KRULS,KRINC,JPNAG,JPCBA,JPMIZ,JPKMA,KRYOS,AUNTL,AUHAY"
OFFCGGSKK,"USLGB,BEZEE,DEHAM,BEANT,PLGDA,NLROT,GRPIR,SADMA,AEJAL,AEKHA,VNCMP,HKHKG,CNNBO,CNTJN,MYPKE,CNYSN,CNNSA,CNYTN,CNDAL,TWKAO,CNXIA,SGSGP,CNQIN,KRGWA"
NGRKCGCKK,"USSEA,USLSA,CAVCR,USOAK,MXMAN,PECAL,PABAL,USSAV,USCHA,USNYK,COBUE,CLSAN,UYULA,BRTUB,BRPDM,ARBNA,BRPAR,BRRDJ,UYMON,BRSTS,BRITA,BRRGR,GBSOU,FRLEH,BEZEE,FRFOS,SIKOP,ITGOA,DEHAM,ESBAR,MTMAL,ESCAR,BEANT,PLGDA,ESGIJ,NLROT,TRMER,TRYAR,TRALI,EGPSA,UAODS,JOAQA,ROCON,EGALE,EGDAM,SAJUB,SADMA,SAJED,SARTA,QARAS,KWMAA,IQMAB,AEJAL,AEABU,AERUW,OMSOH,AEFUJ,PKKAR,INMUN,THLCB,VNHPG,VNCAM,CNHUI,CNPAN,MY3182,CNLSN,HKHKG,CNFAN,CNNBO,CNZOS,CNGUA,CNFUN,CNJIN,AUCPN,CNHUA,CNTAI,CNTJN,MYPKE,CNYSN,CNWGQ,CNCJK,CNJIT,CNYZH,CNNSA,CNDSN,CNYTN,CNJIA,CNLYG,CNYAN,AUESP,CNMEZ,CNDAL,CNYPG,CN8965,TWKAO,CNZJG,CNSLH,CNDJK,CNBYQ,CNLKU,CNSDG,CNMWN,CNCGM,AUPHE,CNXIA,CNRIZ,CNSHE,SGSGP,MY2243,TWTAP,CNZHA,CNZHE,CNDDG,CNQIZ,CNLYW,CNBAO,CNQIN,CNCFD,CNMJS,JPKAW,KRPOH,KRGWA,KRDAN,JPFUK,JPOIT,JPKIS,JPSKI,KRULS,KRINC,JPNAG,JPCBA,KRBUS,JPMIZ,JPKMA,KRYOS,AUGLE,AUAPT,AUNTL,AUBRI,AUHAY"
OACCKSKRK,"CNCJN,CNHUI,CNCZH,CNNTG,CNFAN,CNYJG,CNNBO,CNZOS,CNGUA,CNFUN,CNHKO,CNDYI,CNSTO,CNCJK,CNDSN,CNTAX,CNFUZ,CNJIA,CNLYG,CNYAN,CNWEF,CNCHS,CNMEZ,CNDAL,CNYPG,TWKAO,CNBAS,CNDJK,CNYIZ,CNSDG,CNBHI,CNJIJ,CNZHA,CNZPU,CNQUA,CNZHE,CNWEN,CNCHZ,CNNJG,CNDNG,KRDAN,KRULS"
NGNAKAKKK,"USLSA,CAVCR,USOAK,MXLCS,MXMAN,PECAL,ECGYL,USSAV,USNYK,COBUE,UYULA,BRPEC,BRTUB,BRPAR,BRRDJ,UYMON,BRSTS,BRRGR,GBSOU,FRLEH,BEZEE,NLAMS,SIKOP,ITGOA,DEHAM,ESBAR,MTMAL,ESCAR,BEANT,PLGDA,ESGIJ,NLROT,TRMER,ZACPT,TRYAR,GRAGT,TRALI,ZARIB,EGPSA,JOAQA,ROCON,EGALE,SAJUB,BHBAH,KEMOM,SADMA,QAUMS,SAJED,SAYAN,KWMAA,AEJAL,AEABU,OMSOH,AEFUJ,RUULG,PKQAS,PKKAR,INKNP,INMUN,INVIS,THLCB,THKSI,VNHPG,VNCAM,CNHUI,CNPAN,CNTAZ,CNLSN,HKHKG,AUGER,CNNTG,CNFAN,CNNBO,CNPYU,CNZOS,CNGUA,CNFUN,CNJIN,CNHUA,CNTAI,CNDCB,CNTJN,MYPKE,MYPAG,IDBAH,CNSTO,CNYSN,CNWGQ,CNCJK,CNJIT,CN9873,CNYZH,CNNSA,CNDSN,CNLAZ,CNYTN,CNJIA,CN1087,CNLYG,CNYAN,AUESP,CNCHS,CNMEZ,CNDAL,CNYPG,CNRUG,CNZZU,TWKAO,CNZJG,CNSLH,AUFRE,CNDJK,CNBYQ,CNLKU,CNSDG,MYTPP,CNPLI,CNCGM,CNXIA,CNBHI,TWMAI,CNRIZ,CNSHE,SGSGP,MY2243,CNJIJ,TWTAP,CNZHA,CNQUA,CNZHE,CNDDG,CNWEN,CNCHZ,CNQIZ,CNQHD,CNBAO,CNQIN,CNCFD,CNNJG,CNGLA,CNWEI,IDSAM,KRPOH,KRGWA,KRDAN,JPFUK,JPOIT,JPKIS,JPSKI,KRULS,KRINC,JPNAG,JPCBA,JPYOK,KRPYT,KRBUS,JPMIZ,JPKMA,JPOSK,AUGLE,AUMEL,AUNTL,AUADE,AUBRI,AUHAY"
OACNNGKKK,"USLSA,CAVCR,USOAK,GTPQL,MXLCS,MXMAN,PECAL,PABAL,ECGYL,USNPN,USSAV,USNYK,COBUE,CLTAL,UYULA,BRPEC,BRTUB,BRPDM,BRPAR,BRRDJ,UYMON,BRSTS,BRITA,BRRGR,GBSOU,FRLEH,BEZEE,NLAMS,SIKOP,ITGOA,DEHAM,ESBAR,MTMAL,ESCAR,BEANT,PLGDA,ESGIJ,NLROT,TRMER,ZACPT,TRYAR,GRELE,GRAGT,TRALI,ZARIB,EGPSA,JOAQA,ROCON,EGALE,EGDAM,SAJUB,BHBAH,KEMOM,SADMA,QAUMS,SAJED,SAYAN,KWMAA,AEJAL,AEABU,AERUW,OMSOH,AEFUJ,RUULG,PKQAS,PKKAR,INCHN,INKNP,INMUN,INVIS,THLCB,THKSI,VNHPG,VNCAM,VNSOD,CNHUI,CNPAN,CNTAZ,MY3182,CNLSN,HKHKG,AUGER,CNNTG,CNFAN,CNNBO,CNPYU,CNZOS,CNGUA,CNFUN,CNJIN,CNHUA,CNTAI,CNDCB,CN9862,CNTJN,MYPKE,MYPAG,IDBAH,CNSTO,CNYSN,CNWGQ,CNCJK,CNJIT,CN9873,CNYZH,CNNSA,CNDSN,CNLAZ,CNYTN,CNJIA,CN1087,CNLYG,CNYAN,AUESP,CNCHS,CNMEZ,CNDAL,CNYPG,CNRUG,CNZZU,CNSWE,TWKAO,CNZJG,CNSLH,AUFRE,CNDJK,CNBYQ,CNLKU,MYTBS,CNSDG,MYTPP,CNMWN,CNCGM,CNXIA,CNBHI,TWMAI,CNRIZ,CNSHE,SGSGP,MY2243,CNJIJ,TWTAP,CNZHA,CNQUA,CNZHE,CNDDG,CNWEN,CNCHZ,CNQIZ,CNLYW,CNQHD,CNBAO,CNQIN,CNCFD,CNNJG,CNGLA,MYPGG,CNWEI,IDSAM,CNMJS,JPKAW,KRPOH,KRGWA,KRDAN,JPFUK,JPOIT,JPKIS,JPSKI,KRULS,KRINC,JPNAG,JPCBA,JPYOK,KRPYT,KRBUS,JPMIZ,JPKMA,KRYOS,JPOSK,AUGLE,AUMEL,AUNTL,AUADE,AUBRI,AUHAY,RUNJK"
OAOFROKKK,"USLSA,CAVCR,USOAK,MXLCS,MXMAN,PECAL,ECGYL,USNYK,COBUE,UYULA,BRPAR,BRRDJ,UYMON,BRSTS,BRRGR,GBSOU,FRLEH,BEZEE,NLAMS,SIKOP,ITGOA,DEHAM,MTMAL,BEANT,PLGDA,ESGIJ,NLROT,TRYAR,GRAGT,ZARIB,JOAQA,ROCON,EGALE,SAJUB,BHBAH,KEMOM,SADMA,QAUMS,SAJED,SAYAN,KWMAA,AEJAL,AEABU,OMSOH,AEFUJ,PKQAS,PKKAR,INKNP,INMUN,THLCB,THKSI,VNHPG,VNCAM,CNHUI,CNPAN,CNTAZ,MY3182,CNLSN,HKHKG,AUGER,CNNTG,CNFAN,CNNBO,CNPYU,CNZOS,CNGUA,CNFUN,CNJIN,CNHUA,CNTAI,CNDCB,CN9862,CNTJN,MYPKE,MYPAG,IDBAH,CNSTO,CNYSN,CNWGQ,CNCJK,CNJIT,CN9873,CNYZH,CNNSA,CNDSN,CNLAZ,CNYTN,CNJIA,CN1087,CNLYG,CNYAN,AUESP,CNCHS,CNMEZ,CNDAL,CNYPG,CNRUG,CNZZU,TWKAO,CNZJG,AUFRE,CNDJK,CNBYQ,CNLKU,MYTBS,CNSDG,MYTPP,CNMWN,CNCGM,CNXIA,CNBHI,TWMAI,CNRIZ,CNSHE,SGSGP,CNJIJ,TWTAP,CNZHA,CNQUA,CNZHE,CNDDG,CNWEN,CNQIZ,CNQHD,CNBAO,CNQIN,CNCFD,CNNJG,CNGLA,MYPGG,CNWEI,IDSAM,KRPOH,KRGWA,KRDAN,JPFUK,JPOIT,JPKIS,JPSKI,KRULS,KRINC,JPNAG,JPCBA,JPYOK,KRPYT,KRBUS,JPMIZ,JPKMA,KRYOS,JPOSK,AUGLE,AUMEL,AUNTL,AUADE,AUBRI,RUNJK"
OARKNOKKK,"USSEA,CAPRR,USLSA,CAVCR,USOAK,MXESE,CANWE,MXLCS,MXMAN,PECAL,PABAL,USSAV,USCHA,USNYK,COBUE,CLSAN,CLLIR,BRPDM,GBLGP,MATAN,FRLEH,BEZEE,FRFOS,SIKOP,ITGOA,DEHAM,ESBAR,MTMAL,BEANT,PLGDA,ESVAL,NLROT,TRMER,TRISK,TRYAR,EGSOK,TRALI,TRIST,GRPIR,EGPSA,JOAQA,EGDAM,SAJUB,SADMA,QAHMD,SAJED,KWMAA,AEJAL,AERUW,OMSOH,AEKHA,AEFUJ,PKKAR,INNSA,LKCOL,INMUN,THLCB,VNHPG,CNHUI,MY3182,CNLSN,HKHKG,CNFAN,CNNBO,CNZOS,CNGUA,CNFUN,CNJIN,CNHUA,CNTAI,CNTJN,MYPKE,CNYSN,CNWGQ,CNCJK,CNJIT,CNNSA,CNYTN,CNJIA,CNLYG,CNYAN,CNMEZ,CNDAL,CNYPG,TWKAO,CNSLH,CNDJK,CNBYQ,CNSDG,CNMWN,CNXIA,CNRIZ,CNSHE,SGSGP,TWTAP,CNZHA,CNDDG,CNQIZ,CNLYW,CNQIN,CNCFD,CNMJS,KRPOH,KRGWA,JPFUK,JPOIT,JPKIS,JPSKI,KRULS,KRINC,JPNAG,JPCBA,KRBUS,JPMIZ,JPKMA,KRYOS,AUNTL,AUHAY"
OARGYCKKK,"USLSA,CAVCR,USOAK,GTPQL,MXLCS,MXMAN,PECAL,PABAL,ECGYL,USNPN,USSAV,USNYK,COBUE,CLTAL,UYULA,BRPEC,BRTUB,BRPDM,BRPAR,BRRDJ,UYMON,BRSTS,BRITA,BRRGR,GBSOU,FRLEH,BEZEE,NLAMS,SIKOP,ITGOA,DEHAM,ESBAR,MTMAL,ESCAR,BEANT,PLGDA,ESGIJ,NLROT,TRMER,ZACPT,TRYAR,GRELE,GRAGT,TRALI,ZARIB,EGPSA,JOAQA,ROCON,EGALE,EGDAM,SAJUB,BHBAH,KEMOM,SADMA,QAUMS,SAJED,SAYAN,KWMAA,AEJAL,AEABU,AERUW,OMSOH,AEFUJ,RUULG,PKQAS,PKKAR,INCHN,INKNP,INMUN,INVIS,THLCB,THKSI,VNHPG,VNCAM,VNSOD,CNHUI,CNPAN,CNTAZ,MY3182,CNLSN,HKHKG,AUGER,CNNTG,CNFAN,CNNBO,CNPYU,CNZOS,CNGUA,CNFUN,CNJIN,CNHUA,CNTAI,CNDCB,CN9862,CNTJN,MYPKE,MYPAG,IDBAH,CNSTO,CNYSN,CNWGQ,CNCJK,CNJIT,CN9873,CNYZH,CNNSA,CNDSN,CNLAZ,CNYTN,CNJIA,CN1087,CNLYG,CNYAN,AUESP,CNCHS,CNMEZ,CNDAL,CNYPG,CNRUG,CNZZU,TWKAO,CNZJG,CNSLH,AUFRE,CNDJK,CNBYQ,CNLKU,MYTBS,CNSDG,MYTPP,CNMWN,CNCGM,CNXIA,CNBHI,TWMAI,CNRIZ,CNSHE,SGSGP,MY2243,CNJIJ,TWTAP,CNZHA,CNQUA,CNZHE,CNDDG,CNWEN,CNCHZ,CNQIZ,CNLYW,CNQHD,CNBAO,CNQIN,CNCFD,CNNJG,CNGLA,MYPGG,CNWEI,IDSAM,JPKAW,KRPOH,KRGWA,KRDAN,JPFUK,JPOIT,JPKIS,JPSKI,KRULS,KRINC,JPNAG,JPCBA,JPYOK,KRPYT,KRBUS,JPMIZ,JPKMA,KRYOS,JPOSK,AUGLE,AUMEL,AUNTL,AUADE,AUBRI,AUHAY,RUNJK"
OARANKKKK,"USSEA,CAPRR,USLSA,CAVCR,USOAK,MXESE,MXLCS,MXMAN,PECAL,PABAL,ECGYL,USSAV,USNYK,COBUE,CLSAN,CLTAL,UYULA,CLLIR,BRTUB,BRPAR,BRRDJ,UYMON,BRIOA,BRSTS,BRIJI,BRITA,BRRGR,GBSOU,FRLEH,BEZEE,SIKOP,ITGOA,DEHAM,MTMAL,ESCAR,BEANT,PLGDA,ESGIJ,NLROT,TRYAR,EGSOK,JOAQA,ROCON,EGALE,SAJUB,SADMA,SAJED,KWMAA,AEJAL,AEABU,OMSOH,AEKHA,AEFUJ,PKQAS,PKKAR,INNSA,INCHN,LKCOL,INKNP,INMUN,INKUP,THLCB,VNHPG,VNCAM,CNHUI,MY3182,CNLSN,HKHKG,CNFAN,CNNBO,CNZOS,CNGUA,CNFUN,CNJIN,CNHUA,CNTAI,CNDCB,CNTJN,MYPKE,CNYSN,CNWGQ,CNCJK,CNJIT,CNYZH,CNNSA,CNDSN,CNYTN,CNJIA,CNLYG,CNYAN,AUESP,CNMEZ,CNDAL,CNYPG,TWKAO,CNZJG,AUFRE,CNDJK,CNBYQ,MYPEN,CNSDG,CNMWN,CNCGM,CNXIA,CNRIZ,CNSHE,SGSGP,TWTAP,CNZHA,CNQUA,CNZHE,CNDDG,CNQIZ,CNQHD,CNBAO,CNQIN,CNCFD,CNGLA,CNWEI,JPKAW,KRPOH,KRGWA,KRDAN,JPFUK,JPOIT,JPKIS,JPSKI,KRULS,KRINC,JPNAG,JPCBA,JPYOK,KRBUS,JPMIZ,JPKMA,KRYOS,JPOSK,AUGLE,AUMEL,AUNTL,AUADE,AUBRI"
OFFGCOYKK,"USLSA,CAVCR,USOAK,GTPQL,MXLCS,MXMAN,PECAL,PABAL,ECGYL,USNPN,USSAV,USNYK,COBUE,CLSAN,CLTAL,UYULA,BRPEC,BRTUB,BRPDM,ARBNA,BRPAR,BRRDJ,UYMON,BRIOA,BRSTS,BRITA,BRRGR,GBSOU,FRLEH,BEZEE,NLAMS,SIKOP,ITGOA,DEHAM,ESBAR,MTMAL,ESCAR,BEANT,PLGDA,ESGIJ,NLROT,TRMER,ZACPT,TRYAR,GRELE,GRAGT,TRALI,ZARIB,EGPSA,JOAQA,ROCON,EGALE,EGDAM,SAJUB,BHBAH,KEMOM,SADMA,QAUMS,SAJED,SAYAN,KWMAA,AEJAL,AEABU,AERUW,OMSOH,AEFUJ,RUULG,PKQAS,PKKAR,INCHN,INKNP,INMUN,INVIS,THLCB,THKSI,VNHPG,VNCAM,VNSOD,CNHUI,CNPAN,CNTAZ,MY3182,CNLSN,HKHKG,AUGER,CNFAN,CNNBO,CNPYU,CNZOS,CNGUA,CNFUN,CNJIN,CNHUA,CNTAI,CNDCB,CN9862,CNTJN,MYPKE,MYPAG,IDBAH,CNSTO,CNYSN,CNWGQ,CNCJK,CNJIT,CN9873,CNYZH,CNNSA,CNDSN,CNLAZ,CNYTN,CNJIA,CN1087,CNLYG,CNYAN,AUESP,CNMEZ,CNDAL,CNYPG,CNRUG,CNZZU,CNSWE,TWKAO,CNZJG,CNSLH,AUFRE,CNDJK,CNBYQ,CNLKU,MYTBS,CNSDG,MYTPP,CNMWN,CNCGM,CNXIA,CNBHI,TWMAI,CNRIZ,CNSHE,SGSGP,MY2243,TWTAP,CNZHA,CNQUA,CNZHE,CNDDG,CNWEN,CNQIZ,CNLYW,CNQHD,CNBAO,CNQIN,CNCFD,CNGLA,MYPGG,CNWEI,IDSAM,CNMJS,JPKAW,KRPOH,KRGWA,KRDAN,JPFUK,JPOIT,JPKIS,JPSKI,KRULS,KRINC,JPNAG,JPCBA,JPYOK,KRPYT,KRBUS,JPMIZ,JPKMA,KRYOS,JPOSK,AUGLE,AUMEL,AUNTL,AUADE,AUBRI,AUHAY,RUNJK"
OFFCYROKK,"USSEA,USLSA,CAVCR,USOAK,MXLCS,MXMAN,PECAL,PABAL,USSAV,USCHA,USNYK,COBUE,CLSAN,CLTAL,UYULA,BRTUB,BRPDM,ARBNA,BRPAR,BRRDJ,UYMON,BRSTS,BRITA,BRRGR,GBSOU,FRLEH,BEZEE,FRFOS,NLAMS,SIKOP,ITGOA,DEHAM,ESBAR,MTMAL,ESCAR,BEANT,PLGDA,ESGIJ,NLROT,TRMER,ZACPT,TRYAR,GRELE,GRAGT,TRALI,EGPSA,UAODS,JOAQA,ROCON,EGALE,EGDAM,SAJUB,BHBAH,KEMOM,SADMA,QAUMS,SAJED,SAYAN,QARAS,KWMAA,AEJAL,AEABU,AERUW,OMSOH,AEFUJ,RUULG,PKKAR,INMUN,THLCB,THKSI,VNHPG,VNCAM,CNHUI,CNPAN,MY3182,CNLSN,HKHKG,CNFAN,CNNBO,CNZOS,CNGUA,MY3177,CNFUN,CNJIN,CNHUA,CNTAI,CNTJN,MYPKE,MYPAG,CNYSN,CNWGQ,CNCJK,CNJIT,CNYZH,CNNSA,CNDSN,CNLAZ,CNYTN,CNJIA,CNLYG,CNYAN,AUESP,CNMEZ,CNDAL,CNYPG,TWKAO,CNZJG,CNSLH,CNDJK,CNBYQ,CNLKU,MYTBS,CNSDG,CNMWN,CNCGM,CNXIA,CN2039,TWMAI,CNRIZ,CNSHE,SGSGP,MY2243,TWTAP,CNZHA,CNZHE,CNDDG,CNQIZ,CNLYW,CNBAO,CNQIN,CNCFD,CNGLA,MYPGG,CNMJS,JPKAW,KRPOH,KRGWA,KRDAN,JPFUK,JPOIT,JPKIS,JPSKI,KRULS,KRINC,JPNAG,JPCBA,JPYOK,KRPYT,KRBUS,JPMIZ,JPKMA,KRYOS,AUGLE,AUAPT,AUNTL,AUBRI,AUHAY,RUNJK"
OFFYGFFKK,"CNNBO,CNTJN,CNDAL,SGSGP,CNQIN,KRGWA"
OAOGFSKKK,"USLSA,CAVCR,USOAK,GTPQL,MXLCS,MXMAN,PECAL,PABAL,ECGYL,USNPN,USSAV,USNYK,COBUE,CLSAN,CLTAL,UYULA,BRPEC,BRTUB,BRPDM,BRPAR,BRRDJ,UYMON,BRIOA,BRSTS,BRITA,BRRGR,GBSOU,FRLEH,BEZEE,NLAMS,SIKOP,ITGOA,DEHAM,ESBAR,MTMAL,ESCAR,BEANT,PLGDA,ESGIJ,NLROT,TRMER,ZACPT,TRYAR,GRELE,GRAGT,TRALI,ZARIB,EGPSA,JOAQA,ROCON,EGALE,EGDAM,SAJUB,BHBAH,KEMOM,SADMA,QAUMS,SAJED,SAYAN,KWMAA,AEJAL,AEABU,AERUW,OMSOH,AEFUJ,RUULG,PKQAS,PKKAR,INCHN,INKNP,INMUN,INVIS,THLCB,THKSI,VNHPG,VNCAM,VNSOD,CNHUI,CNPAN,CNTAZ,MY3182,CNLSN,HKHKG,AUGER,CNFAN,CNNBO,CNPYU,CNZOS,CNGUA,CNFUN,CNJIN,CNHUA,CNTAI,CNDCB,CN9862,CNTJN,MYPKE,MYPAG,IDBAH,CNSTO,CNYSN,CNWGQ,CNCJK,CNJIT,CN9873,CNYZH,CNNSA,CNDSN,CNLAZ,CNYTN,CNJIA,CN1087,CNLYG,CNYAN,AUESP,CNMEZ,CNDAL,CNYPG,CNRUG,CNZZU,CNSWE,TWKAO,CNZJG,CNSLH,AUFRE,CNDJK,CNBYQ,CNLKU,MYTBS,CNSDG,MYTPP,CNMWN,CNCGM,CNXIA,CNBHI,TWMAI,CNRIZ,CNSHE,SGSGP,MY2243,TWTAP,CNZHA,CNQUA,CNZHE,CNDDG,CNWEN,CNQIZ,CNLYW,CNQHD,CNBAO,CNQIN,CNCFD,CNGLA,MYPGG,CNWEI,IDSAM,CNMJS,JPKAW,KRPOH,KRGWA,KRDAN,JPFUK,JPOIT,JPKIS,JPSKI,KRULS,KRINC,JPNAG,JPCBA,JPYOK,KRPYT,KRBUS,JPMIZ,JPKMA,KRYOS,JPOSK,AUGLE,AUMEL,AUNTL,AUADE,AUBRI,AUHAY,RUNJK"
OARCROOAK,"CNHUI,CNCZH,CNFAN,CNYJG,CNGUA,CNHKO,CNSTO,CNSYA,CNYPG,CNBHI,CNZHA,CNHAA,CNDNG"
OAOFKKKKK,"USSEA,USLSA,CAVCR,USOAK,GTPQL,MXLCS,MXMAN,PECAL,PABAL,ECGYL,USSAV,USCHA,USNYK,COBUE,CLSAN,CLTAL,UYULA,BRTUB,BRPDM,ARBNA,BRPAR,BRRDJ,UYMON,BRIOA,BRSTS,BRITA,BRRGR,GBSOU,FRLEH,BEZEE,SIKOP,ITGOA,DEHAM,ESBAR,MTMAL,ESCAR,BEANT,PLGDA,ESGIJ,NLROT,TRMER,ZACPT,TRYAR,EGSOK,TRALI,EGPSA,UAODS,JOAQA,ROCON,EGALE,EGDAM,SAJUB,SADMA,SAJED,KWMAA,AEJAL,AEABU,AERUW,OMSOH,AEFUJ,PKQAS,PKKAR,INCHN,INKNP,INMUN,INVIS,INKUP,THLCB,VNHPG,VNCAM,CNHUI,CNPAN,MY3182,CNLSN,HKHKG,CNFAN,CNNBO,CNZOS,CNGUA,CNFUN,CNJIN,CNHUA,CNTAI,CNDCB,CNTJN,MYPKE,MYPAG,CNYSN,CNWGQ,CNCJK,CNJIT,CNYZH,CNNSA,CNDSN,CNYTN,CNJIA,CNLYG,CNYAN,AUESP,CNMEZ,CNDAL,CNYPG,CNZZU,TWKAO,CNZJG,CNSLH,AUFRE,CNDJK,CNBYQ,MYPEN,CNSDG,CNMWN,CNCGM,CNXIA,CNRIZ,CNSHE,SGSGP,TWTAP,CNZHA,CNZHE,CNDDG,CNQIZ,CNLYW,CNBAO,CNQIN,CNCFD,CNGLA,CNWEI,CNMJS,JPKAW,KRPOH,KRGWA,KRDAN,JPFUK,JPOIT,JPKIS,JPSKI,KRULS,KRINC,JPNAG,JPCBA,JPYOK,KRBUS,JPMIZ,JPKMA,KRYOS,JPOSK,AUGLE,AUMEL,AUNTL,AUADE,AUBRI,AUHAY"
RFCYROKKK,"USSEA,USLGB,CAPRR,USLSA,CAVCR,USOAK,MXESE,MXLCS,MXMAN,PECAL,PABAL,USSAV,USCHA,USNYK,COBUE,CLSAN,CLTAL,UYULA,CLLIR,BRPDM,ARBNA,BRPAR,BRRDJ,UYMON,BRSTS,BRIJI,BRRGR,FRLEH,BEZEE,SIKOP,ITGOA,DEHAM,ESBAR,MTMAL,BEANT,PLGDA,NLROT,TRMER,TRYAR,EGSOK,TRALI,EGPSA,UAODS,JOAQA,ROCON,EGALE,EGDAM,SAJUB,SADMA,SAJED,KWMAA,AEJAL,AEABU,AERUW,OMSOH,AEKHA,AEFUJ,PKKAR,INNSA,LKCOL,INMUN,VNCMP,THLCB,VNHPG,VNCAM,CNHUI,MY3182,CNLSN,HKHKG,CNFAN,CNNBO,CNZOS,CNFUN,CNJIN,CNHUA,CNTAI,CNTJN,MYPKE,CNYSN,CNWGQ,CNCJK,CNJIT,CNNSA,CNYTN,CNJIA,CNLYG,CNYAN,AUESP,CNMEZ,CNDAL,CNYPG,TWKAO,CNZJG,CNSLH,CNDJK,CNBYQ,CNSDG,CNMWN,CNCGM,CNXIA,CNRIZ,CNSHE,SGSGP,TWTAP,CNZHA,CNZHE,CNDDG,CNQIZ,CNLYW,CNBAO,CNQIN,CNCFD,CNMJS,JPKAW,KRPOH,KRGWA,JPFUK,JPOIT,JPKIS,JPSKI,KRULS,KRINC,JPNAG,JPCBA,JPYOK,KRBUS,JPMIZ,JPKMA,KRYOS,AUGLE,AUNTL,AUHAY"
OAOKFFKKK,"USSEA,USLSA,CAVCR,USOAK,MXLCS,MXMAN,PECAL,PABAL,USNPN,USSAV,USCHA,USNYK,COBUE,CLSAN,CLTAL,UYULA,BRPEC,BRTUB,BRPDM,ARBNA,BRPAR,BRRDJ,UYMON,BRSTS,BRITA,BRRGR,GBSOU,FRLEH,BEZEE,FRFOS,NLAMS,SIKOP,ITGOA,DEHAM,ESBAR,MTMAL,ESCAR,BEANT,PLGDA,ESGIJ,NLROT,TRMER,ZACPT,TRYAR,GRELE,GRAGT,TRALI,ZARIB,EGPSA,UAODS,JOAQA,ROCON,EGALE,EGDAM,SAJUB,BHBAH,KEMOM,SADMA,QAUMS,SAJED,SAYAN,KWMAA,AEJAL,AEABU,AERUW,OMSOH,AEFUJ,RUULG,PKQAS,PKKAR,INMUN,THLCB,THKSI,VNHPG,VNCAM,VNSOD,CN9014,CNHUI,CNPAN,MY3182,CNLSN,HKHKG,AUGER,CNFAN,CNNBO,CNPYU,CNZOS,CNGUA,CNFUN,CNJIN,CNHUA,CNTAI,CN9862,CNTJN,MYPKE,MYPAG,IDBAH,CNSTO,CNYSN,CNWGQ,CNCJK,CNJIT,CN9873,CNYZH,CNNSA,CNDSN,CNLAZ,CNYTN,CNJIA,CN1087,CNLYG,CNYAN,AUESP,CNMEZ,IDTBR,CNDAL,CNYPG,CNRUG,CNZZU,CNSWE,TWKAO,CNZJG,CNSLH,CNDJK,CNBYQ,CNLKU,MYTBS,CNSDG,MYTPP,CNMWN,CNCGM,CNXIA,CN2039,CNBHI,TWMAI,CNRIZ,CNSHE,SGSGP,MY2243,TWTAP,CNZHA,CNZHE,CNDDG,CNWEN,CNQIZ,CNLYW,CNQHD,CNBAO,CNQIN,CNCFD,CNGLA,MYPGG,CNWEI,IDSAM,CNMJS,JPKAW,KRPOH,KRGWA,KRDAN,JPFUK,JPOIT,JPKIS,JPSKI,KRULS,KRINC,JPNAG,JPCBA,JPYOK,KRPYT,KRBUS,JPMIZ,JPKMA,KRYOS,AUGLE,AUNTL,AUBRI,AUHAY,RUNJK"
OARYGNKKK,"USSEA,CAPRR,USLSA,CAVCR,USOAK,MXESE,MXLCS,MXMAN,PECAL,PABAL,USSAV,USNYK,COBUE,CLSAN,CLTAL,UYULA,CLLIR,BRPDM,ARBNA,BRPAR,BRRDJ,UYMON,BRSTS,BRIJI,BRRGR,FRLEH,BEZEE,SIKOP,ITGOA,DEHAM,ESBAR,MTMAL,BEANT,PLGDA,NLROT,TRMER,TRYAR,EGSOK,TRALI,EGPSA,JOAQA,ROCON,EGALE,EGDAM,SAJUB,SADMA,SAJED,KWMAA,AEJAL,AEABU,AERUW,OMSOH,AEKHA,AEFUJ,PKKAR,INNSA,LKCOL,INMUN,THLCB,VNHPG,VNCAM,CNHUI,MY3182,CNLSN,HKHKG,CNFAN,CNNBO,CNZOS,CNGUA,CNFUN,CNJIN,CNHUA,CNTAI,CNDCB,CNTJN,MYPKE,CNYSN,CNWGQ,CNCJK,CNJIT,CNNSA,CNYTN,CNJIA,CNLYG,CNYAN,AUESP,CNMEZ,CNDAL,CNYPG,TWKAO,CNZJG,CNSLH,CNDJK,CNBYQ,CNSDG,CNMWN,CNCGM,CNXIA,CNRIZ,CNSHE,SGSGP,TWTAP,CNZHA,CNQUA,CNZHE,CNDDG,CNQIZ,CNLYW,CNQHD,CNBAO,CNQIN,CNCFD,CNGLA,CNMJS,JPKAW,KRPOH,KRGWA,JPFUK,JPOIT,JPKIS,JPSKI,KRULS,KRINC,JPNAG,JPCBA,JPYOK,KRBUS,JPMIZ,JPKMA,KRYOS,AUGLE,AUNTL,AUHAY"
OARFKCKRK,"CAVCR,USLUA,MXMAN,PECAL,ECGYL,USNYK,PEMAT,ECPBO,COBUE,UYULA,CLMEJ,CLANT,BRVIT,BRRDJ,UYMON,BRSTS,BRRGR,GBBEL,PTLXS,MACAS,GHTEM,GNCON,IEDUB,FRLEH,BEZEE,SIKOP,ITGOA,NLVSG,ESHUE,ITTAR,ESTAR,DZDJE,DEHAM,ITRAV,FRROU,MTMAL,BEANT,PLGDA,ESGIJ,NLROT,ESBIL,TRGEB,LVRIX,TRYAR,ZADUR,GRAGT,TRLMA,TRDER,ZARIB,JOAQA,LTKLJ,FIKOT,ROCON,ZAPLZ,UACHO,EGALE,BHBAH,KEMOM,TZDRS,SADMA,SAJED,SAYAN,KWMAA,AEJAL,AEABU,AERAK,RUNVS,RUSPG,OMSOH,AEFUJ,PKQAS,PKKAR,INKAN,INKNP,INMUN,THLCB,VNNGH,IDJAK,VNHCM,VNHPG,VNCAM,VNQUN,IDSUR,CNHUM,CNCJN,CNHUI,CNCZH,CNLSN,HKHKG,AUGER,CNNTG,CNFAN,CNDAF,CNYJG,CNNBO,CNZOS,CNGUA,CNFUN,CNJIN,CNHKO,CNHPU,CNDYI,CNHUA,CNTAI,CNTJN,MYPKE,MYPAG,IDBAH,CNSTO,CNYSN,CNWGQ,CNCJK,CNJIT,CNYZH,CNSHA,CNNSA,CNDSN,CNTAX,CNLAZ,CNFUZ,CNJIA,TWHLN,CNLYG,CNYAN,CNCHS,CNMEZ,CNDAL,CNYPG,CNRUG,CNZZU,TWKAO,CNZJG,AUFRE,CNBAS,CNDJK,CNBYQ,CNLKU,CNYIZ,CNSDG,CNPLI,CNCGM,CNXIA,CNBHI,PHBAT,TWMAI,CNRIZ,SGSGP,TWTCH,CNJIJ,CNZHA,CNZPU,CNQUA,CNZHE,CNDDG,CNWEN,CNCHZ,CNQIZ,CNQHD,CNBAO,CNQIN,CNLVS,CNCFD,CNNJG,CNGLA,CNDNG,CNWEI,IDSAM,CNNDE,KRPOH,KRKUN,KRGWA,JPHIB,KRDAN,JPFUK,JPOIT,JPKIS,JPHHR,JPSKI,JPTOK,KRULS,KRINC,JPNAG,JPYOK,KRPYT,KRBUS,JPMIZ,JPMOJ,JPKMA,JPOSK,AUGLE,AUMEL,AUNTL,AUPKE,AUADE,AUBRI,AUGEE,NZAKL,NZTAU,NZNAP"
OARASSKKK,"BRPDM,SAJUT,QAASN,SARTA,KWMAA,IQMAB,AERUW,OMMAF,AEZUR,AEFUJ,MMMIO,CNHUI,CNLSN,CNNBO,CNZOS,CNTJN,CNMEZ,CNDAL,CNYPG,TWKAO,CNSLH,CNDJK,CNSDG,SGSGP,CNZHA,CNQIZ,CNQIN,CNCFD,KRGWA,JPKII,JPSKI,JPCBA"
OFFCSGRKK,"BEZEE,DEHAM,BEANT,PLGDA,NLROT,GRPIR,SADMA,AEJAL,AEKHA,CNNBO,CNZOS,CNTJN,MYPKE,CNYSN,CNNSA,CNYTN,CNLYG,CNDAL,CNXIA,SGSGP,CNQIN,KRGWA"
OARCKYFNK,"USLSA,CAVCR,USOAK,GTPQL,MXLCS,MXMAN,PECAL,PABAL,ECGYL,USNPN,USSAV,USNYK,COBUE,CLSAN,CLTAL,UYULA,BRPEC,BRTUB,BRPDM,ARBNA,BRPAR,BRRDJ,UYMON,BRIOA,BRSTS,BRITA,BRRGR,GBSOU,FRLEH,BEZEE,NLAMS,SIKOP,ITGOA,DEHAM,ESBAR,MTMAL,ESCAR,BEANT,PLGDA,ESGIJ,NLROT,TRMER,ZACPT,TRYAR,GRELE,GRAGT,TRALI,ZARIB,EGPSA,JOAQA,ROCON,EGALE,EGDAM,SAJUB,BHBAH,KEMOM,SADMA,QAUMS,SAJED,SAYAN,KWMAA,AEJAL,AEABU,AERUW,OMSOH,AEFUJ,RUULG,PKQAS,PKKAR,INCHN,INKNP,INMUN,INVIS,THLCB,THKSI,VNHPG,VNCAM,VNSOD,CNHUI,CNPAN,CNTAZ,MY3182,CNLSN,HKHKG,AUGER,CNFAN,CNNBO,CNPYU,CNZOS,CNGUA,CNFUN,CNJIN,CNHUA,CNTAI,CNDCB,CN9862,CNTJN,MYPKE,MYPAG,IDBAH,CNSTO,CNYSN,CNWGQ,CNCJK,CNJIT,CN9873,CNYZH,CNNSA,CNDSN,CNLAZ,CNYTN,CNJIA,CN1087,CNLYG,CNYAN,AUESP,CNMEZ,CNDAL,CNYPG,CNRUG,CNZZU,CNSWE,TWKAO,CNZJG,CNSLH,AUFRE,CNDJK,CNBYQ,CNLKU,MYTBS,CNSDG,MYTPP,CNMWN,CNCGM,CNXIA,CNBHI,TWMAI,CNRIZ,CNSHE,SGSGP,MY2243,TWTAP,CNZHA,CNQUA,CNZHE,CNDDG,CNWEN,CNQIZ,CNLYW,CNQHD,CNBAO,CNQIN,CNCFD,CNGLA,MYPGG,CNWEI,IDSAM,CNMJS,JPKAW,KRPOH,KRGWA,KRDAN,JPFUK,JPOIT,JPKIS,JPSKI,KRULS,KRINC,JPNAG,JPCBA,JPYOK,KRPYT,KRBUS,JPMIZ,JPKMA,KRYOS,JPOSK,AUGLE,AUMEL,AUNTL,AUADE,AUBRI,AUHAY,RUNJK"
OARAYSKKK,"USSEA,USLSA,CAVCR,USOAK,MXLCS,MXMAN,PECAL,PABAL,USNPN,USSAV,USCHA,USNYK,COBUE,CLSAN,CLTAL,UYULA,BRPEC,BRTUB,BRPDM,ARBNA,BRPAR,BRRDJ,UYMON,BRSTS,BRITA,BRRGR,GBSOU,FRLEH,BEZEE,FRFOS,NLAMS,SIKOP,ITGOA,DEHAM,ESBAR,MTMAL,ESCAR,BEANT,PLGDA,ESGIJ,NLROT,TRMER,ZACPT,TRYAR,GRELE,GRAGT,TRALI,ZARIB,EGPSA,UAODS,JOAQA,ROCON,EGALE,EGDAM,SAJUB,BHBAH,KEMOM,SADMA,QAUMS,SAJED,SAYAN,KWMAA,AEJAL,AEABU,AERUW,OMSOH,AEFUJ,RUULG,PKQAS,PKKAR,INMUN,THLCB,THKSI,VNHPG,VNCAM,VNSOD,CN9014,CNHUI,CNPAN,MY3182,CNLSN,HKHKG,AUGER,CNFAN,CNNBO,CNPYU,CNZOS,CNGUA,CNFUN,CNJIN,CNHUA,CNTAI,CN9862,CNTJN,MYPKE,MYPAG,IDBAH,CNSTO,CNYSN,CNWGQ,CNCJK,CNJIT,CN9873,CNYZH,CNNSA,CNDSN,CNLAZ,CNYTN,CNJIA,CN1087,CNLYG,CNYAN,AUESP,CNMEZ,IDTBR,CNDAL,CNYPG,CNRUG,CNZZU,CNSWE,TWKAO,CNZJG,CNSLH,CNDJK,CNBYQ,CNLKU,MYTBS,CNSDG,MYTPP,CNMWN,CNCGM,CNXIA,CN2039,CNBHI,TWMAI,CNRIZ,CNSHE,SGSGP,MY2243,TWTAP,CNZHA,CNZHE,CNDDG,CNWEN,CNQIZ,CNLYW,CNQHD,CNBAO,CNQIN,CNCFD,CNGLA,MYPGG,CNWEI,IDSAM,CNMJS,JPKAW,KRPOH,KRGWA,KRDAN,JPFUK,JPOIT,JPKIS,JPSKI,KRULS,KRINC,JPNAG,JPCBA,JPYOK,KRPYT,KRBUS,JPMIZ,JPKMA,KRYOS,AUGLE,AUNTL,AUBRI,AUHAY,RUNJK"
OARSYGKKK,"USLSA,CAVCR,USOAK,GTPQL,MXLCS,MXMAN,PECAL,PABAL,ECGYL,USNPN,USSAV,USNYK,COBUE,CLTAL,UYULA,BRPEC,BRTUB,BRPDM,BRPAR,BRRDJ,UYMON,BRSTS,BRITA,BRRGR,GBSOU,FRLEH,BEZEE,NLAMS,SIKOP,ITGOA,DEHAM,ESBAR,MTMAL,ESCAR,BEANT,PLGDA,ESGIJ,NLROT,TRMER,ZACPT,TRYAR,GRELE,GRAGT,TRALI,ZARIB,EGPSA,JOAQA,ROCON,EGALE,EGDAM,SAJUB,BHBAH,KEMOM,SADMA,QAUMS,SAJED,SAYAN,KWMAA,AEJAL,AEABU,AERUW,OMSOH,AEFUJ,RUULG,PKQAS,PKKAR,INCHN,INKNP,INMUN,INVIS,THLCB,THKSI,VNHPG,VNCAM,VNSOD,CNHUI,CNPAN,CNTAZ,MY3182,CNLSN,HKHKG,AUGER,CNNTG,CNFAN,CNNBO,CNPYU,CNZOS,CNGUA,CNFUN,CNJIN,CNHUA,CNTAI,CNDCB,CN9862,CNTJN,MYPKE,MYPAG,IDBAH,CNSTO,CNYSN,CNWGQ,CNCJK,CNJIT,CN9873,CNYZH,CNNSA,CNDSN,CNLAZ,CNYTN,CNJIA,CN1087,CNLYG,CNYAN,AUESP,CNCHS,CNMEZ,CNDAL,CNYPG,CNRUG,CNZZU,TWKAO,CNZJG,CNSLH,AUFRE,CNDJK,CNBYQ,CNLKU,MYTBS,CNSDG,MYTPP,CNPLI,CNMWN,CNCGM,CNXIA,CNBHI,TWMAI,CNRIZ,CNSHE,SGSGP,MY2243,CNJIJ,TWTAP,CNZHA,CNQUA,CNZHE,CNDDG,CNWEN,CNCHZ,CNQIZ,CNLYW,CNQHD,CNBAO,CNQIN,CNCFD,CNNJG,CNGLA,MYPGG,CNWEI,IDSAM,JPKAW,KRPOH,KRGWA,KRDAN,JPFUK,JPOIT,JPKIS,JPSKI,KRULS,KRINC,JPNAG,JPCBA,JPYOK,KRPYT,KRBUS,JPMIZ,JPKMA,KRYOS,JPOSK,AUGLE,AUMEL,AUNTL,AUADE,AUBRI,AUHAY,RUNJK"
OFFOOASKK,"USLGB,USLSA,USNFK,USSAV,USNYK,BRPDM,GBLGP,MATAN,FRLEH,BEZEE,FRFOS,ITGOA,DEHAM,BEANT,PLGDA,ESVAL,NLROT,EGSOK,GRPIR,JOAQA,SADMA,QAHMD,SAJED,AEJAL,OMSOH,AEKHA,PKKAR,INNSA,INMUN,VNCMP,HKHKG,CNNBO,CNZOS,CNFUN,CNTJN,MYPKE,CNYSN,CNJIT,CNNSA,CNYTN,CNLYG,CNMEZ,CNDAL,TWKAO,CNSLH,CNDJK,CNXIA,CNSHE,SGSGP,TWTAP,CNQIN,KRGWA"
OARCRCOYK,"CNHUI,CNCZH,CNFAN,CNYJG,CNGUA,CNHKO,CNSTO,CNDAL,CNYPG,CNSDG,CNBHI,CNZHA,CNDNG"
OFFGCCFKK,"USSEA,USLSA,CAVCR,USOAK,MXLCS,MXMAN,PECAL,PABAL,USNPN,USSAV,USCHA,USNYK,COBUE,CLSAN,CLTAL,UYULA,BRPEC,BRTUB,BRPDM,ARBNA,BRPAR,BRRDJ,UYMON,BRSTS,BRITA,BRRGR,GBSOU,FRLEH,BEZEE,FRFOS,NLAMS,SIKOP,ITGOA,FRDKK,DEHAM,ESBAR,MTMAL,ESCAR,BEANT,PLGDA,ESGIJ,NLROT,TRMER,ZACPT,TRYAR,GRELE,GRAGT,TRALI,ZARIB,EGPSA,UAODS,JOAQA,ROCON,EGALE,EGDAM,SAJUB,BHBAH,KEMOM,SADMA,QAUMS,SAJED,SAYAN,KWMAA,AEJAL,AEABU,AERUW,OMSOH,AEFUJ,RUULG,PKKAR,INMUN,THLCB,THKSI,VNHPG,VNCAM,VNSOD,CNHUI,CNPAN,MY3182,CNLSN,HKHKG,AUGER,CNFAN,CNNBO,CNZOS,CNGUA,CNFUN,CNJIN,CNHUA,CNTAI,CNTJN,MYPKE,MYPAG,IDBAH,CNSTO,CNYSN,CNWGQ,CNCJK,CNJIT,CNYZH,CNNSA,CNDSN,CNLAZ,CNYTN,CNJIA,CNLYG,CNYAN,AUESP,CNMEZ,IDTBR,CNDAL,CNYPG,CNRUG,CNZZU,CNSWE,TWKAO,CNZJG,CNSLH,CNDJK,CNBYQ,CNLKU,MYTBS,CNSDG,CNMWN,CNCGM,CNXIA,CN2039,TWMAI,CNRIZ,CNSHE,SGSGP,MY2243,TWTAP,CNZHA,CNZHE,CNDDG,CNWEN,CNQIZ,CNLYW,CNQHD,CNBAO,CNQIN,CNCFD,CNGLA,MYPGG,CNWEI,IDSAM,CNMJS,JPKAW,KRPOH,KRGWA,KRDAN,JPFUK,JPOIT,JPKIS,JPSKI,KRULS,KRINC,JPNAG,JPCBA,JPYOK,KRPYT,KRBUS,JPMIZ,JPKMA,KRYOS,AUGLE,AUNTL,AUBRI,AUHAY,RUNJK"
OACONKKKK,"CNCJN,CNHUI,CNCZH,CNNTG,CNFAN,CNYJG,CNNBO,CNZOS,CNGUA,CNFUN,CNHKO,CNDYI,CNTJN,CNSTO,CNCJK,CNDSN,CNTAX,CNFUZ,CNJIA,CNLYG,CNYAN,CNWEF,CNCHS,CNMEZ,CNDAL,CNYPG,TWKAO,CNBAS,CNDJK,CNBYQ,CNYIZ,CNSDG,CNXIA,CNBHI,CNJIJ,CNZHA,CNZPU,CNQUA,CNZHE,CNWEN,CNCHZ,CNNJG,CNDNG,KRDAN,KRULS"
OAOFFGKKK,"USLSA,CAVCR,USOAK,MXLCS,MXMAN,PECAL,ECGYL,USNYK,COBUE,UYULA,BRPAR,BRRDJ,UYMON,BRSTS,BRRGR,GBSOU,FRLEH,BEZEE,NLAMS,SIKOP,ITGOA,DEHAM,MTMAL,BEANT,PLGDA,ESGIJ,NLROT,TRYAR,GRAGT,ZARIB,JOAQA,ROCON,EGALE,SAJUB,BHBAH,KEMOM,SADMA,QAUMS,SAJED,SAYAN,KWMAA,AEJAL,AEABU,OMSOH,AEFUJ,PKQAS,PKKAR,INKNP,INMUN,THLCB,VNHPG,VNCAM,CNHUI,CNPAN,CNTAZ,CNLSN,HKHKG,AUGER,CNNTG,CNFAN,CNNBO,CNZOS,CNGUA,CNFUN,CNJIN,CNHUA,CNTAI,CNDCB,CNTJN,MYPKE,MYPAG,IDBAH,CNSTO,CNYSN,CNWGQ,CNCJK,CNJIT,CNYZH,CNNSA,CNDSN,CNLAZ,CNYTN,CNJIA,CNLYG,CNYAN,AUESP,CNCHS,CNMEZ,CNDAL,CNYPG,CNRUG,CNZZU,TWKAO,CNZJG,AUFRE,CNDJK,CNBYQ,CNLKU,CNSDG,CNPLI,CNCGM,CNXIA,CNBHI,TWMAI,CNRIZ,CNSHE,SGSGP,CNJIJ,TWTAP,CNZHA,CNQUA,CNZHE,CNDDG,CNWEN,CNCHZ,CNQIZ,CNQHD,CNBAO,CNQIN,CNCFD,CNNJG,CNGLA,CNWEI,IDSAM,KRPOH,KRGWA,KRDAN,JPFUK,JPOIT,JPKIS,JPSKI,KRULS,KRINC,JPNAG,JPYOK,KRPYT,KRBUS,JPMIZ,JPKMA,JPOSK,AUGLE,AUMEL,AUNTL,AUADE,AUBRI"
OAOFKFKKK,"USLSA,CAVCR,USOAK,MXLCS,MXMAN,PECAL,ECGYL,USSAV,USNYK,COBUE,CLTAL,UYULA,BRPEC,BRTUB,BRPAR,BRRDJ,UYMON,BRSTS,BRRGR,GBSOU,FRLEH,BEZEE,NLAMS,SIKOP,ITGOA,DEHAM,MTMAL,ESCAR,BEANT,PLGDA,ESGIJ,NLROT,ZACPT,TRYAR,GRAGT,TRALI,ZARIB,EGPSA,JOAQA,ROCON,EGALE,SAJUB,BHBAH,KEMOM,SADMA,QAUMS,SAJED,SAYAN,KWMAA,AEJAL,AEABU,AERUW,OMSOH,AEFUJ,PKQAS,PKKAR,INKNP,INMUN,THLCB,THKSI,VNHPG,VNCAM,CNHUI,CNPAN,CNTAZ,CNLSN,HKHKG,AUGER,CNNTG,CNFAN,CNNBO,CNPYU,CNZOS,CNGUA,CNFUN,CNJIN,CNHUA,CNTAI,CNDCB,CNTJN,MYPKE,MYPAG,IDBAH,CNSTO,CNYSN,CNWGQ,CNCJK,CNJIT,CN9873,CNYZH,CNNSA,CNDSN,CNLAZ,CNYTN,CNJIA,CN1087,CNLYG,CNYAN,AUESP,CNCHS,CNMEZ,CNDAL,CNYPG,CNRUG,CNZZU,TWKAO,CNZJG,CNSLH,AUFRE,CNDJK,CNBYQ,CNLKU,CNSDG,MYTPP,CNPLI,CNCGM,CNXIA,CNBHI,TWMAI,CNRIZ,CNSHE,SGSGP,MY2243,CNJIJ,TWTAP,CNZHA,CNQUA,CNZHE,CNDDG,CNWEN,CNCHZ,CNQIZ,CNLYW,CNQHD,CNBAO,CNQIN,CNCFD,CNNJG,CNGLA,CNWEI,IDSAM,JPKAW,KRPOH,KRGWA,KRDAN,JPFUK,JPOIT,JPKIS,JPSKI,KRULS,KRINC,JPNAG,JPCBA,JPYOK,KRPYT,KRBUS,JPMIZ,JPKMA,JPOSK,AUGLE,AUMEL,AUNTL,AUADE,AUBRI"
OARCRAFAK,"CNCJN,CNHUI,CNCZH,CNNTG,CNFAN,CNYJG,CNNBO,CNZOS,CNGUA,CNFUN,CNHKO,CNDYI,CNTJN,CNSTO,CNCJK,CNDSN,CNTAX,CNFUZ,CNJIA,CNLYG,CNWEF,CNCHS,CNMEZ,CNDAL,CNYPG,TWKAO,CNBAS,CNYIZ,CNSDG,CNBHI,CNJIJ,CNZHA,CNZPU,CNQUA,CNZHE,CNWEN,CNCHZ,CNNJG,CNDNG,KRDAN,KRULS"
OARCGORSK,"CAVCR,MXLCS,USLUA,MXMAN,PECAL,ECGYL,USNYK,UYULA,BRVIT,BRRDJ,UYMON,BRSTS,BRRGR,GBBEL,PTLXS,MACAS,GBSOU,GHTEM,GNCON,IEDUB,CIABI,FRLEH,BEZEE,SIKOP,ITGOA,NLVSG,ESHUE,ITTAR,ESTAR,DZDJE,DEHAM,ITRAV,FRROU,MTMAL,BEANT,PLGDA,ESGIJ,NLROT,ESBIL,TRGEB,LVRIX,TRYAR,ZADUR,GRAGT,TRLMA,TRDER,ZARIB,JOAQA,LTKLJ,FIKOT,ROCON,ZAPLZ,UACHO,EGALE,BHBAH,KEMOM,TZDRS,SADMA,SAJED,SAYAN,KWMAA,AEJAL,AEABU,AERAK,RUSPG,OMSOH,AEFUJ,PKQAS,PKKAR,BDCTG,INKAN,INKNP,INMUN,THLCB,IDCXP,VNNGH,IDJAK,VNHCM,VNHPG,VNCAM,VNQUN,THRAY,IDSUR,CNHUM,CNCJN,CNHUI,CNCZH,CNSHD,CNLSN,HKHKG,AUGER,CNNTG,CNFAN,CNDAF,CNYJG,CNNBO,CNZOS,CNGUA,CNFUN,CNJIN,CNHKO,CNHPU,CNDYI,CNHUA,CNTAI,CNDCB,CNTJN,MYKUA,MYPKE,MYPAG,IDBAH,CNSTO,CNYSN,CNWGQ,CNCJK,CNJIT,CNYZH,CNNSA,CNDSN,CNTAX,CNLAZ,CNFUZ,CNYTN,CNJIA,TWHLN,CNLYG,CNYAN,CNWEF,CNCHS,CNMEZ,CNDAL,CNYPG,CNRUG,CNZZU,TWKAO,CNZJG,AUFRE,CNBAS,CNDJK,CNBYQ,CNLKU,CNSDG,CNPLI,CNCGM,CNXIA,CNBHI,PHBAT,TWMAI,CNRIZ,CNSHE,SGSGP,TWTCH,CNJIJ,CNZHA,CNZPU,CNQUA,CNZHE,CNDDG,CNWEN,CNCHZ,CNQIZ,CNQHD,CNBAO,CNQIN,CNLVS,CNCFD,CNNJG,CNGLA,CNDNG,CNWEI,IDSAM,CNNDE,KRPOH,KRKUN,KRGWA,JPHIB,KRDAN,JPFUK,JPOIT,JPKIS,JPSKI,JPTOK,KRULS,KRINC,JPNAG,JPYOK,KRPYT,KRBUS,JPMIZ,JPKMA,JPOSK,AUGLE,AUMEL,AUNTL,AUPKE,AUADE,AUBRI,NZAKL,NZTAU,NZNAP"
OARYFYKKK,"USLSA,CAVCR,USOAK,GTPQL,MXLCS,MXMAN,PECAL,PABAL,ECGYL,USNPN,USSAV,USNYK,COBUE,CLTAL,UYULA,BRPEC,BRTUB,BRPDM,BRPAR,BRRDJ,UYMON,BRSTS,BRITA,BRRGR,GBSOU,FRLEH,BEZEE,NLAMS,SIKOP,ITGOA,DEHAM,ESBAR,MTMAL,ESCAR,BEANT,PLGDA,ESGIJ,NLROT,TRMER,ZACPT,TRYAR,GRELE,GRAGT,TRALI,ZARIB,EGPSA,JOAQA,ROCON,EGALE,EGDAM,SAJUB,BHBAH,KEMOM,SADMA,QAUMS,SAJED,SAYAN,KWMAA,AEJAL,AEABU,AERUW,OMSOH,AEFUJ,RUULG,PKQAS,PKKAR,INCHN,INKNP,INMUN,INVIS,THLCB,THKSI,VNHPG,VNCAM,VNSOD,CNHUI,CNPAN,CNTAZ,MY3182,CNLSN,HKHKG,AUGER,CNNTG,CNFAN,CNNBO,CNPYU,CNZOS,CNGUA,CNFUN,CNJIN,CNHUA,CNTAI,CNDCB,CN9862,CNTJN,MYPKE,MYPAG,IDBAH,CNSTO,CNYSN,CNWGQ,CNCJK,CNJIT,CN9873,CNYZH,CNNSA,CNDSN,CNLAZ,CNYTN,CNJIA,CN1087,CNLYG,CNYAN,AUESP,CNCHS,CNMEZ,CNDAL,CNYPG,CNRUG,CNZZU,TWKAO,CNZJG,CNSLH,AUFRE,CNDJK,CNBYQ,CNLKU,MYTBS,CNSDG,MYTPP,CNMWN,CNCGM,CNXIA,CNBHI,TWMAI,CNRIZ,CNSHE,SGSGP,MY2243,CNJIJ,TWTAP,CNZHA,CNQUA,CNZHE,CNDDG,CNWEN,CNCHZ,CNQIZ,CNLYW,CNQHD,CNBAO,CNQIN,CNCFD,CNNJG,CNGLA,MYPGG,CNWEI,IDSAM,CNMJS,JPKAW,KRPOH,KRGWA,KRDAN,JPFUK,JPOIT,JPKIS,JPSKI,KRULS,KRINC,JPNAG,JPCBA,JPYOK,KRPYT,KRBUS,JPMIZ,JPKMA,KRYOS,JPOSK,AUGLE,AUMEL,AUNTL,AUADE,AUBRI,AUHAY,RUNJK"
OARYNGKKK,"USLSA,CAVCR,USOAK,GTPQL,MXLCS,MXMAN,PECAL,PABAL,ECGYL,USNPN,USSAV,USNYK,COBUE,CLTAL,UYULA,BRPEC,BRTUB,BRPDM,BRPAR,BRRDJ,UYMON,BRSTS,BRITA,BRRGR,GBSOU,FRLEH,BEZEE,NLAMS,SIKOP,ITGOA,DEHAM,ESBAR,MTMAL,ESCAR,BEANT,PLGDA,ESGIJ,NLROT,TRMER,ZACPT,TRYAR,GRELE,GRAGT,TRALI,ZARIB,EGPSA,JOAQA,ROCON,EGALE,EGDAM,SAJUB,BHBAH,KEMOM,SADMA,QAUMS,SAJED,SAYAN,KWMAA,AEJAL,AEABU,AERUW,OMSOH,AEFUJ,RUULG,PKQAS,PKKAR,INCHN,INKNP,INMUN,INVIS,THLCB,THKSI,VNHPG,VNCAM,VNSOD,CNHUI,CNPAN,CNTAZ,MY3182,CNLSN,HKHKG,AUGER,CNNTG,CNFAN,CNNBO,CNPYU,CNZOS,CNGUA,CNFUN,CNJIN,CNHUA,CNTAI,CNDCB,CN9862,CNTJN,MYPKE,MYPAG,IDBAH,CNSTO,CNYSN,CNWGQ,CNCJK,CNJIT,CN9873,CNYZH,CNNSA,CNDSN,CNLAZ,CNYTN,CNJIA,CN1087,CNLYG,CNYAN,AUESP,CNCHS,CNMEZ,CNDAL,CNYPG,CNRUG,CNZZU,CNSWE,TWKAO,CNZJG,CNSLH,AUFRE,CNDJK,CNBYQ,CNLKU,MYTBS,CNSDG,MYTPP,CNMWN,CNCGM,CNXIA,CNBHI,TWMAI,CNRIZ,CNSHE,SGSGP,MY2243,CNJIJ,TWTAP,CNZHA,CNQUA,CNZHE,CNDDG,CNWEN,CNCHZ,CNQIZ,CNLYW,CNQHD,CNBAO,CNQIN,CNCFD,CNNJG,CNGLA,MYPGG,CNWEI,IDSAM,CNMJS,JPKAW,KRPOH,KRGWA,KRDAN,JPFUK,JPOIT,JPKIS,JPSKI,KRULS,KRINC,JPNAG,JPCBA,JPYOK,KRPYT,KRBUS,JPMIZ,JPKMA,KRYOS,JPOSK,AUGLE,AUMEL,AUNTL,AUADE,AUBRI,AUHAY,RUNJK"
OFFFGGCKK,"USLSA,CAVCR,USOAK,GTPQL,MXLCS,MXMAN,PECAL,PABAL,ECGYL,USNPN,USSAV,USNYK,COBUE,CLTAL,UYULA,BRPEC,BRTUB,BRPDM,BRPAR,BRRDJ,UYMON,BRSTS,BRITA,BRRGR,GBSOU,FRLEH,BEZEE,NLAMS,SIKOP,ITGOA,DEHAM,ESBAR,MTMAL,ESCAR,BEANT,PLGDA,ESGIJ,NLROT,TRMER,ZACPT,TRYAR,GRELE,GRAGT,TRALI,ZARIB,EGPSA,JOAQA,ROCON,EGALE,EGDAM,SAJUB,BHBAH,KEMOM,SADMA,QAUMS,SAJED,SAYAN,KWMAA,AEJAL,AEABU,AERUW,OMSOH,AEFUJ,RUULG,PKQAS,PKKAR,INCHN,INKNP,INMUN,INVIS,THLCB,THKSI,VNHPG,VNCAM,VNSOD,CNHUI,CNPAN,CNTAZ,MY3182,CNLSN,HKHKG,AUGER,CNNTG,CNFAN,CNNBO,CNPYU,CNZOS,CNGUA,CNFUN,CNJIN,CNHUA,CNTAI,CNDCB,CN9862,CNTJN,MYPKE,MYPAG,IDBAH,CNSTO,CNYSN,CNWGQ,CNCJK,CNJIT,CN9873,CNYZH,CNNSA,CNDSN,CNLAZ,CNYTN,CNJIA,CN1087,CNLYG,CNYAN,AUESP,CNCHS,CNMEZ,CNDAL,CNYPG,CNRUG,CNZZU,TWKAO,CNZJG,CNSLH,AUFRE,CNDJK,CNBYQ,CNLKU,MYTBS,CNSDG,MYTPP,CNPLI,CNMWN,CNCGM,CNXIA,CNBHI,TWMAI,CNRIZ,CNSHE,SGSGP,MY2243,CNJIJ,TWTAP,CNZHA,CNQUA,CNZHE,CNDDG,CNWEN,CNCHZ,CNQIZ,CNLYW,CNQHD,CNBAO,CNQIN,CNCFD,CNNJG,CNGLA,MYPGG,CNWEI,IDSAM,JPKAW,KRPOH,KRGWA,KRDAN,JPFUK,JPOIT,JPKIS,JPSKI,KRULS,KRINC,JPNAG,JPCBA,JPYOK,KRPYT,KRBUS,JPMIZ,JPKMA,KRYOS,JPOSK,AUGLE,AUMEL,AUNTL,AUADE,AUBRI,AUHAY,RUNJK"
OFFAYOOKK,"CNNBO,CNTJN,CNDAL,KRGWA"
OARCYFGAK,"USLSA,CAVCR,USOAK,MXLCS,MXMAN,PECAL,ECGYL,USNYK,COBUE,CLTAL,UYULA,BRPAR,BRRDJ,UYMON,BRSTS,BRRGR,GBSOU,FRLEH,BEZEE,NLAMS,SIKOP,ITGOA,DEHAM,MTMAL,BEANT,PLGDA,ESGIJ,NLROT,TRYAR,GRAGT,ZARIB,JOAQA,ROCON,EGALE,SAJUB,BHBAH,KEMOM,SADMA,QAUMS,SAJED,SAYAN,KWMAA,AEJAL,AEABU,OMSOH,AEFUJ,PKQAS,PKKAR,INKNP,INMUN,THLCB,VNHPG,VNCAM,CNHUI,CNPAN,CNTAZ,CNLSN,HKHKG,AUGER,CNNTG,CNFAN,CNNBO,CNZOS,CNGUA,CNFUN,CNJIN,CNHUA,CNTAI,CNDCB,CNTJN,MYPKE,MYPAG,IDBAH,CNSTO,CNYSN,CNWGQ,CNCJK,CNJIT,CNYZH,CNNSA,CNDSN,CNLAZ,CNYTN,CNJIA,CNLYG,CNYAN,AUESP,CNCHS,CNMEZ,CNDAL,CNYPG,CNRUG,CNZZU,TWKAO,CNZJG,AUFRE,CNDJK,CNBYQ,CNLKU,CNSDG,CNPLI,CNCGM,CNXIA,CNBHI,TWMAI,CNRIZ,CNSHE,SGSGP,CNJIJ,TWTAP,CNZHA,CNQUA,CNZHE,CNDDG,CNWEN,CNCHZ,CNQIZ,CNQHD,CNBAO,CNQIN,CNCFD,CNNJG,CNGLA,CNWEI,IDSAM,JPKAW,KRPOH,KRGWA,KRDAN,JPFUK,JPOIT,JPKIS,JPSKI,KRULS,KRINC,JPNAG,JPYOK,KRPYT,KRBUS,JPMIZ,JPKMA,JPOSK,AUGLE,AUMEL,AUNTL,AUADE,AUBRI"
OAONOYKKK,"CNNBO,CNZOS,CNDAL,SGSGP"
OFFARAGKK,"CAPRR,CAVCR,CANWE,BRPDM,BEZEE,DEHAM,BEANT,PLGDA,NLROT,GRPIR,SADMA,SARTA,KWMAA,IQMAB,AEJAL,AERUW,OMSOH,AEKHA,AEFUJ,CNHUI,MY3182,CNLSN,HKHKG,CNFAN,CNNBO,CNZOS,CNJIN,CNHUA,CNTAI,CNTJN,MYPKE,CNYSN,CNCJK,CNJIT,CNNSA,CNYTN,MY3173,CNJIA,CNLYG,CNYAN,CNMEZ,CNDAL,CNYPG,TWKAO,CNSLH,CNDJK,CNBYQ,CNSDG,AUPHE,CNXIA,CNRIZ,SGSGP,AUPWA,CNZHA,CNDDG,CNQIZ,CNLYW,CNQIN,CNCFD,AUDPR,CNMJS,KRPOH,KRGWA,JPFUK,JPKII,JPOIT,JPKIS,JPSKI,KRULS,KRINC,JPNAG,JPCBA,JPMIZ,JPKMA,KRYOS,AUNTL,AUHAY"
OARCGANGK,"USLSA,CAVCR,USOAK,MXLCS,MXMAN,PECAL,ECGYL,USNYK,COBUE,CLTAL,UYULA,BRPEC,BRTUB,BRPAR,BRRDJ,UYMON,BRSTS,BRRGR,GBSOU,FRLEH,BEZEE,NLAMS,SIKOP,ITGOA,DEHAM,MTMAL,ESCAR,BEANT,PLGDA,ESGIJ,NLROT,TRYAR,GRAGT,ZARIB,JOAQA,ROCON,EGALE,SAJUB,BHBAH,KEMOM,SADMA,QAUMS,SAJED,SAYAN,KWMAA,AEJAL,AEABU,OMSOH,AEFUJ,PKQAS,PKKAR,INKNP,INMUN,THLCB,THKSI,VNHPG,VNCAM,CNHUI,CNPAN,CNTAZ,CNLSN,HKHKG,AUGER,CNNTG,CNFAN,CNNBO,CNPYU,CNZOS,CNGUA,CNFUN,CNJIN,CNHUA,CNTAI,CNDCB,CNTJN,MYPKE,MYPAG,IDBAH,CNSTO,CNYSN,CNWGQ,CNCJK,CNJIT,CN9873,CNYZH,CNNSA,CNDSN,CNLAZ,CNYTN,CNJIA,CN1087,CNLYG,CNYAN,AUESP,CNCHS,CNMEZ,CNDAL,CNYPG,CNRUG,CNZZU,TWKAO,CNZJG,AUFRE,CNDJK,CNBYQ,CNLKU,CNSDG,MYTPP,CNPLI,CNCGM,CNXIA,CNBHI,TWMAI,CNRIZ,CNSHE,SGSGP,MY2243,CNJIJ,TWTAP,CNZHA,CNQUA,CNZHE,CNDDG,CNWEN,CNCHZ,CNQIZ,CNQHD,CNBAO,CNQIN,CNCFD,CNNJG,CNGLA,CNWEI,IDSAM,JPKAW,KRPOH,KRGWA,KRDAN,JPFUK,JPOIT,JPKIS,JPSKI,KRULS,KRINC,JPNAG,JPCBA,JPYOK,KRPYT,KRBUS,JPMIZ,JPKMA,JPOSK,AUGLE,AUMEL,AUNTL,AUADE,AUBRI"
OFFFKGGKK,"BRPDM,GNBFF,ZASAB,SARTA,KWMAA,IQMAB,AERUW,OMSOH,AEFUJ,CNHUI,MY3182,CNLSN,CNFAN,CNNBO,CNZOS,CNJIN,CNHUA,CNTAI,CNTJN,CNJIT,MY3173,CNJIA,CNLYG,CNYAN,CNMEZ,CNDAL,CNYPG,TWKAO,CNSLH,CNDJK,CNBYQ,CNSDG,AUPHE,CNRIZ,SGSGP,AUPWA,CNZHA,CNDDG,CNQIZ,CNLYW,CNQIN,CNCFD,AUDPR,CNMJS,KRGWA,JPFUK,JPKII,JPSKI,KRULS,KRINC,JPCBA,KRYOS"
OFFYANOKK,"CAPRR,CAVCR,CANWE,BRPDM,BEZEE,DEHAM,BEANT,PLGDA,NLROT,GRPIR,SADMA,SARTA,KWMAA,IQMAB,AEJAL,AERUW,OMSOH,AEKHA,AEFUJ,CNHUI,MY3182,CNLSN,HKHKG,CNFAN,CNNBO,CNZOS,CNJIN,CNHUA,CNTAI,CNTJN,MYPKE,CNYSN,CNCJK,CNJIT,CNNSA,CNYTN,MY3173,CNJIA,CNLYG,CNYAN,CNMEZ,CNDAL,CNYPG,TWKAO,CNSLH,CNDJK,CNBYQ,CNSDG,AUPHE,CNXIA,CNRIZ,SGSGP,AUPWA,CNZHA,CNDDG,CNQIZ,CNLYW,CNQIN,CNCFD,AUDPR,CNMJS,KRPOH,KRGWA,JPFUK,JPKII,JPOIT,JPKIS,JPSKI,KRULS,KRINC,JPNAG,JPCBA,JPMIZ,JPKMA,KRYOS,AUNTL,AUHAY"
OFFKOROKK,"USLSA,CAVCR,USOAK,GTPQL,MXLCS,MXMAN,PECAL,PABAL,ECGYL,USNPN,USSAV,USCHA,USNYK,COBUE,CLTAL,UYULA,BRPEC,BRTUB,BRPDM,BRPAR,BRRDJ,UYMON,BRSTS,BRITA,BRRGR,GBSOU,FRLEH,BEZEE,NLAMS,SIKOP,ITGOA,DEHAM,ESBAR,MTMAL,ESCAR,BEANT,PLGDA,ESGIJ,NLROT,TRMER,ZACPT,TRYAR,GRELE,GRAGT,TRALI,ZARIB,EGPSA,JOAQA,ROCON,EGALE,EGDAM,SAJUB,BHBAH,KEMOM,SADMA,QAUMS,SAJED,SAYAN,KWMAA,AEJAL,AEABU,AERUW,OMSOH,AEFUJ,RUULG,PKQAS,PKKAR,INCHN,INKNP,INMUN,INVIS,THLCB,THKSI,VNHPG,VNCAM,VNSOD,CNHUI,CNPAN,CNTAZ,MY3182,CNLSN,HKHKG,AUGER,CNNTG,CNFAN,CNNBO,CNPYU,CNZOS,CNGUA,CNFUN,CNJIN,CNHUA,CNTAI,CNDCB,CN9862,CNTJN,MYPKE,MYPAG,IDBAH,CNSTO,CNYSN,CNWGQ,CNCJK,CNJIT,CN9873,CNYZH,CNNSA,CNDSN,CNLAZ,CNYTN,CNJIA,CN1087,CNLYG,CNYAN,AUESP,CNCHS,CNMEZ,CNDAL,CNYPG,CNRUG,CNZZU,TWKAO,CNZJG,CNSLH,AUFRE,CNDJK,CNBYQ,CNLKU,MYTBS,CNSDG,MYTPP,CNMWN,CNCGM,CNXIA,CNBHI,TWMAI,CNRIZ,CNSHE,SGSGP,MY2243,CNJIJ,TWTAP,CNZHA,CNQUA,CNZHE,CNDDG,CNWEN,CNQIZ,CNLYW,CNQHD,CNBAO,CNQIN,CNCFD,CNNJG,CNGLA,MYPGG,CNWEI,IDSAM,JPKAW,KRPOH,KRGWA,KRDAN,JPFUK,JPOIT,JPKIS,JPSKI,KRULS,KRINC,JPNAG,JPCBA,JPYOK,KRPYT,KRBUS,JPMIZ,JPKMA,KRYOS,JPOSK,AUGLE,AUMEL,AUNTL,AUADE,AUBRI,AUHAY,RUNJK"
OARRYGSOK,"USLSA,CAVCR,USOAK,GTSTC,USBEA,USBTR,MXLCS,USLUA,MXMAN,PECAL,ECGYL,USNYK,COBAR,COBUE,UYULA,BRVIT,BRRDJ,UYMON,BRSTS,BRRGR,GBBEL,PTLXS,MACAS,GBSOU,GHTEM,GNCON,IEDUB,CIABI,FRLEH,BEZEE,NLAMS,SIKOP,ITGOA,NLVSG,ESHUE,ITTAR,ESTAR,DZDJE,DEHAM,ITRAV,FRROU,MTMAL,BEANT,PLGDA,ESSAN,ESGIJ,NLROT,ESSAG,ESBIL,TRGEB,LVRIX,TRYAR,ZADUR,GRAGT,TRLMA,TRDER,ZARIB,JOAQA,LTKLJ,FIKOT,ROCON,ZAPLZ,UACHO,EGALE,SAJUB,BHBAH,KEMOM,TZDRS,SADMA,QAUMS,SAJED,SAYAN,KWMAA,AEJAL,AEABU,AERAK,RUSPG,OMSOH,AEFUJ,PKQAS,PKKAR,INKAN,INKNP,INMUN,THLCB,VNPHU,THKSI,VNNGH,IDJAK,VNHCM,VNHPG,VNCAM,VNQUN,IDSUR,CNHUM,CNCJN,CNHUI,CNCZH,CNPAN,CNSHD,CNLSN,HKHKG,AUGER,CNNTG,CNFAN,CNDAF,CNYJG,CNNBO,CNPYU,CNZOS,CNGUA,CNFUN,CNJIN,CNHKO,CNHPU,CNDYI,CNHUA,CNTAI,CNDCB,CNTJN,MYKUA,MYPKE,MYPAG,IDBAH,CNSTO,CNYSN,CNWGQ,CNCJK,CNJIT,CN9873,CNYZH,CNNSA,CNDSN,CNTAX,CNLAZ,CNFUZ,CNYTN,CNJIA,CN1087,TWHLN,CNLYG,CNYAN,TWKEE,AUESP,CNCHS,CNMEZ,CNDAL,CNYPG,CNRUG,CNZZU,TWKAO,CNZJG,AUFRE,CNBAS,CNSIZ,CNDJK,CNBYQ,CNLKU,CNSDG,MYTPP,CNPLI,CNCGM,CNXIA,CNBHI,TWMAI,CNRIZ,CNSHE,SGSGP,TWTCH,MY2243,CNJIJ,CNZHA,CNZPU,CNQUA,CNZHE,CNDDG,CNWEN,CNCHZ,CNQIZ,CNQHD,CNBAO,CNQIN,CNLVS,CNCFD,CNNJG,CNGLA,CNDNG,CNWEI,IDSAM,CNNDE,KRPOH,KRKUN,KRGWA,JPHIB,KRDAN,JPFUK,JPOIT,JPKIS,JPSKI,JPTOK,KRULS,KRINC,JPNAG,JPCBA,JPYOK,KRPYT,KRBUS,JPMIZ,JPKMA,JPOSK,AUGLE,AUMEL,AUNTL,AUPKE,AUADE,AUBRI,AUBNE,NZAKL,NZTAU,NZNAP"
OFFAFFCKK,"BRPDM,SARTA,KWMAA,IQMAB,AERUW,OMSOH,AEFUJ,CNHUI,MY3182,CNLSN,CNNBO,CNZOS,CNJIN,CNTJN,CNJIT,MY3173,CNLYG,CNYAN,CNMEZ,CNDAL,CNYPG,TWKAO,CNSLH,CNDJK,CNSDG,AUPHE,SGSGP,CNZHA,CNQIZ,CNQIN,CNCFD,KRGWA,JPKII,JPSKI,KRULS,KRINC,JPCBA,KRYOS"
OARASCKKK,"USSEA,USLSA,CAVCR,USOAK,MXLCS,MXMAN,PECAL,PABAL,USSAV,USCHA,USNYK,COBUE,CLSAN,CLTAL,UYULA,BRTUB,BRPDM,ARBNA,BRPAR,BRRDJ,UYMON,BRSTS,BRITA,BRRGR,GBSOU,FRLEH,BEZEE,FRFOS,SIKOP,ITGOA,DEHAM,ESBAR,MTMAL,ESCAR,BEANT,PLGDA,ESGIJ,NLROT,TRMER,TRYAR,TRALI,EGPSA,UAODS,JOAQA,ROCON,EGALE,EGDAM,SAJUB,SADMA,SAJED,QARAS,KWMAA,AEJAL,AEABU,AERUW,OMSOH,AEFUJ,PKQAS,PKKAR,INMUN,THLCB,THKSI,VNHPG,VNCAM,CNHUI,CNPAN,MY3182,CNLSN,HKHKG,CNFAN,CNNBO,CNZOS,CNGUA,CNFUN,CNJIN,CNHUA,CNTAI,CNTJN,MYPKE,MYPAG,CNYSN,CNWGQ,CNCJK,CNJIT,CNYZH,CNNSA,CNDSN,CNYTN,CNJIA,CNLYG,CNYAN,AUESP,CNMEZ,CNDAL,CNYPG,TWKAO,CNZJG,CNSLH,CNDJK,CNBYQ,CNLKU,CN9878,CNSDG,CNMWN,CNCGM,CNXIA,CN2039,CNRIZ,CNSHE,SGSGP,MY2243,TWTAP,CNZHA,CNZHE,CNDDG,CNQIZ,CNLYW,CNQHD,CNBAO,CNQIN,CNCFD,CNGLA,CNWEI,CNMJS,JPKAW,KRPOH,KRGWA,KRDAN,JPFUK,JPOIT,JPKIS,JPSKI,KRULS,KRINC,JPNAG,JPCBA,JPYOK,KRPYT,KRBUS,JPMIZ,JPKMA,KRYOS,AUGLE,AUNTL,AUBRI,AUSYD,AUHAY,RUNJK"
OAOKFKKKK,"USSEA,USLSA,CAVCR,PABAL,USNFK,USSAV,USCHA,USNYK,BRTUB,BRPDM,BRITA,GBSOU,FRLEH,BEZEE,FRFOS,ITGOA,DEHAM,MTMAL,ESCAR,BEANT,PLGDA,ESGIJ,NLROT,JOAQA,EGALE,SADMA,SAJED,QARAS,KWMAA,AEJAL,AEABU,AERUW,OMSOH,AEFUJ,PKKAR,INMUN,VNCAM,CNHUI,MY3182,CNLSN,HKHKG,CNFAN,CNNBO,CNZOS,CNGUA,CNFUN,CNJIN,AUCPN,CNHUA,CNTAI,CNTJN,MYPKE,CNYSN,CNWGQ,CNCJK,CNJIT,CNYZH,CNNSA,CNDSN,CNYTN,CNJIA,CNLYG,CNYAN,AUESP,CNMEZ,CNDAL,CNYPG,TWKAO,CNZJG,CNSLH,CNDJK,CNBYQ,CNSDG,CNCGM,AUPHE,CNXIA,CNRIZ,CNSHE,SGSGP,TWTAP,CNZHA,CNZHE,CNDDG,CNQIZ,CNLYW,CNBAO,CNQIN,CNCFD,CNGLA,CNMJS,JPKAW,KRPOH,KRGWA,KRDAN,JPFUK,JPOIT,JPKIS,JPSKI,KRULS,KRINC,JPNAG,JPCBA,KRPYT,KRBUS,JPMIZ,JPKMA,KRYOS,AUGLE,AUAPT,AUNTL,AUBRI,AUHAY"
OFFGOSCKK,"BRPDM,FRFEC,EGSKR,SAJUT,SARTA,KWMAA,IQMAB,AERUW,OMMAF,AEFUJ,CNHUI,CNLSN,CNNBO,CNZOS,CNTJN,CNMEZ,CNDAL,CNYPG,TWKAO,CNSLH,CNDJK,CNSDG,SGSGP,CNZHA,CNQIZ,CNCFD,JPKII,JPSKI,JPCBA"
OARNCRCOK,"CNHUI,CNCZH,CNFAN,CNYJG,CNGUA,CNHKO,CNSTO,CNYPG,CNSDG,CNBHI,CNZHA,CNDNG"
OAOKKOKKK,"USLSA,CAVCR,USOAK,GTPQL,MXLCS,MXMAN,PECAL,PABAL,ECGYL,USNPN,USSAV,USNYK,COBUE,CLTAL,UYULA,BRPEC,BRTUB,BRPDM,BRPAR,BRRDJ,UYMON,BRSTS,BRITA,BRRGR,GBSOU,FRLEH,BEZEE,NLAMS,SIKOP,ITGOA,DEHAM,ESBAR,MTMAL,ESCAR,BEANT,PLGDA,ESGIJ,NLROT,TRMER,ZACPT,TRYAR,GRELE,GRAGT,TRALI,ZARIB,EGPSA,JOAQA,ROCON,EGALE,EGDAM,SAJUB,BHBAH,KEMOM,SADMA,QAUMS,SAJED,SAYAN,KWMAA,AEJAL,AEABU,AERUW,OMSOH,AEFUJ,RUULG,PKQAS,PKKAR,INCHN,INKNP,INMUN,INVIS,THLCB,THKSI,VNHPG,VNCAM,VNSOD,CNHUI,CNPAN,CNTAZ,MY3182,CNLSN,HKHKG,AUGER,CNNTG,CNFAN,CNNBO,CNPYU,CNZOS,CNGUA,CNFUN,CNJIN,CNHUA,CNTAI,CNDCB,CN9862,CNTJN,MYPKE,MYPAG,IDBAH,CNSTO,CNYSN,CNWGQ,CNCJK,CNJIT,CN9873,CNYZH,CNNSA,CNDSN,CNLAZ,CNYTN,CNJIA,CN1087,CNLYG,CNYAN,AUESP,CNCHS,CNMEZ,CNDAL,CNYPG,CNRUG,CNZZU,TWKAO,CNZJG,CNSLH,AUFRE,CNDJK,CNBYQ,CNLKU,MYTBS,CNSDG,MYTPP,CNMWN,CNCGM,CNXIA,CNBHI,TWMAI,CNRIZ,CNSHE,SGSGP,MY2243,CNJIJ,TWTAP,CNZHA,CNQUA,CNZHE,CNDDG,CNWEN,CNCHZ,CNQIZ,CNLYW,CNQHD,CNBAO,CNQIN,CNCFD,CNNJG,CNGLA,MYPGG,CNWEI,IDSAM,CNMJS,JPKAW,KRPOH,KRGWA,KRDAN,JPFUK,JPOIT,JPKIS,JPSKI,KRULS,KRINC,JPNAG,JPCBA,JPYOK,KRPYT,KRBUS,JPMIZ,JPKMA,KRYOS,JPOSK,AUGLE,AUMEL,AUNTL,AUADE,AUBRI,AUHAY,RUNJK"
OARANSKKK,"USLSA,CAVCR,USOAK,MXLCS,MXMAN,PECAL,ECGYL,USNYK,COBUE,UYULA,BRPAR,BRRDJ,UYMON,BRSTS,BRRGR,GBSOU,FRLEH,BEZEE,NLAMS,SIKOP,ITGOA,DEHAM,MTMAL,BEANT,PLGDA,ESGIJ,NLROT,TRYAR,GRAGT,ZARIB,JOAQA,ROCON,EGALE,SAJUB,BHBAH,KEMOM,SADMA,QAUMS,SAJED,SAYAN,KWMAA,AEJAL,AEABU,OMSOH,AEFUJ,PKQAS,PKKAR,INKNP,INMUN,THLCB,VNHPG,VNCAM,CNHUI,CNPAN,CNTAZ,CNLSN,HKHKG,AUGER,CNNTG,CNFAN,CNNBO,CNZOS,CNGUA,CNFUN,CNJIN,CNHUA,CNTAI,CNDCB,CNTJN,MYPKE,MYPAG,IDBAH,CNSTO,CNYSN,CNWGQ,CNCJK,CNJIT,CN9873,CNYZH,CNNSA,CNDSN,CNLAZ,CNYTN,CNJIA,CNLYG,CNYAN,AUESP,CNCHS,CNMEZ,CNDAL,CNYPG,CNRUG,CNZZU,TWKAO,CNZJG,AUFRE,CNDJK,CNBYQ,CNLKU,CNSDG,MYTPP,CNCGM,CNXIA,CNBHI,TWMAI,CNRIZ,CNSHE,SGSGP,CNJIJ,TWTAP,CNZHA,CNQUA,CNZHE,CNDDG,CNWEN,CNQIZ,CNQHD,CNBAO,CNQIN,CNCFD,CNNJG,CNGLA,MYPGG,CNWEI,IDSAM,KRPOH,KRGWA,KRDAN,JPFUK,JPOIT,JPKIS,JPSKI,KRULS,KRINC,JPNAG,JPCBA,JPYOK,KRPYT,KRBUS,JPMIZ,JPKMA,KRYOS,JPOSK,AUGLE,AUMEL,AUNTL,AUADE,AUBRI"
OARNCGKNK,"USLUA,USNYK,CLARI,UYULA,CLMEJ,GBBEL,PTLXS,IEDUB,FRLEH,ESHUE,ITTAR,ESTAR,DZDJE,DEHAM,FRROU,MTMAL,BEANT,ESGIJ,NLROT,TRGEB,TRYAR,GRAGT,LTKLJ,EGALE,VNHPG,THRAY,CNHUM,CNCJN,CNHUI,CNCZH,CNNTG,CNFAN,CNYJG,CNNBO,CNZOS,CNGUA,CNFUN,CNJIN,CNHKO,CNHPU,CNDYI,CNTAI,CNTJN,CNSTO,CNYSN,CNWGQ,CNCJK,CNSHA,CNDSN,CNTAX,CNFUZ,CNJIA,CNLYG,CNYAN,CNWEF,CNCHS,CNMEZ,CNDAL,CNYPG,CNRUG,CNZZU,TWKAO,CNZJG,AUFRE,CNBAS,CNDJK,CNYIZ,CNSHS,CNSDG,CNBHI,TWMAI,SGSGP,CNJIJ,CNZHA,CNZPU,CNQUA,CNZHE,CNWEN,CNCHZ,CNQIZ,CNQIN,CNNJG,CNGLA,CNDNG,CNWEI,CNNDE,JPKOB,KRGWA,KRDAN,JPTOK,KRULS,JPNAG,JPYOK,JPOSK,AUADE,AUGEE"
OFFOCFNKK,"USLGB,BEZEE,DEHAM,BEANT,PLGDA,NLROT,GRPIR,SADMA,AEJAL,AEKHA,VNCMP,HKHKG,CNNBO,CNZOS,CNTJN,MYPKE,CNYSN,CNNSA,CNYTN,CNLYG,CNDAL,TWKAO,CNXIA,SGSGP,CNQIN,KRGWA"
OARCSSAAK,"USLSA,CAVCR,USOAK,GTSTC,USBEA,USBTR,MXLCS,USLUA,MXMAN,PECAL,ECGYL,USNYK,COBAR,COBUE,UYULA,BRVIT,BRRDJ,UYMON,BRSTS,BRRGR,GBBEL,PTLXS,MACAS,GBSOU,GHTEM,GNCON,IEDUB,CIABI,FRLEH,BEZEE,NLAMS,SIKOP,ITGOA,NLVSG,ESHUE,ITTAR,ESTAR,DZDJE,DEHAM,ITRAV,FRROU,MTMAL,BEANT,PLGDA,ESSAN,ESGIJ,NLROT,ESSAG,ESBIL,TRGEB,LVRIX,TRYAR,ZADUR,GRAGT,TRLMA,TRDER,ZARIB,JOAQA,LTKLJ,FIKOT,ROCON,ZAPLZ,UACHO,EGALE,SAJUB,BHBAH,KEMOM,TZDRS,SADMA,QAUMS,SAJED,SAYAN,KWMAA,AEJAL,AEABU,AERAK,RUSPG,OMSOH,AEFUJ,PKQAS,PKKAR,INKAN,INKNP,INMUN,THLCB,VNPHU,THKSI,VNNGH,IDJAK,VNHCM,VNHPG,VNCAM,VNQUN,IDSUR,CNHUM,CNCJN,CNHUI,CNCZH,CNPAN,CNSHD,CNLSN,HKHKG,AUGER,CNNTG,CNFAN,CNDAF,CNYJG,CNNBO,CNPYU,CNZOS,CNGUA,CNFUN,CNJIN,CNHKO,CNHPU,CNDYI,CNHUA,CNTAI,CNDCB,CNTJN,MYKUA,MYPKE,MYPAG,IDBAH,CNSTO,CNYSN,CNWGQ,CNCJK,CNJIT,CN9873,CNYZH,CNNSA,CNDSN,CNTAX,CNLAZ,CNFUZ,CNYTN,CNJIA,CN1087,TWHLN,CNLYG,CNYAN,TWKEE,AUESP,CNCHS,CNMEZ,CNDAL,CNYPG,CNRUG,CNZZU,TWKAO,CNZJG,AUFRE,CNBAS,CNSIZ,CNDJK,CNBYQ,CNLKU,CNSDG,MYTPP,CNPLI,CNCGM,CNXIA,CNBHI,TWMAI,CNRIZ,CNSHE,SGSGP,TWTCH,MY2243,CNJIJ,CNZHA,CNZPU,CNQUA,CNZHE,CNDDG,CNWEN,CNCHZ,CNQIZ,CNQHD,CNBAO,CNQIN,CNLVS,CNCFD,CNNJG,CNGLA,CNDNG,CNWEI,IDSAM,CNNDE,KRPOH,KRKUN,KRGWA,JPHIB,KRDAN,JPFUK,JPOIT,JPKIS,JPSKI,JPTOK,KRULS,KRINC,JPNAG,JPCBA,JPYOK,KRPYT,KRBUS,JPMIZ,JPKMA,JPOSK,AUGLE,AUMEL,AUNTL,AUPKE,AUADE,AUBRI,AUBNE,NZAKL,NZTAU,NZNAP"
OFFGOAGKK,"BRPDM,SARTA,KWMAA,IQMAB,AERUW,OMSOH,AEFUJ,CNHUI,MY3182,CNLSN,CNNBO,CNZOS,CNJIN,CNTJN,CNJIT,MY3173,CNLYG,CNYAN,CNMEZ,CNDAL,CNYPG,TWKAO,CNSLH,CNDJK,CNSDG,SGSGP,CNZHA,CNQIZ,CNQIN,CNCFD,KRGWA,JPKII,JPSKI,KRULS,KRINC,JPCBA,KRYOS"
OACROOKKK,"USLSA,CAVCR,USOAK,MXLCS,MXMAN,PECAL,PABAL,ECGYL,USNPN,USSAV,USNYK,COBUE,CLTAL,UYULA,BRPEC,BRTUB,BRPAR,BRRDJ,UYMON,BRSTS,BRITA,BRRGR,GBSOU,FRLEH,BEZEE,NLAMS,SIKOP,ITGOA,DEHAM,ESBAR,MTMAL,ESCAR,BEANT,PLGDA,ESGIJ,NLROT,TRMER,ZACPT,TRYAR,GRELE,GRAGT,TRALI,ZARIB,EGPSA,JOAQA,ROCON,EGALE,SAJUB,BHBAH,KEMOM,SADMA,QAUMS,SAJED,SAYAN,KWMAA,AEJAL,AEABU,AERUW,OMSOH,AEFUJ,RUULG,PKQAS,PKKAR,INCHN,INKNP,INMUN,INVIS,THLCB,THKSI,VNHPG,VNCAM,VNSOD,CNHUI,CNPAN,CNTAZ,MY3182,CNLSN,HKHKG,AUGER,CNNTG,CNFAN,CNNBO,CNPYU,CNZOS,CNGUA,CNFUN,CNJIN,CNHUA,CNTAI,CNDCB,CN9862,CNTJN,MYPKE,MYPAG,IDBAH,CNSTO,CNYSN,CNWGQ,CNCJK,CNJIT,CN9873,CNYZH,CNNSA,CNDSN,CNLAZ,CNYTN,CNJIA,CN1087,CNLYG,CNYAN,AUESP,CNCHS,CNMEZ,CNDAL,CNYPG,CNRUG,CNZZU,TWKAO,CNZJG,CNSLH,AUFRE,CNDJK,CNBYQ,CNLKU,MYTBS,CNSDG,MYTPP,CNPLI,CNMWN,CNCGM,CNXIA,CNBHI,TWMAI,CNRIZ,CNSHE,SGSGP,MY2243,CNJIJ,TWTAP,CNZHA,CNQUA,CNZHE,CNDDG,CNWEN,CNCHZ,CNQIZ,CNLYW,CNQHD,CNBAO,CNQIN,CNCFD,CNNJG,CNGLA,MYPGG,CNWEI,IDSAM,JPKAW,KRPOH,KRGWA,KRDAN,JPFUK,JPOIT,JPKIS,JPSKI,KRULS,KRINC,JPNAG,JPCBA,JPYOK,KRPYT,KRBUS,JPMIZ,JPKMA,KRYOS,JPOSK,AUGLE,AUMEL,AUNTL,AUADE,AUBRI,AUHAY,RUNJK"
OAOFCOKKK,"USSEA,USLSA,CAVCR,USOAK,MXLCS,MXMAN,PECAL,PABAL,USNPN,USSAV,USCHA,USNYK,COBUE,CLSAN,CLTAL,UYULA,BRPEC,BRTUB,BRPDM,ARBNA,BRPAR,BRRDJ,UYMON,BRSTS,BRITA,BRRGR,GBSOU,FRLEH,BEZEE,FRFOS,NLAMS,SIKOP,ITGOA,DEHAM,ESBAR,MTMAL,ESCAR,BEANT,PLGDA,ESGIJ,NLROT,TRMER,ZACPT,TRYAR,GRELE,GRAGT,TRALI,ZARIB,EGPSA,UAODS,JOAQA,ROCON,EGALE,EGDAM,SAJUB,BHBAH,KEMOM,SADMA,QAUMS,SAJED,SAYAN,KWMAA,AEJAL,AEABU,AERUW,OMSOH,AEFUJ,RUULG,PKQAS,PKKAR,INMUN,THLCB,THKSI,VNHPG,VNCAM,VNSOD,CN9014,CNHUI,CNPAN,MY3182,CNLSN,HKHKG,AUGER,CNFAN,CNNBO,CNPYU,CNZOS,CNGUA,CNFUN,CNJIN,CNHUA,CNTAI,CN9862,CNTJN,MYPKE,MYPAG,IDBAH,CNSTO,CNYSN,CNWGQ,CNCJK,CNJIT,CN9873,CNYZH,CNNSA,CNDSN,CNLAZ,CNYTN,CNJIA,CN1087,CNLYG,CNYAN,AUESP,CNMEZ,IDTBR,CNDAL,CNYPG,CNRUG,CNZZU,CNSWE,TWKAO,CNZJG,CNSLH,CNDJK,CNBYQ,CNLKU,MYTBS,CNSDG,MYTPP,CNMWN,CNCGM,CNXIA,CN2039,CNBHI,TWMAI,CNRIZ,CNSHE,SGSGP,MY2243,TWTAP,CNZHA,CNZHE,CNDDG,CNWEN,CNQIZ,CNLYW,CNQHD,CNBAO,CNQIN,CNCFD,CNGLA,MYPGG,CNWEI,IDSAM,CNMJS,JPKAW,KRPOH,KRGWA,KRDAN,JPFUK,JPOIT,JPKIS,JPSKI,KRULS,KRINC,JPNAG,JPCBA,JPYOK,KRPYT,KRBUS,JPMIZ,JPKMA,KRYOS,AUGLE,AUNTL,AUBRI,AUHAY,RUNJK"
OFFKORCKK,"USLGB,CAPRR,USLSA,CAVCR,CANWE,USNFK,USSAV,USNYK,BRPDM,GBLGP,MATAN,FRLEH,BEZEE,FRFOS,ITGOA,DEHAM,BEANT,PLGDA,ESVAL,NLROT,EGSOK,GRPIR,JOAQA,SADMA,QAHMD,SAJED,SARTA,KWMAA,IQMAB,AEJAL,AERUW,OMSOH,AEKHA,AEFUJ,PKKAR,INNSA,INMUN,VNCMP,CNHUI,MY3182,CNLSN,HKHKG,CNFAN,CNNBO,CNZOS,CNFUN,CNJIN,CNHUA,CNTAI,CNTJN,MYPKE,CNYSN,CNJIT,CNNSA,CNYTN,MY3173,CNJIA,CNLYG,CNYAN,CNMEZ,CNDAL,CNYPG,TWKAO,CNSLH,CNDJK,CNBYQ,CNSDG,AUPHE,CNXIA,CNRIZ,CNSHE,SGSGP,TWTAP,CNZHA,CNDDG,CNQIZ,CNLYW,CNQIN,CNCFD,CNMJS,KRPOH,KRGWA,JPFUK,JPKII,JPKIS,JPSKI,KRULS,KRINC,JPNAG,JPCBA,JPMIZ,JPKMA,KRYOS,AUNTL,AUHAY"
OFFGSARKK,"CAPRR,BRPDM,GNBFF,ZASAB,SARTA,KWMAA,IQMAB,AERUW,OMSOH,AEFUJ,CNHUI,MY3182,CNLSN,CNFAN,CNNBO,CNZOS,CNJIN,CNHUA,CNTAI,CNTJN,CNJIT,MY3173,CNJIA,CNLYG,CNYAN,CNMEZ,CNDAL,CNYPG,TWKAO,CNSLH,CNDJK,CNBYQ,CNSDG,AUPHE,CNRIZ,SGSGP,AUPWA,CNZHA,CNDDG,CNQIZ,CNLYW,CNQIN,CNCFD,AUDPR,CNMJS,KRPOH,KRGWA,JPFUK,JPKII,JPSKI,KRULS,KRINC,JPNAG,JPCBA,JPKMA,KRYOS,AUHAY"
OACOFSFCK,"CAVCR,MXLCS,USLUA,MXMAN,PECAL,ECGYL,USNYK,UYULA,BRVIT,BRRDJ,UYMON,BRSTS,BRRGR,GBBEL,PTLXS,MACAS,GBSOU,GHTEM,IEDUB,CIABI,FRLEH,BEZEE,SIKOP,ITGOA,NLVSG,ESHUE,ITTAR,ESTAR,DZDJE,DEHAM,ITRAV,FRROU,MTMAL,BEANT,PLGDA,ESGIJ,NLROT,DEBRA,ESBIL,TRGEB,LVRIX,TRYAR,ZADUR,FIHEL,GRAGT,TRLMA,TRDER,ZARIB,JOAQA,LTKLJ,FIKOT,ROCON,ZAPLZ,UACHO,EGALE,BHBAH,KEMOM,TZDRS,SADMA,SAJED,SAYAN,KWMAA,AEJAL,AEABU,AERAK,RUSPG,OMSOH,AEFUJ,PKQAS,PKKAR,INKAN,INKNP,INMUN,THLCB,VNNGH,IDJAK,VNHCM,VNHPG,VNCAM,VNQUN,IDSUR,CNHUM,CNCJN,CNHUI,CNCZH,CNSHD,CNLSN,HKHKG,AUGER,CNNTG,CNFAN,CNDAF,CNYJG,CNNBO,CNZOS,CNGUA,CNFUN,CNJIN,CNHKO,CNHPU,CNDYI,CNHUA,CNTAI,CNDCB,CNTJN,MYKUA,MYPKE,MYPAG,IDBAH,CNSTO,CNYSN,CNWGQ,CNCJK,CNJIT,CNYZH,CNNSA,CNDSN,CNTAX,CNLAZ,CNFUZ,CNYTN,CNJIA,TWHLN,CNLYG,CNYAN,CNCHS,CNMEZ,CNDAL,CNYPG,CNRUG,CNZZU,TWKAO,CNZJG,AUFRE,CNBAS,CNDJK,CNBYQ,CNLKU,CNSDG,CNPLI,CNCGM,CNXIA,CNBHI,TWMAI,CNRIZ,CNSHE,SGSGP,TWTCH,CNJIJ,CNZHA,CNZPU,CNQUA,CNZHE,CNDDG,CNWEN,CNCHZ,CNQIZ,CNQHD,CNBAO,CNQIN,CNLVS,CNCFD,CNNJG,CNGLA,CNDNG,CNWEI,IDSAM,CNNDE,KRPOH,KRKUN,KRGWA,JPHIB,KRDAN,JPFUK,JPOIT,JPKIS,JPSKI,KRULS,KRINC,JPNAG,JPYOK,KRPYT,KRBUS,JPMIZ,JPKMA,JPOSK,AUGLE,AUMEL,AUNTL,AUPKE,AUADE,AUBRI,NZAKL,NZTAU,NZLYT,NZNAP"
OFFSOGSKK,"USLSA,CAVCR,USOAK,GTPQL,MXLCS,MXMAN,PECAL,PABAL,ECGYL,USNPN,USSAV,USNYK,COBUE,CLSAN,CLTAL,UYULA,BRPEC,BRTUB,BRPDM,BRPAR,BRRDJ,UYMON,BRIOA,BRSTS,BRITA,BRRGR,GBSOU,FRLEH,BEZEE,NLAMS,SIKOP,ITGOA,DEHAM,ESBAR,MTMAL,ESCAR,BEANT,PLGDA,ESGIJ,NLROT,TRMER,ZACPT,TRYAR,GRELE,GRAGT,TRALI,ZARIB,EGPSA,JOAQA,ROCON,EGALE,EGDAM,SAJUB,BHBAH,KEMOM,SADMA,QAUMS,SAJED,SAYAN,KWMAA,AEJAL,AEABU,AERUW,OMSOH,AEFUJ,RUULG,PKQAS,PKKAR,INCHN,INKNP,INMUN,INVIS,THLCB,THKSI,VNHPG,VNCAM,VNSOD,CNHUI,CNPAN,CNTAZ,MY3182,CNLSN,HKHKG,AUGER,CNFAN,CNNBO,CNPYU,CNZOS,CNGUA,CNFUN,CNJIN,CNHUA,CNTAI,CNDCB,CN9862,CNTJN,MYPKE,MYPAG,IDBAH,CNSTO,CNYSN,CNWGQ,CNCJK,CNJIT,CN9873,CNYZH,CNNSA,CNDSN,CNLAZ,CNYTN,CNJIA,CN1087,CNLYG,CNYAN,AUESP,CNMEZ,CNDAL,CNYPG,CNRUG,CNZZU,CNSWE,TWKAO,CNZJG,CNSLH,AUFRE,CNDJK,CNBYQ,CNLKU,MYTBS,CNSDG,MYTPP,CNMWN,CNCGM,CNXIA,CNBHI,TWMAI,CNRIZ,CNSHE,SGSGP,MY2243,TWTAP,CNZHA,CNQUA,CNZHE,CNDDG,CNWEN,CNQIZ,CNLYW,CNQHD,CNBAO,CNQIN,CNCFD,CNGLA,MYPGG,CNWEI,IDSAM,CNMJS,JPKAW,KRPOH,KRGWA,KRDAN,JPFUK,JPOIT,JPKIS,JPSKI,KRULS,KRINC,JPNAG,JPCBA,JPYOK,KRPYT,KRBUS,JPMIZ,JPKMA,KRYOS,JPOSK,AUGLE,AUMEL,AUNTL,AUADE,AUBRI,AUHAY,RUNJK"
OARAGGKKK,"USSEA,CAPRR,USLSA,CAVCR,USOAK,MXESE,MXLCS,MXMAN,PECAL,PABAL,ECGYL,USSAV,USNYK,COBUE,CLSAN,CLTAL,UYULA,CLLIR,BRTUB,BRPAR,BRRDJ,UYMON,BRIOA,BRSTS,BRIJI,BRITA,BRRGR,GBSOU,FRLEH,BEZEE,SIKOP,ITGOA,DEHAM,MTMAL,ESCAR,BEANT,PLGDA,ESGIJ,NLROT,TRYAR,EGSOK,JOAQA,ROCON,EGALE,SAJUB,SADMA,SAJED,KWMAA,AEJAL,AEABU,OMSOH,AEKHA,AEFUJ,PKQAS,PKKAR,INNSA,INCHN,LKCOL,INKNP,INMUN,INKUP,THLCB,VNHPG,VNCAM,CNHUI,MY3182,CNLSN,HKHKG,CNFAN,CNNBO,CNZOS,CNGUA,CNFUN,CNJIN,CNHUA,CNTAI,CNDCB,CNTJN,MYPKE,CNYSN,CNWGQ,CNCJK,CNJIT,CNYZH,CNNSA,CNDSN,CNYTN,CNJIA,CNLYG,CNYAN,AUESP,CNMEZ,CNDAL,CNYPG,TWKAO,CNZJG,AUFRE,CNDJK,CNBYQ,MYPEN,CNSDG,CNMWN,CNCGM,CNXIA,CNRIZ,CNSHE,SGSGP,TWTAP,CNZHA,CNQUA,CNZHE,CNDDG,CNQIZ,CNQHD,CNBAO,CNQIN,CNCFD,CNGLA,CNWEI,JPKAW,KRPOH,KRGWA,KRDAN,JPFUK,JPOIT,JPKIS,JPSKI,KRULS,KRINC,JPNAG,JPCBA,JPYOK,KRBUS,JPMIZ,JPKMA,KRYOS,JPOSK,AUGLE,AUMEL,AUNTL,AUADE,AUBRI"
OFFCAFSKK,"USLSA,CAVCR,USOAK,MXLCS,MXMAN,PECAL,ECGYL,USNYK,COBUE,UYULA,BRPAR,BRRDJ,UYMON,BRSTS,BRRGR,GBSOU,FRLEH,BEZEE,NLAMS,SIKOP,ITGOA,DEHAM,MTMAL,BEANT,PLGDA,ESGIJ,NLROT,TRYAR,GRAGT,ZARIB,JOAQA,ROCON,EGALE,SAJUB,BHBAH,KEMOM,SADMA,QAUMS,SAJED,SAYAN,KWMAA,AEJAL,AEABU,OMSOH,AEFUJ,PKQAS,PKKAR,INCHN,INKNP,INMUN,THLCB,THKSI,VNHPG,VNCAM,CNHUI,CNPAN,CNTAZ,MY3182,CNLSN,HKHKG,AUGER,CNNTG,CNFAN,CNNBO,CNPYU,CNZOS,CNGUA,CNFUN,CNJIN,CNHUA,CNTAI,CNDCB,CNTJN,MYPKE,MYPAG,IDBAH,CNSTO,CNYSN,CNWGQ,CNCJK,CNJIT,CN9873,CNYZH,CNNSA,CNDSN,CNLAZ,CNYTN,CNJIA,CN1087,CNLYG,CNYAN,AUESP,CNCHS,CNMEZ,CNDAL,CNYPG,CNRUG,CNZZU,TWKAO,CNZJG,AUFRE,CNDJK,CNBYQ,CNLKU,MYTBS,CNSDG,MYTPP,CNCGM,CNXIA,CNBHI,TWMAI,CNRIZ,CNSHE,SGSGP,MY2243,CNJIJ,TWTAP,CNZHA,CNQUA,CNZHE,CNDDG,CNWEN,CNQIZ,CNQHD,CNBAO,CNQIN,CNCFD,CNNJG,CNGLA,MYPGG,CNWEI,IDSAM,KRPOH,KRGWA,KRDAN,JPFUK,JPOIT,JPKIS,JPSKI,KRULS,KRINC,JPNAG,JPCBA,JPYOK,KRPYT,KRBUS,JPMIZ,JPKMA,JPOSK,AUGLE,AUMEL,AUNTL,AUADE,AUBRI"
OACCKGORK,"CNHUI,CNCZH,CNFAN,CNYJG,CNGUA,CNHKO,CNSTO,CNYAN,CNDAL,CNYPG,CNSDG,CNBHI,CNZHA,CNDNG"
OARCRRGNK,"CNHUI,CNCZH,CNFAN,CNYJG,CNGUA,CNHKO,CNSTO,CNDAL,CNYPG,CNSDG,CNBHI,CNZHA,CNDNG"
OFFYKCNKK,"USLSA,CAVCR,USOAK,MXLCS,MXMAN,PECAL,PABAL,ECGYL,USNPN,USSAV,USNYK,COBUE,CLTAL,UYULA,BRPEC,BRTUB,BRPDM,BRPAR,BRRDJ,UYMON,BRSTS,BRITA,BRRGR,GBSOU,FRLEH,BEZEE,NLAMS,SIKOP,ITGOA,DEHAM,ESBAR,MTMAL,ESCAR,BEANT,PLGDA,ESGIJ,NLROT,TRMER,ZACPT,TRYAR,GRELE,GRAGT,TRALI,ZARIB,EGPSA,JOAQA,ROCON,EGALE,SAJUB,BHBAH,KEMOM,SADMA,QAUMS,SAJED,SAYAN,KWMAA,AEJAL,AEABU,AERUW,OMSOH,AEFUJ,RUULG,PKQAS,PKKAR,INCHN,INKNP,INMUN,INVIS,THLCB,THKSI,VNHPG,VNCAM,VNSOD,CNHUI,CNPAN,CNTAZ,MY3182,CNLSN,HKHKG,AUGER,CNNTG,CNFAN,CNNBO,CNPYU,CNZOS,CNGUA,CNFUN,CNJIN,CNHUA,CNTAI,CNDCB,CN9862,CNTJN,MYPKE,MYPAG,IDBAH,CNSTO,CNYSN,CNWGQ,CNCJK,CNJIT,CN9873,CNYZH,CNNSA,CNDSN,CNLAZ,CNYTN,CNJIA,CN1087,CNLYG,CNYAN,AUESP,CNCHS,CNMEZ,CNDAL,CNYPG,CNRUG,CNZZU,TWKAO,CNZJG,CNSLH,AUFRE,CNDJK,CNBYQ,CNLKU,MYTBS,CNSDG,MYTPP,CNPLI,CNMWN,CNCGM,CNXIA,CNBHI,TWMAI,CNRIZ,CNSHE,SGSGP,MY2243,CNJIJ,TWTAP,CNZHA,CNQUA,CNZHE,CNDDG,CNWEN,CNCHZ,CNQIZ,CNLYW,CNQHD,CNBAO,CNQIN,CNCFD,CNNJG,CNGLA,MYPGG,CNWEI,IDSAM,JPKAW,KRPOH,KRGWA,KRDAN,JPFUK,JPOIT,JPKIS,JPSKI,KRULS,KRINC,JPNAG,JPCBA,JPYOK,KRPYT,KRBUS,JPMIZ,JPKMA,KRYOS,JPOSK,AUGLE,AUMEL,AUNTL,AUADE,AUBRI,AUHAY,RUNJK"
OARKNSKKK,"USSEA,CAPRR,USLSA,CAVCR,USOAK,MXESE,CANWE,MXLCS,MXMAN,PECAL,PABAL,USSAV,USCHA,USNYK,COBUE,CLSAN,CLLIR,BRPDM,GBLGP,FRLEH,BEZEE,FRFOS,SIKOP,ITGOA,DEHAM,ESBAR,MTMAL,BEANT,PLGDA,ESVAL,NLROT,TRMER,TRISK,TRYAR,EGSOK,TRALI,GRPIR,EGPSA,JOAQA,EGDAM,SAJUB,SADMA,SAJED,KWMAA,AEJAL,AERUW,OMSOH,AEKHA,AEFUJ,PKKAR,INNSA,LKCOL,INMUN,THLCB,VNHPG,CNHUI,MY3182,CNLSN,HKHKG,CNFAN,CNNBO,CNZOS,CNGUA,CNFUN,CNJIN,CNHUA,CNTAI,CNTJN,MYPKE,CNYSN,CNWGQ,CNCJK,CNJIT,CNNSA,CNYTN,CNJIA,CNLYG,CNYAN,CNMEZ,CNDAL,CNYPG,TWKAO,CNSLH,CNDJK,CNBYQ,CNSDG,CNMWN,CNXIA,CNRIZ,CNSHE,SGSGP,TWTAP,CNZHA,CNDDG,CNQIZ,CNLYW,CNQIN,CNCFD,CNMJS,KRPOH,KRGWA,JPFUK,JPOIT,JPKIS,JPSKI,KRULS,KRINC,JPNAG,JPCBA,KRBUS,JPMIZ,JPKMA,KRYOS,AUNTL,AUHAY"
OFFCRCSKK,"CNNBO,CNTJN,CNDAL,SGSGP,CNQIN,KRGWA"
OFFGYOFKK,"USLGB,CAPRR,CAVCR,CANWE,BRPDM,BEZEE,DEHAM,BEANT,PLGDA,NLROT,GRPIR,SADMA,SARTA,KWMAA,IQMAB,AEJAL,AERUW,OMSOH,AEKHA,AEFUJ,VNCMP,CNHUI,MY3182,CNLSN,HKHKG,CNFAN,CNNBO,CNZOS,CNJIN,CNHUA,CNTAI,CNTJN,MYPKE,CNYSN,CNJIT,CNNSA,CNYTN,MY3173,CNJIA,CNLYG,CNYAN,CNMEZ,CNDAL,CNYPG,TWKAO,CNSLH,CNDJK,CNBYQ,CNSDG,AUPHE,CNXIA,CNRIZ,SGSGP,AUPWA,CNZHA,CNDDG,CNQIZ,CNLYW,CNQIN,CNCFD,AUDPR,CNMJS,KRPOH,KRGWA,JPFUK,JPKII,JPOIT,JPKIS,JPSKI,KRULS,KRINC,JPNAG,JPCBA,JPMIZ,JPKMA,KRYOS,AUNTL,AUHAY"
OFFKNGOKK,"USLGB,USLSA,PABAL,USNFK,USSAV,USCHA,USNYK,BRPDM,GBLGP,MATAN,FRLEH,BEZEE,FRFOS,ITGOA,DEHAM,BEANT,PLGDA,ESVAL,NLROT,EGSOK,GRPIR,JOAQA,SADMA,QAHMD,SAJED,AEJAL,AEKHA,PKKAR,INNSA,INMUN,VNCMP,HKHKG,CNNBO,CNZOS,CNFUN,CNTJN,MYPKE,CNYSN,CNWGQ,CNCJK,CNNSA,CNYTN,CNLYG,CNMEZ,CNDAL,TWKAO,CNSLH,CNDJK,CNXIA,CNSHE,SGSGP,TWTAP,CNQIN,KRGWA,KRBUS"
OFFRKCYKK,"CNNBO,CNTJN,CNDAL,KRGWA"
OFFAFRCKK,"BRPDM,SAJUT,SARTA,KWMAA,IQMAB,AERUW,OMMAF,AEFUJ,CNHUI,CNLSN,CNNBO,CNZOS,CNJIN,CNTJN,CNYAN,CNMEZ,CNDAL,CNYPG,TWKAO,CNSLH,CNDJK,CNSDG,SGSGP,CNZHA,CNQIZ,CNQIN,CNCFD,KRGWA,JPKII,JPSKI,KRULS,KRINC,JPCBA"
OARKFCKKK,"USSEA,CAPRR,USLSA,CAVCR,USOAK,MXESE,CANWE,MXLCS,MXMAN,PECAL,PABAL,USSAV,USCHA,USNYK,COBUE,CLSAN,CLLIR,BRPDM,GBLGP,MATAN,FRLEH,BEZEE,FRFOS,SIKOP,ITGOA,DEHAM,ESBAR,MTMAL,BEANT,PLGDA,ESVAL,NLROT,TRMER,TRISK,TRYAR,EGSOK,TRALI,TRIST,GRPIR,EGPSA,JOAQA,EGDAM,SAJUB,SADMA,QAHMD,SAJED,KWMAA,AEJAL,AERUW,OMSOH,AEKHA,AEFUJ,PKKAR,INNSA,LKCOL,INMUN,THLCB,VNHPG,CNHUI,MY3182,CNLSN,HKHKG,CNFAN,CNNBO,CNZOS,CNGUA,CNFUN,CNJIN,CNHUA,CNTAI,CNTJN,MYPKE,CNYSN,CNWGQ,CNCJK,CNJIT,CNNSA,CNYTN,CNJIA,CNLYG,CNYAN,CNMEZ,CNDAL,CNYPG,TWKAO,CNSLH,CNDJK,CNBYQ,CNSDG,CNMWN,CNXIA,CNRIZ,CNSHE,SGSGP,TWTAP,CNZHA,CNDDG,CNQIZ,CNLYW,CNQIN,CNCFD,CNMJS,KRPOH,KRGWA,JPFUK,JPOIT,JPKIS,JPSKI,KRULS,KRINC,JPNAG,JPCBA,KRBUS,JPMIZ,JPKMA,KRYOS,AUNTL,AUHAY"
OARKNKKKK,"USSEA,CAPRR,USLSA,CAVCR,USOAK,MXESE,CANWE,MXLCS,MXMAN,PECAL,PABAL,USSAV,USCHA,USNYK,COBUE,CLSAN,CLLIR,BRPDM,GBLGP,FRLEH,BEZEE,FRFOS,SIKOP,ITGOA,DEHAM,ESBAR,MTMAL,BEANT,PLGDA,ESVAL,NLROT,TRMER,TRISK,TRYAR,EGSOK,TRALI,GRPIR,EGPSA,JOAQA,EGDAM,SAJUB,SADMA,SAJED,KWMAA,AEJAL,AERUW,OMSOH,AEKHA,AEFUJ,PKKAR,INNSA,LKCOL,INMUN,THLCB,VNHPG,CNHUI,MY3182,CNLSN,HKHKG,CNFAN,CNNBO,CNZOS,CNGUA,CNFUN,CNJIN,CNHUA,CNTAI,CNTJN,MYPKE,CNYSN,CNWGQ,CNCJK,CNJIT,CNNSA,CNYTN,CNJIA,CNLYG,CNYAN,CNMEZ,CNDAL,CNYPG,TWKAO,CNSLH,CNDJK,CNBYQ,CNSDG,CNMWN,CNXIA,CNRIZ,CNSHE,SGSGP,TWTAP,CNZHA,CNDDG,CNQIZ,CNLYW,CNQIN,CNCFD,CNMJS,KRPOH,KRGWA,JPFUK,JPOIT,JPKIS,JPSKI,KRULS,KRINC,JPNAG,JPCBA,KRBUS,JPMIZ,JPKMA,KRYOS,AUNTL,AUHAY"
OACGNOKKK,"USLSA,CAVCR,USOAK,GTPQL,MXLCS,MXMAN,PECAL,PABAL,ECGYL,USNPN,USSAV,USNYK,COBUE,CLSAN,CLTAL,UYULA,BRPEC,BRTUB,BRPDM,ARBNA,BRPAR,BRRDJ,UYMON,BRIOA,BRSTS,BRITA,BRRGR,GBSOU,FRLEH,BEZEE,NLAMS,SIKOP,ITGOA,DEHAM,ESBAR,MTMAL,ESCAR,BEANT,PLGDA,ESGIJ,NLROT,TRMER,ZACPT,TRYAR,GRELE,GRAGT,TRALI,ZARIB,EGPSA,JOAQA,ROCON,EGALE,EGDAM,SAJUB,BHBAH,KEMOM,SADMA,QAUMS,SAJED,SAYAN,KWMAA,AEJAL,AEABU,AERUW,OMSOH,AEFUJ,RUULG,PKQAS,PKKAR,INCHN,INKNP,INMUN,INVIS,THLCB,THKSI,VNHPG,VNCAM,VNSOD,CNHUI,CNPAN,CNTAZ,MY3182,CNLSN,HKHKG,AUGER,CNFAN,CNNBO,CNPYU,CNZOS,CNGUA,CNFUN,CNJIN,CNHUA,CNTAI,CNDCB,CN9862,CNTJN,MYPKE,MYPAG,IDBAH,CNSTO,CNYSN,CNWGQ,CNCJK,CNJIT,CN9873,CNYZH,CNNSA,CNDSN,CNLAZ,CNYTN,CNJIA,CN1087,CNLYG,CNYAN,AUESP,CNMEZ,CNDAL,CNYPG,CNRUG,CNZZU,CNSWE,TWKAO,CNZJG,CNSLH,AUFRE,CNDJK,CNBYQ,CNLKU,MYTBS,CNSDG,MYTPP,CNMWN,CNCGM,CNXIA,CNBHI,TWMAI,CNRIZ,CNSHE,SGSGP,MY2243,TWTAP,CNZHA,CNQUA,CNZHE,CNDDG,CNWEN,CNQIZ,CNLYW,CNQHD,CNBAO,CNQIN,CNCFD,CNGLA,MYPGG,CNWEI,IDSAM,CNMJS,JPKAW,KRPOH,KRGWA,KRDAN,JPFUK,JPOIT,JPKIS,JPSKI,KRULS,KRINC,JPNAG,JPCBA,JPYOK,KRPYT,KRBUS,JPMIZ,JPKMA,KRYOS,JPOSK,AUGLE,AUMEL,AUNTL,AUADE,AUBRI,AUHAY,RUNJK"
OAOFOCKKK,"USSEA,USLSA,CAVCR,USOAK,MXLCS,MXMAN,PECAL,PABAL,USNPN,USSAV,USCHA,USNYK,COBUE,CLSAN,CLTAL,UYULA,BRPEC,BRTUB,BRPDM,ARBNA,BRPAR,BRRDJ,UYMON,BRSTS,BRITA,BRRGR,GBSOU,FRLEH,BEZEE,FRFOS,NLAMS,SIKOP,ITGOA,DEHAM,ESBAR,MTMAL,ESCAR,BEANT,PLGDA,ESGIJ,NLROT,TRMER,ZACPT,TRYAR,GRELE,GRAGT,TRALI,ZARIB,EGPSA,UAODS,JOAQA,ROCON,EGALE,EGDAM,SAJUB,BHBAH,KEMOM,SADMA,QAUMS,SAJED,SAYAN,KWMAA,AEJAL,AEABU,AERUW,OMSOH,AEFUJ,RUULG,PKQAS,PKKAR,INMUN,THLCB,THKSI,VNHPG,VNCAM,VNSOD,CN9014,CNHUI,CNPAN,MY3182,CNLSN,HKHKG,AUGER,CNFAN,CNNBO,CNPYU,CNZOS,CNGUA,CNFUN,CNJIN,CNHUA,CNTAI,CN9862,CNTJN,MYPKE,MYPAG,IDBAH,CNSTO,CNYSN,CNWGQ,CNCJK,CNJIT,CN9873,CNYZH,CNNSA,CNDSN,CNLAZ,CNYTN,CNJIA,CN1087,CNLYG,CNYAN,AUESP,CNMEZ,IDTBR,CNDAL,CNYPG,CNRUG,CNZZU,CNSWE,TWKAO,CNZJG,CNSLH,CNDJK,CNBYQ,CNLKU,MYTBS,CNSDG,MYTPP,CNMWN,CNCGM,CNXIA,CN2039,CNBHI,TWMAI,CNRIZ,CNSHE,SGSGP,MY2243,TWTAP,CNZHA,CNQUA,CNZHE,CNDDG,CNWEN,CNQIZ,CNLYW,CNQHD,CNBAO,CNQIN,CNCFD,CNGLA,MYPGG,CNWEI,IDSAM,CNMJS,JPKAW,KRPOH,KRGWA,KRDAN,JPFUK,JPOIT,JPKIS,JPSKI,KRULS,KRINC,JPNAG,JPCBA,JPYOK,KRPYT,KRBUS,JPMIZ,JPKMA,KRYOS,AUGLE,AUNTL,AUBRI,AUHAY,RUNJK"
OFFGOAYKK,"USLUA,PECAL,USNYK,UYULA,CLMEJ,UYFBS,GBBEL,PTLXS,IEDUB,FRLEH,BEZEE,ESHUE,ITTAR,ESTAR,DZDJE,DEHAM,FRROU,MTMAL,BEANT,ESGIJ,NLROT,ESBIL,TRGEB,TRYAR,GRAGT,LTKLJ,FIKOT,EGALE,AEJAL,OMSOH,PKQAS,PKKAR,INKAN,THLCB,IDCXP,IDJAK,VNHCM,VNHPG,VNQUN,THRAY,CNHUM,CNCJN,CNHUI,CNCZH,AUGER,CNNTG,CNFAN,CNDAF,CNYJG,CNNBO,CNZOS,CNGUA,CNFUN,CNJIN,CNHKO,CNHPU,CNDYI,CNTAI,CNTJN,MYPKE,MYPAG,CNSTO,CNYSN,CNWGQ,CNCJK,CNSHA,CNDSN,CNTAX,CNFUZ,CNJIA,TWHLN,CNLYG,CNYAN,CNWEF,CNCHS,CNMEZ,CNDAL,CNYPG,CNRUG,CNZZU,TWKAO,CNZJG,AUFRE,CNBAS,CNDJK,CNBYQ,CNYIZ,CNSHS,CNSDG,AUBUN,CNPLI,CNCGM,CNXIA,CNBHI,PHBAT,TWMAI,CNRIZ,SGSGP,TWTCH,CNJIJ,CNZHA,CNZPU,CNQUA,CNZHE,CNWEN,CNCHZ,CNQIZ,CNBAO,CNQIN,CNNJG,CNGLA,CNDNG,CNWEI,CNNDE,KRPOH,KRGWA,KRDAN,JPFUK,JPKIS,JPSKI,JPTOK,KRULS,KRINC,JPNAG,JPYOK,KRPYT,JPMIZ,JPMOJ,JPOSK,AUGLE,AUMEL,AUNTL,AUPKE,AUWHY,AUADE,AUPLD,AUGEE"
OFFAYOGKK,"BEZEE,DEHAM,BEANT,PLGDA,NLROT,GRPIR,SADMA,AEJAL,AEKHA,CNNBO,CNZOS,CNTJN,MYPKE,CNYSN,CNNSA,CNYTN,CNLYG,CNDAL,CNXIA,SGSGP,CNQIN,KRGWA"
OFFKNFAKK,"USLGB,CAPRR,USLSA,CAVCR,CANWE,USNFK,USSAV,USNYK,BRPDM,GBLGP,MATAN,FRLEH,BEZEE,FRFOS,ITGOA,DEHAM,BEANT,PLGDA,ESVAL,NLROT,EGSOK,GRPIR,JOAQA,SADMA,QAHMD,SAJED,SARTA,KWMAA,IQMAB,AEJAL,AERUW,OMSOH,AEKHA,AEFUJ,PKKAR,INNSA,INMUN,VNCMP,CNHUI,MY3182,CNLSN,HKHKG,CNFAN,CNNBO,CNZOS,CNFUN,CNJIN,CNHUA,CNTAI,CNTJN,MYPKE,CNYSN,CNJIT,CNNSA,CNYTN,MY3173,CNJIA,CNLYG,CNYAN,CNMEZ,CNDAL,CNYPG,TWKAO,CNSLH,CNDJK,CNBYQ,CNSDG,AUPHE,CNXIA,CNRIZ,CNSHE,SGSGP,TWTAP,CNZHA,CNDDG,CNQIZ,CNLYW,CNQIN,CNCFD,CNMJS,KRPOH,KRGWA,JPFUK,JPKII,JPKIS,JPSKI,KRULS,KRINC,JPNAG,JPCBA,JPMIZ,JPKMA,KRYOS,AUNTL,AUHAY"
OFFYNYOKK,"USLUA,PECAL,ECGYL,USNYK,PEMAT,ECPBO,UYULA,CLMEJ,BRRDJ,UYMON,BRRGR,GBBEL,PTLXS,GHTEM,GNCON,IEDUB,FRLEH,BEZEE,SIKOP,ESHUE,ITTAR,ESTAR,DZDJE,DEHAM,ITRAV,FRROU,MTMAL,BEANT,PLGDA,ESGIJ,NLROT,ESBIL,TRGEB,TRYAR,ZADUR,GRAGT,LTKLJ,FIKOT,ZAPLZ,EGALE,KEMOM,TZDRS,AEJAL,OMSOH,PKQAS,PKKAR,INKAN,THLCB,IDCXP,IDJAK,VNHCM,VNHPG,VNQUN,THRAY,CNHUM,CNCJN,CNHUI,CNCZH,CNLSN,HKHKG,AUGER,CNNTG,CNFAN,CNDAF,CNYJG,CNNBO,CNZOS,CNGUA,CNFUN,CNJIN,CNHKO,CNHPU,CNDYI,CNTAI,CNTJN,MYPKE,MYPAG,CNSTO,CNYSN,CNWGQ,CNCJK,CNJIT,CNYZH,CNSHA,CNDSN,CNTAX,CNFUZ,CNJIA,TWHLN,CNLYG,CNYAN,CNWEF,CNCHS,CNMEZ,CNDAL,CNYPG,CNRUG,CNZZU,TWKAO,CNZJG,AUFRE,CNBAS,CNDJK,CNBYQ,CNYIZ,CNSHS,CNSDG,AUBUN,CNPLI,CNCGM,CNXIA,CNBHI,PHBAT,TWMAI,CNRIZ,SGSGP,TWTCH,CNJIJ,CNZHA,CNZPU,CNQUA,CNZHE,CNWEN,CNCHZ,CNQIZ,CNQHD,CNBAO,CNQIN,CNCFD,CNNJG,CNGLA,CNDNG,CNWEI,CNNDE,KRPOH,KRGWA,KRDAN,JPFUK,JPOIT,JPKIS,JPSKI,JPTOK,KRULS,KRINC,JPNAG,JPYOK,KRPYT,KRBUS,JPMIZ,JPMOJ,JPOSK,AUGLE,AUMEL,AUNTL,AUPKE,AUADE,AUGEE,NZAKL,NZTAU"
OFFRNACKK,"CAPRR,BRPDM,GNBFF,DEHAM,SARTA,KWMAA,IQMAB,AERUW,OMSOH,AEFUJ,CNHUI,MY3182,CNLSN,CNFAN,CNNBO,CNZOS,CNJIN,CNHUA,CNTAI,CNTJN,CNJIT,MY3173,CNJIA,CNLYG,CNYAN,CNMEZ,CNDAL,CNYPG,TWKAO,CNSLH,CNDJK,CNBYQ,CNSDG,AUPHE,CNRIZ,SGSGP,AUPWA,CNZHA,CNDDG,CNQIZ,CNLYW,CNQIN,CNCFD,AUDPR,CNMJS,KRPOH,KRGWA,JPFUK,JPKII,JPSKI,KRULS,KRINC,JPNAG,JPCBA,JPKMA,KRYOS,AUNTL,AUHAY"
OACKNNKKK,"FRLEH,DEHAM,BEANT,NLROT,TRYAR,CNHUI,CNFAN,CNNBO,CNZOS,CNGUA,CNFUN,CNJIN,CNTAI,CNTJN,CNSTO,CNYSN,CNWGQ,CNCJK,CNDSN,CNJIA,CNLYG,CNYAN,CNMEZ,CNDAL,CNYPG,CNRUG,TWKAO,CNZJG,CNDJK,CNBYQ,CNSDG,CNXIA,TWMAI,SGSGP,CNZHA,CNQUA,CNZHE,CNWEN,CNHYG,CNQIN,CNGLA,CNWEI,KRGWA,KRDAN,KRULS"
RNFGFCKKK,"USLSA,CAVCR,USOAK,MXLCS,MXMAN,PECAL,ECGYL,USNPN,USSAV,USNYK,COBUE,UYULA,BRPEC,BRTUB,BRPAR,BRRDJ,UYMON,BRSTS,BRRGR,GBSOU,FRLEH,BEZEE,NLAMS,SIKOP,ITGOA,DEHAM,ESBAR,MTMAL,ESCAR,BEANT,PLGDA,ESGIJ,NLROT,TRMER,ZACPT,TRYAR,GRAGT,TRALI,ZARIB,EGPSA,JOAQA,ROCON,EGALE,SAJUB,BHBAH,KEMOM,SADMA,QAUMS,SAJED,SAYAN,KWMAA,AEJAL,AEABU,OMSOH,AEFUJ,RUULG,PKQAS,PKKAR,INKNP,INMUN,INVIS,THLCB,THKSI,VNHPG,VNCAM,CNHUI,CNPAN,CNTAZ,CNLSN,HKHKG,AUGER,CNNTG,CNFAN,CNNBO,CNPYU,CNZOS,CNGUA,CNFUN,CNJIN,CNHUA,CNTAI,CNDCB,CNTJN,MYPKE,MYPAG,IDBAH,CNSTO,CNYSN,CNWGQ,CNCJK,CNJIT,CN9873,CNYZH,CNNSA,CNDSN,CNLAZ,CNYTN,CNJIA,CN1087,CNLYG,CNYAN,AUESP,CNCHS,CNMEZ,CNDAL,CNYPG,CNRUG,CNZZU,TWKAO,CNZJG,CNSLH,AUFRE,CNDJK,CNBYQ,CNLKU,CNSDG,MYTPP,CNPLI,CNCGM,CNXIA,CNBHI,TWMAI,CNRIZ,CNSHE,SGSGP,MY2243,CNJIJ,TWTAP,CNZHA,CNQUA,CNZHE,CNDDG,CNWEN,CNCHZ,CNQIZ,CNQHD,CNBAO,CNQIN,CNCFD,CNNJG,CNGLA,CNWEI,IDSAM,KRPOH,KRGWA,KRDAN,JPFUK,JPOIT,JPKIS,JPSKI,KRULS,KRINC,JPNAG,JPCBA,JPYOK,KRPYT,KRBUS,JPMIZ,JPKMA,JPOSK,AUGLE,AUMEL,AUNTL,AUADE,AUBRI,AUHAY"
OAOAGGKKK,"USLSA,CAVCR,USOAK,MXLCS,MXMAN,PECAL,ECGYL,USNYK,COBUE,CLTAL,UYULA,BRPEC,BRTUB,BRPAR,BRRDJ,UYMON,BRSTS,BRRGR,GBSOU,FRLEH,BEZEE,NLAMS,SIKOP,ITGOA,DEHAM,MTMAL,ESCAR,BEANT,PLGDA,ESGIJ,NLROT,TRYAR,GRAGT,ZARIB,JOAQA,ROCON,EGALE,SAJUB,BHBAH,KEMOM,SADMA,QAUMS,SAJED,SAYAN,KWMAA,AEJAL,AEABU,OMSOH,AEFUJ,PKQAS,PKKAR,INKNP,INMUN,THLCB,VNHPG,VNCAM,CNHUI,CNPAN,CNTAZ,CNLSN,HKHKG,AUGER,CNNTG,CNFAN,CNNBO,CNZOS,CNGUA,CNFUN,CNJIN,CNHUA,CNTAI,CNDCB,CNTJN,MYPKE,MYPAG,IDBAH,CNSTO,CNYSN,CNWGQ,CNCJK,CNJIT,CNYZH,CNNSA,CNDSN,CNLAZ,CNYTN,CNJIA,CNLYG,CNYAN,AUESP,CNCHS,CNMEZ,CNDAL,CNYPG,CNRUG,CNZZU,TWKAO,CNZJG,AUFRE,CNDJK,CNBYQ,CNLKU,CNSDG,CNPLI,CNCGM,CNXIA,CNBHI,TWMAI,CNRIZ,CNSHE,SGSGP,CNJIJ,TWTAP,CNZHA,CNQUA,CNZHE,CNDDG,CNWEN,CNCHZ,CNQIZ,CNQHD,CNBAO,CNQIN,CNCFD,CNNJG,CNGLA,CNWEI,IDSAM,JPKAW,KRPOH,KRGWA,KRDAN,JPFUK,JPOIT,JPKIS,JPSKI,KRULS,KRINC,JPNAG,JPYOK,KRPYT,KRBUS,JPMIZ,JPKMA,JPOSK,AUGLE,AUMEL,AUNTL,AUADE,AUBRI"
OFFKKOFKK,"USSEA,CAPRR,USLSA,CAVCR,USOAK,MXLCS,MXMAN,PECAL,PABAL,ECGYL,USSAV,USNYK,COBUE,CLSAN,CLTAL,UYULA,BRTUB,BRPAR,BRRDJ,UYMON,BRIOA,BRSTS,BRIJI,BRITA,BRRGR,GBSOU,FRLEH,BEZEE,SIKOP,ITGOA,DEHAM,MTMAL,ESCAR,BEANT,PLGDA,ESGIJ,NLROT,TRYAR,EGSOK,JOAQA,ROCON,EGALE,SAJUB,SADMA,SAJED,KWMAA,AEJAL,AEABU,OMSOH,AEFUJ,PKQAS,PKKAR,INNSA,INCHN,LKCOL,INKNP,INMUN,INKUP,THLCB,VNHPG,VNCAM,CNHUI,CNPAN,MY3182,CNLSN,HKHKG,CNFAN,CNNBO,CNZOS,CNGUA,CNFUN,CNJIN,CNHUA,CNTAI,CNDCB,CNTJN,MYPKE,MYPAG,CNYSN,CNWGQ,CNCJK,CNJIT,CNYZH,CNNSA,CNDSN,CNYTN,CNJIA,CNLYG,CNYAN,AUESP,CNMEZ,CNDAL,CNYPG,CNZZU,TWKAO,CNZJG,AUFRE,CNDJK,CNBYQ,MYPEN,CNSDG,CNMWN,CNCGM,CNXIA,CNRIZ,CNSHE,SGSGP,TWTAP,CNZHA,CNQUA,CNZHE,CNDDG,CNQIZ,CNQHD,CNBAO,CNQIN,CNCFD,CNGLA,CNWEI,JPKAW,KRPOH,KRGWA,KRDAN,JPFUK,JPOIT,JPKIS,JPSKI,KRULS,KRINC,JPNAG,JPCBA,JPYOK,KRBUS,JPMIZ,JPKMA,KRYOS,JPOSK,AUGLE,AUMEL,AUNTL,AUADE,AUBRI"
OAOFFYKKK,"USLSA,CAVCR,USOAK,MXLCS,MXMAN,PECAL,ECGYL,USNYK,COBUE,UYULA,BRPEC,BRTUB,BRPAR,BRRDJ,UYMON,BRSTS,BRRGR,GBSOU,FRLEH,BEZEE,NLAMS,SIKOP,ITGOA,DEHAM,MTMAL,ESCAR,BEANT,PLGDA,ESGIJ,NLROT,TRYAR,GRAGT,ZARIB,JOAQA,ROCON,EGALE,SAJUB,BHBAH,KEMOM,SADMA,QAUMS,SAJED,SAYAN,KWMAA,AEJAL,AEABU,OMSOH,AEFUJ,PKQAS,PKKAR,INKNP,INMUN,THLCB,VNHPG,VNCAM,CNHUI,CNPAN,CNTAZ,CNLSN,HKHKG,AUGER,CNNTG,CNFAN,CNNBO,CNZOS,CNGUA,CNFUN,CNJIN,CNHUA,CNTAI,CNDCB,CNTJN,MYPKE,MYPAG,IDBAH,CNSTO,CNYSN,CNWGQ,CNCJK,CNJIT,CNYZH,CNNSA,CNDSN,CNLAZ,CNYTN,CNJIA,CNLYG,CNYAN,AUESP,CNCHS,CNMEZ,CNDAL,CNYPG,CNRUG,CNZZU,TWKAO,CNZJG,AUFRE,CNDJK,CNBYQ,CNLKU,CNSDG,CNPLI,CNCGM,CNXIA,CNBHI,TWMAI,CNRIZ,CNSHE,SGSGP,CNJIJ,TWTAP,CNZHA,CNQUA,CNZHE,CNDDG,CNWEN,CNCHZ,CNQIZ,CNQHD,CNBAO,CNQIN,CNCFD,CNNJG,CNGLA,CNWEI,IDSAM,KRPOH,KRGWA,KRDAN,JPFUK,JPOIT,JPKIS,JPSKI,KRULS,KRINC,JPNAG,JPYOK,KRPYT,KRBUS,JPMIZ,JPKMA,JPOSK,AUGLE,AUMEL,AUNTL,AUADE,AUBRI"
OAORONKKK,"USSEA,CAPRR,USLSA,CAVCR,USOAK,MXESE,MXLCS,MXMAN,PECAL,PABAL,USSAV,USCHA,USNYK,COBUE,CLSAN,CLTAL,UYULA,CLLIR,BRPDM,ARBNA,BRPAR,BRRDJ,UYMON,BRSTS,BRIJI,BRRGR,FRLEH,BEZEE,SIKOP,ITGOA,DEHAM,ESBAR,MTMAL,BEANT,PLGDA,NLROT,TRMER,TRYAR,EGSOK,TRALI,EGPSA,UAODS,JOAQA,ROCON,EGALE,EGDAM,SAJUB,SADMA,SAJED,KWMAA,AEJAL,AEABU,AERUW,OMSOH,AEKHA,AEFUJ,PKKAR,INNSA,LKCOL,INMUN,THLCB,VNHPG,VNCAM,CNHUI,MY3182,CNLSN,HKHKG,CNFAN,CNNBO,CNZOS,CNFUN,CNJIN,CNHUA,CNTAI,CNTJN,MYPKE,CNYSN,CNWGQ,CNCJK,CNJIT,CNNSA,CNYTN,CNJIA,CNLYG,CNYAN,AUESP,CNMEZ,CNDAL,CNYPG,TWKAO,CNZJG,CNSLH,CNDJK,CNBYQ,CNSDG,CNMWN,CNCGM,CNXIA,CNRIZ,CNSHE,SGSGP,TWTAP,CNZHA,CNZHE,CNDDG,CNQIZ,CNLYW,CNBAO,CNQIN,CNCFD,CNMJS,JPKAW,KRPOH,KRGWA,JPFUK,JPOIT,JPKIS,JPSKI,KRULS,KRINC,JPNAG,JPCBA,JPYOK,KRBUS,JPMIZ,JPKMA,KRYOS,AUGLE,AUNTL,AUHAY"
OFFYGFSKK,"CNNBO,CNTJN,CNDAL,SGSGP,CNQIN,KRGWA"
OARACAKKK,"BRPDM,XZKMN,SAJUT,QAASN,SARTA,KWMAA,IQMAB,AERUW,OMMAF,AEZUR,AEFUJ,MMMIO,CNHUI,CNLSN,CNNBO,CNZOS,CNJIN,CNTJN,CNYAN,CNMEZ,CNDAL,CNYPG,TWKAO,CNSLH,CNDJK,CNSDG,SGSGP,CNZHA,CNQIZ,CNQIN,CNCFD,KRGWA,JPKII,JPSKI,KRULS,KRINC,JPCBA"
OAOFSKKKK,"USLSA,CAVCR,USOAK,MXLCS,MXMAN,PECAL,ECGYL,USNYK,COBUE,UYULA,BRPEC,BRTUB,BRPAR,BRRDJ,UYMON,BRSTS,BRRGR,GBSOU,FRLEH,BEZEE,NLAMS,SIKOP,ITGOA,DEHAM,MTMAL,ESCAR,BEANT,PLGDA,ESGIJ,NLROT,TRYAR,GRAGT,ZARIB,JOAQA,ROCON,EGALE,SAJUB,BHBAH,KEMOM,SADMA,QAUMS,SAJED,SAYAN,KWMAA,AEJAL,AEABU,OMSOH,AEFUJ,PKQAS,PKKAR,INKNP,INMUN,THLCB,VNHPG,VNCAM,CNHUI,CNPAN,CNTAZ,CNLSN,HKHKG,AUGER,CNNTG,CNFAN,CNNBO,CNZOS,CNGUA,CNFUN,CNJIN,CNHUA,CNTAI,CNDCB,CNTJN,MYPKE,MYPAG,IDBAH,CNSTO,CNYSN,CNWGQ,CNCJK,CNJIT,CNYZH,CNNSA,CNDSN,CNLAZ,CNYTN,CNJIA,CNLYG,CNYAN,AUESP,CNCHS,CNMEZ,CNDAL,CNYPG,CNRUG,CNZZU,TWKAO,CNZJG,AUFRE,CNDJK,CNBYQ,CNLKU,CNSDG,CNPLI,CNCGM,CNXIA,CNBHI,TWMAI,CNRIZ,CNSHE,SGSGP,CNJIJ,TWTAP,CNZHA,CNQUA,CNZHE,CNDDG,CNWEN,CNCHZ,CNQIZ,CNQHD,CNBAO,CNQIN,CNCFD,CNNJG,CNGLA,CNWEI,IDSAM,KRPOH,KRGWA,KRDAN,JPFUK,JPOIT,JPKIS,JPSKI,KRULS,KRINC,JPNAG,JPYOK,KRPYT,KRBUS,JPMIZ,JPKMA,JPOSK,AUGLE,AUMEL,AUNTL,AUADE,AUBRI"
OAOFKYKKK,"USLSA,CAVCR,USOAK,MXLCS,MXMAN,PECAL,ECGYL,USNYK,COBUE,CLTAL,UYULA,BRPEC,BRTUB,BRPAR,BRRDJ,UYMON,BRSTS,BRRGR,GBSOU,FRLEH,BEZEE,NLAMS,SIKOP,ITGOA,DEHAM,MTMAL,ESCAR,BEANT,PLGDA,ESGIJ,NLROT,TRYAR,GRAGT,ZARIB,JOAQA,ROCON,EGALE,SAJUB,BHBAH,KEMOM,SADMA,QAUMS,SAJED,SAYAN,KWMAA,AEJAL,AEABU,OMSOH,AEFUJ,PKQAS,PKKAR,INKNP,INMUN,THLCB,THKSI,VNHPG,VNCAM,CNHUI,CNPAN,CNTAZ,CNLSN,HKHKG,AUGER,CNNTG,CNFAN,CNNBO,CNPYU,CNZOS,CNGUA,CNFUN,CNJIN,CNHUA,CNTAI,CNDCB,CNTJN,MYPKE,MYPAG,IDBAH,CNSTO,CNYSN,CNWGQ,CNCJK,CNJIT,CN9873,CNYZH,CNNSA,CNDSN,CNLAZ,CNYTN,CNJIA,CN1087,CNLYG,CNYAN,AUESP,CNCHS,CNMEZ,CNDAL,CNYPG,CNRUG,CNZZU,TWKAO,CNZJG,AUFRE,CNDJK,CNBYQ,CNLKU,CNSDG,MYTPP,CNPLI,CNCGM,CNXIA,CNBHI,TWMAI,CNRIZ,CNSHE,SGSGP,MY2243,CNJIJ,TWTAP,CNZHA,CNQUA,CNZHE,CNDDG,CNWEN,CNCHZ,CNQIZ,CNQHD,CNBAO,CNQIN,CNCFD,CNNJG,CNGLA,CNWEI,IDSAM,JPKAW,KRPOH,KRGWA,KRDAN,JPFUK,JPOIT,JPKIS,JPSKI,KRULS,KRINC,JPNAG,JPCBA,JPYOK,KRPYT,KRBUS,JPMIZ,JPKMA,JPOSK,AUGLE,AUMEL,AUNTL,AUADE,AUBRI"
RFKASSKKK,"USLGB,USLSA,PABAL,USNFK,USSAV,USCHA,USNYK,BRPDM,GBLGP,MATAN,FRLEH,BEZEE,FRFOS,ITGOA,DEHAM,BEANT,PLGDA,ESVAL,NLROT,EGSOK,GRPIR,JOAQA,SADMA,QAHMD,SAJED,AEJAL,AEKHA,PKKAR,INNSA,INMUN,VNCMP,HKHKG,CNNBO,CNZOS,CNFUN,CNTJN,MYPKE,CNYSN,CNNSA,CNYTN,CNLYG,CNMEZ,CNDAL,TWKAO,CNSLH,CNDJK,CNXIA,CNSHE,SGSGP,TWTAP,CNQIN,KRGWA,KRBUS"
OARNCRCAK,"CNHUI,CNCZH,CNFAN,CNYJG,CNGUA,CNHKO,CNSTO,CNYPG,CNSDG,CNBHI,CNZHA,CNDNG"
OAOFSRKKK,"USLSA,CAVCR,USOAK,MXLCS,MXMAN,PECAL,ECGYL,USNYK,COBUE,UYULA,BRPEC,BRTUB,BRPAR,BRRDJ,UYMON,BRSTS,BRRGR,GBSOU,FRLEH,BEZEE,NLAMS,SIKOP,ITGOA,DEHAM,MTMAL,ESCAR,BEANT,PLGDA,ESGIJ,NLROT,TRYAR,GRAGT,ZARIB,JOAQA,ROCON,EGALE,SAJUB,BHBAH,KEMOM,SADMA,QAUMS,SAJED,SAYAN,KWMAA,AEJAL,AEABU,OMSOH,AEFUJ,PKQAS,PKKAR,INKNP,INMUN,THLCB,VNHPG,VNCAM,CNHUI,CNPAN,CNTAZ,CNLSN,HKHKG,AUGER,CNNTG,CNFAN,CNNBO,CNZOS,CNGUA,CNFUN,CNJIN,CNHUA,CNTAI,CNDCB,CNTJN,MYPKE,MYPAG,IDBAH,CNSTO,CNYSN,CNWGQ,CNCJK,CNJIT,CNYZH,CNNSA,CNDSN,CNLAZ,CNYTN,CNJIA,CNLYG,CNYAN,AUESP,CNCHS,CNMEZ,CNDAL,CNYPG,CNRUG,CNZZU,TWKAO,CNZJG,AUFRE,CNDJK,CNBYQ,CNLKU,CNSDG,CNPLI,CNCGM,CNXIA,CNBHI,TWMAI,CNRIZ,CNSHE,SGSGP,CNJIJ,TWTAP,CNZHA,CNQUA,CNZHE,CNDDG,CNWEN,CNCHZ,CNQIZ,CNQHD,CNBAO,CNQIN,CNCFD,CNNJG,CNGLA,CNWEI,IDSAM,KRPOH,KRGWA,KRDAN,JPFUK,JPOIT,JPKIS,JPSKI,KRULS,KRINC,JPNAG,JPYOK,KRPYT,KRBUS,JPMIZ,JPKMA,JPOSK,AUGLE,AUMEL,AUNTL,AUADE,AUBRI"
OACFAOKKK,"USSEA,CAPRR,USLSA,CAVCR,USOAK,MXESE,MXLCS,MXMAN,PECAL,PABAL,USSAV,USNYK,COBUE,CLSAN,CLTAL,UYULA,CLLIR,BRPDM,ARBNA,BRPAR,BRRDJ,UYMON,BRSTS,BRIJI,BRRGR,FRLEH,BEZEE,SIKOP,ITGOA,DEHAM,ESBAR,MTMAL,BEANT,PLGDA,NLROT,TRMER,TRYAR,EGSOK,TRALI,EGPSA,JOAQA,ROCON,EGALE,EGDAM,SAJUB,SADMA,SAJED,KWMAA,AEJAL,AEABU,AERUW,OMSOH,AEKHA,AEFUJ,PKKAR,INNSA,LKCOL,INMUN,THLCB,VNHPG,VNCAM,CNHUI,MY3182,CNLSN,HKHKG,CNFAN,CNNBO,CNZOS,CNGUA,CNFUN,CNJIN,CNHUA,CNTAI,CNDCB,CNTJN,MYPKE,CNYSN,CNWGQ,CNCJK,CNJIT,CNNSA,CNYTN,CNJIA,CNLYG,CNYAN,AUESP,CNMEZ,CNDAL,CNYPG,TWKAO,CNZJG,CNSLH,CNDJK,CNBYQ,CNSDG,CNMWN,CNCGM,CNXIA,CNRIZ,CNSHE,SGSGP,TWTAP,CNZHA,CNQUA,CNZHE,CNDDG,CNQIZ,CNLYW,CNQHD,CNBAO,CNQIN,CNCFD,CNGLA,CNMJS,JPKAW,KRPOH,KRGWA,JPFUK,JPOIT,JPKIS,JPSKI,KRULS,KRINC,JPNAG,JPCBA,JPYOK,KRBUS,JPMIZ,JPKMA,KRYOS,AUGLE,AUNTL,AUHAY"
OFFSONGKK,"USLGB,GBFEL,BEZEE,DEHAM,BEANT,PLGDA,NLROT,GRPIR,SADMA,AEJAL,AEKHA,VNCMP,HKHKG,CNNBO,CNZOS,CNTJN,MYPKE,CNYSN,CNNSA,CNYTN,CNLYG,CNDAL,TWKAO,CNXIA,SGSGP,CNQIN,KRGWA"
OACAOYKKK,"USSEA,USLSA,CAVCR,USOAK,MXLCS,MXMAN,PECAL,PABAL,USNPN,USSAV,USCHA,USNYK,COBUE,CLSAN,CLTAL,UYULA,BRPEC,BRTUB,BRPDM,ARBNA,BRPAR,BRRDJ,UYMON,BRSTS,BRITA,BRRGR,GBSOU,FRLEH,BEZEE,FRFOS,NLAMS,SIKOP,ITGOA,DEHAM,ESBAR,MTMAL,ESCAR,BEANT,PLGDA,ESGIJ,NLROT,TRMER,ZACPT,TRYAR,GRELE,GRAGT,TRALI,ZARIB,EGPSA,UAODS,JOAQA,ROCON,EGALE,EGDAM,SAJUB,BHBAH,KEMOM,SADMA,QAUMS,SAJED,SAYAN,KWMAA,AEJAL,AEABU,AERUW,OMSOH,AEFUJ,RUULG,PKQAS,PKKAR,INMUN,THLCB,THKSI,VNHPG,VNCAM,VNSOD,CN9014,CNHUI,CNPAN,MY3182,CNLSN,HKHKG,AUGER,CNFAN,CNNBO,CNPYU,CNZOS,CNGUA,CNFUN,CNJIN,CNHUA,CNTAI,CN9862,CNTJN,MYPKE,MYPAG,IDBAH,CNSTO,CNYSN,CNWGQ,CNCJK,CNJIT,CN9873,CNYZH,CNNSA,CNDSN,CNLAZ,CNYTN,CNJIA,CN1087,CNLYG,CNYAN,AUESP,CNMEZ,IDTBR,CNDAL,CNYPG,CNRUG,CNZZU,CNSWE,TWKAO,CNZJG,CNSLH,CNDJK,CNBYQ,CNLKU,MYTBS,CNSDG,MYTPP,CNMWN,CNCGM,CNXIA,CN2039,CNBHI,TWMAI,CNRIZ,CNSHE,SGSGP,MY2243,TWTAP,CNZHA,CNQUA,CNZHE,CNDDG,CNWEN,CNQIZ,CNLYW,CNQHD,CNBAO,CNQIN,CNCFD,CNGLA,MYPGG,CNWEI,IDSAM,CNMJS,JPKAW,KRPOH,KRGWA,KRDAN,JPFUK,JPOIT,JPKIS,JPSKI,KRULS,KRINC,JPNAG,JPCBA,JPYOK,KRPYT,KRBUS,JPMIZ,JPKMA,KRYOS,AUGLE,AUNTL,AUBRI,AUHAY,RUNJK"
OACACOKKK,"USLSA,CAVCR,USOAK,MXLCS,MXMAN,PECAL,PABAL,ECGYL,USSAV,USNYK,COBUE,CLTAL,UYULA,BRPEC,BRTUB,BRPAR,BRRDJ,UYMON,BRSTS,BRITA,BRRGR,GBSOU,FRLEH,BEZEE,NLAMS,SIKOP,ITGOA,DEHAM,MTMAL,ESCAR,BEANT,PLGDA,ESGIJ,NLROT,TRMER,ZACPT,TRYAR,GRAGT,TRALI,ZARIB,EGPSA,JOAQA,ROCON,EGALE,SAJUB,BHBAH,KEMOM,SADMA,QAUMS,SAJED,SAYAN,KWMAA,AEJAL,AEABU,AERUW,OMSOH,AEFUJ,PKQAS,PKKAR,INCHN,INKNP,INMUN,THLCB,THKSI,VNHPG,VNCAM,CNHUI,CNPAN,CNTAZ,MY3182,CNLSN,HKHKG,AUGER,CNNTG,CNFAN,CNNBO,CNPYU,CNZOS,CNGUA,CNFUN,CNJIN,CNHUA,CNTAI,CNDCB,CN9862,CNTJN,MYPKE,MYPAG,IDBAH,CNSTO,CNYSN,CNWGQ,CNCJK,CNJIT,CN9873,CNYZH,CNNSA,CNDSN,CNLAZ,CNYTN,CNJIA,CN1087,CNLYG,CNYAN,AUESP,CNCHS,CNMEZ,CNDAL,CNYPG,CNRUG,CNZZU,TWKAO,CNZJG,CNSLH,AUFRE,CNDJK,CNBYQ,CNLKU,MYTBS,CNSDG,MYTPP,CNPLI,CNMWN,CNCGM,CNXIA,CNBHI,TWMAI,CNRIZ,CNSHE,SGSGP,MY2243,CNJIJ,TWTAP,CNZHA,CNQUA,CNZHE,CNDDG,CNWEN,CNCHZ,CNQIZ,CNLYW,CNQHD,CNBAO,CNQIN,CNCFD,CNNJG,CNGLA,MYPGG,CNWEI,IDSAM,JPKAW,KRPOH,KRGWA,KRDAN,JPFUK,JPOIT,JPKIS,JPSKI,KRULS,KRINC,JPNAG,JPCBA,JPYOK,KRPYT,KRBUS,JPMIZ,JPKMA,KRYOS,JPOSK,AUGLE,AUMEL,AUNTL,AUADE,AUBRI,RUNJK"
OAOFCGKKK,"USLSA,CAVCR,USOAK,MXLCS,MXMAN,PECAL,ECGYL,USNYK,COBUE,UYULA,BRPAR,BRRDJ,UYMON,BRSTS,BRRGR,GBSOU,FRLEH,BEZEE,NLAMS,SIKOP,ITGOA,DEHAM,MTMAL,BEANT,PLGDA,ESGIJ,NLROT,TRYAR,GRAGT,ZARIB,JOAQA,ROCON,EGALE,SAJUB,BHBAH,KEMOM,SADMA,QAUMS,SAJED,SAYAN,KWMAA,AEJAL,AEABU,OMSOH,AEFUJ,PKQAS,PKKAR,INKNP,INMUN,THLCB,VNHPG,VNCAM,CNHUI,CNPAN,CNTAZ,CNLSN,HKHKG,AUGER,CNNTG,CNFAN,CNNBO,CNZOS,CNGUA,CNFUN,CNJIN,CNHUA,CNTAI,CNDCB,CNTJN,MYPKE,MYPAG,IDBAH,CNSTO,CNYSN,CNWGQ,CNCJK,CNJIT,CNYZH,CNNSA,CNDSN,CNLAZ,CNYTN,CNJIA,CNLYG,CNYAN,AUESP,CNCHS,CNMEZ,CNDAL,CNYPG,CNRUG,CNZZU,TWKAO,CNZJG,AUFRE,CNDJK,CNBYQ,CNLKU,CNSDG,CNPLI,CNCGM,CNXIA,CNBHI,TWMAI,CNRIZ,CNSHE,SGSGP,CNJIJ,TWTAP,CNZHA,CNQUA,CNZHE,CNDDG,CNWEN,CNCHZ,CNQIZ,CNQHD,CNBAO,CNQIN,CNCFD,CNNJG,CNGLA,CNWEI,IDSAM,KRPOH,KRGWA,KRDAN,JPFUK,JPOIT,JPKIS,JPSKI,KRULS,KRINC,JPNAG,JPYOK,KRPYT,KRBUS,JPMIZ,JPKMA,JPOSK,AUGLE,AUMEL,AUNTL,AUADE,AUBRI"
OAORKOKKK,"USSEA,CAPRR,USLSA,CAVCR,USOAK,MXESE,CANWE,GTPQL,MXLCS,MXMAN,PECAL,PABAL,ECGYL,USSAV,USCHA,USNYK,COBUE,CLSAN,CLTAL,UYULA,CLLIR,BRTUB,BRPDM,ARBNA,BRPAR,BRRDJ,UYMON,BRIOA,BRSTS,BRIJI,BRITA,BRRGR,GBSOU,FRLEH,BEZEE,SIKOP,ITGOA,DEBHN,DEHAM,ESBAR,MTMAL,BEANT,PLGDA,ESGIJ,NLROT,TRMER,TRYAR,EGSOK,TRALI,EGPSA,UAODS,JOAQA,ROCON,EGALE,EGDAM,SAJUB,SADMA,SAJED,KWMAA,AEJAL,AEABU,AERUW,OMSOH,AEKHA,AEFUJ,PKQAS,PKKAR,INNSA,INCHN,LKCOL,INKNP,INMUN,INVIS,INKUP,THLCB,VNHPG,VNCAM,CNHUI,MY3182,CNLSN,HKHKG,CNFAN,CNNBO,CNZOS,CNGUA,CNFUN,CNJIN,CNHUA,CNTAI,CNDCB,CNTJN,MYPKE,CNYSN,CNWGQ,CNCJK,CNJIT,CNYZH,CNNSA,CNYTN,CNJIA,CNLYG,CNYAN,AUESP,CNMEZ,CNDAL,CNYPG,TWKAO,CNZJG,CNSLH,AUFRE,CNDJK,CNBYQ,CNSDG,CNMWN,CNCGM,CNXIA,CNRIZ,CNSHE,SGSGP,TWTAP,CNZHA,CNZHE,CNDDG,CNQIZ,CNLYW,CNBAO,CNQIN,CNCFD,CNWEI,CNMJS,JPKAW,KRPOH,KRGWA,KRDAN,JPFUK,JPOIT,JPKIS,JPSKI,KRULS,KRINC,JPNAG,JPCBA,JPYOK,KRBUS,JPMIZ,JPKMA,KRYOS,JPOSK,AUGLE,AUMEL,AUNTL,AUBRI,AUSYD,AUHAY"
NGRKANRKK,"USSEA,USLSA,CAVCR,USOAK,MXMAN,PECAL,PABAL,USSAV,USCHA,USNYK,COBUE,CLSAN,UYULA,BRTUB,BRPDM,ARBNA,BRPAR,BRRDJ,UYMON,BRSTS,BRITA,BRRGR,GBSOU,FRLEH,BEZEE,FRFOS,SIKOP,ITGOA,DEHAM,ESBAR,MTMAL,ESCAR,BEANT,PLGDA,ESGIJ,NLROT,TRMER,TRYAR,TRALI,EGPSA,UAODS,JOAQA,ROCON,EGALE,EGDAM,SAJUB,SADMA,SAJED,SARTA,QARAS,KWMAA,IQMAB,AEJAL,AEABU,AERUW,OMSOH,AEFUJ,PKKAR,INMUN,THLCB,VNHPG,VNCAM,CNHUI,CNPAN,MY3182,CNLSN,HKHKG,CNFAN,CNNBO,CNZOS,CNGUA,CNFUN,CNJIN,AUCPN,CNHUA,CNTAI,CNTJN,MYPKE,CNYSN,CNWGQ,CNCJK,CNJIT,CNYZH,CNNSA,CNDSN,CNYTN,CNJIA,CNLYG,CNYAN,AUESP,CNMEZ,CNDAL,CNYPG,CN8965,TWKAO,CNZJG,CNSLH,CNDJK,CNBYQ,CNLKU,CNSDG,CNMWN,CNCGM,AUPHE,CNXIA,CNRIZ,CNSHE,SGSGP,MY2243,TWTAP,CNZHA,CNZHE,CNDDG,CNQIZ,CNLYW,CNBAO,CNQIN,CNCFD,CNMJS,JPKAW,KRPOH,KRGWA,KRDAN,JPFUK,JPOIT,JPKIS,JPSKI,KRULS,KRINC,JPNAG,JPCBA,KRBUS,JPMIZ,JPKMA,KRYOS,AUGLE,AUAPT,AUNTL,AUBRI,AUHAY"
OAROYASRK,"USLUA,PECAL,USNYK,UYULA,CLMEJ,UYFBS,BRSTS,GBBEL,PTLXS,IEDUB,FRLEH,BEZEE,ESHUE,ITTAR,ESTAR,DZDJE,DEHAM,FRROU,MTMAL,BEANT,ESGIJ,NLROT,ESBIL,TRGEB,TRYAR,ZADUR,GRAGT,TRDER,JOAQA,LTKLJ,FIKOT,ROCON,EGALE,SADMA,SAJED,SAYAN,AEJAL,AEABU,RUSPG,OMSOH,PKQAS,PKKAR,INKAN,INKAK,THLCB,IDCXP,IDJAK,VNHCM,VNHPG,VNQUN,THRAY,CNHUM,CNCJN,CNHUI,CNCZH,HKHKG,AUGER,CNNTG,CNFAN,CNDAF,CNYJG,CNNBO,CNZOS,CNGUA,CNFUN,CNJIN,CNHKO,CNHPU,CNDYI,CNTAI,CNTJN,MYPKE,MYPAG,CNSTO,CNYSN,CNWGQ,CNCJK,CNJIT,CNYZH,CNSHA,CNNSA,CNDSN,CNTAX,CNFUZ,CNJIA,TWHLN,CNLYG,CNYAN,CNWEF,CNCHS,CNMEZ,CNDAL,CNYPG,CNRUG,CNZZU,TWKAO,CNZJG,AUFRE,CNBAS,CNDJK,CNBYQ,CNYIZ,CNSHS,CNSDG,AUBUN,CNPLI,CNCGM,CNXIA,CNBHI,PHBAT,TWMAI,CNRIZ,SGSGP,TWTCH,CNJIJ,CNZHA,CNZPU,CNQUA,CNZHE,CNWEN,CNCHZ,CNQIZ,CNQHD,CNBAO,CNQIN,CNLVS,CNCFD,CNNJG,CNGLA,CNDNG,CNWEI,CNNDE,KRPOH,KRGWA,KRDAN,JPFUK,JPKIS,JPHHR,KRMAS,JPSKI,JPTOK,KRULS,KRINC,JPNAG,JPYOK,KRPYT,KRBUS,JPMIZ,JPMOJ,JPKMA,JPOSK,AUGLE,AUMEL,AUNTL,AUPKE,AUWHY,AUADE,AUPLD,AUGEE,NZNAP"
OAOFCRKKK,"USLSA,CAVCR,USOAK,MXLCS,MXMAN,PECAL,ECGYL,USNYK,COBUE,CLTAL,UYULA,BRPEC,BRTUB,BRPAR,BRRDJ,UYMON,BRSTS,BRRGR,GBSOU,FRLEH,BEZEE,NLAMS,SIKOP,ITGOA,DEHAM,MTMAL,ESCAR,BEANT,PLGDA,ESGIJ,NLROT,TRYAR,GRAGT,ZARIB,JOAQA,ROCON,EGALE,SAJUB,BHBAH,KEMOM,SADMA,QAUMS,SAJED,SAYAN,KWMAA,AEJAL,AEABU,OMSOH,AEFUJ,PKQAS,PKKAR,INKNP,INMUN,THLCB,THKSI,VNHPG,VNCAM,CNHUI,CNPAN,CNTAZ,CNLSN,HKHKG,AUGER,CNNTG,CNFAN,CNNBO,CNPYU,CNZOS,CNGUA,CNFUN,CNJIN,CNHUA,CNTAI,CNDCB,CNTJN,MYPKE,MYPAG,IDBAH,CNSTO,CNYSN,CNWGQ,CNCJK,CNJIT,CN9873,CNYZH,CNNSA,CNDSN,CNLAZ,CNYTN,CNJIA,CN1087,CNLYG,CNYAN,AUESP,CNCHS,CNMEZ,CNDAL,CNYPG,CNRUG,CNZZU,TWKAO,CNZJG,AUFRE,CNDJK,CNBYQ,CNLKU,CNSDG,MYTPP,CNPLI,CNCGM,CNXIA,CNBHI,TWMAI,CNRIZ,CNSHE,SGSGP,MY2243,CNJIJ,TWTAP,CNZHA,CNQUA,CNZHE,CNDDG,CNWEN,CNCHZ,CNQIZ,CNQHD,CNBAO,CNQIN,CNCFD,CNNJG,CNGLA,CNWEI,IDSAM,JPKAW,KRPOH,KRGWA,KRDAN,JPFUK,JPOIT,JPKIS,JPSKI,KRULS,KRINC,JPNAG,JPCBA,JPYOK,KRPYT,KRBUS,JPMIZ,JPKMA,JPOSK,AUGLE,AUMEL,AUNTL,AUADE,AUBRI"
RNRAORKKK,"USSEA,USLSA,CAVCR,USOAK,MXLCS,MXMAN,PECAL,PABAL,USNPN,USSAV,USCHA,CAPCA,USNYK,COBUE,CLSAN,CLTAL,UYULA,BRPEC,BRTUB,BRPDM,ARBNA,BRPAR,BRRDJ,UYMON,BRSTS,BRITA,BRRGR,GBSOU,FRLEH,BEZEE,FRFOS,NLAMS,SIKOP,ITGOA,FRDKK,DEHAM,ESBAR,MTMAL,ESCAR,BEANT,PLGDA,ESGIJ,NLROT,TRMER,ZACPT,TRYAR,GRELE,GRAGT,TRALI,ZARIB,EGPSA,UAODS,JOAQA,ROCON,EGALE,EGDAM,SAJUB,BHBAH,KEMOM,SADMA,QAUMS,SAJED,SAYAN,KWMAA,AEJAL,AEABU,AERUW,OMSOH,AEFUJ,RUULG,PKKAR,INMUN,THLCB,THKSI,VNHPG,VNCAM,VNSOD,CNHUI,CNPAN,MY3182,CNLSN,HKHKG,AUGER,CNFAN,CNNBO,CNZOS,CNGUA,CNFUN,CNJIN,CNHUA,CNTAI,CNTJN,MYPKE,MYPAG,IDBAH,CNSTO,CNYSN,CNWGQ,CNCJK,CNJIT,CNYZH,CNNSA,CNDSN,CNLAZ,CNYTN,CNJIA,CNLYG,CNYAN,AUESP,CNMEZ,IDTBR,CNDAL,CNYPG,CNRUG,CNZZU,CNSWE,TWKAO,CNZJG,CNSLH,CNDJK,CNBYQ,CNLKU,MYTBS,CNSDG,CNMWN,CNCGM,CNXIA,CN2039,TWMAI,CNRIZ,CNSHE,SGSGP,MY2243,TWTAP,CNZHA,CNZHE,CNDDG,CNWEN,CNQIZ,CNLYW,CNBAO,CNQIN,CNCFD,CNGLA,MYPGG,IDSAM,CNMJS,JPKAW,KRPOH,KRGWA,KRDAN,JPFUK,JPOIT,JPKIS,JPSKI,KRULS,KRINC,JPNAG,JPCBA,JPYOK,KRPYT,KRBUS,JPMIZ,JPKMA,KRYOS,AUGLE,AUNTL,AUBRI,AUHAY,RUNJK"
OFFOGROKK,"USLSA,CAVCR,USOAK,MXLCS,MXMAN,PECAL,ECGYL,USNYK,COBUE,CLSAN,CLTAL,UYULA,BRTUB,BRPAR,BRRDJ,UYMON,BRSTS,BRRGR,GBSOU,FRLEH,BEZEE,SIKOP,ITGOA,DEHAM,MTMAL,ESCAR,BEANT,PLGDA,ESGIJ,NLROT,TRYAR,JOAQA,ROCON,EGALE,SAJUB,SADMA,SAJED,KWMAA,AEJAL,AEABU,OMSOH,AEFUJ,PKQAS,PKKAR,INCHN,INKNP,INMUN,THLCB,VNHPG,VNCAM,CNHUI,CNPAN,MY3182,CNLSN,HKHKG,CNFAN,CNNBO,CNZOS,CNGUA,CNFUN,CNJIN,CNHUA,CNTAI,CNDCB,CNTJN,MYPKE,MYPAG,CNYSN,CNWGQ,CNCJK,CNJIT,CNYZH,CNNSA,CNDSN,CNYTN,CNJIA,CNLYG,CNYAN,AUESP,CNMEZ,CNDAL,CNYPG,CNZZU,TWKAO,CNZJG,AUFRE,CNDJK,CNBYQ,CNSDG,CNMWN,CNCGM,CNXIA,CNRIZ,CNSHE,SGSGP,TWTAP,CNZHA,CNQUA,CNZHE,CNDDG,CNQIZ,CNQHD,CNBAO,CNQIN,CNCFD,CNGLA,CNWEI,JPKAW,KRPOH,KRGWA,KRDAN,JPFUK,JPOIT,JPKIS,JPSKI,KRULS,KRINC,JPNAG,JPCBA,JPYOK,KRBUS,JPMIZ,JPKMA,KRYOS,JPOSK,AUGLE,AUMEL,AUNTL,AUADE,AUBRI"
OARYSYKKK,"USLSA,CAVCR,USOAK,MXLCS,MXMAN,PECAL,ECGYL,USNPN,USSAV,USNYK,COBUE,CLTAL,UYULA,BRPEC,BRTUB,BRPAR,BRRDJ,UYMON,BRSTS,BRRGR,GBSOU,FRLEH,BEZEE,NLAMS,SIKOP,ITGOA,DEHAM,ESBAR,MTMAL,ESCAR,BEANT,PLGDA,ESGIJ,NLROT,TRMER,ZACPT,TRYAR,GRELE,GRAGT,TRALI,ZARIB,EGPSA,JOAQA,ROCON,EGALE,SAJUB,BHBAH,KEMOM,SADMA,QAUMS,SAJED,SAYAN,KWMAA,AEJAL,AEABU,AERUW,OMSOH,AEFUJ,RUULG,PKQAS,PKKAR,INKNP,INMUN,INVIS,THLCB,THKSI,VNHPG,VNCAM,CNHUI,CNPAN,CNTAZ,CNLSN,HKHKG,AUGER,CNNTG,CNFAN,CNNBO,CNPYU,CNZOS,CNGUA,CNFUN,CNJIN,CNHUA,CNTAI,CNDCB,CNTJN,MYPKE,MYPAG,IDBAH,CNSTO,CNYSN,CNWGQ,CNCJK,CNJIT,CN9873,CNYZH,CNNSA,CNDSN,CNLAZ,CNYTN,CNJIA,CN1087,CNLYG,CNYAN,AUESP,CNCHS,CNMEZ,CNDAL,CNYPG,CNRUG,CNZZU,TWKAO,CNZJG,CNSLH,AUFRE,CNDJK,CNBYQ,CNLKU,CNSDG,MYTPP,CNCGM,CNXIA,CNBHI,TWMAI,CNRIZ,CNSHE,SGSGP,MY2243,CNJIJ,TWTAP,CNZHA,CNQUA,CNZHE,CNDDG,CNWEN,CNCHZ,CNQIZ,CNLYW,CNQHD,CNBAO,CNQIN,CNCFD,CNNJG,CNGLA,CNWEI,IDSAM,CNMJS,JPKAW,KRPOH,KRGWA,KRDAN,JPFUK,JPOIT,JPKIS,JPSKI,KRULS,KRINC,JPNAG,JPCBA,JPYOK,KRPYT,KRBUS,JPMIZ,JPKMA,JPOSK,AUGLE,AUMEL,AUNTL,AUADE,AUBRI,AUHAY"
OAOOGAKKK,"CAPRR,CAVCR,BRPDM,GBSOU,BEZEE,DEHAM,MTMAL,BEANT,PLGDA,NLROT,SADMA,SARTA,KWMAA,IQMAB,AEJAL,AEABU,AERUW,OMSOH,AEKHA,AEFUJ,VNCAM,CNHUI,MY3182,CNLSN,HKHKG,CNFAN,CNNBO,CNZOS,CNJIN,CNHUA,CNTAI,CNTJN,MYPKE,CNYSN,CNJIT,CNNSA,CNYTN,MY3173,CNJIA,CNLYG,CNYAN,CNMEZ,CNDAL,CNYPG,TWKAO,CNSLH,CNDJK,CNBYQ,CNSDG,CNCGM,AUPHE,CNXIA,CNRIZ,SGSGP,CNZHA,CNDDG,CNQIZ,CNLYW,CNBAO,CNQIN,CNCFD,CNMJS,JPKAW,KRPOH,KRGWA,JPFUK,JPKII,JPOIT,JPKIS,JPSKI,KRULS,KRINC,JPNAG,JPCBA,JPMIZ,JPKMA,KRYOS,AUGLE,AUAPT,AUNTL,AUBRI,AUHAY"
OARKFOKKK,"USSEA,USBNC,USLSA,CAVCR,USOAK,MXMAN,PECAL,PABAL,USSAV,USCHA,USNYK,COBUE,CLSAN,UYULA,BRTUB,BRPDM,ARBNA,BRPAR,BRRDJ,UYMON,BRSTS,BRITA,BRRGR,GBSOU,FRLEH,BEZEE,FRFOS,SIKOP,ITGOA,DEHAM,ESBAR,MTMAL,ESCAR,BEANT,PLGDA,ESGIJ,NLROT,TRMER,TRYAR,TRALI,EGPSA,UAODS,JOAQA,ROCON,EGALE,EGDAM,SAJUB,SADMA,SAJED,SARTA,QARAS,KWMAA,IQMAB,AEJAL,AEABU,AERUW,OMSOH,AEFUJ,PKKAR,INMUN,THLCB,VNHPG,VNCAM,CNHUI,MY3182,CNLSN,HKHKG,CNFAN,CNNBO,CNZOS,CNGUA,CNFUN,CNJIN,AUCPN,CNHUA,CNTAI,CNTJN,MYPKE,CNYSN,CNWGQ,CNCJK,CNJIT,CNYZH,CNNSA,CNDSN,CNYTN,CNJIA,CNLYG,CNYAN,AUESP,CNMEZ,CNDAL,CNYPG,TWKAO,CNZJG,CNSLH,CNDJK,CNBYQ,CNSDG,CNMWN,CNCGM,AUPHE,CNXIA,CNRIZ,CNSHE,SGSGP,TWTAP,CNZHA,CNZHE,CNDDG,CNQIZ,CNLYW,CNBAO,CNQIN,CNCFD,CNMJS,JPKAW,KRPOH,KRGWA,KRDAN,JPFUK,JPOIT,JPKIS,JPSKI,KRULS,KRINC,JPNAG,JPCBA,JPYOK,KRPYT,KRBUS,JPMIZ,JPKMA,KRYOS,AUGLE,AUAPT,AUNTL,AUBRI,AUHAY"
OARNCRORK,"CNHUI,CNCZH,CNFAN,CNYJG,CNGUA,CNHKO,CNSTO,CNYAN,CNDAL,CNYPG,CNSDG,CNBHI,CNZHA,CNDNG"
OARKFRKKK,"USSEA,CAPRR,USLSA,CAVCR,USOAK,MXESE,CANWE,MXLCS,MXMAN,PECAL,PABAL,USSAV,USCHA,USNYK,COBUE,CLSAN,CLLIR,BRPDM,GBLGP,MATAN,FRLEH,BEZEE,FRFOS,SIKOP,ITGOA,DEHAM,ESBAR,MTMAL,BEANT,PLGDA,ESVAL,NLROT,TRMER,TRISK,TRYAR,EGSOK,TRALI,TRIST,GRPIR,EGPSA,JOAQA,EGDAM,SAJUB,SADMA,QAHMD,SAJED,KWMAA,AEJAL,AERUW,OMSOH,AEKHA,AEFUJ,PKKAR,INNSA,LKCOL,INMUN,THLCB,VNHPG,CNHUI,MY3182,CNLSN,HKHKG,CNFAN,CNNBO,CNZOS,CNGUA,CNFUN,CNJIN,CNHUA,CNTAI,CNTJN,MYPKE,CNYSN,CNWGQ,CNCJK,CNJIT,CNNSA,CNYTN,CNJIA,CNLYG,CNYAN,CNMEZ,CNDAL,CNYPG,TWKAO,CNSLH,CNDJK,CNBYQ,CNSDG,CNMWN,CNXIA,CNRIZ,CNSHE,SGSGP,TWTAP,CNZHA,CNDDG,CNQIZ,CNLYW,CNQIN,CNCFD,CNMJS,KRPOH,KRGWA,JPFUK,JPOIT,JPKIS,JPSKI,KRULS,KRINC,JPNAG,JPCBA,KRBUS,JPMIZ,JPKMA,KRYOS,AUNTL,AUHAY"
OFFCFGSKK,"CAPRR,CANWE,BRPDM,GNBFF,DEHAM,SARTA,KWMAA,IQMAB,AERUW,OMSOH,AEFUJ,CNHUI,MY3182,CNLSN,CNFAN,CNNBO,CNZOS,CNJIN,CNHUA,CNTAI,CNTJN,CNJIT,MY3173,CNJIA,CNLYG,CNYAN,CNMEZ,CNDAL,CNYPG,TWKAO,CNSLH,CNDJK,CNBYQ,CNSDG,AUPHE,CNRIZ,SGSGP,AUPWA,CNZHA,CNDDG,CNQIZ,CNLYW,CNQIN,CNCFD,AUDPR,CNMJS,KRPOH,KRGWA,JPFUK,JPKII,JPKIS,JPSKI,KRULS,KRINC,JPNAG,JPCBA,JPKMA,KRYOS,AUNTL,AUHAY"
OFFGYGNKK,"BRPDM,SARTA,KWMAA,IQMAB,AERUW,OMSOH,AEFUJ,CNHUI,MY3182,CNLSN,CNFAN,CNNBO,CNZOS,CNJIN,CNHUA,CNTAI,CNTJN,CNJIT,MY3173,CNJIA,CNLYG,CNYAN,CNMEZ,CNDAL,CNYPG,TWKAO,CNSLH,CNDJK,CNBYQ,CNSDG,AUPHE,CNRIZ,SGSGP,AUPWA,CNZHA,CNDDG,CNQIZ,CNLYW,CNQIN,CNCFD,AUDPR,CNMJS,KRGWA,JPKII,JPSKI,KRULS,KRINC,JPCBA,KRYOS"
OFFSRNSKK,"BRPDM,SARTA,KWMAA,IQMAB,AERUW,AEFUJ,CNHUI,CNLSN,CNNBO,CNZOS,CNJIN,CNTJN,CNLYG,CNYAN,CNMEZ,CNDAL,CNYPG,TWKAO,CNSLH,CNDJK,CNSDG,SGSGP,CNZHA,CNQIZ,CNQIN,CNCFD,KRGWA,JPKII,JPSKI,KRULS,KRINC,JPCBA"
OARKFGKKK,"USSEA,CAPRR,USLSA,CAVCR,USOAK,MXESE,CANWE,MXLCS,MXMAN,PECAL,PABAL,USSAV,USCHA,USNYK,COBUE,CLSAN,CLLIR,BRPDM,GBLGP,MATAN,FRLEH,BEZEE,FRFOS,SIKOP,ITGOA,DEHAM,ESBAR,MTMAL,BEANT,PLGDA,ESVAL,NLROT,TRMER,TRISK,TRYAR,EGSOK,TRALI,TRIST,GRPIR,EGPSA,JOAQA,EGDAM,SAJUB,SADMA,QAHMD,SAJED,KWMAA,AEJAL,AERUW,OMSOH,AEKHA,AEFUJ,PKKAR,INNSA,LKCOL,INMUN,THLCB,VNHPG,CNHUI,MY3182,CNLSN,HKHKG,CNFAN,CNNBO,CNZOS,CNGUA,CNFUN,CNJIN,CNHUA,CNTAI,CNTJN,MYPKE,CNYSN,CNWGQ,CNCJK,CNJIT,CNNSA,CNYTN,CNJIA,CNLYG,CNYAN,CNMEZ,CNDAL,CNYPG,TWKAO,CNSLH,CNDJK,CNBYQ,CNSDG,CNMWN,CNXIA,CNRIZ,CNSHE,SGSGP,TWTAP,CNZHA,CNDDG,CNQIZ,CNLYW,CNQIN,CNCFD,CNMJS,KRPOH,KRGWA,JPFUK,JPOIT,JPKIS,JPSKI,KRULS,KRINC,JPNAG,JPCBA,KRBUS,JPMIZ,JPKMA,KRYOS,AUNTL,AUHAY"
OARSCFKKK,"CAPRR,CAVCR,CANWE,BRPDM,BEZEE,DEHAM,MTMAL,BEANT,PLGDA,NLROT,GRPIR,SADMA,SARTA,KWMAA,IQMAB,AEJAL,AERUW,OMSOH,AEKHA,AEFUJ,CNHUI,MY3182,CNLSN,HKHKG,CNFAN,CNNBO,CNZOS,CNJIN,CNHUA,CNTAI,CNTJN,MYPKE,CNYSN,CNCJK,CNJIT,CNNSA,CNYTN,MY3173,CNJIA,CNLYG,CNYAN,CNMEZ,CNDAL,CNYPG,TWKAO,CNSLH,CNDJK,CNBYQ,CNSDG,AUPHE,CNXIA,CNRIZ,SGSGP,AUPWA,CNZHA,CNDDG,CNQIZ,CNLYW,CNQIN,CNCFD,AUDPR,CNMJS,KRPOH,KRGWA,JPFUK,JPKII,JPOIT,JPKIS,JPSKI,KRULS,KRINC,JPNAG,JPCBA,JPMIZ,JPKMA,KRYOS,AUNTL,AUHAY"
OFFGCARKK,"USLSA,CAVCR,USOAK,MXLCS,MXMAN,PECAL,ECGYL,USNYK,COBUE,UYULA,BRPAR,BRRDJ,UYMON,BRSTS,BRRGR,GBSOU,FRLEH,BEZEE,NLAMS,SIKOP,ITGOA,DEHAM,MTMAL,BEANT,PLGDA,ESGIJ,NLROT,TRYAR,GRAGT,ZARIB,JOAQA,ROCON,EGALE,SAJUB,BHBAH,KEMOM,SADMA,QAUMS,SAJED,SAYAN,KWMAA,AEJAL,AEABU,OMSOH,AEFUJ,PKQAS,PKKAR,INKNP,INMUN,THLCB,THKSI,VNHPG,VNCAM,CNHUI,CNPAN,CNTAZ,MY3182,CNLSN,HKHKG,AUGER,CNNTG,CNFAN,CNNBO,CNPYU,CNZOS,CNGUA,CNFUN,CNJIN,CNHUA,CNTAI,CNDCB,CNTJN,MYPKE,MYPAG,IDBAH,CNSTO,CNYSN,CNWGQ,CNCJK,CNJIT,CN9873,CNYZH,CNNSA,CNDSN,CNLAZ,CNYTN,CNJIA,CN1087,CNLYG,CNYAN,AUESP,CNCHS,CNMEZ,CNDAL,CNYPG,CNRUG,CNZZU,TWKAO,CNZJG,AUFRE,CNDJK,CNBYQ,CNLKU,MYTBS,CNSDG,MYTPP,CNCGM,CNXIA,CNBHI,TWMAI,CNRIZ,CNSHE,SGSGP,MY2243,CNJIJ,TWTAP,CNZHA,CNQUA,CNZHE,CNDDG,CNWEN,CNQIZ,CNQHD,CNBAO,CNQIN,CNCFD,CNNJG,CNGLA,MYPGG,CNWEI,IDSAM,KRPOH,KRGWA,KRDAN,JPFUK,JPOIT,JPKIS,JPSKI,KRULS,KRINC,JPNAG,JPCBA,JPYOK,KRPYT,KRBUS,JPMIZ,JPKMA,JPOSK,AUGLE,AUMEL,AUNTL,AUADE,AUBRI"
OARYCGKKK,"USLSA,CAVCR,USOAK,GTPQL,MXLCS,MXMAN,PECAL,PABAL,ECGYL,USNPN,USSAV,USNYK,COBUE,CLTAL,UYULA,BRPEC,BRTUB,BRPDM,BRPAR,BRRDJ,UYMON,BRSTS,BRITA,BRRGR,GBSOU,FRLEH,BEZEE,NLAMS,SIKOP,ITGOA,DEHAM,ESBAR,MTMAL,ESCAR,BEANT,PLGDA,ESGIJ,NLROT,TRMER,ZACPT,TRYAR,GRELE,GRAGT,TRALI,ZARIB,EGPSA,JOAQA,ROCON,EGALE,EGDAM,SAJUB,BHBAH,KEMOM,SADMA,QAUMS,SAJED,SAYAN,KWMAA,AEJAL,AEABU,AERUW,OMSOH,AEFUJ,RUULG,PKQAS,PKKAR,INCHN,INKNP,INMUN,INVIS,THLCB,THKSI,VNHPG,VNCAM,VNSOD,CNHUI,CNPAN,CNTAZ,MY3182,CNLSN,HKHKG,AUGER,CNNTG,CNFAN,CNNBO,CNPYU,CNZOS,CNGUA,CNFUN,CNJIN,CNHUA,CNTAI,CNDCB,CN9862,CNTJN,MYPKE,MYPAG,IDBAH,CNSTO,CNYSN,CNWGQ,CNCJK,CNJIT,CN9873,CNYZH,CNNSA,CNDSN,CNLAZ,CNYTN,CNJIA,CN1087,CNLYG,CNYAN,AUESP,CNCHS,CNMEZ,CNDAL,CNYPG,CNRUG,CNZZU,CNSWE,TWKAO,CNZJG,CNSLH,AUFRE,CNDJK,CNBYQ,CNLKU,MYTBS,CNSDG,MYTPP,CNMWN,CNCGM,CNXIA,CNBHI,TWMAI,CNRIZ,CNSHE,SGSGP,MY2243,CNJIJ,TWTAP,CNZHA,CNQUA,CNZHE,CNDDG,CNWEN,CNCHZ,CNQIZ,CNLYW,CNQHD,CNBAO,CNQIN,CNCFD,CNNJG,CNGLA,MYPGG,CNWEI,IDSAM,CNMJS,JPKAW,KRPOH,KRGWA,KRDAN,JPFUK,JPOIT,JPKIS,JPSKI,KRULS,KRINC,JPNAG,JPCBA,JPYOK,KRPYT,KRBUS,JPMIZ,JPKMA,KRYOS,JPOSK,AUGLE,AUMEL,AUNTL,AUADE,AUBRI,AUHAY,RUNJK"
OFFOOACKK,"USLGB,CAPRR,CAVCR,CANWE,BRPDM,BEZEE,DEHAM,BEANT,PLGDA,NLROT,GRPIR,SADMA,SARTA,KWMAA,IQMAB,AEJAL,AERUW,OMSOH,AEKHA,AEFUJ,VNCMP,CNHUI,MY3182,CNLSN,HKHKG,CNFAN,CNNBO,CNZOS,CNJIN,CNHUA,CNTAI,CNTJN,MYPKE,CNYSN,CNJIT,CNNSA,CNYTN,MY3173,CNJIA,CNLYG,CNYAN,CNMEZ,CNDAL,CNYPG,TWKAO,CNSLH,CNDJK,CNBYQ,CNSDG,AUPHE,CNXIA,CNRIZ,SGSGP,AUPWA,CNZHA,CNDDG,CNQIZ,CNLYW,CNQIN,CNCFD,AUDPR,CNMJS,KRPOH,KRGWA,JPFUK,JPKII,JPOIT,JPKIS,JPSKI,KRULS,KRINC,JPNAG,JPCBA,JPMIZ,JPKMA,KRYOS,AUNTL,AUHAY"
OFFSNOYKK,"USLSA,CAVCR,USOAK,GTPQL,MXLCS,MXMAN,PECAL,PABAL,ECGYL,USNPN,USSAV,USCHA,USNYK,COBUE,CLTAL,UYULA,BRPEC,BRTUB,BRPDM,BRPAR,BRRDJ,UYMON,BRSTS,BRITA,BRRGR,GBSOU,FRLEH,BEZEE,NLAMS,SIKOP,ITGOA,DEHAM,ESBAR,MTMAL,ESCAR,BEANT,PLGDA,ESGIJ,NLROT,TRMER,ZACPT,TRYAR,GRELE,GRAGT,TRALI,ZARIB,EGPSA,JOAQA,ROCON,EGALE,EGDAM,SAJUB,BHBAH,KEMOM,SADMA,QAUMS,SAJED,SAYAN,KWMAA,AEJAL,AEABU,AERUW,OMSOH,AEFUJ,RUULG,PKQAS,PKKAR,INCHN,INKNP,INMUN,INVIS,THLCB,THKSI,VNHPG,VNCAM,VNSOD,CNHUI,CNPAN,CNTAZ,MY3182,CNLSN,HKHKG,AUGER,CNNTG,CNFAN,CNNBO,CNPYU,CNZOS,CNGUA,CNFUN,CNJIN,CNHUA,CNTAI,CNDCB,CN9862,CNTJN,MYPKE,MYPAG,IDBAH,CNSTO,CNYSN,CNWGQ,CNCJK,CNJIT,CN9873,CNYZH,CNNSA,CNDSN,CNLAZ,CNYTN,CNJIA,CN1087,CNLYG,CNYAN,AUESP,CNCHS,CNMEZ,CNDAL,CNYPG,CNRUG,CNZZU,TWKAO,CNZJG,CNSLH,AUFRE,CNDJK,CNBYQ,CNLKU,MYTBS,CNSDG,MYTPP,CNMWN,CNCGM,CNXIA,CNBHI,TWMAI,CNRIZ,CNSHE,SGSGP,MY2243,CNJIJ,TWTAP,CNZHA,CNQUA,CNZHE,CNDDG,CNWEN,CNQIZ,CNLYW,CNQHD,CNBAO,CNQIN,CNCFD,CNNJG,CNGLA,MYPGG,CNWEI,IDSAM,JPKAW,KRPOH,KRGWA,KRDAN,JPFUK,JPOIT,JPKIS,JPSKI,KRULS,KRINC,JPNAG,JPCBA,JPYOK,KRPYT,KRBUS,JPMIZ,JPKMA,KRYOS,JPOSK,AUGLE,AUMEL,AUNTL,AUADE,AUBRI,AUHAY,RUNJK"
OFFARGSKK,"USLGB,USLSA,PABAL,USNFK,USSAV,USCHA,USNYK,BRPDM,GBLGP,MATAN,FRLEH,BEZEE,FRFOS,ITGOA,DEHAM,BEANT,PLGDA,ESVAL,NLROT,EGSOK,GRPIR,JOAQA,SADMA,QAHMD,SAJED,AEJAL,AEKHA,PKKAR,INNSA,INMUN,VNCMP,HKHKG,CNNBO,CNZOS,CNFUN,CNTJN,MYPKE,CNYSN,CNWGQ,CNCJK,CNNSA,CNYTN,CNLYG,CNMEZ,CNDAL,TWKAO,CNSLH,CNDJK,CNXIA,CNSHE,SGSGP,TWTAP,CNQIN,KRGWA,KRBUS"
OARAYYKKK,"USLSA,CAVCR,USOAK,GTPQL,MXLCS,MXMAN,PECAL,PABAL,ECGYL,USNPN,USSAV,USNYK,COBUE,CLTAL,UYULA,BRPEC,BRTUB,BRPDM,BRPAR,BRRDJ,UYMON,BRSTS,BRITA,BRRGR,GBSOU,FRLEH,BEZEE,NLAMS,SIKOP,ITGOA,DEHAM,ESBAR,MTMAL,ESCAR,BEANT,PLGDA,ESGIJ,NLROT,TRMER,ZACPT,TRYAR,GRELE,GRAGT,TRALI,ZARIB,EGPSA,JOAQA,ROCON,EGALE,EGDAM,SAJUB,BHBAH,KEMOM,SADMA,QAUMS,SAJED,SAYAN,KWMAA,AEJAL,AEABU,AERUW,OMSOH,AEFUJ,RUULG,PKQAS,PKKAR,INCHN,INKNP,INMUN,INVIS,THLCB,THKSI,VNHPG,VNCAM,VNSOD,CNHUI,CNPAN,CNTAZ,MY3182,CNLSN,HKHKG,AUGER,CNNTG,CNFAN,CNNBO,CNPYU,CNZOS,CNGUA,CNFUN,CNJIN,CNHUA,CNTAI,CNDCB,CN9862,CNTJN,MYPKE,MYPAG,IDBAH,CNSTO,CNYSN,CNWGQ,CNCJK,CNJIT,CN9873,CNYZH,CNNSA,CNDSN,CNLAZ,CNYTN,CNJIA,CN1087,CNLYG,CNYAN,AUESP,CNCHS,CNMEZ,CNDAL,CNYPG,CNRUG,CNZZU,CNSWE,TWKAO,CNZJG,CNSLH,AUFRE,CNDJK,CNBYQ,CNLKU,MYTBS,CNSDG,MYTPP,CNMWN,CNCGM,CNXIA,CNBHI,TWMAI,CNRIZ,CNSHE,SGSGP,MY2243,CNJIJ,TWTAP,CNZHA,CNQUA,CNZHE,CNDDG,CNWEN,CNCHZ,CNQIZ,CNLYW,CNQHD,CNBAO,CNQIN,CNCFD,CNNJG,CNGLA,MYPGG,CNWEI,IDSAM,CNMJS,JPKAW,KRPOH,KRGWA,KRDAN,JPFUK,JPOIT,JPKIS,JPSKI,KRULS,KRINC,JPNAG,JPCBA,JPYOK,KRPYT,KRBUS,JPMIZ,JPKMA,KRYOS,JPOSK,AUGLE,AUMEL,AUNTL,AUADE,AUBRI,AUHAY,RUNJK"
OFFCARFKK,"USLUA,USNYK,UYULA,CLMEJ,GBBEL,PTLXS,IEDUB,FRLEH,ESHUE,ITTAR,ESTAR,DZDJE,DEHAM,FRROU,MTMAL,BEANT,ESGIJ,NLROT,TRGEB,TRYAR,GRAGT,LTKLJ,EGALE,AEJAL,OMSOH,PKQAS,THLCB,IDCXP,IDJAK,VNHCM,VNHPG,VNQUN,THRAY,CNHUM,CNCJN,CNHUI,CNCZH,AUGER,CNNTG,CNFAN,CNDAF,CNYJG,CNNBO,CNZOS,CNGUA,CNFUN,CNJIN,CNHKO,CNHPU,CNDYI,CNTAI,CNTJN,MYPKE,MYPAG,CNSTO,CNYSN,CNWGQ,CNCJK,CNSHA,CNDSN,CNTAX,CNFUZ,CNJIA,TWHLN,CNLYG,CNYAN,CNWEF,CNCHS,CNMEZ,CNDAL,CNYPG,CNRUG,CNZZU,TWKAO,CNZJG,AUFRE,CNBAS,CNDJK,CNBYQ,CNYIZ,CNSHS,CNSDG,AUBUN,CNPLI,CNCGM,CNXIA,CNBHI,PHBAT,TWMAI,CNRIZ,SGSGP,TWTCH,CNJIJ,CNZHA,CNZPU,CNQUA,CNZHE,CNWEN,CNCHZ,CNQIZ,CNBAO,CNQIN,CNNJG,CNGLA,CNDNG,CNWEI,CNNDE,KRPOH,KRGWA,KRDAN,JPFUK,JPKIS,JPSKI,JPTOK,KRULS,KRINC,JPNAG,JPYOK,KRPYT,JPMIZ,JPMOJ,JPOSK,AUGLE,AUMEL,AUNTL,AUPKE,AUWHY,AUADE,AUPLD,AUGEE"
OAOFOOKKK,"USLSA,CAVCR,USOAK,MXLCS,MXMAN,PECAL,ECGYL,USNYK,COBUE,UYULA,BRPEC,BRTUB,BRPAR,BRRDJ,UYMON,BRSTS,BRRGR,GBSOU,FRLEH,BEZEE,NLAMS,SIKOP,ITGOA,DEHAM,MTMAL,ESCAR,BEANT,PLGDA,ESGIJ,NLROT,TRYAR,GRAGT,ZARIB,JOAQA,ROCON,EGALE,SAJUB,BHBAH,KEMOM,SADMA,QAUMS,SAJED,SAYAN,KWMAA,AEJAL,AEABU,OMSOH,AEFUJ,PKQAS,PKKAR,INKNP,INMUN,THLCB,VNHPG,VNCAM,CNHUI,CNPAN,CNTAZ,CNLSN,HKHKG,AUGER,CNNTG,CNFAN,CNNBO,CNZOS,CNGUA,CNFUN,CNJIN,CNHUA,CNTAI,CNDCB,CNTJN,MYPKE,MYPAG,IDBAH,CNSTO,CNYSN,CNWGQ,CNCJK,CNJIT,CNYZH,CNNSA,CNDSN,CNLAZ,CNYTN,CNJIA,CNLYG,CNYAN,AUESP,CNCHS,CNMEZ,CNDAL,CNYPG,CNRUG,CNZZU,TWKAO,CNZJG,AUFRE,CNDJK,CNBYQ,CNLKU,CNSDG,CNPLI,CNCGM,CNXIA,CNBHI,TWMAI,CNRIZ,CNSHE,SGSGP,CNJIJ,TWTAP,CNZHA,CNQUA,CNZHE,CNDDG,CNWEN,CNCHZ,CNQIZ,CNQHD,CNBAO,CNQIN,CNCFD,CNNJG,CNGLA,CNWEI,IDSAM,KRPOH,KRGWA,KRDAN,JPFUK,JPOIT,JPKIS,JPSKI,KRULS,KRINC,JPNAG,JPYOK,KRPYT,KRBUS,JPMIZ,JPKMA,JPOSK,AUGLE,AUMEL,AUNTL,AUADE,AUBRI"
OARARCKKK,"USSEA,CAPRR,USLSA,CAVCR,USOAK,MXESE,MXLCS,MXMAN,PECAL,PABAL,ECGYL,USSAV,USNYK,COBUE,CLSAN,CLTAL,UYULA,CLLIR,BRTUB,BRPAR,BRRDJ,UYMON,BRIOA,BRSTS,BRIJI,BRITA,BRRGR,GBSOU,FRLEH,BEZEE,SIKOP,ITGOA,DEHAM,MTMAL,ESCAR,BEANT,PLGDA,ESGIJ,NLROT,TRYAR,EGSOK,JOAQA,ROCON,EGALE,SAJUB,SADMA,SAJED,KWMAA,AEJAL,AEABU,OMSOH,AEKHA,AEFUJ,PKQAS,PKKAR,INNSA,INCHN,LKCOL,INKNP,INMUN,INKUP,THLCB,VNHPG,VNCAM,CNHUI,MY3182,CNLSN,HKHKG,CNFAN,CNNBO,CNZOS,CNGUA,CNFUN,CNJIN,CNHUA,CNTAI,CNDCB,CNTJN,MYPKE,CNYSN,CNWGQ,CNCJK,CNJIT,CNYZH,CNNSA,CNDSN,CNYTN,CNJIA,CNLYG,CNYAN,AUESP,CNMEZ,CNDAL,CNYPG,TWKAO,CNZJG,AUFRE,CNDJK,CNBYQ,MYPEN,CNSDG,CNMWN,CNCGM,CNXIA,CNRIZ,CNSHE,SGSGP,TWTAP,CNZHA,CNQUA,CNZHE,CNDDG,CNQIZ,CNQHD,CNBAO,CNQIN,CNCFD,CNGLA,CNWEI,JPKAW,KRPOH,KRGWA,KRDAN,JPFUK,JPOIT,JPKIS,JPSKI,KRULS,KRINC,JPNAG,JPCBA,JPYOK,KRBUS,JPMIZ,JPKMA,KRYOS,JPOSK,AUGLE,AUMEL,AUNTL,AUADE,AUBRI"
OFFKCFRKK,"USLSA,CAVCR,USOAK,GTPQL,MXLCS,MXMAN,PECAL,PABAL,ECGYL,USNPN,USSAV,USCHA,USNYK,COBUE,CLTAL,UYULA,BRPEC,BRTUB,BRPDM,BRPAR,BRRDJ,UYMON,BRSTS,BRITA,BRRGR,GBSOU,FRLEH,BEZEE,NLAMS,SIKOP,ITGOA,DEHAM,ESBAR,MTMAL,ESCAR,BEANT,PLGDA,ESGIJ,NLROT,TRMER,ZACPT,TRYAR,GRELE,GRAGT,TRALI,ZARIB,EGPSA,JOAQA,ROCON,EGALE,EGDAM,SAJUB,BHBAH,KEMOM,SADMA,QAUMS,SAJED,SAYAN,KWMAA,AEJAL,AEABU,AERUW,OMSOH,AEFUJ,RUULG,PKQAS,PKKAR,INCHN,INKNP,INMUN,INVIS,THLCB,THKSI,VNHPG,VNCAM,VNSOD,CNHUI,CNPAN,CNTAZ,MY3182,CNLSN,HKHKG,AUGER,CNNTG,CNFAN,CNNBO,CNPYU,CNZOS,CNGUA,CNFUN,CNJIN,CNHUA,CNTAI,CNDCB,CN9862,CNTJN,MYPKE,MYPAG,IDBAH,CNSTO,CNYSN,CNWGQ,CNCJK,CNJIT,CN9873,CNYZH,CNNSA,CNDSN,CNLAZ,CNYTN,CNJIA,CN1087,CNLYG,CNYAN,AUESP,CNCHS,CNMEZ,CNDAL,CNYPG,CNRUG,CNZZU,TWKAO,CNZJG,CNSLH,AUFRE,CNDJK,CNBYQ,CNLKU,MYTBS,CNSDG,MYTPP,CNMWN,CNCGM,CNXIA,CNBHI,TWMAI,CNRIZ,CNSHE,SGSGP,MY2243,CNJIJ,TWTAP,CNZHA,CNQUA,CNZHE,CNDDG,CNWEN,CNQIZ,CNLYW,CNQHD,CNBAO,CNQIN,CNCFD,CNNJG,CNGLA,MYPGG,CNWEI,IDSAM,JPKAW,KRPOH,KRGWA,KRDAN,JPFUK,JPOIT,JPKIS,JPSKI,KRULS,KRINC,JPNAG,JPCBA,JPYOK,KRPYT,KRBUS,JPMIZ,JPKMA,KRYOS,JPOSK,AUGLE,AUMEL,AUNTL,AUADE,AUBRI,AUHAY,RUNJK"
OARCRORSK,"CNHUI,CNCZH,CNHKO,CNSTO,CNSYA,CNBHI,CNZHA,CNHAA,CNDNG"
OARCKKKKK,"USLSA,CAVCR,USOAK,GTPQL,MXLCS,MXMAN,PECAL,PABAL,ECGYL,USNPN,USSAV,USNYK,COBUE,CLTAL,UYULA,BRPEC,BRTUB,BRPDM,BRPAR,BRRDJ,UYMON,BRSTS,BRITA,BRRGR,GBSOU,FRLEH,BEZEE,NLAMS,SIKOP,ITGOA,DEHAM,ESBAR,MTMAL,ESCAR,BEANT,PLGDA,ESGIJ,NLROT,TRMER,ZACPT,TRYAR,GRELE,GRAGT,TRALI,ZARIB,EGPSA,JOAQA,ROCON,EGALE,EGDAM,SAJUB,BHBAH,KEMOM,SADMA,QAUMS,SAJED,SAYAN,KWMAA,AEJAL,AEABU,AERUW,OMSOH,AEFUJ,RUULG,PKQAS,PKKAR,INCHN,INKNP,INMUN,INVIS,THLCB,THKSI,VNHPG,VNCAM,VNSOD,CNHUI,CNPAN,CNTAZ,MY3182,CNLSN,HKHKG,AUGER,CNNTG,CNFAN,CNNBO,CNPYU,CNZOS,CNGUA,CNFUN,CNJIN,CNHUA,CNTAI,CNDCB,CN9862,CNTJN,MYPKE,MYPAG,IDBAH,CNSTO,CNYSN,CNWGQ,CNCJK,CNJIT,CN9873,CNYZH,CNNSA,CNDSN,CNLAZ,CNYTN,CNJIA,CN1087,CNLYG,CNYAN,AUESP,CNCHS,CNMEZ,CNDAL,CNYPG,CNRUG,CNZZU,CNSWE,TWKAO,CNZJG,CNSLH,AUFRE,CNDJK,CNBYQ,CNLKU,MYTBS,CNSDG,MYTPP,CNMWN,CNCGM,CNXIA,CNBHI,TWMAI,CNRIZ,CNSHE,SGSGP,MY2243,CNJIJ,TWTAP,CNZHA,CNQUA,CNZHE,CNDDG,CNWEN,CNCHZ,CNQIZ,CNLYW,CNQHD,CNBAO,CNQIN,CNCFD,CNNJG,CNGLA,MYPGG,CNWEI,IDSAM,CNMJS,JPKAW,KRPOH,KRGWA,KRDAN,JPFUK,JPOIT,JPKIS,JPSKI,KRULS,KRINC,JPNAG,JPCBA,JPYOK,KRPYT,KRBUS,JPMIZ,JPKMA,KRYOS,JPOSK,AUGLE,AUMEL,AUNTL,AUADE,AUBRI,AUHAY,RUNJK"
OFFAKKAKK,"BRPDM,FRFEC,EGSKR,SAJUT,SARTA,KWMAA,IQMAB,AERUW,OMMAF,AEFUJ,CNHUI,CNLSN,CNNBO,CNZOS,CNMEZ,CNDAL,CNYPG,TWKAO,CNSLH,CNDJK,CNSDG,SGSGP,CNZHA,CNQIZ,CNCFD,JPKII,JPSKI,JPCBA"
OFFGRSSKK,"USLUA,PECAL,USNYK,UYULA,CLMEJ,UYFBS,GBBEL,PTLXS,IEDUB,FRLEH,BEZEE,ESHUE,ITTAR,ESTAR,DZDJE,DEHAM,FRROU,MTMAL,BEANT,ESGIJ,NLROT,ESBIL,TRGEB,TRYAR,GRAGT,LTKLJ,FIKOT,EGALE,AEJAL,OMSOH,PKQAS,PKKAR,INKAN,THLCB,IDCXP,IDJAK,VNHCM,VNHPG,VNQUN,THRAY,CNHUM,CNCJN,CNHUI,CNCZH,AUGER,CNNTG,CNFAN,CNDAF,CNYJG,CNNBO,CNZOS,CNGUA,CNFUN,CNJIN,CNHKO,CNHPU,CNDYI,CNTAI,CNTJN,MYPKE,MYPAG,CNSTO,CNYSN,CNWGQ,CNCJK,CNSHA,CNDSN,CNTAX,CNFUZ,CNJIA,TWHLN,CNLYG,CNYAN,CNWEF,CNCHS,CNMEZ,CNDAL,CNYPG,CNRUG,CNZZU,TWKAO,CNZJG,AUFRE,CNBAS,CNDJK,CNBYQ,CNYIZ,CNSHS,CNSDG,AUBUN,CNPLI,CNCGM,CNXIA,CNBHI,PHBAT,TWMAI,CNRIZ,SGSGP,TWTCH,CNJIJ,CNZHA,CNZPU,CNQUA,CNZHE,CNWEN,CNCHZ,CNQIZ,CNBAO,CNQIN,CNNJG,CNGLA,CNDNG,CNWEI,CNNDE,KRPOH,KRGWA,KRDAN,JPFUK,JPKIS,JPSKI,JPTOK,KRULS,KRINC,JPNAG,JPYOK,KRPYT,JPMIZ,JPMOJ,JPOSK,AUGLE,AUMEL,AUNTL,AUPKE,AUWHY,AUADE,AUPLD,AUGEE"
OFFSRCCKK,"USSEA,CAPRR,USLSA,CAVCR,USOAK,MXLCS,MXMAN,PECAL,PABAL,ECGYL,USSAV,USNYK,COBUE,CLSAN,CLTAL,UYULA,BRTUB,BRPAR,BRRDJ,UYMON,BRIOA,BRSTS,BRIJI,BRITA,BRRGR,GBSOU,FRLEH,BEZEE,SIKOP,ITGOA,DEHAM,MTMAL,ESCAR,BEANT,PLGDA,ESGIJ,NLROT,TRYAR,EGSOK,JOAQA,ROCON,EGALE,SAJUB,SADMA,SAJED,KWMAA,AEJAL,AEABU,OMSOH,AEFUJ,PKQAS,PKKAR,INNSA,INCHN,LKCOL,INKNP,INMUN,INKUP,THLCB,VNHPG,VNCAM,CNHUI,CNPAN,MY3182,CNLSN,HKHKG,CNFAN,CNNBO,CNZOS,CNGUA,CNFUN,CNJIN,CNHUA,CNTAI,CNDCB,CNTJN,MYPKE,MYPAG,CNYSN,CNWGQ,CNCJK,CNJIT,CNYZH,CNNSA,CNDSN,CNYTN,CNJIA,CNLYG,CNYAN,AUESP,CNMEZ,CNDAL,CNYPG,CNZZU,TWKAO,CNZJG,AUFRE,CNDJK,CNBYQ,MYPEN,CNSDG,CNMWN,CNCGM,CNXIA,CNRIZ,CNSHE,SGSGP,TWTAP,CNZHA,CNQUA,CNZHE,CNDDG,CNQIZ,CNQHD,CNBAO,CNQIN,CNCFD,CNGLA,CNWEI,JPKAW,KRPOH,KRGWA,KRDAN,JPFUK,JPOIT,JPKIS,JPSKI,KRULS,KRINC,JPNAG,JPCBA,JPYOK,KRBUS,JPMIZ,JPKMA,KRYOS,JPOSK,AUGLE,AUMEL,AUNTL,AUADE,AUBRI"
OFFCFAOKK,"USLGB,BEZEE,DEHAM,BEANT,PLGDA,NLROT,GRPIR,SADMA,AEJAL,AEKHA,VNCMP,HKHKG,CNNBO,CNZOS,CNTJN,MYPKE,CNYSN,CNNSA,CNYTN,CNLYG,CNDAL,TWKAO,CNXIA,SGSGP,CNQIN,KRGWA"
OFFSNACKK,"USSEA,USLSA,CAVCR,USOAK,MXMAN,PECAL,PABAL,USSAV,USCHA,USNYK,COBUE,CLSAN,UYULA,BRTUB,BRPDM,ARBNA,BRPAR,BRRDJ,UYMON,BRSTS,BRITA,BRRGR,GBSOU,FRLEH,BEZEE,FRFOS,SIKOP,ITGOA,DEHAM,ESBAR,MTMAL,ESCAR,BEANT,PLGDA,ESGIJ,NLROT,TRMER,ZACPT,TRYAR,EGSOK,TRALI,EGPSA,UAODS,JOAQA,ROCON,EGALE,EGDAM,SAJUB,SADMA,SAJED,QARAS,KWMAA,AEJAL,AEABU,AERUW,OMSOH,AEFUJ,PKKAR,INMUN,THLCB,VNHPG,VNCAM,CNHUI,CNPAN,MY3182,CNLSN,HKHKG,CNFAN,CNNBO,CNZOS,CNGUA,CNFUN,CNJIN,AUCPN,CNHUA,CNTAI,CNTJN,MYPKE,CNYSN,CNWGQ,CNCJK,CNJIT,CNYZH,CNNSA,CNDSN,CNYTN,CNJIA,CNLYG,CNYAN,AUESP,CNMEZ,CNDAL,CNYPG,TWKAO,CNZJG,CNSLH,CNDJK,CNBYQ,CNSDG,CNMWN,CNCGM,AUPHE,CNXIA,CNRIZ,CNSHE,SGSGP,TWTAP,CNZHA,CNZHE,CNDDG,CNQIZ,CNLYW,CNBAO,CNQIN,CNCFD,CNGLA,CNMJS,JPKAW,KRPOH,KRGWA,KRDAN,JPFUK,JPOIT,JPKIS,JPSKI,KRULS,KRINC,JPNAG,JPCBA,KRBUS,JPMIZ,JPKMA,KRYOS,AUGLE,AUAPT,AUNTL,AUBRI,AUHAY"
OFFGKSGKK,"USSEA,USLSA,CAVCR,USOAK,MXLCS,MXMAN,PECAL,PABAL,USNPN,USSAV,USCHA,USNYK,COBUE,CLSAN,CLTAL,UYULA,BRPEC,BRTUB,BRPDM,ARBNA,BRPAR,BRRDJ,UYMON,BRSTS,BRITA,BRRGR,GBSOU,FRLEH,BEZEE,FRFOS,NLAMS,SIKOP,ITGOA,DEHAM,ESBAR,MTMAL,ESCAR,BEANT,PLGDA,ESGIJ,NLROT,TRMER,ZACPT,TRYAR,GRELE,GRAGT,TRALI,ZARIB,EGPSA,UAODS,JOAQA,ROCON,EGALE,EGDAM,SAJUB,BHBAH,KEMOM,SADMA,QAUMS,SAJED,SAYAN,KWMAA,AEJAL,AEABU,AERUW,OMSOH,AEFUJ,RUULG,PKQAS,PKKAR,INMUN,THLCB,THKSI,VNHPG,VNCAM,VNSOD,CN9014,CNHUI,CNPAN,MY3182,CNLSN,HKHKG,AUGER,CNFAN,CNNBO,CNPYU,CNZOS,CNGUA,CNFUN,CNJIN,CNHUA,CNTAI,CN9862,CNTJN,MYPKE,MYPAG,IDBAH,CNSTO,CNYSN,CNWGQ,CNCJK,CNJIT,CN9873,CNYZH,CNNSA,CNDSN,CNLAZ,CNYTN,CNJIA,CN1087,CNLYG,CNYAN,AUESP,CNMEZ,IDTBR,CNDAL,CNYPG,CNRUG,CNZZU,CNSWE,TWKAO,CNZJG,CNSLH,CNDJK,CNBYQ,CNLKU,MYTBS,CNSDG,MYTPP,CNMWN,CNCGM,CNXIA,CN2039,CNBHI,TWMAI,CNRIZ,CNSHE,SGSGP,MY2243,TWTAP,CNZHA,CNZHE,CNDDG,CNWEN,CNQIZ,CNLYW,CNQHD,CNBAO,CNQIN,CNCFD,CNGLA,MYPGG,CNWEI,IDSAM,CNMJS,JPKAW,KRPOH,KRGWA,KRDAN,JPFUK,JPOIT,JPKIS,JPSKI,KRULS,KRINC,JPNAG,JPCBA,JPYOK,KRPYT,KRBUS,JPMIZ,JPKMA,KRYOS,AUGLE,AUNTL,AUBRI,AUHAY,RUNJK"
OARACCKKK,"USLSA,CAVCR,USOAK,GTPQL,MXLCS,MXMAN,PECAL,PABAL,ECGYL,USNPN,USSAV,USNYK,COBUE,CLTAL,UYULA,BRPEC,BRTUB,BRPDM,BRPAR,BRRDJ,UYMON,BRSTS,BRITA,BRRGR,GBSOU,FRLEH,BEZEE,NLAMS,SIKOP,ITGOA,DEHAM,ESBAR,MTMAL,ESCAR,BEANT,PLGDA,ESGIJ,NLROT,TRMER,ZACPT,TRYAR,GRELE,GRAGT,TRALI,ZARIB,EGPSA,JOAQA,ROCON,EGALE,EGDAM,SAJUB,BHBAH,KEMOM,SADMA,QAUMS,SAJED,SAYAN,KWMAA,AEJAL,AEABU,AERUW,OMSOH,AEFUJ,RUULG,PKQAS,PKKAR,INCHN,INKNP,INMUN,INVIS,THLCB,THKSI,VNHPG,VNCAM,VNSOD,CNHUI,CNPAN,CNTAZ,MY3182,CNLSN,HKHKG,AUGER,CNNTG,CNFAN,CNNBO,CNPYU,CNZOS,CNGUA,CNFUN,CNJIN,CNHUA,CNTAI,CNDCB,CN9862,CNTJN,MYPKE,MYPAG,IDBAH,CNSTO,CNYSN,CNWGQ,CNCJK,CNJIT,CN9873,CNYZH,CNNSA,CNDSN,CNLAZ,CNYTN,CNJIA,CN1087,CNLYG,CNYAN,AUESP,CNCHS,CNMEZ,CNDAL,CNYPG,CNRUG,CNZZU,CNSWE,TWKAO,CNZJG,CNSLH,AUFRE,CNDJK,CNBYQ,CNLKU,MYTBS,CNSDG,MYTPP,CNMWN,CNCGM,CNXIA,CNBHI,TWMAI,CNRIZ,CNSHE,SGSGP,MY2243,CNJIJ,TWTAP,CNZHA,CNQUA,CNZHE,CNDDG,CNWEN,CNCHZ,CNQIZ,CNLYW,CNQHD,CNBAO,CNQIN,CNCFD,CNNJG,CNGLA,MYPGG,CNWEI,IDSAM,CNMJS,JPKAW,KRPOH,KRGWA,KRDAN,JPFUK,JPOIT,JPKIS,JPSKI,KRULS,KRINC,JPNAG,JPCBA,JPYOK,KRPYT,KRBUS,JPMIZ,JPKMA,KRYOS,JPOSK,AUGLE,AUMEL,AUNTL,AUADE,AUBRI,AUHAY,RUNJK"
OARANGKKK,"USSEA,USLSA,CAVCR,USOAK,MXLCS,MXMAN,PECAL,PABAL,USSAV,USCHA,USNYK,COBUE,CLSAN,CLTAL,UYULA,BRTUB,BRPDM,ARBNA,BRPAR,BRRDJ,UYMON,BRSTS,BRITA,BRRGR,GBSOU,FRLEH,BEZEE,FRFOS,SIKOP,ITGOA,DEHAM,ESBAR,MTMAL,ESCAR,BEANT,PLGDA,ESGIJ,NLROT,TRMER,TRYAR,TRALI,EGPSA,UAODS,JOAQA,ROCON,EGALE,EGDAM,SAJUB,SADMA,SAJED,KWMAA,AEJAL,AEABU,AERUW,OMSOH,AEFUJ,PKQAS,PKKAR,INMUN,THLCB,THKSI,VNHPG,VNCAM,CNHUI,CNPAN,MY3182,CNLSN,HKHKG,CNFAN,CNNBO,CNZOS,CNGUA,CNFUN,CNJIN,CNHUA,CNTAI,CNTJN,MYPKE,MYPAG,CNYSN,CNWGQ,CNCJK,CNJIT,CNYZH,CNNSA,CNDSN,CNYTN,CNJIA,CNLYG,CNYAN,AUESP,CNMEZ,CNDAL,CNYPG,TWKAO,CNZJG,CNSLH,CNDJK,CNBYQ,CNLKU,CN9878,CNSDG,CNMWN,CNCGM,CNXIA,CN2039,CNRIZ,CNSHE,SGSGP,MY2243,TWTAP,CNZHA,CNQUA,CNZHE,CNDDG,CNQIZ,CNLYW,CNQHD,CNBAO,CNQIN,CNCFD,CNGLA,CNWEI,CNMJS,JPKAW,KRPOH,KRGWA,KRDAN,JPFUK,JPOIT,JPKIS,JPSKI,KRULS,KRINC,JPNAG,JPCBA,JPYOK,KRPYT,KRBUS,JPMIZ,JPKMA,KRYOS,AUGLE,AUNTL,AUBRI,AUSYD,AUHAY,RUNJK"
OARRSSSCK,"USLSA,CAVCR,USOAK,MXLCS,MXMAN,PECAL,ECGYL,USNYK,COBUE,CLTAL,UYULA,BRPAR,BRRDJ,UYMON,BRSTS,BRRGR,GBSOU,FRLEH,BEZEE,NLAMS,SIKOP,ITGOA,DEHAM,MTMAL,BEANT,PLGDA,ESGIJ,NLROT,TRYAR,GRAGT,ZARIB,JOAQA,ROCON,EGALE,SAJUB,BHBAH,KEMOM,SADMA,QAUMS,SAJED,SAYAN,KWMAA,AEJAL,AEABU,OMSOH,AEFUJ,PKQAS,PKKAR,INKNP,INMUN,THLCB,THKSI,VNHPG,VNCAM,CNHUI,CNPAN,CNLSN,HKHKG,AUGER,CNNTG,CNFAN,CNNBO,CNPYU,CNZOS,CNGUA,CNFUN,CNJIN,CNHUA,CNTAI,CNDCB,CNTJN,MYPKE,MYPAG,IDBAH,CNSTO,CNYSN,CNWGQ,CNCJK,CNJIT,CN9873,CNYZH,CNNSA,CNDSN,CNLAZ,CNYTN,CNJIA,CN1087,CNLYG,CNYAN,AUESP,CNCHS,CNMEZ,CNDAL,CNYPG,CNRUG,CNZZU,TWKAO,CNZJG,AUFRE,CNDJK,CNBYQ,CNLKU,CNSDG,MYTPP,CNPLI,CNCGM,CNXIA,CNBHI,TWMAI,CNRIZ,CNSHE,SGSGP,MY2243,CNJIJ,TWTAP,CNZHA,CNQUA,CNZHE,CNDDG,CNWEN,CNCHZ,CNQIZ,CNQHD,CNBAO,CNQIN,CNCFD,CNNJG,CNGLA,CNWEI,IDSAM,JPKAW,KRPOH,KRGWA,KRDAN,JPFUK,JPOIT,JPKIS,JPSKI,KRULS,KRINC,JPNAG,JPCBA,JPYOK,KRPYT,KRBUS,JPMIZ,JPKMA,JPOSK,AUGLE,AUMEL,AUNTL,AUADE,AUBRI"
OARKNFKKK,"USSEA,CAPRR,USLSA,CAVCR,USOAK,MXESE,CANWE,MXLCS,MXMAN,PECAL,PABAL,USSAV,USCHA,USNYK,COBUE,CLSAN,CLLIR,BRPDM,GBLGP,MATAN,FRLEH,BEZEE,FRFOS,SIKOP,ITGOA,DEHAM,ESBAR,MTMAL,BEANT,PLGDA,ESVAL,NLROT,TRMER,TRISK,TRYAR,EGSOK,TRALI,TRIST,GRPIR,EGPSA,JOAQA,EGDAM,SAJUB,SADMA,QAHMD,SAJED,KWMAA,AEJAL,AERUW,OMSOH,AEKHA,AEFUJ,PKKAR,INNSA,LKCOL,INMUN,THLCB,VNHPG,CNHUI,MY3182,CNLSN,HKHKG,CNFAN,CNNBO,CNZOS,CNGUA,CNFUN,CNJIN,CNHUA,CNTAI,CNTJN,MYPKE,CNYSN,CNWGQ,CNCJK,CNJIT,CNNSA,CNYTN,CNJIA,CNLYG,CNYAN,CNMEZ,CNDAL,CNYPG,TWKAO,CNSLH,CNDJK,CNBYQ,CNSDG,CNMWN,CNXIA,CNRIZ,CNSHE,SGSGP,TWTAP,CNZHA,CNDDG,CNQIZ,CNLYW,CNQIN,CNCFD,CNMJS,KRPOH,KRGWA,JPFUK,JPOIT,JPKIS,JPSKI,KRULS,KRINC,JPNAG,JPCBA,KRBUS,JPMIZ,JPKMA,KRYOS,AUNTL,AUHAY"
OARAOYKKK,"USSEA,CAPRR,USLSA,CAVCR,USOAK,MXESE,MXLCS,MXMAN,PECAL,PABAL,ECGYL,USSAV,USNYK,COBUE,CLSAN,CLTAL,UYULA,CLLIR,BRTUB,BRPAR,BRRDJ,UYMON,BRIOA,BRSTS,BRIJI,BRITA,BRRGR,GBSOU,FRLEH,BEZEE,SIKOP,ITGOA,DEHAM,MTMAL,ESCAR,BEANT,PLGDA,ESGIJ,NLROT,TRYAR,EGSOK,JOAQA,ROCON,EGALE,SAJUB,SADMA,SAJED,KWMAA,AEJAL,AEABU,OMSOH,AEKHA,AEFUJ,PKQAS,PKKAR,INNSA,INCHN,LKCOL,INKNP,INMUN,INKUP,THLCB,VNHPG,VNCAM,CNHUI,MY3182,CNLSN,HKHKG,CNFAN,CNNBO,CNZOS,CNGUA,CNFUN,CNJIN,CNHUA,CNTAI,CNDCB,CNTJN,MYPKE,CNYSN,CNWGQ,CNCJK,CNJIT,CNYZH,CNNSA,CNDSN,CNYTN,CNJIA,CNLYG,CNYAN,AUESP,CNMEZ,CNDAL,CNYPG,TWKAO,CNZJG,AUFRE,CNDJK,CNBYQ,MYPEN,CNSDG,CNMWN,CNCGM,CNXIA,CNRIZ,CNSHE,SGSGP,TWTAP,CNZHA,CNQUA,CNZHE,CNDDG,CNQIZ,CNQHD,CNBAO,CNQIN,CNCFD,CNGLA,CNWEI,JPKAW,KRPOH,KRGWA,KRDAN,JPFUK,JPOIT,JPKIS,JPSKI,KRULS,KRINC,JPNAG,JPCBA,JPYOK,KRBUS,JPMIZ,JPKMA,KRYOS,JPOSK,AUGLE,AUMEL,AUNTL,AUADE,AUBRI"
OARAAYKKK,"USSEA,USLSA,CAVCR,USOAK,MXLCS,MXMAN,PECAL,PABAL,USNPN,USSAV,USCHA,USNYK,COBUE,CLSAN,CLTAL,UYULA,BRPEC,BRTUB,BRPDM,ARBNA,BRPAR,BRRDJ,UYMON,BRSTS,BRITA,BRRGR,GBSOU,FRLEH,BEZEE,FRFOS,NLAMS,SIKOP,ITGOA,DEHAM,ESBAR,MTMAL,ESCAR,BEANT,PLGDA,ESGIJ,NLROT,TRMER,ZACPT,TRYAR,GRELE,GRAGT,TRALI,ZARIB,EGPSA,UAODS,JOAQA,ROCON,EGALE,EGDAM,SAJUB,BHBAH,KEMOM,SADMA,QAUMS,SAJED,SAYAN,KWMAA,AEJAL,AEABU,AERUW,OMSOH,AEFUJ,RUULG,PKQAS,PKKAR,INMUN,THLCB,THKSI,VNHPG,VNCAM,VNSOD,CN9014,CNHUI,CNPAN,MY3182,CNLSN,HKHKG,AUGER,CNFAN,CNNBO,CNPYU,CNZOS,CNGUA,CNFUN,CNJIN,CNHUA,CNTAI,CN9862,CNTJN,MYPKE,MYPAG,IDBAH,CNSTO,CNYSN,CNWGQ,CNCJK,CNJIT,CN9873,CNYZH,CNNSA,CNDSN,CNLAZ,CNYTN,CNJIA,CN1087,CNLYG,CNYAN,AUESP,CNMEZ,IDTBR,CNDAL,CNYPG,CNRUG,CNZZU,CNSWE,TWKAO,CNZJG,CNSLH,CNDJK,CNBYQ,CNLKU,MYTBS,CNSDG,MYTPP,CNMWN,CNCGM,CNXIA,CN2039,CNBHI,TWMAI,CNRIZ,CNSHE,SGSGP,MY2243,TWTAP,CNZHA,CNZHE,CNDDG,CNWEN,CNQIZ,CNLYW,CNQHD,CNBAO,CNQIN,CNCFD,CNGLA,MYPGG,CNWEI,IDSAM,CNMJS,JPKAW,KRPOH,KRGWA,KRDAN,JPFUK,JPOIT,JPKIS,JPSKI,KRULS,KRINC,JPNAG,JPCBA,JPYOK,KRPYT,KRBUS,JPMIZ,JPKMA,KRYOS,AUGLE,AUNTL,AUBRI,AUHAY,RUNJK"
RFAYAAKKK,"USLSA,CAVCR,USOAK,GTPQL,MXLCS,MXMAN,PECAL,PABAL,ECGYL,USNPN,USSAV,USNYK,COBUE,CLTAL,UYULA,BRPEC,BRTUB,BRPDM,BRPAR,BRRDJ,UYMON,BRSTS,BRITA,BRRGR,GBSOU,FRLEH,BEZEE,NLAMS,SIKOP,ITGOA,DEHAM,ESBAR,MTMAL,ESCAR,BEANT,PLGDA,ESGIJ,NLROT,TRMER,ZACPT,TRYAR,GRELE,GRAGT,TRALI,ZARIB,EGPSA,JOAQA,ROCON,EGALE,EGDAM,SAJUB,BHBAH,KEMOM,SADMA,QAUMS,SAJED,SAYAN,KWMAA,AEJAL,AEABU,AERUW,OMSOH,AEFUJ,RUULG,PKQAS,PKKAR,INCHN,INKNP,INMUN,INVIS,THLCB,THKSI,VNHPG,VNCAM,VNSOD,CNHUI,CNPAN,CNTAZ,MY3182,CNLSN,HKHKG,AUGER,CNNTG,CNFAN,CNNBO,CNPYU,CNZOS,CNGUA,CNFUN,CNJIN,CNHUA,CNTAI,CNDCB,CN9862,CNTJN,MYPKE,MYPAG,IDBAH,CNSTO,CNYSN,CNWGQ,CNCJK,CNJIT,CN9873,CNYZH,CNNSA,CNDSN,CNLAZ,CNYTN,CNJIA,CN1087,CNLYG,CNYAN,AUESP,CNCHS,CNMEZ,CNDAL,CNYPG,CNRUG,CNZZU,TWKAO,CNZJG,CNSLH,AUFRE,CNDJK,CNBYQ,CNLKU,MYTBS,CNSDG,MYTPP,CNPLI,CNMWN,CNCGM,CNXIA,CNBHI,TWMAI,CNRIZ,CNSHE,SGSGP,MY2243,CNJIJ,TWTAP,CNZHA,CNQUA,CNZHE,CNDDG,CNWEN,CNCHZ,CNQIZ,CNLYW,CNQHD,CNBAO,CNQIN,CNCFD,CNNJG,CNGLA,MYPGG,CNWEI,IDSAM,JPKAW,KRPOH,KRGWA,KRDAN,JPFUK,JPOIT,JPKIS,JPSKI,KRULS,KRINC,JPNAG,JPCBA,JPYOK,KRPYT,KRBUS,JPMIZ,JPKMA,KRYOS,JPOSK,AUGLE,AUMEL,AUNTL,AUADE,AUBRI,AUHAY,RUNJK"
OARFGCKKK,"USSEA,CAPRR,USLSA,CAVCR,USOAK,MXESE,MXLCS,MXMAN,PECAL,PABAL,USSAV,USNYK,COBUE,CLSAN,CLTAL,UYULA,CLLIR,BRPDM,ARBNA,BRPAR,BRRDJ,UYMON,BRSTS,BRIJI,BRRGR,FRLEH,BEZEE,SIKOP,ITGOA,DEHAM,ESBAR,MTMAL,BEANT,PLGDA,NLROT,TRMER,TRYAR,EGSOK,TRALI,EGPSA,JOAQA,ROCON,EGALE,EGDAM,SAJUB,SADMA,SAJED,KWMAA,AEJAL,AEABU,AERUW,OMSOH,AEKHA,AEFUJ,PKKAR,INNSA,LKCOL,INMUN,THLCB,VNHPG,VNCAM,CNHUI,MY3182,CNLSN,HKHKG,CNFAN,CNNBO,CNZOS,CNGUA,CNFUN,CNJIN,CNHUA,CNTAI,CNDCB,CNTJN,MYPKE,CNYSN,CNWGQ,CNCJK,CNJIT,CNNSA,CNYTN,CNJIA,CNLYG,CNYAN,AUESP,CNMEZ,CNDAL,CNYPG,TWKAO,CNZJG,CNSLH,CNDJK,CNBYQ,CNSDG,CNMWN,CNCGM,CNXIA,CNRIZ,CNSHE,SGSGP,TWTAP,CNZHA,CNQUA,CNZHE,CNDDG,CNQIZ,CNLYW,CNQHD,CNBAO,CNQIN,CNCFD,CNGLA,CNMJS,JPKAW,KRPOH,KRGWA,JPFUK,JPOIT,JPKIS,JPSKI,KRULS,KRINC,JPNAG,JPCBA,JPYOK,KRBUS,JPMIZ,JPKMA,KRYOS,AUGLE,AUNTL,AUHAY"
OFFRKSAKK,"CNNBO,CNTJN,CNDAL,SGSGP,CNQIN,KRGWA"
OARROAYCK,"USLSA,CAVCR,USOAK,MXLCS,MXMAN,PECAL,ECGYL,USNYK,COBUE,CLTAL,UYULA,BRPAR,BRRDJ,UYMON,BRSTS,BRRGR,GBSOU,FRLEH,BEZEE,NLAMS,SIKOP,ITGOA,DEHAM,MTMAL,BEANT,PLGDA,ESGIJ,NLROT,TRYAR,GRAGT,ZARIB,JOAQA,ROCON,EGALE,SAJUB,BHBAH,KEMOM,SADMA,QAUMS,SAJED,SAYAN,KWMAA,AEJAL,AEABU,OMSOH,AEFUJ,PKQAS,PKKAR,INKNP,INMUN,THLCB,VNHPG,VNCAM,CNHUI,CNPAN,CNLSN,HKHKG,AUGER,CNNTG,CNFAN,CNNBO,CNZOS,CNGUA,CNFUN,CNJIN,CNHUA,CNTAI,CNDCB,CNTJN,MYPKE,MYPAG,IDBAH,CNSTO,CNYSN,CNWGQ,CNCJK,CNJIT,CNYZH,CNNSA,CNDSN,CNLAZ,CNYTN,CNJIA,CNLYG,CNYAN,AUESP,CNCHS,CNMEZ,CNDAL,CNYPG,CNRUG,CNZZU,TWKAO,CNZJG,AUFRE,CNDJK,CNBYQ,CNLKU,CNSDG,CNPLI,CNCGM,CNXIA,CNBHI,TWMAI,CNRIZ,CNSHE,SGSGP,CNJIJ,TWTAP,CNZHA,CNQUA,CNZHE,CNDDG,CNWEN,CNCHZ,CNQIZ,CNQHD,CNBAO,CNQIN,CNCFD,CNNJG,CNGLA,CNWEI,IDSAM,JPKAW,KRPOH,KRGWA,KRDAN,JPFUK,JPOIT,JPKIS,JPSKI,KRULS,KRINC,JPNAG,JPYOK,KRPYT,KRBUS,JPMIZ,JPKMA,JPOSK,AUGLE,AUMEL,AUNTL,AUADE,AUBRI"
OARCGANNK,"USLSA,CAVCR,USOAK,MXLCS,MXMAN,PECAL,ECGYL,USNYK,COBUE,CLTAL,UYULA,BRPAR,BRRDJ,UYMON,BRSTS,BRRGR,GBSOU,FRLEH,BEZEE,NLAMS,SIKOP,ITGOA,DEHAM,MTMAL,BEANT,PLGDA,ESGIJ,NLROT,TRYAR,GRAGT,ZARIB,JOAQA,ROCON,EGALE,SAJUB,BHBAH,KEMOM,SADMA,QAUMS,SAJED,SAYAN,KWMAA,AEJAL,AEABU,OMSOH,AEFUJ,PKQAS,PKKAR,INKNP,INMUN,THLCB,THKSI,VNHPG,VNCAM,CNHUI,CNPAN,CNLSN,HKHKG,AUGER,CNNTG,CNFAN,CNNBO,CNPYU,CNZOS,CNGUA,CNFUN,CNJIN,CNHUA,CNTAI,CNDCB,CNTJN,MYPKE,MYPAG,IDBAH,CNSTO,CNYSN,CNWGQ,CNCJK,CNJIT,CN9873,CNYZH,CNNSA,CNDSN,CNLAZ,CNYTN,CNJIA,CN1087,CNLYG,CNYAN,AUESP,CNCHS,CNMEZ,CNDAL,CNYPG,CNRUG,CNZZU,TWKAO,CNZJG,AUFRE,CNDJK,CNBYQ,CNLKU,CNSDG,MYTPP,CNPLI,CNCGM,CNXIA,CNBHI,TWMAI,CNRIZ,CNSHE,SGSGP,MY2243,CNJIJ,TWTAP,CNZHA,CNQUA,CNZHE,CNDDG,CNWEN,CNCHZ,CNQIZ,CNQHD,CNBAO,CNQIN,CNCFD,CNNJG,CNGLA,CNWEI,IDSAM,JPKAW,KRPOH,KRGWA,KRDAN,JPFUK,JPOIT,JPKIS,JPSKI,KRULS,KRINC,JPNAG,JPCBA,JPYOK,KRPYT,KRBUS,JPMIZ,JPKMA,JPOSK,AUGLE,AUMEL,AUNTL,AUADE,AUBRI"
OFFCFARKK,"USLGB,USLSA,USNFK,USSAV,USNYK,BRPDM,GBLGP,MATAN,FRLEH,BEZEE,FRFOS,ITGOA,DEHAM,BEANT,PLGDA,ESVAL,NLROT,EGSOK,GRPIR,JOAQA,SADMA,QAHMD,SAJED,AEJAL,OMSOH,AEKHA,PKKAR,INNSA,INMUN,VNCMP,HKHKG,CNNBO,CNZOS,CNFUN,CNTJN,MYPKE,CNYSN,CNJIT,CNNSA,CNYTN,CNLYG,CNMEZ,CNDAL,TWKAO,CNSLH,CNDJK,CNXIA,CNSHE,SGSGP,TWTAP,CNQIN,KRGWA"
OFFFAGGKK,"BRPDM,GNBFF,SARTA,KWMAA,IQMAB,AERUW,OMSOH,AEFUJ,CNHUI,MY3182,CNLSN,CNFAN,CNNBO,CNZOS,CNJIN,CNHUA,CNTAI,CNTJN,CNJIT,MY3173,CNJIA,CNLYG,CNYAN,CNMEZ,CNDAL,CNYPG,TWKAO,CNSLH,CNDJK,CNBYQ,CNSDG,AUPHE,CNRIZ,SGSGP,AUPWA,CNZHA,CNDDG,CNQIZ,CNLYW,CNQIN,CNCFD,AUDPR,CNMJS,KRGWA,JPFUK,JPKII,JPSKI,KRULS,KRINC,JPCBA,KRYOS"
OARROYKRK,"USLSA,CAVCR,USOAK,GTSTC,USBEA,USBTR,MXLCS,USLUA,MXMAN,PECAL,ECGYL,USNYK,COBAR,COBUE,UYULA,BRVIT,BRRDJ,UYMON,BRSTS,BRRGR,GBBEL,PTLXS,MACAS,GBSOU,GHTEM,GNCON,IEDUB,CIABI,FRLEH,BEZEE,NLAMS,SIKOP,ITGOA,NLVSG,ESHUE,ITTAR,ESTAR,DZDJE,DEHAM,ITRAV,FRROU,MTMAL,BEANT,PLGDA,ESSAN,ESGIJ,NLROT,ESSAG,ESBIL,TRGEB,LVRIX,TRYAR,ZADUR,GRAGT,TRLMA,TRDER,ZARIB,JOAQA,LTKLJ,FIKOT,ROCON,ZAPLZ,UACHO,EGALE,SAJUB,BHBAH,KEMOM,TZDRS,SADMA,QAUMS,SAJED,SAYAN,KWMAA,AEJAL,AEABU,AERAK,RUSPG,OMSOH,AEFUJ,PKQAS,PKKAR,INKAN,INKNP,INMUN,THLCB,VNPHU,VNNGH,IDJAK,VNHCM,VNHPG,VNCAM,VNQUN,IDSUR,CNHUM,CNCJN,CNHUI,CNCZH,CNSHD,CNLSN,HKHKG,AUGER,CNNTG,CNFAN,CNDAF,CNYJG,CNNBO,CNZOS,CNGUA,CNFUN,CNJIN,CNHKO,CNHPU,CNDYI,CNHUA,CNTAI,CNDCB,CNTJN,MYKUA,MYPKE,MYPAG,IDBAH,CNSTO,CNYSN,CNWGQ,CNCJK,CNJIT,CNYZH,CNNSA,CNDSN,CNTAX,CNLAZ,CNFUZ,CNYTN,CNJIA,TWHLN,CNLYG,CNYAN,TWKEE,AUESP,CNCHS,CNMEZ,CNDAL,CNYPG,CNRUG,CNZZU,TWKAO,CNZJG,AUFRE,CNBAS,CNSIZ,CNDJK,CNBYQ,CNLKU,CNSDG,CNPLI,CNCGM,CNXIA,CNBHI,TWMAI,CNRIZ,CNSHE,SGSGP,TWTCH,CNJIJ,CNZHA,CNZPU,CNQUA,CNZHE,CNDDG,CNWEN,CNCHZ,CNQIZ,CNQHD,CNBAO,CNQIN,CNLVS,CNCFD,CNNJG,CNGLA,CNDNG,CNWEI,IDSAM,CNNDE,KRPOH,KRKUN,KRGWA,JPHIB,KRDAN,JPFUK,JPOIT,JPKIS,JPSKI,JPTOK,KRULS,KRINC,JPNAG,JPYOK,KRPYT,KRBUS,JPMIZ,JPKMA,JPOSK,AUGLE,AUMEL,AUNTL,AUPKE,AUADE,AUBRI,AUBNE,NZAKL,NZTAU,NZNAP"
OFFCNCFKK,"CAVCR,GTSTC,USBEA,USBTR,MXVER,USLUA,MXMAN,PECAL,ECGYL,USJAC,USNYK,COBUE,UYULA,DORHA,BRREC,BRATU,BRSAF,ARROS,BRVIT,BRMAC,BRRDJ,UYMON,BRSTS,BRRGR,GBBEL,PTLXS,MACAS,GHTEM,GNCON,IEDUB,MASAF,FRLEH,BEZEE,SIKOP,ITGOA,NLVSG,ESHUE,ITTAR,ESTAR,DZDJE,DEHAM,ITRAV,FRROU,MTMAL,BEANT,PLGDA,ITVEN,ESGIJ,NLROT,ESBIL,ITGAE,TRGEB,UAYUZ,LVRIX,TRYAR,GRTHE,TRHER,ZADUR,GRAGT,TRLMA,TRDER,ZARIB,JOAQA,LTKLJ,FIKOT,ROCON,ZAPLZ,UACHO,EGALE,BHBAH,KEMOM,TZDRS,SADMA,SAJED,SAYAN,KWMAA,AEJAL,AEABU,AERAK,RUNVS,RUSPG,OMSOH,AEFUJ,PKQAS,PKKAR,INKAN,INKNP,INMUN,THLCB,VNNGH,IDJAK,VNHCM,VNHPG,VNCAM,VNQUN,IDSUR,CNHUM,CNCJN,CNHUI,CNCZH,CNLSN,HKHKG,AUGER,CNNTG,CNFAN,CNDAF,CNYJG,CNNBO,CNZOS,CNGUA,CNFUN,CNJIN,CNHKO,CNHPU,CNDYI,CNHUA,CNTAI,CNTJN,MYPKE,MYPAG,IDBAH,CNSTO,CNYSN,CNWGQ,CNCJK,CNJIT,CNYZH,CNSHA,CNNSA,CNDSN,CNTAX,CNLAZ,CNFUZ,CNJIA,TWHLN,CNLYG,CNYAN,CNCHS,CNMEZ,CNDAL,CNYPG,CNRUG,CNZZU,TWKAO,CNZJG,AUFRE,CNBAS,CNDJK,CNBYQ,CNLKU,CNYIZ,CNSDG,CNPLI,CNCGM,CNXIA,CNBHI,PHBAT,TWMAI,CNRIZ,SGSGP,TWTCH,CNJIJ,TWTAP,CNZHA,CNZPU,CNQUA,CNZHE,CNDDG,CNWEN,CNCHZ,CNQIZ,CNQHD,CNBAO,CNQIN,CNLVS,CNCFD,CNNJG,CNGLA,CNDNG,CNWEI,IDSAM,CNNDE,KRPOH,KRKUN,KRGWA,JPHIB,KRDAN,JPFUK,JPOIT,JPKIS,JPHHR,JPSKI,JPTOK,KRULS,KRINC,JPNAG,JPYOK,KRPYT,KRBUS,JPMIZ,JPMOJ,JPKMA,JPOSK,AUGLE,AUMEL,AUNTL,AUPKE,AUADE,AUBRI,AUBNE,AUGEE,RUVYP,NZAKL,NZTAU,NZNAP"
OAOAKAKKK,"USNYK,UYULA,FRLEH,DEHAM,MTMAL,BEANT,ESGIJ,NLROT,TRYAR,GRAGT,EGALE,VNHPG,CNHUI,CNFAN,CNNBO,CNZOS,CNGUA,CNFUN,CNJIN,CNTAI,CNTJN,CNSTO,CNYSN,CNWGQ,CNCJK,CNJIT,CNDSN,CNJIA,CNLYG,CNYAN,CNMEZ,CNDAL,CNYPG,CNRUG,CNZZU,TWKAO,CNZJG,CNDJK,CNBYQ,CNSDG,CNXIA,TWMAI,SGSGP,CNZHA,CNZHE,CNWEN,CNQIZ,CNQIN,CNGLA,KRGWA,KRDAN,KRULS,JPNAG,JPYOK"
OFFCOCFKK,"BRPDM,XZKMN,SAJUT,QAASN,SARTA,KWMAA,IQMAB,AERUW,OMMAF,AEZUR,AEFUJ,MMMIO,CNHUI,CNLSN,CNNBO,CNZOS,CNJIN,CNTJN,CNYAN,CNMEZ,CNDAL,CNYPG,TWKAO,CNSLH,CNDJK,CNSDG,SGSGP,CNZHA,CNQIZ,CNQIN,CNCFD,KRGWA,JPKII,JPSKI,KRULS,KRINC,JPCBA"
OARRKCKCK,"USLUA,PECAL,ECGYL,USNYK,PEMAT,ECPBO,UYULA,CLMEJ,BRRDJ,UYMON,BRRGR,GBBEL,PTLXS,MACAS,GHTEM,GNCON,IEDUB,FRLEH,BEZEE,SIKOP,ITGOA,NLVSG,ESHUE,ITTAR,ESTAR,DZDJE,DEHAM,ITRAV,FRROU,MTMAL,BEANT,PLGDA,ESGIJ,NLROT,ESBIL,TRGEB,LVRIX,TRYAR,ZADUR,GRAGT,ZARIB,LTKLJ,FIKOT,ZAPLZ,EGALE,KEMOM,TZDRS,AEJAL,RUNVS,OMSOH,PKQAS,PKKAR,INKAN,THLCB,IDCXP,IDJAK,VNHCM,VNHPG,VNQUN,THRAY,IDSUR,CNHUM,CNCJN,CNHUI,CNCZH,CNLSN,HKHKG,AUGER,CNNTG,CNFAN,CNDAF,CNYJG,CNNBO,CNZOS,CNGUA,CNFUN,CNJIN,CNHKO,CNHPU,CNDYI,CNHUA,CNTAI,CNTJN,MYPKE,MYPAG,IDBAH,CNSTO,CNYSN,CNWGQ,CNCJK,CNJIT,CNYZH,CNSHA,CNDSN,CNTAX,CNLAZ,CNFUZ,CNJIA,TWHLN,CNLYG,CNYAN,CNWEF,CNCHS,CNMEZ,CNDAL,CNYPG,CNRUG,CNZZU,TWKAO,CNZJG,AUFRE,CNBAS,CNDJK,CNBYQ,CNLKU,CNYIZ,CNSHS,CNSDG,AUBUN,CNPLI,CNCGM,CNXIA,CNBHI,PHBAT,TWMAI,CNRIZ,SGSGP,TWTCH,CNJIJ,CNZHA,CNZPU,CNQUA,CNZHE,CNWEN,CNCHZ,CNQIZ,CNQHD,CNBAO,CNQIN,CNCFD,CNNJG,CNGLA,CNDNG,CNWEI,CNNDE,KRPOH,KRGWA,KRDAN,JPFUK,JPOIT,JPKIS,JPSKI,JPTOK,KRULS,KRINC,JPNAG,JPYOK,KRPYT,KRBUS,JPMIZ,JPMOJ,JPOSK,AUGLE,AUMEL,AUNTL,AUPKE,AUADE,AUBRI,AUGEE,NZAKL,NZTAU"
OARRGKKKK,"USLSA,CAVCR,USOAK,MXLCS,MXMAN,PECAL,ECGYL,USSAV,USNYK,COBUE,CLTAL,UYULA,BRPEC,BRTUB,BRPAR,BRRDJ,UYMON,BRSTS,BRRGR,GBSOU,FRLEH,BEZEE,NLAMS,SIKOP,ITGOA,DEHAM,MTMAL,ESCAR,BEANT,PLGDA,ESGIJ,NLROT,ZACPT,TRYAR,GRAGT,TRALI,ZARIB,EGPSA,JOAQA,ROCON,EGALE,SAJUB,BHBAH,KEMOM,SADMA,QAUMS,SAJED,SAYAN,KWMAA,AEJAL,AEABU,AERUW,OMSOH,AEFUJ,PKQAS,PKKAR,INKNP,INMUN,THLCB,THKSI,VNHPG,VNCAM,CNHUI,CNPAN,CNTAZ,CNLSN,HKHKG,AUGER,CNNTG,CNFAN,CNNBO,CNPYU,CNZOS,CNGUA,CNFUN,CNJIN,CNHUA,CNTAI,CNDCB,CNTJN,MYPKE,MYPAG,IDBAH,CNSTO,CNYSN,CNWGQ,CNCJK,CNJIT,CN9873,CNYZH,CNNSA,CNDSN,CNLAZ,CNYTN,CNJIA,CN1087,CNLYG,CNYAN,AUESP,CNCHS,CNMEZ,CNDAL,CNYPG,CNRUG,CNZZU,TWKAO,CNZJG,CNSLH,AUFRE,CNDJK,CNBYQ,CNLKU,CNSDG,MYTPP,CNPLI,CNCGM,CNXIA,CNBHI,TWMAI,CNRIZ,CNSHE,SGSGP,MY2243,CNJIJ,TWTAP,CNZHA,CNQUA,CNZHE,CNDDG,CNWEN,CNCHZ,CNQIZ,CNLYW,CNQHD,CNBAO,CNQIN,CNCFD,CNNJG,CNGLA,CNWEI,IDSAM,JPKAW,KRPOH,KRGWA,KRDAN,JPFUK,JPOIT,JPKIS,JPSKI,KRULS,KRINC,JPNAG,JPCBA,JPYOK,KRPYT,KRBUS,JPMIZ,JPKMA,JPOSK,AUGLE,AUMEL,AUNTL,AUADE,AUBRI"
OFFRRRYKK,"USLGB,CAPRR,USLSA,CAVCR,CANWE,USNFK,USSAV,USNYK,BRPDM,GBLGP,MATAN,FRLEH,BEZEE,FRFOS,ITGOA,DEHAM,BEANT,PLGDA,ESVAL,NLROT,EGSOK,GRPIR,JOAQA,SADMA,QAHMD,SAJED,SARTA,KWMAA,IQMAB,AEJAL,AERUW,OMSOH,AEKHA,AEFUJ,PKKAR,INNSA,INMUN,VNCMP,CNHUI,MY3182,CNLSN,HKHKG,CNFAN,CNNBO,CNZOS,CNFUN,CNJIN,CNHUA,CNTAI,CNTJN,MYPKE,CNYSN,CNJIT,CNNSA,CNYTN,MY3173,CNJIA,CNLYG,CNYAN,CNMEZ,CNDAL,CNYPG,TWKAO,CNSLH,CNDJK,CNBYQ,CNSDG,AUPHE,CNXIA,CNRIZ,CNSHE,SGSGP,TWTAP,CNZHA,CNDDG,CNQIZ,CNLYW,CNQIN,CNCFD,CNMJS,KRPOH,KRGWA,JPFUK,JPKII,JPKIS,JPSKI,KRULS,KRINC,JPNAG,JPCBA,JPMIZ,JPKMA,KRYOS,AUNTL,AUHAY"
OARRCOKKK,"USLSA,CAVCR,USOAK,MXLCS,MXMAN,PECAL,ECGYL,USSAV,USNYK,COBUE,CLTAL,UYULA,BRPEC,BRTUB,BRPAR,BRRDJ,UYMON,BRSTS,BRRGR,GBSOU,FRLEH,BEZEE,NLAMS,SIKOP,ITGOA,DEHAM,MTMAL,ESCAR,BEANT,PLGDA,ESGIJ,NLROT,ZACPT,TRYAR,GRAGT,TRALI,ZARIB,EGPSA,JOAQA,ROCON,EGALE,SAJUB,BHBAH,KEMOM,SADMA,QAUMS,SAJED,SAYAN,KWMAA,AEJAL,AEABU,AERUW,OMSOH,AEFUJ,PKQAS,PKKAR,INKNP,INMUN,THLCB,THKSI,VNHPG,VNCAM,CNHUI,CNPAN,CNTAZ,CNLSN,HKHKG,AUGER,CNNTG,CNFAN,CNNBO,CNPYU,CNZOS,CNGUA,CNFUN,CNJIN,CNHUA,CNTAI,CNDCB,CNTJN,MYPKE,MYPAG,IDBAH,CNSTO,CNYSN,CNWGQ,CNCJK,CNJIT,CN9873,CNYZH,CNNSA,CNDSN,CNLAZ,CNYTN,CNJIA,CN1087,CNLYG,CNYAN,AUESP,CNCHS,CNMEZ,CNDAL,CNYPG,CNRUG,CNZZU,TWKAO,CNZJG,CNSLH,AUFRE,CNDJK,CNBYQ,CNLKU,CNSDG,MYTPP,CNPLI,CNCGM,CNXIA,CNBHI,TWMAI,CNRIZ,CNSHE,SGSGP,MY2243,CNJIJ,TWTAP,CNZHA,CNQUA,CNZHE,CNDDG,CNWEN,CNCHZ,CNQIZ,CNLYW,CNQHD,CNBAO,CNQIN,CNCFD,CNNJG,CNGLA,CNWEI,IDSAM,JPKAW,KRPOH,KRGWA,KRDAN,JPFUK,JPOIT,JPKIS,JPSKI,KRULS,KRINC,JPNAG,JPCBA,JPYOK,KRPYT,KRBUS,JPMIZ,JPKMA,JPOSK,AUGLE,AUMEL,AUNTL,AUADE,AUBRI"
OARARSKKK,"USSEA,CAPRR,USLSA,CAVCR,USOAK,MXESE,MXLCS,MXMAN,PECAL,PABAL,ECGYL,USSAV,USNYK,COBUE,CLSAN,CLTAL,UYULA,CLLIR,BRTUB,BRPAR,BRRDJ,UYMON,BRIOA,BRSTS,BRIJI,BRITA,BRRGR,GBSOU,FRLEH,BEZEE,SIKOP,ITGOA,DEHAM,MTMAL,ESCAR,BEANT,PLGDA,ESGIJ,NLROT,TRYAR,EGSOK,JOAQA,ROCON,EGALE,SAJUB,SADMA,SAJED,KWMAA,AEJAL,AEABU,OMSOH,AEKHA,AEFUJ,PKQAS,PKKAR,INNSA,INCHN,LKCOL,INKNP,INMUN,INKUP,THLCB,VNHPG,VNCAM,CNHUI,MY3182,CNLSN,HKHKG,CNFAN,CNNBO,CNZOS,CNGUA,CNFUN,CNJIN,CNHUA,CNTAI,CNDCB,CNTJN,MYPKE,CNYSN,CNWGQ,CNCJK,CNJIT,CNYZH,CNNSA,CNDSN,CNYTN,CNJIA,CNLYG,CNYAN,AUESP,CNMEZ,CNDAL,CNYPG,TWKAO,CNZJG,AUFRE,CNDJK,CNBYQ,MYPEN,CNSDG,CNMWN,CNCGM,CNXIA,CNRIZ,CNSHE,SGSGP,TWTAP,CNZHA,CNQUA,CNZHE,CNDDG,CNQIZ,CNQHD,CNBAO,CNQIN,CNCFD,CNGLA,CNWEI,JPKAW,KRPOH,KRGWA,KRDAN,JPFUK,JPOIT,JPKIS,JPSKI,KRULS,KRINC,JPNAG,JPCBA,JPYOK,KRBUS,JPMIZ,JPKMA,KRYOS,JPOSK,AUGLE,AUMEL,AUNTL,AUADE,AUBRI"
RNFCKRKKK,"USSEA,USLSA,CAVCR,PABAL,USSAV,USCHA,USNYK,BRTUB,BRPDM,BRITA,GBSOU,FRLEH,BEZEE,FRFOS,ITGOA,DEHAM,MTMAL,ESCAR,BEANT,PLGDA,ESGIJ,NLROT,JOAQA,EGALE,SADMA,SAJED,QARAS,KWMAA,AEJAL,AEABU,AERUW,OMSOH,AEFUJ,PKKAR,INMUN,VNCAM,CNHUI,MY3182,CNLSN,HKHKG,CNFAN,CNNBO,CNZOS,CNGUA,CNFUN,CNJIN,AUCPN,CNHUA,CNTAI,CNTJN,MYPKE,CNYSN,CNWGQ,CNCJK,CNJIT,CNYZH,CNNSA,CNDSN,CNYTN,CNJIA,CNLYG,CNYAN,AUESP,CNMEZ,CNDAL,CNYPG,TWKAO,CNZJG,CNSLH,CNDJK,CNBYQ,CNSDG,CNCGM,AUPHE,CNXIA,CNRIZ,CNSHE,SGSGP,TWTAP,CNZHA,CNZHE,CNDDG,CNQIZ,CNLYW,CNBAO,CNQIN,CNCFD,CNGLA,CNMJS,JPKAW,KRPOH,KRGWA,KRDAN,JPFUK,JPOIT,JPKIS,JPSKI,KRULS,KRINC,JPNAG,JPCBA,KRPYT,KRBUS,JPMIZ,JPKMA,KRYOS,AUGLE,AUAPT,AUNTL,AUBRI,AUHAY"
OARNCRYSK,"CNHUI,CNCZH,CNFAN,CNYJG,CNGUA,CNHKO,CNSTO,CNDAL,CNYPG,CNSDG,CNBHI,CNZHA,CNDNG"
OFFFGOSKK,"USSEA,USLSA,CAVCR,USOAK,MXLCS,MXMAN,PECAL,PABAL,USSAV,USCHA,USNYK,COBUE,CLSAN,CLTAL,UYULA,BRTUB,BRPDM,ARBNA,BRPAR,BRRDJ,UYMON,BRSTS,BRITA,BRRGR,GBSOU,FRLEH,BEZEE,FRFOS,NLAMS,SIKOP,ITGOA,DEHAM,ESBAR,MTMAL,ESCAR,BEANT,PLGDA,ESGIJ,NLROT,TRMER,ZACPT,TRYAR,GRELE,GRAGT,TRALI,EGPSA,UAODS,JOAQA,ROCON,EGALE,EGDAM,SAJUB,BHBAH,KEMOM,SADMA,QAUMS,SAJED,SAYAN,QARAS,KWMAA,AEJAL,AEABU,AERUW,OMSOH,AEFUJ,RUULG,PKKAR,INMUN,THLCB,THKSI,VNHPG,VNCAM,CNHUI,CNPAN,MY3182,CNLSN,HKHKG,CNFAN,CNNBO,CNZOS,CNGUA,MY3177,CNFUN,CNJIN,AUCPN,CNHUA,CNTAI,CNTJN,MYPKE,MYPAG,CNYSN,CNWGQ,CNCJK,CNJIT,CNYZH,CNNSA,CNDSN,CNYTN,CNJIA,CNLYG,CNYAN,CN2032,AUESP,CNMEZ,CNDAL,CNYPG,TWKAO,CNZJG,CNSLH,CNDJK,CNBYQ,CNLKU,MYTBS,CNSDG,CNMWN,CNCGM,AUPHE,CNXIA,CN2039,TWMAI,CNRIZ,CNSHE,SGSGP,MY2243,TWTAP,CNZHA,CNZHE,CNDDG,CNQIZ,CNLYW,CNBAO,CNQIN,CNCFD,CNGLA,MYPGG,CNMJS,JPKAW,KRPOH,KRGWA,KRDAN,JPFUK,JPOIT,JPKIS,JPSKI,KRULS,KRINC,JPNAG,JPCBA,JPYOK,KRPYT,KRBUS,JPMIZ,JPKMA,KRYOS,AUGLE,AUAPT,AUNTL,AUBRI,AUHAY,RUNJK"
OAOGGNKKK,"USLSA,CAVCR,USOAK,GTPQL,MXLCS,MXMAN,PECAL,PABAL,ECGYL,USNPN,USSAV,USNYK,COBUE,CLSAN,CLTAL,UYULA,BRPEC,BRTUB,BRPDM,BRPAR,BRRDJ,UYMON,BRIOA,BRSTS,BRITA,BRRGR,GBSOU,FRLEH,BEZEE,NLAMS,SIKOP,ITGOA,DEHAM,ESBAR,MTMAL,ESCAR,BEANT,PLGDA,ESGIJ,NLROT,TRMER,ZACPT,TRYAR,GRELE,GRAGT,TRALI,ZARIB,EGPSA,JOAQA,ROCON,EGALE,EGDAM,SAJUB,BHBAH,KEMOM,SADMA,QAUMS,SAJED,SAYAN,KWMAA,AEJAL,AEABU,AERUW,OMSOH,AEFUJ,RUULG,PKQAS,PKKAR,INCHN,INKNP,INMUN,INVIS,THLCB,THKSI,VNHPG,VNCAM,VNSOD,CNHUI,CNPAN,CNTAZ,MY3182,CNLSN,HKHKG,AUGER,CNFAN,CNNBO,CNPYU,CNZOS,CNGUA,CNFUN,CNJIN,CNHUA,CNTAI,CNDCB,CN9862,CNTJN,MYPKE,MYPAG,IDBAH,CNSTO,CNYSN,CNWGQ,CNCJK,CNJIT,CN9873,CNYZH,CNNSA,CNDSN,CNLAZ,CNYTN,CNJIA,CN1087,CNLYG,CNYAN,AUESP,CNMEZ,CNDAL,CNYPG,CNRUG,CNZZU,CNSWE,TWKAO,CNZJG,CNSLH,AUFRE,CNDJK,CNBYQ,CNLKU,MYTBS,CNSDG,MYTPP,CNMWN,CNCGM,CNXIA,CNBHI,TWMAI,CNRIZ,CNSHE,SGSGP,MY2243,TWTAP,CNZHA,CNQUA,CNZHE,CNDDG,CNWEN,CNQIZ,CNLYW,CNQHD,CNBAO,CNQIN,CNCFD,CNGLA,MYPGG,CNWEI,IDSAM,CNMJS,JPKAW,KRPOH,KRGWA,KRDAN,JPFUK,JPOIT,JPKIS,JPSKI,KRULS,KRINC,JPNAG,JPCBA,JPYOK,KRPYT,KRBUS,JPMIZ,JPKMA,KRYOS,JPOSK,AUGLE,AUMEL,AUNTL,AUADE,AUBRI,AUHAY,RUNJK"
OACFNAKKK,"USLSA,CAVCR,USOAK,GTPQL,MXLCS,MXMAN,PECAL,PABAL,ECGYL,USNPN,USSAV,USNYK,COBUE,CLTAL,UYULA,BRPEC,BRTUB,BRPDM,BRPAR,BRRDJ,UYMON,BRSTS,BRITA,BRRGR,GBSOU,FRLEH,BEZEE,NLAMS,SIKOP,ITGOA,DEHAM,ESBAR,MTMAL,ESCAR,BEANT,PLGDA,ESGIJ,NLROT,TRMER,ZACPT,TRYAR,GRELE,GRAGT,TRALI,ZARIB,EGPSA,JOAQA,ROCON,EGALE,EGDAM,SAJUB,BHBAH,KEMOM,SADMA,QAUMS,SAJED,SAYAN,KWMAA,AEJAL,AEABU,AERUW,OMSOH,AEFUJ,RUULG,PKQAS,PKKAR,INCHN,INKNP,INMUN,INVIS,THLCB,THKSI,VNHPG,VNCAM,VNSOD,CNHUI,CNPAN,CNTAZ,MY3182,CNLSN,HKHKG,AUGER,CNNTG,CNFAN,CNNBO,CNPYU,CNZOS,CNGUA,CNFUN,CNJIN,CNHUA,CNTAI,CNDCB,CN9862,CNTJN,MYPKE,MYPAG,IDBAH,CNSTO,CNYSN,CNWGQ,CNCJK,CNJIT,CN9873,CNYZH,CNNSA,CNDSN,CNLAZ,CNYTN,CNJIA,CN1087,CNLYG,CNYAN,AUESP,CNCHS,CNMEZ,CNDAL,CNYPG,CNRUG,CNZZU,CNSWE,TWKAO,CNZJG,CNSLH,AUFRE,CNDJK,CNBYQ,CNLKU,MYTBS,CNSDG,MYTPP,CNMWN,CNCGM,CNXIA,CNBHI,TWMAI,CNRIZ,CNSHE,SGSGP,MY2243,CNJIJ,TWTAP,CNZHA,CNQUA,CNZHE,CNDDG,CNWEN,CNCHZ,CNQIZ,CNLYW,CNQHD,CNBAO,CNQIN,CNCFD,CNNJG,CNGLA,MYPGG,CNWEI,IDSAM,CNMJS,JPKAW,KRPOH,KRGWA,KRDAN,JPFUK,JPOIT,JPKIS,JPSKI,KRULS,KRINC,JPNAG,JPCBA,JPYOK,KRPYT,KRBUS,JPMIZ,JPKMA,KRYOS,JPOSK,AUGLE,AUMEL,AUNTL,AUADE,AUBRI,AUHAY,RUNJK"
OFFGNCAKK,"BRPDM,XZKMN,SAJUT,QAASN,SARTA,KWMAA,IQMAB,AERUW,OMMAF,AEFUJ,MMMIO,CNHUI,CNLSN,CNNBO,CNZOS,CNJIN,CNTJN,CNYAN,CNMEZ,CNDAL,CNYPG,TWKAO,CNSLH,CNDJK,CNSDG,SGSGP,CNZHA,CNQIZ,CNQIN,CNCFD,KRGWA,JPKII,JPSKI,KRULS,KRINC,JPCBA"
OAOFKSKKK,"CAVCR,USLUA,PECAL,PESAL,ECGYL,USNYK,PEMAT,ECPBO,UYULA,CLMEJ,BRVIT,BRRDJ,UYMON,BRSTS,BRRGR,GBBEL,PTLXS,MACAS,GHTEM,GNCON,IEDUB,FRLEH,BEZEE,SIKOP,ITGOA,NLVSG,ESHUE,ITTAR,ESTAR,DZDJE,DEHAM,ITRAV,FRROU,MTMAL,BEANT,PLGDA,ESGIJ,NLROT,ESBIL,TRGEB,LVRIX,TRYAR,ZADUR,GRAGT,TRLMA,TRDER,ZARIB,JOAQA,LTKLJ,FIKOT,ROCON,ZAPLZ,UACHO,EGALE,BHBAH,KEMOM,TZDRS,SADMA,SAJED,SAYAN,KWMAA,AEJAL,AEABU,AERAK,RUNVS,RUSPG,OMSOH,AEFUJ,PKQAS,PKKAR,INKAN,INKNP,INMUN,THLCB,IDCXP,VNNGH,IDJAK,VNHCM,VNHPG,VNCAM,VNQUN,THRAY,IDSUR,CNHUM,CNCJN,CNHUI,CNCZH,CNLSN,HKHKG,AUGER,CNNTG,CNFAN,CNDAF,CNYJG,CNNBO,CNZOS,CNGUA,CNFUN,CNJIN,CNHKO,CNHPU,CNDYI,CNHUA,CNTAI,CNTJN,MYPKE,MYPAG,IDBAH,CNSTO,CNYSN,CNWGQ,CNCJK,CNJIT,CNYZH,CNSHA,CNNSA,CNDSN,CNTAX,CNLAZ,CNFUZ,CNJIA,TWHLN,CNLYG,CNYAN,CNWEF,CNCHS,CNMEZ,CNDAL,CNYPG,CNRUG,CNZZU,TWKAO,CNZJG,AUFRE,CNBAS,CNDJK,CNBYQ,CNLKU,CNYIZ,CNSHS,CNSDG,AUBUN,CNPLI,CNCGM,CNXIA,CNBHI,PHBAT,TWMAI,CNRIZ,SGSGP,TWTCH,CNJIJ,CNZHA,CNZPU,CNQUA,CNZHE,CNDDG,CNWEN,CNCHZ,CNQIZ,CNQHD,CNBAO,CNQIN,CNLVS,CNCFD,CNNJG,CNGLA,CNDNG,CNWEI,IDSAM,CNNDE,KRPOH,KRKUN,KRGWA,JPHIB,KRDAN,JPFUK,JPOIT,JPKIS,JPHHR,JPSKI,JPTOK,KRULS,KRINC,JPNAG,JPYOK,KRPYT,KRBUS,JPMIZ,JPMOJ,JPKMA,JPOSK,AUGLE,AUMEL,AUNTL,AUPKE,AUADE,AUBRI,AUGEE,NZAKL,NZTAU,NZNAP"
OFFRNANKK,"USSEA,USLSA,CAVCR,USOAK,MXMAN,PECAL,PABAL,USSAV,USCHA,USNYK,COBUE,CLSAN,UYULA,BRTUB,BRPDM,ARBNA,BRPAR,BRRDJ,UYMON,BRSTS,BRITA,BRRGR,GBSOU,FRLEH,BEZEE,FRFOS,SIKOP,ITGOA,DEHAM,ESBAR,MTMAL,ESCAR,BEANT,PLGDA,ESGIJ,NLROT,TRMER,ZACPT,TRYAR,EGSOK,TRALI,EGPSA,UAODS,JOAQA,ROCON,EGALE,EGDAM,SAJUB,SADMA,SAJED,QARAS,KWMAA,AEJAL,AEABU,AERUW,OMSOH,AEFUJ,PKKAR,INMUN,THLCB,VNHPG,VNCAM,CNHUI,CNPAN,MY3182,CNLSN,HKHKG,CNFAN,CNNBO,CNZOS,CNGUA,CNFUN,CNJIN,AUCPN,CNHUA,CNTAI,CNTJN,MYPKE,CNYSN,CNWGQ,CNCJK,CNJIT,CNYZH,CNNSA,CNDSN,CNYTN,CNJIA,CNLYG,CNYAN,AUESP,CNMEZ,CNDAL,CNYPG,TWKAO,CNZJG,CNSLH,CNDJK,CNBYQ,CNSDG,CNMWN,CNCGM,AUPHE,CNXIA,CNRIZ,CNSHE,SGSGP,TWTAP,CNZHA,CNZHE,CNDDG,CNQIZ,CNLYW,CNBAO,CNQIN,CNCFD,CNGLA,CNMJS,JPKAW,KRPOH,KRGWA,KRDAN,JPFUK,JPOIT,JPKIS,JPSKI,KRULS,KRINC,JPNAG,JPCBA,KRBUS,JPMIZ,JPKMA,KRYOS,AUGLE,AUAPT,AUNTL,AUBRI,AUHAY"
OARNCRYYK,"CNHUI,CNCZH,CNFAN,CNYJG,CNGUA,CNHKO,CNSTO,CNYPG,CNSDG,CNBHI,CNZHA,CNDNG"
OAOFANKKK,"USSEA,USLSA,CAVCR,USOAK,MXLCS,MXMAN,PECAL,PABAL,USNPN,USSAV,USCHA,USNYK,COBUE,CLSAN,CLTAL,UYULA,BRPEC,BRTUB,BRPDM,ARBNA,BRPAR,BRRDJ,UYMON,BRSTS,BRITA,BRRGR,GBSOU,FRLEH,BEZEE,FRFOS,NLAMS,SIKOP,ITGOA,DEHAM,ESBAR,MTMAL,ESCAR,BEANT,PLGDA,ESGIJ,NLROT,TRMER,ZACPT,TRYAR,GRELE,GRAGT,TRALI,ZARIB,EGPSA,UAODS,JOAQA,ROCON,EGALE,EGDAM,SAJUB,BHBAH,KEMOM,SADMA,QAUMS,SAJED,SAYAN,KWMAA,AEJAL,AEABU,AERUW,OMSOH,AEFUJ,RUULG,PKQAS,PKKAR,INMUN,THLCB,THKSI,VNHPG,VNCAM,VNSOD,CN9014,CNHUI,CNPAN,MY3182,CNLSN,HKHKG,AUGER,CNFAN,CNNBO,CNPYU,CNZOS,CNGUA,CNFUN,CNJIN,CNHUA,CNTAI,CN9862,CNTJN,MYPKE,MYPAG,IDBAH,CNSTO,CNYSN,CNWGQ,CNCJK,CNJIT,CN9873,CNYZH,CNNSA,CNDSN,CNLAZ,CNYTN,CNJIA,CN1087,CNLYG,CNYAN,AUESP,CNMEZ,CNDAL,CNYPG,CNRUG,CNZZU,CNSWE,TWKAO,CNZJG,CNSLH,CNDJK,CNBYQ,CNLKU,MYTBS,CNSDG,MYTPP,CNMWN,CNCGM,CNXIA,CN2039,CNBHI,TWMAI,CNRIZ,CNSHE,SGSGP,MY2243,TWTAP,CNZHA,CNQUA,CNZHE,CNDDG,CNWEN,CNQIZ,CNLYW,CNQHD,CNBAO,CNQIN,CNCFD,CNGLA,MYPGG,CNWEI,IDSAM,CNMJS,JPKAW,KRPOH,KRGWA,KRDAN,JPFUK,JPOIT,JPKIS,JPSKI,KRULS,KRINC,JPNAG,JPCBA,JPYOK,KRPYT,KRBUS,JPMIZ,JPKMA,KRYOS,AUGLE,AUNTL,AUBRI,AUHAY,RUNJK"
OARAYCKKK,"USSEA,USLSA,CAVCR,USOAK,MXLCS,MXMAN,PECAL,PABAL,USNPN,USSAV,USCHA,USNYK,COBUE,CLSAN,CLTAL,UYULA,BRPEC,BRTUB,BRPDM,ARBNA,BRPAR,BRRDJ,UYMON,BRSTS,BRITA,BRRGR,GBSOU,FRLEH,BEZEE,FRFOS,NLAMS,SIKOP,ITGOA,DEHAM,ESBAR,MTMAL,ESCAR,BEANT,PLGDA,ESGIJ,NLROT,TRMER,ZACPT,TRYAR,GRELE,GRAGT,TRALI,ZARIB,EGPSA,UAODS,JOAQA,ROCON,EGALE,EGDAM,SAJUB,BHBAH,KEMOM,SADMA,QAUMS,SAJED,SAYAN,KWMAA,AEJAL,AEABU,AERUW,OMSOH,AEFUJ,RUULG,PKQAS,PKKAR,INMUN,THLCB,THKSI,VNHPG,VNCAM,VNSOD,CN9014,CNHUI,CNPAN,MY3182,CNLSN,HKHKG,AUGER,CNFAN,CNNBO,CNPYU,CNZOS,CNGUA,CNFUN,CNJIN,CNHUA,CNTAI,CN9862,CNTJN,MYPKE,MYPAG,IDBAH,CNSTO,CNYSN,CNWGQ,CNCJK,CNJIT,CN9873,CNYZH,CNNSA,CNDSN,CNLAZ,CNYTN,CNJIA,CN1087,CNLYG,CNYAN,AUESP,CNMEZ,IDTBR,CNDAL,CNYPG,CNRUG,CNZZU,CNSWE,TWKAO,CNZJG,CNSLH,CNDJK,CNBYQ,CNLKU,MYTBS,CNSDG,MYTPP,CNMWN,CNCGM,CNXIA,CN2039,CNBHI,TWMAI,CNRIZ,CNSHE,SGSGP,MY2243,TWTAP,CNZHA,CNZHE,CNDDG,CNWEN,CNQIZ,CNLYW,CNQHD,CNBAO,CNQIN,CNCFD,CNGLA,MYPGG,CNWEI,IDSAM,CNMJS,JPKAW,KRPOH,KRGWA,KRDAN,JPFUK,JPOIT,JPKIS,JPSKI,KRULS,KRINC,JPNAG,JPCBA,JPYOK,KRPYT,KRBUS,JPMIZ,JPKMA,KRYOS,AUGLE,AUNTL,AUBRI,AUHAY,RUNJK"
OARCRRNFK,"CNHUI,CNCZH,CNFAN,CNYJG,CNGUA,CNHKO,CNSTO,CNYPG,CNSDG,CNBHI,CNZHA,CNDNG"
OARACKKKK,"USSEA,USBNC,USLSA,CAVCR,USOAK,MXMAN,PECAL,PABAL,USSAV,USCHA,USNYK,COBUE,CLSAN,UYULA,BRTUB,BRPDM,ARBNA,BRPAR,BRRDJ,UYMON,BRSTS,BRITA,BRRGR,GBSOU,FRLEH,BEZEE,FRFOS,SIKOP,ITGOA,DEHAM,ESBAR,MTMAL,ESCAR,BEANT,PLGDA,ESGIJ,NLROT,TRMER,TRYAR,TRALI,EGPSA,UAODS,JOAQA,ROCON,EGALE,EGDAM,SAJUB,SADMA,SAJED,SARTA,QARAS,KWMAA,IQMAB,AEJAL,AEABU,AERUW,OMSOH,AEFUJ,PKKAR,INMUN,THLCB,VNHPG,VNCAM,CNHUI,MY3182,CNLSN,HKHKG,CNFAN,CNNBO,CNZOS,CNGUA,CNFUN,CNJIN,AUCPN,CNHUA,CNTAI,CNTJN,MYPKE,CNYSN,CNWGQ,CNCJK,CNJIT,CNYZH,CNNSA,CNDSN,CNYTN,CNJIA,CNLYG,CNYAN,AUESP,CNMEZ,CNDAL,CNYPG,TWKAO,CNZJG,CNSLH,CNDJK,CNBYQ,CNSDG,CNMWN,CNCGM,AUPHE,CNXIA,CNRIZ,CNSHE,SGSGP,TWTAP,CNZHA,CNZHE,CNDDG,CNQIZ,CNLYW,CNBAO,CNQIN,CNCFD,CNMJS,JPKAW,KRPOH,KRGWA,KRDAN,JPFUK,JPOIT,JPKIS,JPSKI,KRULS,KRINC,JPNAG,JPCBA,JPYOK,KRPYT,KRBUS,JPMIZ,JPKMA,KRYOS,AUGLE,AUAPT,AUNTL,AUBRI,AUHAY"
OAONNGKKK,"CNHUI,CNCZH,CNNTG,CNFAN,CNYJG,CNNBO,CNZOS,CNGUA,CNFUN,CNDYI,CNTAI,CNTJN,CNSTO,CNYSN,CNWGQ,CNCJK,CNJIT,CNDSN,CNJIA,CNLYG,CNYAN,CNCHS,CNMEZ,CNDAL,CNYPG,CNRUG,TWKAO,CNZJG,CNBAS,CNDJK,CNBYQ,CNSDG,CNXIA,CNBHI,TWMAI,CNJIJ,CNZHA,CNZPU,CNQUA,CNZHE,CNWEN,CNCHZ,CNQHD,CNNJG,CNDNG,CNWEI,KRDAN,KRULS"
OFFCOCSKK,"BRPDM,XZKMN,SAJUT,QAASN,SARTA,KWMAA,IQMAB,AERUW,OMMAF,AEZUR,AEFUJ,MMMIO,CNHUI,CNLSN,CNNBO,CNZOS,CNJIN,CNTJN,CNYAN,CNMEZ,CNDAL,CNYPG,TWKAO,CNSLH,CNDJK,CNSDG,SGSGP,CNZHA,CNQIZ,CNQIN,CNCFD,KRGWA,JPKII,JPSKI,KRULS,KRINC,JPCBA"
OFFFFYFKK,"BRPDM,SARTA,KWMAA,IQMAB,AERUW,OMSOH,AEFUJ,CNHUI,MY3182,CNLSN,CNNBO,CNZOS,CNJIN,CNTJN,CNJIT,MY3173,CNLYG,CNYAN,CNMEZ,CNDAL,CNYPG,TWKAO,CNSLH,CNDJK,CNSDG,AUPHE,CNRIZ,SGSGP,CNZHA,CNQIZ,CNQIN,CNCFD,CNMJS,KRGWA,JPKII,JPSKI,KRULS,KRINC,JPCBA,KRYOS"
OARSOSKKK,"USSEA,USLSA,CAVCR,PABAL,USSAV,USCHA,USNYK,BRTUB,BRPDM,BRITA,GBSOU,FRLEH,BEZEE,FRFOS,ITGOA,DEHAM,MTMAL,ESCAR,BEANT,PLGDA,ESGIJ,NLROT,JOAQA,EGALE,SADMA,SAJED,SARTA,QARAS,KWMAA,IQMAB,AEJAL,AEABU,AERUW,OMSOH,AEFUJ,PKKAR,INMUN,THLCB,VNCAM,CNHUI,CNPAN,MY3182,CNLSN,HKHKG,CNFAN,CNNBO,CNZOS,CNGUA,CNFUN,CNJIN,AUCPN,CNHUA,CNTAI,CNTJN,MYPKE,CNYSN,CNWGQ,CNCJK,CNJIT,CNYZH,CNNSA,CNDSN,CNYTN,CNJIA,CNLYG,CNYAN,AUESP,CNMEZ,CNDAL,CNYPG,TWKAO,CNZJG,CNSLH,CNDJK,CNBYQ,CNLKU,CNSDG,CNCGM,AUPHE,CNXIA,CNRIZ,CNSHE,SGSGP,TWTAP,CNZHA,CNZHE,CNDDG,CNQIZ,CNLYW,CNBAO,CNQIN,CNCFD,CNMJS,JPKAW,KRPOH,KRGWA,KRDAN,JPFUK,JPOIT,JPKIS,JPSKI,KRULS,KRINC,JPNAG,JPCBA,KRBUS,JPMIZ,JPKMA,KRYOS,AUGLE,AUAPT,AUNTL,AUBRI,AUHAY,RUKZM,NCNOA"
OFFKKOGKK,"USSEA,CAPRR,USLSA,CAVCR,USOAK,MXLCS,MXMAN,PECAL,PABAL,ECGYL,USSAV,USNYK,COBUE,CLSAN,CLTAL,UYULA,BRTUB,BRPAR,BRRDJ,UYMON,BRIOA,BRSTS,BRIJI,BRITA,BRRGR,GBSOU,FRLEH,BEZEE,SIKOP,ITGOA,DEHAM,MTMAL,ESCAR,BEANT,PLGDA,ESGIJ,NLROT,TRYAR,EGSOK,JOAQA,ROCON,EGALE,SAJUB,SADMA,SAJED,KWMAA,AEJAL,AEABU,OMSOH,AEFUJ,PKQAS,PKKAR,INNSA,INCHN,LKCOL,INKNP,INMUN,INKUP,THLCB,VNHPG,VNCAM,CNHUI,CNPAN,MY3182,CNLSN,HKHKG,CNFAN,CNNBO,CNZOS,CNGUA,CNFUN,CNJIN,CNHUA,CNTAI,CNDCB,CNTJN,MYPKE,MYPAG,CNYSN,CNWGQ,CNCJK,CNJIT,CNYZH,CNNSA,CNDSN,CNYTN,CNJIA,CNLYG,CNYAN,AUESP,CNMEZ,CNDAL,CNYPG,CNZZU,TWKAO,CNZJG,AUFRE,CNDJK,CNBYQ,MYPEN,CNSDG,CNMWN,CNCGM,CNXIA,CNRIZ,CNSHE,SGSGP,TWTAP,CNZHA,CNQUA,CNZHE,CNDDG,CNQIZ,CNQHD,CNBAO,CNQIN,CNCFD,CNGLA,CNWEI,JPKAW,KRPOH,KRGWA,KRDAN,JPFUK,JPOIT,JPKIS,JPSKI,KRULS,KRINC,JPNAG,JPCBA,JPYOK,KRBUS,JPMIZ,JPKMA,KRYOS,JPOSK,AUGLE,AUMEL,AUNTL,AUADE,AUBRI"
OFFFNCOKK,"USSEA,CAPRR,USLSA,CAVCR,USOAK,MXLCS,MXMAN,PECAL,PABAL,ECGYL,USSAV,USNYK,COBUE,CLSAN,CLTAL,UYULA,BRTUB,BRPAR,BRRDJ,UYMON,BRIOA,BRSTS,BRIJI,BRITA,BRRGR,GBSOU,FRLEH,BEZEE,SIKOP,ITGOA,DEHAM,MTMAL,ESCAR,BEANT,PLGDA,ESGIJ,NLROT,TRYAR,EGSOK,JOAQA,ROCON,EGALE,SAJUB,SADMA,SAJED,KWMAA,AEJAL,AEABU,OMSOH,AEFUJ,PKQAS,PKKAR,INNSA,INCHN,LKCOL,INKNP,INMUN,INKUP,THLCB,VNHPG,VNCAM,CNHUI,CNPAN,MY3182,CNLSN,HKHKG,CNFAN,CNNBO,CNZOS,CNGUA,CNFUN,CNJIN,CNHUA,CNTAI,CNDCB,CNTJN,MYPKE,MYPAG,CNYSN,CNWGQ,CNCJK,CNJIT,CNYZH,CNNSA,CNDSN,CNYTN,CNJIA,CNLYG,CNYAN,AUESP,CNMEZ,CNDAL,CNYPG,CNZZU,TWKAO,CNZJG,AUFRE,CNDJK,CNBYQ,MYPEN,CNSDG,CNMWN,CNCGM,CNXIA,CNRIZ,CNSHE,SGSGP,TWTAP,CNZHA,CNQUA,CNZHE,CNDDG,CNQIZ,CNQHD,CNBAO,CNQIN,CNCFD,CNGLA,CNWEI,JPKAW,KRPOH,KRGWA,KRDAN,JPFUK,JPOIT,JPKIS,JPSKI,KRULS,KRINC,JPNAG,JPCBA,JPYOK,KRBUS,JPMIZ,JPKMA,KRYOS,JPOSK,AUGLE,AUMEL,AUNTL,AUADE,AUBRI"
OFFCYRYKK,"USLGB,USLSA,USNFK,USSAV,USNYK,BRPDM,GBLGP,MATAN,FRLEH,BEZEE,FRFOS,ITGOA,DEHAM,BEANT,PLGDA,ESVAL,NLROT,EGSOK,GRPIR,JOAQA,SADMA,QAHMD,SAJED,AEJAL,OMSOH,AEKHA,PKKAR,INNSA,INMUN,VNCMP,HKHKG,CNNBO,CNZOS,CNFUN,CNTJN,MYPKE,CNYSN,CNJIT,CNNSA,CNYTN,CNLYG,CNMEZ,CNDAL,TWKAO,CNSLH,CNDJK,CNXIA,CNSHE,SGSGP,TWTAP,CNQIN,KRGWA"
RFCCNAKKK,"BRPDM,XZKMN,SAJUT,QAASN,SARTA,KWMAA,IQMAB,AERUW,OMMAF,AEZUR,AEFUJ,MMMIO,CNHUI,CNLSN,CNNBO,CNZOS,CNJIN,CNTJN,CNYAN,CNMEZ,CNDAL,CNYPG,TWKAO,CNSLH,CNDJK,CNSDG,SGSGP,CNZHA,CNQIZ,CNQIN,CNCFD,KRGWA,JPKII,JPSKI,JPCBA"
OACOFRKAK,"USLSA,CAVCR,USOAK,GTPQL,MXLCS,MXMAN,PECAL,PABAL,ECGYL,USNPN,USSAV,USNYK,COBUE,CLTAL,UYULA,BRPEC,BRTUB,BRPDM,BRPAR,BRRDJ,UYMON,BRSTS,BRITA,BRRGR,GBSOU,FRLEH,BEZEE,NLAMS,SIKOP,ITGOA,DEHAM,ESBAR,MTMAL,ESCAR,BEANT,PLGDA,ESGIJ,NLROT,TRMER,ZACPT,TRYAR,GRELE,GRAGT,TRALI,ZARIB,EGPSA,JOAQA,ROCON,EGALE,EGDAM,SAJUB,BHBAH,KEMOM,SADMA,QAUMS,SAJED,SAYAN,KWMAA,AEJAL,AEABU,AERUW,OMSOH,AEFUJ,RUULG,PKQAS,PKKAR,INCHN,INKNP,INMUN,INVIS,THLCB,THKSI,VNHPG,VNCAM,VNSOD,CNHUI,CNPAN,CNTAZ,MY3182,CNLSN,HKHKG,AUGER,CNNTG,CNFAN,CNNBO,CNPYU,CNZOS,CNGUA,CNFUN,CNJIN,CNHUA,CNTAI,CNDCB,CN9862,CNTJN,MYPKE,MYPAG,IDBAH,CNSTO,CNYSN,CNWGQ,CNCJK,CNJIT,CN9873,CNYZH,CNNSA,CNDSN,CNLAZ,CNYTN,CNJIA,CN1087,CNLYG,CNYAN,AUESP,CNCHS,CNMEZ,CNDAL,CNYPG,CNRUG,CNZZU,CNSWE,TWKAO,CNZJG,CNSLH,AUFRE,CNDJK,CNBYQ,CNLKU,MYTBS,CNSDG,MYTPP,CNMWN,CNCGM,CNXIA,CNBHI,TWMAI,CNRIZ,CNSHE,SGSGP,MY2243,CNJIJ,TWTAP,CNZHA,CNQUA,CNZHE,CNDDG,CNWEN,CNCHZ,CNQIZ,CNLYW,CNQHD,CNBAO,CNQIN,CNCFD,CNNJG,CNGLA,MYPGG,CNWEI,IDSAM,CNMJS,JPKAW,KRPOH,KRGWA,KRDAN,JPFUK,JPOIT,JPKIS,JPSKI,KRULS,KRINC,JPNAG,JPCBA,JPYOK,KRPYT,KRBUS,JPMIZ,JPKMA,KRYOS,JPOSK,AUGLE,AUMEL,AUNTL,AUADE,AUBRI,AUHAY,RUNJK"
OFFSNSSKK,"USLGB,CAPRR,USLSA,CAVCR,CANWE,USNFK,USSAV,USNYK,BRPDM,GBLGP,MATAN,FRLEH,BEZEE,FRFOS,ITGOA,DEHAM,BEANT,PLGDA,ESVAL,NLROT,EGSOK,GRPIR,JOAQA,SADMA,QAHMD,SAJED,SARTA,KWMAA,IQMAB,AEJAL,AERUW,OMSOH,AEKHA,AEFUJ,PKKAR,INNSA,INMUN,VNCMP,CNHUI,MY3182,CNLSN,HKHKG,CNFAN,CNNBO,CNZOS,CNFUN,CNJIN,CNHUA,CNTAI,CNTJN,MYPKE,CNYSN,CNJIT,CNNSA,CNYTN,MY3173,CNJIA,CNLYG,CNYAN,CNMEZ,CNDAL,CNYPG,TWKAO,CNSLH,CNDJK,CNBYQ,CNSDG,AUPHE,CNXIA,CNRIZ,CNSHE,SGSGP,TWTAP,CNZHA,CNDDG,CNQIZ,CNLYW,CNQIN,CNCFD,CNMJS,KRPOH,KRGWA,JPFUK,JPKII,JPKIS,JPSKI,KRULS,KRINC,JPNAG,JPCBA,JPMIZ,JPKMA,KRYOS,AUNTL,AUHAY"
OACAFGKKK,"USSEA,USLSA,CAVCR,USOAK,MXLCS,MXMAN,PECAL,PABAL,USNPN,USSAV,USCHA,USNYK,COBUE,CLSAN,CLTAL,UYULA,BRPEC,BRTUB,BRPDM,ARBNA,BRPAR,BRRDJ,UYMON,BRSTS,BRITA,BRRGR,GBSOU,FRLEH,BEZEE,FRFOS,NLAMS,SIKOP,ITGOA,DEHAM,ESBAR,MTMAL,ESCAR,BEANT,PLGDA,ESGIJ,NLROT,TRMER,ZACPT,TRYAR,GRELE,GRAGT,TRALI,ZARIB,EGPSA,UAODS,JOAQA,ROCON,EGALE,EGDAM,SAJUB,BHBAH,KEMOM,SADMA,QAUMS,SAJED,SAYAN,KWMAA,AEJAL,AEABU,AERUW,OMSOH,AEFUJ,RUULG,PKQAS,PKKAR,INMUN,THLCB,THKSI,VNHPG,VNCAM,VNSOD,CN9014,CNHUI,CNPAN,MY3182,CNLSN,HKHKG,AUGER,CNFAN,CNNBO,CNPYU,CNZOS,CNGUA,CNFUN,CNJIN,CNHUA,CNTAI,CN9862,CNTJN,MYPKE,MYPAG,IDBAH,CNSTO,CNYSN,CNWGQ,CNCJK,CNJIT,CN9873,CNYZH,CNNSA,CNDSN,CNLAZ,CNYTN,CNJIA,CN1087,CNLYG,CNYAN,AUESP,CNMEZ,CNDAL,CNYPG,CNRUG,CNZZU,CNSWE,TWKAO,CNZJG,CNSLH,CNDJK,CNBYQ,CNLKU,MYTBS,CNSDG,MYTPP,CNMWN,CNCGM,CNXIA,CN2039,CNBHI,TWMAI,CNRIZ,CNSHE,SGSGP,MY2243,TWTAP,CNZHA,CNQUA,CNZHE,CNDDG,CNWEN,CNQIZ,CNLYW,CNQHD,CNBAO,CNQIN,CNCFD,CNGLA,MYPGG,CNWEI,IDSAM,CNMJS,JPKAW,KRPOH,KRGWA,KRDAN,JPFUK,JPOIT,JPKIS,JPSKI,KRULS,KRINC,JPNAG,JPCBA,JPYOK,KRPYT,KRBUS,JPMIZ,JPKMA,KRYOS,AUGLE,AUNTL,AUBRI,AUHAY,RUNJK"
OFFCYRNKK,"USSEA,USLSA,CAVCR,USOAK,MXLCS,MXMAN,PECAL,PABAL,USSAV,USCHA,USNYK,COBUE,CLSAN,CLTAL,UYULA,BRTUB,BRPDM,ARBNA,BRPAR,BRRDJ,UYMON,BRSTS,BRITA,BRRGR,GBSOU,FRLEH,BEZEE,FRFOS,NLAMS,SIKOP,ITGOA,DEHAM,ESBAR,MTMAL,ESCAR,BEANT,PLGDA,ESGIJ,NLROT,TRMER,ZACPT,TRYAR,GRELE,GRAGT,TRALI,EGPSA,UAODS,JOAQA,ROCON,EGALE,EGDAM,SAJUB,BHBAH,KEMOM,SADMA,QAUMS,SAJED,SAYAN,QARAS,KWMAA,AEJAL,AEABU,AERUW,OMSOH,AEFUJ,RUULG,PKKAR,INMUN,THLCB,THKSI,VNHPG,VNCAM,CNHUI,CNPAN,MY3182,CNLSN,HKHKG,CNFAN,CNNBO,CNZOS,CNGUA,MY3177,CNFUN,CNJIN,CNHUA,CNTAI,CNTJN,MYPKE,MYPAG,CNYSN,CNWGQ,CNCJK,CNJIT,CNYZH,CNNSA,CNDSN,CNLAZ,CNYTN,CNJIA,CNLYG,CNYAN,AUESP,CNMEZ,CNDAL,CNYPG,TWKAO,CNZJG,CNSLH,CNDJK,CNBYQ,CNLKU,MYTBS,CNSDG,CNMWN,CNCGM,CNXIA,CN2039,TWMAI,CNRIZ,CNSHE,SGSGP,MY2243,TWTAP,CNZHA,CNZHE,CNDDG,CNQIZ,CNLYW,CNBAO,CNQIN,CNCFD,CNGLA,MYPGG,CNMJS,JPKAW,KRPOH,KRGWA,KRDAN,JPFUK,JPOIT,JPKIS,JPSKI,KRULS,KRINC,JPNAG,JPCBA,JPYOK,KRPYT,KRBUS,JPMIZ,JPKMA,KRYOS,AUGLE,AUAPT,AUNTL,AUBRI,AUHAY,RUNJK"
OFFCAYSKK,"CNNBO,CNZOS,CNDAL"
OAOCFGKKK,"FRLEH,DEHAM,BEANT,NLROT,CNHUI,HKHKG,CNNBO,CNZOS,CNGUA,CNFUN,CNJIN,CNTJN,CNYSN,CNWGQ,CNCJK,CNJIT,CNLYG,CNYAN,CNMEZ,CNDAL,CNYPG,TWKAO,CNDJK,CNSHS,CNSDG,CNXIA,SGSGP,CNZHA,CNQIZ,CNQIN,KRGWA,KRULS"
OAROYOYOK,"USLUA,USNYK,UYULA,CLMEJ,GBBEL,PTLXS,IEDUB,FRLEH,ESHUE,ITTAR,ESTAR,DZDJE,DEHAM,FRROU,MTMAL,BEANT,ESGIJ,NLROT,TRGEB,TRYAR,GRAGT,LTKLJ,EGALE,THLCB,IDCXP,IDJAK,VNHCM,VNHPG,VNQUN,THRAY,CNHUM,CNCJN,CNHUI,CNCZH,CNNTG,CNFAN,CNYJG,CNNBO,CNZOS,CNGUA,CNFUN,CNJIN,CNHKO,CNHPU,CNDYI,CNTAI,CNTJN,MYPKE,MYPAG,CNSTO,CNYSN,CNWGQ,CNCJK,CNSHA,CNDSN,CNTAX,CNFUZ,CNJIA,TWHLN,CNLYG,CNYAN,CNWEF,CNCHS,CNMEZ,CNDAL,CNYPG,CNRUG,CNZZU,TWKAO,CNZJG,AUFRE,CNBAS,CNDJK,CNBYQ,CNYIZ,CNSHS,CNSDG,CNCGM,CNXIA,CNBHI,PHBAT,TWMAI,CNRIZ,SGSGP,TWTCH,CNJIJ,CNZHA,CNZPU,CNQUA,CNZHE,CNWEN,CNCHZ,CNQIZ,CNBAO,CNQIN,CNNJG,CNGLA,CNDNG,CNWEI,CNNDE,KRPOH,JPKOB,KRGWA,KRDAN,JPFUK,JPKIS,JPSKI,JPTOK,KRULS,JPNAG,JPYOK,KRPYT,JPMIZ,JPOSK,AUADE,AUGEE"
OFFFACOKK,"CNNBO,CNTJN,CNDAL,SGSGP,CNQIN,KRGWA"
OFFYGRCKK,"BRPDM,SARTA,KWMAA,IQMAB,AERUW,OMSOH,AEFUJ,CNHUI,MY3182,CNLSN,CNNBO,CNZOS,CNJIN,CNTJN,CNJIT,MY3173,CNLYG,CNYAN,CNMEZ,CNDAL,CNYPG,TWKAO,CNSLH,CNDJK,CNSDG,AUPHE,CNRIZ,SGSGP,CNZHA,CNQIZ,CNQIN,CNCFD,CNMJS,KRGWA,JPKII,JPSKI,KRULS,KRINC,JPCBA,KRYOS"
OFFKSYRKK,"USLSA,CAVCR,USOAK,GTSTC,USBEA,USBTR,MXLCS,USLUA,MXMAN,PECAL,ECGYL,USNYK,COBAR,COBUE,UYULA,BRVIT,BRRDJ,UYMON,BRSTS,BRRGR,GBBEL,PTLXS,MACAS,GBSOU,GHTEM,GNCON,IEDUB,CIABI,FRLEH,BEZEE,NLAMS,SIKOP,ITGOA,NLVSG,ESHUE,ITTAR,ESTAR,DZDJE,DEHAM,ITRAV,FRROU,MTMAL,BEANT,PLGDA,ESSAN,ESGIJ,NLROT,ESSAG,ESBIL,TRGEB,LVRIX,TRYAR,ZADUR,GRAGT,TRLMA,TRDER,ZARIB,JOAQA,LTKLJ,FIKOT,ROCON,ZAPLZ,UACHO,EGALE,SAJUB,BHBAH,KEMOM,TZDRS,SADMA,QAUMS,SAJED,SAYAN,KWMAA,AEJAL,AEABU,AERAK,RUSPG,OMSOH,AEFUJ,PKQAS,PKKAR,INKAN,INKNP,INMUN,THLCB,VNPHU,VNNGH,IDJAK,VNHCM,VNHPG,VNCAM,VNQUN,IDSUR,CNHUM,CNCJN,CNHUI,CNCZH,CNPAN,CNSHD,CNLSN,HKHKG,AUGER,CNNTG,CNFAN,CNDAF,CNYJG,CNNBO,CNPYU,CNZOS,CNGUA,CNFUN,CNJIN,CNHKO,CNHPU,CNDYI,CNHUA,CNTAI,CNDCB,CNTJN,MYKUA,MYPKE,MYPAG,IDBAH,CNSTO,CNYSN,CNWGQ,CNCJK,CNJIT,CN9873,CNYZH,CNNSA,CNDSN,CNTAX,CNLAZ,CNFUZ,CNYTN,CNJIA,CN1087,TWHLN,CNLYG,CNYAN,TWKEE,AUESP,CNCHS,CNMEZ,CNDAL,CNYPG,CNRUG,CNZZU,TWKAO,CNZJG,AUFRE,CNBAS,CNSIZ,CNDJK,CNBYQ,CNLKU,CNSDG,MYTPP,CNPLI,CNCGM,CNXIA,CNBHI,TWMAI,CNRIZ,CNSHE,SGSGP,TWTCH,MY2243,CNJIJ,CNZHA,CNZPU,CNQUA,CNZHE,CNDDG,CNWEN,CNCHZ,CNQIZ,CNQHD,CNBAO,CNQIN,CNLVS,CNCFD,CNNJG,CNGLA,CNDNG,CNWEI,IDSAM,CNNDE,KRPOH,KRKUN,KRGWA,JPHIB,KRDAN,JPFUK,JPOIT,JPKIS,JPSKI,JPTOK,KRULS,KRINC,JPNAG,JPYOK,KRPYT,KRBUS,JPMIZ,JPKMA,JPOSK,AUGLE,AUMEL,AUNTL,AUPKE,AUADE,AUBRI,AUBNE,NZAKL,NZTAU,NZNAP"
OACYKKKKK,"USLUA,GBBEL,PTLXS,IEDUB,FRLEH,ESHUE,ITTAR,ESTAR,DZDJE,DEHAM,FRROU,BEANT,ESGIJ,NLROT,TRGEB,TRYAR,LTKLJ,EGALE,VNHPG,THRAY,CNHUM,CNCJN,CNHUI,CNCZH,CNNTG,CNFAN,CNYJG,CNNBO,CNZOS,CNGUA,CNFUN,CNJIN,CNHKO,CNHPU,CNDYI,CNTJN,CNSTO,CNWGQ,CNCJK,CNJIT,CNSHA,CNDSN,CNTAX,CNFUZ,CNJIA,CNLYG,CNYAN,CNWEF,CNCHS,CNMEZ,CNDAL,CNYPG,CNZZU,TWKAO,AUFRE,CNBAS,CNDJK,CNBYQ,CNYIZ,CNSDG,CNXIA,CNBHI,SGSGP,CNJIJ,CNZHA,CNZPU,CNQUA,CNZHE,CNWEN,CNCHZ,CNQIZ,CNQHD,CNQIN,CNNJG,CNDNG,CNWEI,KRGWA,KRDAN,KRULS,AUADE,AUGEE"
OFFRGKSKK,"USSEA,USLGB,CAPRR,USLSA,CAVCR,USOAK,MXESE,MXMAN,PECAL,PABAL,USSAV,USCHA,USNYK,COBUE,CLSAN,CLLIR,BRPDM,GBLGP,MATAN,FRLEH,BEZEE,FRFOS,SIKOP,ITGOA,DEHAM,ESBAR,MTMAL,BEANT,PLGDA,ESVAL,NLROT,TRMER,TRISK,TRYAR,EGSOK,TRALI,TRIST,GRPIR,EGPSA,JOAQA,EGDAM,SAJUB,SADMA,QAHMD,SAJED,AEJAL,OMSOH,AEKHA,PKKAR,INNSA,LKCOL,INMUN,VNCMP,THLCB,VNHPG,HKHKG,CNNBO,CNZOS,CNFUN,CNTJN,MYPKE,CNYSN,CNWGQ,CNCJK,CNJIT,CNNSA,CNYTN,CNLYG,CNMEZ,CNDAL,TWKAO,CNSLH,CNDJK,CNMWN,CNXIA,CNSHE,SGSGP,TWTAP,CNQIN,KRGWA,KRBUS"
OFFGOSGKK,"USLSA,CAVCR,USOAK,GTPQL,MXLCS,MXMAN,PECAL,PABAL,ECGYL,USNPN,USSAV,USNYK,COBUE,CLSAN,CLTAL,UYULA,BRPEC,BRTUB,BRPDM,ARBNA,BRPAR,BRRDJ,UYMON,BRIOA,BRSTS,BRITA,BRRGR,GBSOU,FRLEH,BEZEE,NLAMS,SIKOP,ITGOA,DEHAM,ESBAR,MTMAL,ESCAR,BEANT,PLGDA,ESGIJ,NLROT,TRMER,ZACPT,TRYAR,GRELE,GRAGT,TRALI,ZARIB,EGPSA,JOAQA,ROCON,EGALE,EGDAM,SAJUB,BHBAH,KEMOM,SADMA,QAUMS,SAJED,SAYAN,KWMAA,AEJAL,AEABU,AERUW,OMSOH,AEFUJ,RUULG,PKQAS,PKKAR,INCHN,INKNP,INMUN,INVIS,THLCB,THKSI,VNHPG,VNCAM,VNSOD,CNHUI,CNPAN,CNTAZ,MY3182,CNLSN,HKHKG,AUGER,CNFAN,CNNBO,CNPYU,CNZOS,CNGUA,CNFUN,CNJIN,CNHUA,CNTAI,CNDCB,CN9862,CNTJN,MYPKE,MYPAG,IDBAH,CNSTO,CNYSN,CNWGQ,CNCJK,CNJIT,CN9873,CNYZH,CNNSA,CNDSN,CNLAZ,CNYTN,CNJIA,CN1087,CNLYG,CNYAN,AUESP,CNMEZ,CNDAL,CNYPG,CNRUG,CNZZU,CNSWE,TWKAO,CNZJG,CNSLH,AUFRE,CNDJK,CNBYQ,CNLKU,MYTBS,CNSDG,MYTPP,CNMWN,CNCGM,CNXIA,CNBHI,TWMAI,CNRIZ,CNSHE,SGSGP,MY2243,TWTAP,CNZHA,CNQUA,CNZHE,CNDDG,CNWEN,CNQIZ,CNLYW,CNQHD,CNBAO,CNQIN,CNCFD,CNGLA,MYPGG,CNWEI,IDSAM,CNMJS,JPKAW,KRPOH,KRGWA,KRDAN,JPFUK,JPOIT,JPKIS,JPSKI,KRULS,KRINC,JPNAG,JPCBA,JPYOK,KRPYT,KRBUS,JPMIZ,JPKMA,KRYOS,JPOSK,AUGLE,AUMEL,AUNTL,AUADE,AUBRI,AUHAY,RUNJK"
GRGKCKFNY,"USNYK,UYULA,FRLEH,DEHAM,MTMAL,BEANT,ESGIJ,NLROT,TRYAR,GRAGT,EGALE,VNHPG,CNHUI,CNFAN,CNNBO,CNZOS,CNGUA,CNFUN,CNJIN,CNTAI,CNTJN,CNSTO,CNYSN,CNWGQ,CNCJK,CNJIT,CNDSN,CNJIA,CNLYG,CNYAN,CNMEZ,CNDAL,CNYPG,CNRUG,CNZZU,TWKAO,CNZJG,CNDJK,CNBYQ,CNSDG,CNPLI,CNXIA,SGSGP,CNZHA,CNZHE,CNWEN,CNQIZ,CNQIN,CNGLA,KRGWA,KRDAN,KRULS,JPNAG"
RNGKFFKKK,"USSEA,USLSA,CAVCR,PABAL,USNFK,USSAV,USCHA,USNYK,BRTUB,BRPDM,BRITA,GBSOU,FRLEH,BEZEE,FRFOS,ITGOA,DEHAM,MTMAL,ESCAR,BEANT,PLGDA,ESGIJ,NLROT,JOAQA,EGALE,SADMA,SAJED,QARAS,KWMAA,AEJAL,AEABU,AERUW,OMSOH,AEFUJ,PKKAR,INMUN,VNCAM,CNHUI,MY3182,CNLSN,HKHKG,CNFAN,CNNBO,CNZOS,CNGUA,CNFUN,CNJIN,AUCPN,CNHUA,CNTAI,CNTJN,MYPKE,CNYSN,CNWGQ,CNCJK,CNJIT,CNYZH,CNNSA,CNDSN,CNYTN,CNJIA,CNLYG,CNYAN,AUESP,CNMEZ,CNDAL,CNYPG,TWKAO,CNZJG,CNSLH,CNDJK,CNBYQ,CNSDG,CNCGM,AUPHE,CNXIA,CNRIZ,CNSHE,SGSGP,TWTAP,CNZHA,CNZHE,CNDDG,CNQIZ,CNLYW,CNBAO,CNQIN,CNCFD,CNGLA,CNMJS,JPKAW,KRPOH,KRGWA,KRDAN,JPFUK,JPOIT,JPKIS,JPSKI,KRULS,KRINC,JPNAG,JPCBA,KRBUS,JPMIZ,JPKMA,KRYOS,AUGLE,AUAPT,AUNTL,AUBRI,AUHAY"
OFFAASGKK,"USLGB,CAPRR,USLSA,CAVCR,CANWE,USNFK,USSAV,USNYK,BRPDM,GBLGP,MATAN,FRLEH,BEZEE,FRFOS,ITGOA,DEHAM,BEANT,PLGDA,ESVAL,NLROT,EGSOK,GRPIR,JOAQA,SADMA,QAHMD,SAJED,SARTA,KWMAA,IQMAB,AEJAL,AERUW,OMSOH,AEKHA,AEFUJ,PKKAR,INNSA,INMUN,VNCMP,CNHUI,MY3182,CNLSN,HKHKG,CNFAN,CNNBO,CNZOS,CNFUN,CNJIN,CNHUA,CNTAI,CNTJN,MYPKE,CNYSN,CNJIT,CNNSA,CNYTN,MY3173,CNJIA,CNLYG,CNYAN,CNMEZ,CNDAL,CNYPG,TWKAO,CNSLH,CNDJK,CNBYQ,CNSDG,AUPHE,CNXIA,CNRIZ,CNSHE,SGSGP,TWTAP,CNZHA,CNDDG,CNQIZ,CNLYW,CNQIN,CNCFD,CNMJS,KRPOH,KRGWA,JPFUK,JPKII,JPKIS,JPSKI,KRULS,KRINC,JPNAG,JPCBA,JPMIZ,JPKMA,KRYOS,AUNTL,AUHAY"
OFFFRKAKK,"USSAC,USLSA,CAVCR,USOAK,GTSTC,USBEA,USBTR,USLUA,MXMAN,PECAL,ECGYL,USNYK,COBUE,UYULA,BRVIT,BRRDJ,UYMON,BRSTS,BRRGR,GBBEL,PTLXS,MACAS,GHTEM,GNCON,IEDUB,FRLEH,BEZEE,SIKOP,ITGOA,NLVSG,ESHUE,ITTAR,ESTAR,DZDJE,DEHAM,ITRAV,ESAVI,FRROU,MTMAL,BEANT,PLGDA,ESSAN,ESGIJ,NLROT,ESBIL,TRGEB,LVRIX,TRYAR,ZADUR,GRAGT,TRLMA,TRDER,ZARIB,JOAQA,LTKLJ,FIKOT,ROCON,ZAPLZ,UACHO,EGALE,BHBAH,KEMOM,TZDRS,SADMA,SAJED,SAYAN,KWMAA,AEJAL,AEABU,AERAK,RUSPG,OMSOH,AEFUJ,PKQAS,PKKAR,INKAN,INKNP,INMUN,THLCB,IDCXP,VNNGH,IDJAK,VNHCM,VNHPG,VNCAM,IDGRE,VNQUN,THRAY,IDSUR,CNHUM,CNCJN,CNHUI,CNCZH,CNLSN,HKHKG,AUGER,CNNTG,CNFAN,CNDAF,CNYJG,CNNBO,CNZOS,CNGUA,CNFUN,CNJIN,CNHKO,CNHPU,CNDYI,CNHUA,CNTAI,CNTJN,MYPKE,MYPAG,IDBAH,CNSTO,CNYSN,CNWGQ,CNCJK,CNJIT,CNYZH,CNSHA,CNNSA,CNDSN,CNTAX,CNLAZ,CNFUZ,CNJIA,TWHLN,CNLYG,CNYAN,CNWEF,CNCHS,CNMEZ,CNDAL,CNYPG,CNRUG,CNZZU,TWKAO,CNZJG,AUFRE,CNBAS,CNDJK,IDMUS,CNBYQ,CNLKU,CNYIZ,CNSDG,AUBUN,CNPLI,CNCGM,CNXIA,CNBHI,PHBAT,TWMAI,CNRIZ,SGSGP,TWTCH,CNJIJ,CNZHA,CNZPU,CNQUA,CNZHE,CNDDG,CNWEN,CNCHZ,CNQIZ,CNQHD,CNBAO,CNQIN,CNLVS,CNCFD,CNNJG,CNGLA,CNDNG,CNWEI,IDSAM,CNNDE,KRPOH,KRKUN,KRGWA,JPHIB,KRDAN,JPFUK,JPOIT,JPKIS,JPHHR,JPSKI,JPTOK,KRULS,KRINC,JPNAG,JPYOK,KRPYT,KRBUS,JPMIZ,JPKMA,JPOSK,AUGLE,AUMEL,AUNTL,AUPKE,AUADE,AUBRI,AUBNE,AUGEE,NZAKL,NZTAU,NZNAP"
OAOANCKKK,"USSEA,USLSA,CAVCR,USOAK,MXLCS,MXMAN,PECAL,PABAL,USSAV,USCHA,USNYK,COBUE,CLSAN,CLTAL,UYULA,BRTUB,BRPDM,ARBNA,BRPAR,BRRDJ,UYMON,BRSTS,BRITA,BRRGR,GBSOU,FRLEH,BEZEE,FRFOS,NLAMS,SIKOP,ITGOA,DEHAM,ESBAR,MTMAL,ESCAR,BEANT,PLGDA,ESGIJ,NLROT,TRMER,ZACPT,TRYAR,GRELE,GRAGT,TRALI,EGPSA,UAODS,JOAQA,ROCON,EGALE,EGDAM,SAJUB,BHBAH,KEMOM,SADMA,QAUMS,SAJED,SAYAN,QARAS,KWMAA,AEJAL,AEABU,AERUW,OMSOH,AEFUJ,RUULG,PKKAR,INMUN,THLCB,THKSI,VNHPG,VNCAM,CNHUI,CNPAN,MY3182,CNLSN,HKHKG,CNFAN,CNNBO,CNZOS,CNGUA,MY3177,CNFUN,CNJIN,CNHUA,CNTAI,CNTJN,MYPKE,MYPAG,CNYSN,CNWGQ,CNCJK,CNJIT,CNYZH,CNNSA,CNDSN,CNYTN,CNJIA,CNLYG,CNYAN,AUESP,CNMEZ,CNDAL,CNYPG,TWKAO,CNZJG,CNSLH,CNDJK,CNBYQ,CNLKU,MYTBS,CNSDG,CNMWN,CNCGM,CNXIA,CN2039,TWMAI,CNRIZ,CNSHE,SGSGP,MY2243,TWTAP,CNZHA,CNZHE,CNDDG,CNQIZ,CNLYW,CNBAO,CNQIN,CNCFD,CNGLA,MYPGG,CNMJS,JPKAW,KRPOH,KRGWA,KRDAN,JPFUK,JPOIT,JPKIS,JPSKI,KRULS,KRINC,JPNAG,JPCBA,JPYOK,KRPYT,KRBUS,JPMIZ,JPKMA,KRYOS,AUGLE,AUAPT,AUNTL,AUBRI,AUHAY,RUNJK"
OARCGAOFK,"USLSA,CAVCR,USOAK,MXLCS,MXMAN,PECAL,ECGYL,USNYK,COBUE,CLTAL,UYULA,BRPEC,BRTUB,BRPAR,BRRDJ,UYMON,BRSTS,BRRGR,GBSOU,FRLEH,BEZEE,NLAMS,SIKOP,ITGOA,DEHAM,MTMAL,ESCAR,BEANT,PLGDA,ESGIJ,NLROT,TRYAR,GRAGT,ZARIB,JOAQA,ROCON,EGALE,SAJUB,BHBAH,KEMOM,SADMA,QAUMS,SAJED,SAYAN,KWMAA,AEJAL,AEABU,OMSOH,AEFUJ,PKQAS,PKKAR,INKNP,INMUN,THLCB,THKSI,VNHPG,VNCAM,CNHUI,CNPAN,CNTAZ,CNLSN,HKHKG,AUGER,CNNTG,CNFAN,CNNBO,CNPYU,CNZOS,CNGUA,CNFUN,CNJIN,CNHUA,CNTAI,CNDCB,CNTJN,MYPKE,MYPAG,IDBAH,CNSTO,CNYSN,CNWGQ,CNCJK,CNJIT,CN9873,CNYZH,CNNSA,CNDSN,CNLAZ,CNYTN,CNJIA,CN1087,CNLYG,CNYAN,AUESP,CNCHS,CNMEZ,CNDAL,CNYPG,CNRUG,CNZZU,TWKAO,CNZJG,AUFRE,CNDJK,CNBYQ,CNLKU,CNSDG,MYTPP,CNPLI,CNCGM,CNXIA,CNBHI,TWMAI,CNRIZ,CNSHE,SGSGP,MY2243,CNJIJ,TWTAP,CNZHA,CNQUA,CNZHE,CNDDG,CNWEN,CNCHZ,CNQIZ,CNQHD,CNBAO,CNQIN,CNCFD,CNNJG,CNGLA,CNWEI,IDSAM,JPKAW,KRPOH,KRGWA,KRDAN,JPFUK,JPOIT,JPKIS,JPSKI,KRULS,KRINC,JPNAG,JPCBA,JPYOK,KRPYT,KRBUS,JPMIZ,JPKMA,JPOSK,AUGLE,AUMEL,AUNTL,AUADE,AUBRI"
OAROFAKNK,"USLUA,USNYK,UYULA,CLMEJ,BRSTS,GBBEL,PTLXS,IEDUB,FRLEH,ESHUE,ITTAR,ESTAR,DZDJE,DEHAM,FRROU,MTMAL,BEANT,ESGIJ,NLROT,TRGEB,TRYAR,ZADUR,GRAGT,TRDER,JOAQA,LTKLJ,ROCON,EGALE,SADMA,SAJED,SAYAN,AEJAL,AEABU,RUSPG,PKQAS,INKAK,THLCB,IDCXP,IDJAK,VNHCM,VNHPG,VNQUN,THRAY,CNHUM,CNCJN,CNHUI,CNCZH,HKHKG,CNNTG,CNFAN,CNYJG,CNNBO,CNZOS,CNGUA,CNFUN,CNJIN,CNHKO,CNHPU,CNDYI,CNTAI,CNTJN,MYPKE,MYPAG,CNSTO,CNYSN,CNWGQ,CNCJK,CNJIT,CNYZH,CNSHA,CNNSA,CNDSN,CNTAX,CNFUZ,CNJIA,TWHLN,CNLYG,CNYAN,CNWEF,CNCHS,CNMEZ,CNDAL,CNYPG,CNRUG,CNZZU,TWKAO,CNZJG,AUFRE,CNBAS,CNDJK,CNBYQ,CNYIZ,CNSHS,CNSDG,CNCGM,CNXIA,CNBHI,PHBAT,TWMAI,CNRIZ,SGSGP,TWTCH,CNJIJ,CNZHA,CNZPU,CNQUA,CNZHE,CNWEN,CNCHZ,CNQIZ,CNQHD,CNBAO,CNQIN,CNLVS,CNCFD,CNNJG,CNGLA,CNDNG,CNWEI,CNNDE,KRPOH,KRGWA,KRDAN,JPFUK,JPKIS,JPHHR,JPSKI,JPTOK,KRULS,KRINC,JPNAG,JPYOK,KRPYT,KRBUS,JPMIZ,JPMOJ,JPKMA,JPOSK,AUMEL,AUNTL,AUPKE,AUWHY,AUADE,AUPLD,AUGEE,NZNAP"
OFFKCFNKK,"CAVCR,MXLCS,USLUA,MXMAN,PECAL,ECGYL,USNYK,COBUE,UYULA,BRVIT,BRRDJ,UYMON,BRSTS,BRRGR,GBBEL,PTLXS,MACAS,GHTEM,PTSBL,GNCON,IEDUB,CIABI,FRLEH,BEZEE,SIKOP,ITGOA,NLVSG,ESHUE,ITTAR,ESTAR,DZDJE,DEHAM,ITRAV,FRROU,MTMAL,BEANT,PLGDA,ESGIJ,NLROT,ESSAG,ESBIL,TRGEB,LVRIX,TRYAR,ZADUR,GRAGT,TRLMA,TRDER,ZARIB,JOAQA,LTKLJ,FIKOT,ROCON,ZAPLZ,UACHO,EGALE,BHBAH,KEMOM,TZDRS,SADMA,SAJED,SAYAN,KWMAA,AEJAL,AEABU,AERAK,RUSPG,OMSOH,AEFUJ,PKQAS,PKKAR,BDCTG,INKAN,INKNP,INMUN,THLCB,IDCXP,VNPHU,VNNGH,IDJAK,VNHCM,VNHPG,VNCAM,VNQUN,THRAY,IDSUR,CNHUM,CNCJN,CNHUI,CNCZH,CNSHD,CNLSN,HKHKG,AUGER,CNNTG,CNFAN,CNDAF,CNYJG,CNNBO,CNZOS,CNGUA,CNFUN,CNJIN,CNHKO,CNHPU,CNDYI,CNHUA,CNTAI,CNDCB,CNTJN,MYKUA,MYPKE,MYPAG,IDBAH,CNSTO,CNYSN,CNWGQ,CNCJK,CNJIT,CNYZH,CNSHA,CNNSA,CNDSN,CNTAX,CNLAZ,CNFUZ,CNYTN,CNJIA,TWHLN,CNLYG,CNYAN,CNWEF,CNCHS,CNMEZ,CNDAL,CNYPG,CNRUG,CNZZU,TWKAO,CNZJG,AUFRE,CNBAS,CNDJK,CNBYQ,CNLKU,CNYIZ,CNSDG,CNPLI,CNCGM,CNXIA,CNBHI,PHBAT,TWMAI,CNRIZ,CNSHE,SGSGP,TWTCH,CNJIJ,CNZHA,CNZPU,CNQUA,CNZHE,CNDDG,CNWEN,CNCHZ,CNQIZ,CNQHD,CNBAO,CNQIN,CNLVS,CNCFD,CNNJG,CNGLA,CNDNG,CNWEI,IDSAM,CNNDE,KRPOH,KRKUN,KRGWA,JPHIB,KRDAN,JPFUK,JPOIT,JPKIS,JPHHR,JPSKI,JPTOK,KRULS,KRINC,JPNAG,JPYOK,KRPYT,KRBUS,JPMIZ,JPKMA,JPOSK,AUTOW,AUGLE,AUMEL,AUNTL,AUPKE,AUADE,AUBRI,AUGEE,NZAKL,NZTAU,NZNAP"
OARAAAKKK,"USSEA,USLSA,CAVCR,USOAK,MXLCS,MXMAN,PECAL,PABAL,USNPN,USSAV,USCHA,USNYK,COBUE,CLSAN,CLTAL,UYULA,BRPEC,BRTUB,BRPDM,ARBNA,BRPAR,BRRDJ,UYMON,BRSTS,BRITA,BRRGR,GBSOU,FRLEH,BEZEE,FRFOS,NLAMS,SIKOP,ITGOA,DEHAM,ESBAR,MTMAL,ESCAR,BEANT,PLGDA,ESGIJ,NLROT,TRMER,ZACPT,TRYAR,GRELE,GRAGT,TRALI,ZARIB,EGPSA,UAODS,JOAQA,ROCON,EGALE,EGDAM,SAJUB,BHBAH,KEMOM,SADMA,QAUMS,SAJED,SAYAN,KWMAA,AEJAL,AEABU,AERUW,OMSOH,AEFUJ,RUULG,PKQAS,PKKAR,INMUN,THLCB,THKSI,VNHPG,VNCAM,VNSOD,CN9014,CNHUI,CNPAN,MY3182,CNLSN,HKHKG,AUGER,CNFAN,CNNBO,CNPYU,CNZOS,CNGUA,CNFUN,CNJIN,CNHUA,CNTAI,CN9862,CNTJN,MYPKE,MYPAG,IDBAH,CNSTO,CNYSN,CNWGQ,CNCJK,CNJIT,CN9873,CNYZH,CNNSA,CNDSN,CNLAZ,CNYTN,CNJIA,CN1087,CNLYG,CNYAN,AUESP,CNMEZ,CNDAL,CNYPG,CNRUG,CNZZU,CNSWE,TWKAO,CNZJG,CNSLH,CNDJK,CNBYQ,CNLKU,MYTBS,CNSDG,MYTPP,CNMWN,CNCGM,CNXIA,CN2039,CNBHI,TWMAI,CNRIZ,CNSHE,SGSGP,MY2243,TWTAP,CNZHA,CNQUA,CNZHE,CNDDG,CNWEN,CNQIZ,CNLYW,CNQHD,CNBAO,CNQIN,CNCFD,CNGLA,MYPGG,CNWEI,IDSAM,CNMJS,JPKAW,KRPOH,KRGWA,KRDAN,JPFUK,JPOIT,JPKIS,JPSKI,KRULS,KRINC,JPNAG,JPCBA,JPYOK,KRPYT,KRBUS,JPMIZ,JPKMA,KRYOS,AUGLE,AUNTL,AUBRI,AUHAY,RUNJK"
OAORKRKKK,"USSEA,CAPRR,USLSA,CAVCR,USOAK,MXESE,CANWE,GTPQL,MXLCS,MXMAN,PECAL,PABAL,ECGYL,USSAV,USCHA,USNYK,COBUE,CLSAN,CLTAL,UYULA,CLLIR,BRTUB,BRPDM,ARBNA,BRPAR,BRRDJ,UYMON,BRIOA,BRSTS,BRIJI,BRITA,BRRGR,GBSOU,FRLEH,BEZEE,SIKOP,ITGOA,DEBHN,DEHAM,ESBAR,MTMAL,BEANT,PLGDA,ESGIJ,NLROT,TRMER,TRYAR,EGSOK,TRALI,EGPSA,UAODS,JOAQA,ROCON,EGALE,EGDAM,SAJUB,SADMA,SAJED,KWMAA,AEJAL,AEABU,AERUW,OMSOH,AEKHA,AEFUJ,PKQAS,PKKAR,INNSA,INCHN,LKCOL,INKNP,INMUN,INVIS,INKUP,THLCB,VNHPG,VNCAM,CNHUI,MY3182,CNLSN,HKHKG,CNFAN,CNNBO,CNZOS,CNGUA,CNFUN,CNJIN,CNHUA,CNTAI,CNDCB,CNTJN,MYPKE,CNYSN,CNWGQ,CNCJK,CNJIT,CNYZH,CNNSA,CNYTN,CNJIA,CNLYG,CNYAN,AUESP,CNMEZ,CNDAL,CNYPG,TWKAO,CNZJG,CNSLH,AUFRE,CNDJK,CNBYQ,CNSDG,CNMWN,CNCGM,CNXIA,CNRIZ,CNSHE,SGSGP,TWTAP,CNZHA,CNZHE,CNDDG,CNQIZ,CNLYW,CNBAO,CNQIN,CNCFD,CNWEI,CNMJS,JPKAW,KRPOH,KRGWA,KRDAN,JPFUK,JPOIT,JPKIS,JPSKI,KRULS,KRINC,JPNAG,JPCBA,JPYOK,KRBUS,JPMIZ,JPKMA,KRYOS,JPOSK,AUGLE,AUMEL,AUNTL,AUBRI,AUSYD,AUHAY"
OAORGKKKK,"USLSA,CAVCR,USOAK,MXLCS,MXMAN,PECAL,PABAL,USNPN,USSAV,USCHA,USNYK,COBUE,CLSAN,CLTAL,UYULA,BRPEC,BRTUB,BRPDM,ARBNA,BRPAR,BRRDJ,UYMON,BRSTS,BRITA,BRRGR,GBSOU,FRLEH,BEZEE,NLAMS,SIKOP,ITGOA,DEHAM,ESBAR,MTMAL,ESCAR,BEANT,PLGDA,ESGIJ,NLROT,TRMER,ZACPT,TRYAR,GRELE,GRAGT,TRALI,ZARIB,EGPSA,UAODS,JOAQA,ROCON,EGALE,EGDAM,SAJUB,BHBAH,KEMOM,SADMA,QAUMS,SAJED,SAYAN,QARAS,KWMAA,AEJAL,AEABU,AERUW,OMSOH,AEFUJ,RUULG,PKQAS,PKKAR,INMUN,THLCB,THKSI,VNHPG,VNCAM,VNSOD,CNHUI,CNPAN,MY3182,CNLSN,HKHKG,AUGER,CNFAN,CNNBO,CNZOS,CNGUA,CNFUN,CNJIN,CNHUA,CNTAI,CNTJN,MYPKE,MYPAG,IDBAH,CNSTO,CNYSN,CNWGQ,CNCJK,CNJIT,CNYZH,CNNSA,CNDSN,CNYTN,CNJIA,CNLYG,CNYAN,AUESP,CNMEZ,CNDAL,CNYPG,CNRUG,CNZZU,CNSWE,TWKAO,CNZJG,CNSLH,CNDJK,CNBYQ,CNLKU,MYTBS,CNSDG,MYTPP,CNMWN,CNCGM,CNXIA,TWMAI,CNRIZ,CNSHE,SGSGP,MY2243,TWTAP,CNZHA,CNQUA,CNZHE,CNDDG,CNWEN,CNQIZ,CNLYW,CNBAO,CNQIN,CNCFD,CNGLA,MYPGG,CNWEI,IDSAM,CNMJS,JPKAW,KRPOH,KRGWA,KRDAN,JPFUK,JPOIT,JPKIS,JPSKI,KRULS,KRINC,JPNAG,JPCBA,JPYOK,KRPYT,KRBUS,JPMIZ,JPKMA,KRYOS,AUGLE,AUNTL,AUBRI,AUSYD,AUHAY,RUNJK"
OARAFYKKK,"USSEA,USLSA,CAVCR,USOAK,MXLCS,MXMAN,PECAL,PABAL,USSAV,USCHA,USNYK,COBUE,CLSAN,CLTAL,UYULA,BRTUB,BRPDM,ARBNA,BRPAR,BRRDJ,UYMON,BRSTS,BRITA,BRRGR,GBSOU,FRLEH,BEZEE,FRFOS,SIKOP,ITGOA,DEHAM,ESBAR,MTMAL,ESCAR,BEANT,PLGDA,ESGIJ,NLROT,TRMER,TRYAR,TRALI,EGPSA,UAODS,JOAQA,ROCON,EGALE,EGDAM,SAJUB,SADMA,SAJED,QARAS,KWMAA,AEJAL,AEABU,AERUW,OMSOH,AEFUJ,PKQAS,PKKAR,INMUN,THLCB,THKSI,VNHPG,VNCAM,CNHUI,CNPAN,MY3182,CNLSN,HKHKG,CNFAN,CNNBO,CNZOS,CNGUA,CNFUN,CNJIN,CNHUA,CNTAI,CNTJN,MYPKE,MYPAG,CNYSN,CNWGQ,CNCJK,CNJIT,CNYZH,CNNSA,CNDSN,CNYTN,CNJIA,CNLYG,CNYAN,AUESP,CNMEZ,CNDAL,CNYPG,TWKAO,CNZJG,CNSLH,CNDJK,CNBYQ,CNLKU,CN9878,CNSDG,CNMWN,CNCGM,CNXIA,CN2039,CNRIZ,CNSHE,SGSGP,MY2243,TWTAP,CNZHA,CNZHE,CNDDG,CNQIZ,CNLYW,CNQHD,CNBAO,CNQIN,CNCFD,CNGLA,CNWEI,CNMJS,JPKAW,KRPOH,KRGWA,KRDAN,JPFUK,JPOIT,JPKIS,JPSKI,KRULS,KRINC,JPNAG,JPCBA,JPYOK,KRPYT,KRBUS,JPMIZ,JPKMA,KRYOS,AUGLE,AUNTL,AUBRI,AUSYD,AUHAY,RUNJK"
OFFARYYKK,"BEZEE,DEHAM,BEANT,PLGDA,NLROT,GRPIR,SADMA,AEJAL,AEKHA,CNNBO,CNZOS,CNTJN,MYPKE,CNYSN,CNNSA,CNYTN,CNLYG,CNDAL,CNXIA,SGSGP,CNQIN,KRGWA"
OARAOOKKK,"USSEA,CAPRR,USLSA,CAVCR,USOAK,MXESE,MXLCS,MXMAN,PECAL,PABAL,ECGYL,USSAV,USNYK,COBUE,CLSAN,CLTAL,UYULA,CLLIR,BRTUB,BRPAR,BRRDJ,UYMON,BRIOA,BRSTS,BRIJI,BRITA,BRRGR,GBSOU,FRLEH,BEZEE,SIKOP,ITGOA,DEHAM,MTMAL,ESCAR,BEANT,PLGDA,ESGIJ,NLROT,TRYAR,EGSOK,JOAQA,ROCON,EGALE,SAJUB,SADMA,SAJED,KWMAA,AEJAL,AEABU,OMSOH,AEKHA,AEFUJ,PKQAS,PKKAR,INNSA,INCHN,LKCOL,INKNP,INMUN,INKUP,THLCB,VNHPG,VNCAM,CNHUI,MY3182,CNLSN,HKHKG,CNFAN,CNNBO,CNZOS,CNGUA,CNFUN,CNJIN,CNHUA,CNTAI,CNDCB,CNTJN,MYPKE,CNYSN,CNWGQ,CNCJK,CNJIT,CNYZH,CNNSA,CNDSN,CNYTN,CNJIA,CNLYG,CNYAN,AUESP,CNMEZ,CNDAL,CNYPG,TWKAO,CNZJG,AUFRE,CNDJK,CNBYQ,MYPEN,CNSDG,CNMWN,CNCGM,CNXIA,CNRIZ,CNSHE,SGSGP,TWTAP,CNZHA,CNQUA,CNZHE,CNDDG,CNQIZ,CNQHD,CNBAO,CNQIN,CNCFD,CNGLA,CNWEI,JPKAW,KRPOH,KRGWA,KRDAN,JPFUK,JPOIT,JPKIS,JPSKI,KRULS,KRINC,JPNAG,JPCBA,JPYOK,KRBUS,JPMIZ,JPKMA,KRYOS,JPOSK,AUGLE,AUMEL,AUNTL,AUADE,AUBRI"
OARRRRYRK,"USLUA,USNYK,UYULA,GBBEL,PTLXS,IEDUB,FRLEH,ESHUE,ITTAR,ESTAR,DZDJE,DEHAM,FRROU,MTMAL,BEANT,ESGIJ,NLROT,TRGEB,TRYAR,GRAGT,LTKLJ,EGALE,THLCB,IDCXP,IDJAK,VNHCM,VNHPG,VNQUN,THRAY,CNHUM,CNCJN,CNHUI,CNCZH,HKHKG,CNNTG,CNFAN,CNYJG,CNNBO,CNZOS,CNGUA,CNFUN,CNJIN,CNHKO,CNHPU,CNDYI,CNTAI,CNTJN,MYPKE,MYPAG,CNSTO,CNYSN,CNWGQ,CNCJK,CNJIT,CNSHA,CNNSA,CNDSN,CNTAX,CNFUZ,CNJIA,TWHLN,CNLYG,CNYAN,CNWEF,CNCHS,CNMEZ,CNDAL,CNYPG,CNRUG,CNZZU,TWKAO,CNZJG,AUFRE,CNBAS,CNDJK,CNBYQ,CNYIZ,CNSHS,CNSDG,CNCGM,CNXIA,CNBHI,PHBAT,TWMAI,CNRIZ,SGSGP,TWTCH,CNJIJ,CNZHA,CNZPU,CNQUA,CNZHE,CNWEN,CNCHZ,CNQIZ,CNQHD,CNBAO,CNQIN,CNNJG,CNGLA,CNDNG,CNWEI,CNNDE,KRPOH,KRGWA,KRDAN,JPFUK,JPKIS,JPSKI,JPTOK,KRULS,KRINC,JPNAG,JPYOK,KRPYT,KRBUS,JPMIZ,JPOSK,AUADE,AUGEE"
CRNKGSKCY,"USSEA,CAPRR,USLSA,CAVCR,USOAK,MXESE,MXLCS,MXMAN,PECAL,PABAL,USSAV,USCHA,USNYK,COBUE,CLSAN,CLTAL,UYULA,CLLIR,BRTUB,BRPDM,ARBNA,BRPAR,BRRDJ,UYMON,BRSTS,BRIJI,BRITA,BRRGR,FRLEH,BEZEE,FRFOS,SIKOP,ITGOA,DEHAM,ESBAR,MTMAL,BEANT,PLGDA,ESGIJ,NLROT,TRMER,TRYAR,EGSOK,TRALI,EGPSA,UAODS,JOAQA,ROCON,EGALE,EGDAM,SAJUB,SADMA,SAJED,KWMAA,AEJAL,AEABU,AERUW,OMSOH,AEKHA,AEFUJ,PKKAR,INNSA,LKCOL,INMUN,THLCB,VNHPG,VNCAM,CNHUI,MY3182,CNLSN,HKHKG,CNFAN,CNNBO,CNZOS,CNGUA,CNFUN,CNJIN,CNHUA,CNTAI,CNTJN,MYPKE,CNYSN,CNWGQ,CNCJK,CNJIT,CNYZH,CNNSA,CNYTN,CNJIA,CNLYG,CNYAN,AUESP,CNMEZ,CNDAL,CNYPG,TWKAO,CNZJG,CNSLH,AUFRE,CNDJK,CNBYQ,CNSDG,CNMWN,CNCGM,CNXIA,CNRIZ,CNSHE,SGSGP,TWTAP,CNZHA,CNZHE,CNDDG,CNQIZ,CNLYW,CNBAO,CNQIN,CNCFD,CNWEI,CNMJS,JPKAW,KRPOH,KRGWA,KRDAN,JPFUK,JPOIT,JPKIS,JPSKI,KRULS,KRINC,JPNAG,JPCBA,JPYOK,KRBUS,JPMIZ,JPKMA,KRYOS,AUGLE,AUMEL,AUNTL,AUBRI,AUSYD,AUHAY"
OARRGSKKK,"CNCJN,CNHUI,CNCZH,CNNTG,CNFAN,CNYJG,CNNBO,CNZOS,CNGUA,CNFUN,CNHKO,CNHPU,CNDYI,CNTJN,CNSTO,CNCJK,CNDSN,CNTAX,CNFUZ,CNJIA,CNLYG,CNYAN,CNWEF,CNCHS,CNMEZ,CNDAL,CNYPG,TWKAO,CNBAS,CNDJK,CNYIZ,CNSDG,CNBHI,SGSGP,CNJIJ,CNZHA,CNZPU,CNQUA,CNZHE,CNWEN,CNCHZ,CNNJG,CNDNG,KRDAN,KRULS"
OAROYOFAK,"CAVCR,MXLCS,USLUA,MXMAN,PECAL,ECGYL,USNYK,UYULA,BRVIT,BRRDJ,UYMON,BRSTS,BRRGR,GBBEL,PTLXS,MACAS,GBSOU,GHTEM,IEDUB,CIABI,FRLEH,BEZEE,SIKOP,ITGOA,NLVSG,ESHUE,ITTAR,ESTAR,DZDJE,DEHAM,ITRAV,FRROU,MTMAL,BEANT,PLGDA,ESGIJ,NLROT,ESBIL,TRGEB,LVRIX,TRYAR,ZADUR,FIHEL,GRAGT,TRLMA,TRDER,ZARIB,JOAQA,LTKLJ,FIKOT,ROCON,ZAPLZ,UACHO,EGALE,BHBAH,KEMOM,TZDRS,SADMA,SAJED,SAYAN,KWMAA,AEJAL,AEABU,AERAK,RUSPG,OMSOH,AEFUJ,PKQAS,PKKAR,INKAN,INKNP,INMUN,THLCB,VNNGH,IDJAK,VNHCM,VNHPG,VNCAM,VNQUN,IDSUR,CNHUM,CNCJN,CNHUI,CNCZH,CNSHD,CNLSN,HKHKG,AUGER,CNNTG,CNFAN,CNDAF,CNYJG,CNNBO,CNZOS,CNGUA,CNFUN,CNJIN,CNHKO,CNHPU,CNDYI,CNHUA,CNTAI,CNDCB,CNTJN,MYKUA,MYPKE,MYPAG,IDBAH,CNSTO,CNYSN,CNWGQ,CNCJK,CNJIT,CNYZH,CNNSA,CNDSN,CNTAX,CNLAZ,CNFUZ,CNYTN,CNJIA,TWHLN,CNLYG,CNYAN,CNCHS,CNMEZ,CNDAL,CNYPG,CNRUG,CNZZU,TWKAO,CNZJG,AUFRE,CNBAS,CNDJK,CNBYQ,CNLKU,CNSHS,CNSDG,CNPLI,CNCGM,CNXIA,CNBHI,TWMAI,CNRIZ,CNSHE,SGSGP,TWTCH,CNJIJ,CNZHA,CNZPU,CNQUA,CNZHE,CNDDG,CNWEN,CNCHZ,CNQIZ,CNQHD,CNBAO,CNQIN,CNLVS,CNCFD,CNNJG,CNGLA,CNDNG,CNWEI,IDSAM,CNNDE,KRPOH,KRKUN,KRGWA,JPHIB,KRDAN,JPFUK,JPOIT,JPKIS,JPSKI,KRULS,KRINC,JPNAG,JPYOK,KRPYT,KRBUS,JPMIZ,JPKMA,JPOSK,AUGLE,AUMEL,AUNTL,AUPKE,AUADE,AUBRI,NZAKL,NZTAU,NZNAP"
OFFKAGRKK,"USSEA,USLSA,CAVCR,USOAK,MXLCS,MXMAN,PECAL,PABAL,USSAV,USCHA,USNYK,COBUE,CLSAN,CLTAL,UYULA,BRTUB,BRPDM,ARBNA,BRPAR,BRRDJ,UYMON,BRSTS,BRITA,BRRGR,GBSOU,FRLEH,BEZEE,FRFOS,NLAMS,SIKOP,ITGOA,DEHAM,ESBAR,MTMAL,ESCAR,BEANT,PLGDA,ESGIJ,NLROT,TRMER,ZACPT,TRYAR,GRELE,GRAGT,TRALI,EGPSA,UAODS,JOAQA,ROCON,EGALE,EGDAM,SAJUB,BHBAH,KEMOM,SADMA,QAUMS,SAJED,SAYAN,QARAS,KWMAA,AEJAL,AEABU,AERUW,OMSOH,AEFUJ,RUULG,PKKAR,INMUN,THLCB,THKSI,VNHPG,VNCAM,CNHUI,CNPAN,MY3182,CNLSN,HKHKG,CNFAN,CNNBO,CNZOS,CNGUA,MY3177,CNFUN,CNJIN,AUCPN,CNHUA,CNTAI,CNTJN,MYPKE,MYPAG,CNYSN,CNWGQ,CNCJK,CNJIT,CNYZH,CNNSA,CNDSN,CNYTN,CNJIA,CNLYG,CNYAN,CN2032,AUESP,CNMEZ,CNDAL,CNYPG,TWKAO,CNZJG,CNSLH,CNDJK,CNBYQ,CNLKU,MYTBS,CNSDG,CNMWN,CNCGM,AUPHE,CNXIA,CN2039,TWMAI,CNRIZ,CNSHE,SGSGP,MY2243,TWTAP,CNZHA,CNZHE,CNDDG,CNQIZ,CNLYW,CNBAO,CNQIN,CNCFD,CNGLA,MYPGG,CNMJS,JPKAW,KRPOH,KRGWA,KRDAN,JPFUK,JPOIT,JPKIS,JPSKI,KRULS,KRINC,JPNAG,JPCBA,JPYOK,KRPYT,KRBUS,JPMIZ,JPKMA,KRYOS,AUGLE,AUAPT,AUNTL,AUBRI,AUHAY,RUNJK"
OFFYKCAKK,"BRPDM,SARTA,KWMAA,IQMAB,AERUW,OMSOH,CNHUI,CNLSN,CNNBO,CNZOS,CNJIT,CNMEZ,CNDAL,CNYPG,TWKAO,CNSLH,CNDJK,CNSDG,SGSGP,CNQIZ,CNCFD"
OARCRCOFK,"CNHUI,CNCZH,CNFAN,CNYJG,CNGUA,CNHKO,CNSTO,CNDAL,CNYPG,CNSDG,CNBHI,CNZHA,CNDNG"
OFFNYSOKK,"USLGB,BEZEE,DEHAM,BEANT,PLGDA,NLROT,GRPIR,SADMA,AEJAL,AEKHA,VNCMP,HKHKG,CNNBO,CNTJN,MYPKE,CNYSN,CNNSA,CNYTN,CNDAL,TWKAO,CNXIA,SGSGP,CNQIN,KRGWA"
OFFAYGRKK,"BRPDM,SARTA,KWMAA,IQMAB,AERUW,OMSOH,CNHUI,CNLSN,CNNBO,CNZOS,CNJIT,CNMEZ,CNDAL,CNYPG,TWKAO,CNSLH,CNDJK,CNSDG,SGSGP,CNQIZ,CNCFD"
OFFCNFAKK,"USLGB,USLSA,USNFK,USSAV,USNYK,BRPDM,GBLGP,MATAN,FRLEH,BEZEE,FRFOS,ITGOA,DEHAM,BEANT,PLGDA,ESVAL,NLROT,EGSOK,GRPIR,JOAQA,SADMA,QAHMD,SAJED,AEJAL,OMSOH,AEKHA,PKKAR,INNSA,INMUN,VNCMP,HKHKG,CNNBO,CNZOS,CNFUN,CNTJN,MYPKE,CNYSN,CNJIT,CNNSA,CNYTN,CNLYG,CNMEZ,CNDAL,TWKAO,CNSLH,CNDJK,CNXIA,CNSHE,SGSGP,TWTAP,CNQIN,KRGWA"
OFFYOFRKK,"BRPDM,SARTA,KWMAA,IQMAB,AERUW,OMSOH,CNHUI,CNLSN,CNNBO,CNZOS,CNJIT,CNMEZ,CNDAL,CNYPG,TWKAO,CNSLH,CNDJK,CNSDG,SGSGP,CNQIZ,CNCFD"
OFFGAFSKK,"BRPDM,SARTA,KWMAA,IQMAB,AERUW,AEFUJ,CNHUI,CNLSN,CNNBO,CNZOS,CNJIN,CNTJN,CNLYG,CNYAN,CNMEZ,CNDAL,CNYPG,TWKAO,CNSLH,CNDJK,CNSDG,SGSGP,CNZHA,CNQIZ,CNQIN,CNCFD,KRGWA,JPKII,JPSKI,KRULS,KRINC,JPCBA"
OARCYGNRK,"USLSA,CAVCR,USOAK,GTSTC,USBTR,MXLCS,USLUA,MXMAN,PECAL,ECGYL,USNYK,COBAR,COBUE,UYULA,BRVIT,BRRDJ,UYMON,BRSTS,BRRGR,GBBEL,PTLXS,MACAS,GBSOU,GHTEM,IEDUB,CIABI,FRLEH,BEZEE,NLAMS,SIKOP,ITGOA,NLVSG,ESHUE,ITTAR,ESTAR,DZDJE,DEHAM,ITRAV,FRROU,MTMAL,BEANT,PLGDA,ESSAN,ESGIJ,NLROT,ESSAG,ESBIL,TRGEB,LVRIX,TRYAR,ZADUR,GRAGT,TRLMA,TRDER,ZARIB,JOAQA,LTKLJ,FIKOT,ROCON,ZAPLZ,UACHO,EGALE,SAJUB,BHBAH,KEMOM,TZDRS,SADMA,QAUMS,SAJED,SAYAN,KWMAA,AEJAL,AEABU,AERAK,RUSPG,OMSOH,AEFUJ,PKQAS,PKKAR,INKAN,INKNP,INMUN,THLCB,VNPHU,THKSI,VNNGH,IDJAK,VNHCM,VNHPG,VNCAM,VNQUN,IDSUR,CNHUM,CNCJN,CNHUI,CNCZH,CNPAN,CNSHD,CNLSN,HKHKG,AUGER,CNNTG,CNFAN,CNDAF,CNYJG,CNNBO,CNPYU,CNZOS,CNGUA,CNFUN,CNJIN,CNHKO,CNHPU,CNDYI,CNHUA,CNTAI,CNDCB,CNTJN,MYKUA,MYPKE,MYPAG,IDBAH,CNSTO,CNYSN,CNWGQ,CNCJK,CNJIT,CN9873,CNYZH,CNNSA,CNDSN,CNTAX,CNLAZ,CNFUZ,CNYTN,CNJIA,CN1087,TWHLN,CNLYG,CNYAN,TWKEE,AUESP,CNCHS,CNMEZ,CNDAL,CNYPG,CNRUG,CNZZU,TWKAO,CNZJG,AUFRE,CNBAS,CNSIZ,CNDJK,CNBYQ,CNLKU,CNSDG,MYTPP,CNPLI,CNCGM,CNXIA,CNBHI,TWMAI,CNRIZ,CNSHE,SGSGP,TWTCH,MY2243,CNJIJ,CNZHA,CNZPU,CNQUA,CNZHE,CNDDG,CNWEN,CNCHZ,CNQIZ,CNQHD,CNBAO,CNQIN,CNLVS,CNCFD,CNNJG,CNGLA,CNDNG,CNWEI,IDSAM,CNNDE,KRPOH,KRKUN,KRGWA,JPHIB,KRDAN,JPFUK,JPOIT,JPKIS,JPSKI,KRULS,KRINC,JPNAG,JPCBA,JPYOK,KRPYT,KRBUS,JPMIZ,JPKMA,JPOSK,AUGLE,AUMEL,AUNTL,AUPKE,AUADE,AUBRI,AUBNE,NZAKL,NZTAU,NZNAP"
OFFSNGCKK,"USLUA,GBBEL,PTLXS,IEDUB,FRLEH,ESHUE,ITTAR,ESTAR,DZDJE,DEHAM,FRROU,BEANT,ESGIJ,NLROT,TRGEB,TRYAR,LTKLJ,EGALE,VNHPG,THRAY,CNHUM,CNCJN,CNHUI,CNCZH,CNNTG,CNFAN,CNYJG,CNNBO,CNZOS,CNGUA,CNFUN,CNJIN,CNHKO,CNHPU,CNDYI,CNTAI,CNTJN,CNSTO,CNYSN,CNWGQ,CNCJK,CNSHA,CNDSN,CNTAX,CNFUZ,CNJIA,CNLYG,CNYAN,CNWEF,CNCHS,CNMEZ,CNDAL,CNYPG,CNRUG,CNZZU,TWKAO,CNZJG,AUFRE,CNBAS,CNDJK,CNYIZ,CNSHS,CNSDG,CNBHI,TWMAI,SGSGP,CNJIJ,CNZHA,CNZPU,CNQUA,CNZHE,CNWEN,CNCHZ,CNQIZ,CNQIN,CNNJG,CNGLA,CNDNG,CNNDE,KRGWA,KRDAN,KRULS,JPNAG,AUADE,AUGEE"
RNAFKKKKK,"USLSA,CAVCR,USOAK,MXLCS,MXMAN,PECAL,ECGYL,USNPN,USSAV,USNYK,COBUE,UYULA,BRPEC,BRTUB,BRPAR,BRRDJ,UYMON,BRSTS,BRRGR,GBSOU,FRLEH,BEZEE,NLAMS,SIKOP,ITGOA,DEHAM,ESBAR,MTMAL,ESCAR,BEANT,PLGDA,ESGIJ,NLROT,TRMER,ZACPT,TRYAR,GRELE,GRAGT,TRALI,ZARIB,EGPSA,JOAQA,ROCON,EGALE,SAJUB,BHBAH,KEMOM,SADMA,QAUMS,SAJED,SAYAN,KWMAA,AEJAL,AEABU,OMSOH,AEFUJ,RUULG,PKQAS,PKKAR,INKNP,INMUN,INVIS,THLCB,THKSI,VNHPG,VNCAM,CNHUI,CNPAN,CNTAZ,CNLSN,HKHKG,AUGER,CNNTG,CNFAN,CNNBO,CNPYU,CNZOS,CNGUA,CNFUN,CNJIN,CNHUA,CNTAI,CNDCB,CNTJN,MYPKE,MYPAG,IDBAH,CNSTO,CNYSN,CNWGQ,CNCJK,CNJIT,CN9873,CNYZH,CNNSA,CNDSN,CNLAZ,CNYTN,CNJIA,CN1087,CNLYG,CNYAN,AUESP,CNCHS,CNMEZ,CNDAL,CNYPG,CNRUG,CNZZU,TWKAO,CNZJG,CNSLH,AUFRE,CNDJK,CNBYQ,CNLKU,CNSDG,MYTPP,CNPLI,CNCGM,CNXIA,CNBHI,TWMAI,CNRIZ,CNSHE,SGSGP,MY2243,CNJIJ,TWTAP,CNZHA,CNQUA,CNZHE,CNDDG,CNWEN,CNCHZ,CNQIZ,CNQHD,CNBAO,CNQIN,CNCFD,CNNJG,CNGLA,CNWEI,IDSAM,KRPOH,KRGWA,KRDAN,JPFUK,JPOIT,JPKIS,JPSKI,KRULS,KRINC,JPNAG,JPCBA,JPYOK,KRPYT,KRBUS,JPMIZ,JPKMA,JPOSK,AUGLE,AUMEL,AUNTL,AUADE,AUBRI,AUHAY"
OARNCRCRK,"CNHUI,CNCZH,CNFAN,CNYJG,CNGUA,CNHKO,CNSTO,CNYPG,CNBHI,CNZHA,CNDNG"
OARCROORK,"CNHKO,CNSYA,CNBHI,CNZHA,CNHAA,CNDNG"
OAOFCAKKK,"USSEA,USLSA,CAVCR,USOAK,GTPQL,MXLCS,MXMAN,PECAL,PABAL,ECGYL,USSAV,USCHA,USNYK,COBUE,CLSAN,CLTAL,UYULA,BRTUB,BRPDM,ARBNA,BRPAR,BRRDJ,UYMON,BRIOA,BRSTS,BRITA,BRRGR,GBSOU,FRLEH,BEZEE,SIKOP,ITGOA,DEHAM,ESBAR,MTMAL,ESCAR,BEANT,PLGDA,ESGIJ,NLROT,TRMER,ZACPT,TRYAR,EGSOK,TRALI,EGPSA,UAODS,JOAQA,ROCON,EGALE,EGDAM,SAJUB,SADMA,SAJED,KWMAA,AEJAL,AEABU,AERUW,OMSOH,AEFUJ,PKQAS,PKKAR,INCHN,INKNP,INMUN,INVIS,INKUP,THLCB,VNHPG,VNCAM,CNHUI,CNPAN,MY3182,CNLSN,HKHKG,CNFAN,CNNBO,CNZOS,CNGUA,CNFUN,CNJIN,CNHUA,CNTAI,CNDCB,CNTJN,MYPKE,MYPAG,CNYSN,CNWGQ,CNCJK,CNJIT,CNYZH,CNNSA,CNDSN,CNYTN,CNJIA,CNLYG,CNYAN,AUESP,CNMEZ,CNDAL,CNYPG,CNZZU,TWKAO,CNZJG,CNSLH,AUFRE,CNDJK,CNBYQ,MYPEN,CNSDG,CNMWN,CNCGM,CNXIA,CNRIZ,CNSHE,SGSGP,TWTAP,CNZHA,CNZHE,CNDDG,CNQIZ,CNLYW,CNBAO,CNQIN,CNCFD,CNGLA,CNWEI,CNMJS,JPKAW,KRPOH,KRGWA,KRDAN,JPFUK,JPOIT,JPKIS,JPSKI,KRULS,KRINC,JPNAG,JPCBA,JPYOK,KRBUS,JPMIZ,JPKMA,KRYOS,JPOSK,AUGLE,AUMEL,AUNTL,AUADE,AUBRI,AUHAY"
CRNKGSKCN,"USSEA,CAPRR,USLSA,CAVCR,USOAK,MXESE,MXLCS,MXMAN,PECAL,PABAL,USSAV,USCHA,USNYK,COBUE,CLSAN,CLTAL,UYULA,CLLIR,BRTUB,BRPDM,ARBNA,BRPAR,BRRDJ,UYMON,BRSTS,BRIJI,BRITA,BRRGR,FRLEH,BEZEE,SIKOP,ITGOA,DEHAM,ESBAR,MTMAL,BEANT,PLGDA,ESGIJ,NLROT,TRMER,TRYAR,EGSOK,TRALI,EGPSA,UAODS,JOAQA,ROCON,EGALE,EGDAM,SAJUB,SADMA,SAJED,KWMAA,AEJAL,AEABU,AERUW,OMSOH,AEKHA,AEFUJ,PKKAR,INNSA,LKCOL,INMUN,THLCB,VNHPG,VNCAM,CNHUI,MY3182,CNLSN,HKHKG,CNFAN,CNNBO,CNZOS,CNGUA,CNFUN,CNJIN,CNHUA,CNTAI,CNTJN,MYPKE,CNYSN,CNWGQ,CNCJK,CNJIT,CNYZH,CNNSA,CNYTN,CNJIA,CNLYG,CNYAN,AUESP,CNMEZ,CNDAL,CNYPG,TWKAO,CNZJG,CNSLH,AUFRE,CNDJK,CNBYQ,CNSDG,CNMWN,CNCGM,CNXIA,CNRIZ,CNSHE,SGSGP,TWTAP,CNZHA,CNZHE,CNDDG,CNQIZ,CNLYW,CNBAO,CNQIN,CNCFD,CNWEI,CNMJS,JPKAW,KRPOH,KRGWA,KRDAN,JPFUK,JPOIT,JPKIS,JPSKI,KRULS,KRINC,JPNAG,JPCBA,JPYOK,KRBUS,JPMIZ,JPKMA,KRYOS,AUGLE,AUMEL,AUNTL,AUBRI,AUSYD,AUHAY"
OFFGNCYKK,"USLGB,CAPRR,CAVCR,CANWE,BRPDM,BEZEE,DEHAM,BEANT,PLGDA,NLROT,GRPIR,SADMA,SARTA,KWMAA,IQMAB,AEJAL,AERUW,OMSOH,AEKHA,AEFUJ,VNCMP,CNHUI,MY3182,CNLSN,HKHKG,CNFAN,CNNBO,CNZOS,CNJIN,CNHUA,CNTAI,CNTJN,MYPKE,CNYSN,CNCJK,CNJIT,CNNSA,CNYTN,MY3173,CNJIA,CNLYG,CNYAN,CNMEZ,CNDAL,CNYPG,TWKAO,CNSLH,CNDJK,CNBYQ,CNSDG,AUPHE,CNXIA,CNRIZ,SGSGP,AUPWA,CNZHA,CNDDG,CNQIZ,CNLYW,CNQIN,CNCFD,AUDPR,CNMJS,KRPOH,KRGWA,JPFUK,JPKII,JPOIT,JPKIS,JPSKI,KRULS,KRINC,JPNAG,JPCBA,JPMIZ,JPKMA,KRYOS,AUNTL,AUHAY"
OARNCNGRK,"CNHUI,CNCZH,CNFAN,CNYJG,CNGUA,CNHKO,CNSTO,CNYAN,CNDAL,CNYPG,CNSDG,CNBHI,CNZHA,CNDNG"
OFFFAFAKK,"CAPRR,BRPDM,SARTA,KWMAA,IQMAB,AERUW,OMSOH,AEFUJ,CNHUI,MY3182,CNLSN,CNNBO,CNZOS,CNJIN,CNTJN,CNJIT,MY3173,CNLYG,CNYAN,CNMEZ,CNDAL,CNYPG,TWKAO,CNSLH,CNDJK,CNSDG,AUPHE,CNRIZ,SGSGP,CNZHA,CNQIZ,CNQIN,CNCFD,CNMJS,KRGWA,JPKII,JPSKI,KRULS,KRINC,JPCBA,KRYOS"
GRGKANAAK,"USLUA,PECAL,ECGYL,USNYK,PEMAT,ECPBO,UYULA,CLMEJ,BRRDJ,UYMON,BRRGR,GBBEL,PTLXS,MACAS,GHTEM,GNCON,IEDUB,FRLEH,BEZEE,SIKOP,ITGOA,NLVSG,ESHUE,ITTAR,ESTAR,DZDJE,DEHAM,ITRAV,FRROU,MTMAL,BEANT,PLGDA,ESGIJ,NLROT,ESBIL,TRGEB,LVRIX,TRYAR,ZADUR,GRAGT,ZARIB,LTKLJ,FIKOT,ZAPLZ,EGALE,KEMOM,TZDRS,AEJAL,RUNVS,OMSOH,PKQAS,PKKAR,INKAN,THLCB,IDCXP,IDJAK,VNHCM,VNHPG,VNQUN,THRAY,IDSUR,CNHUM,CNCJN,CNHUI,CNCZH,CNLSN,HKHKG,AUGER,CNNTG,CNFAN,CNDAF,CNYJG,CNNBO,CNZOS,CNGUA,CNFUN,CNJIN,CNHKO,CNHPU,CNDYI,CNHUA,CNTAI,CNTJN,MYPKE,MYPAG,IDBAH,CNSTO,CNYSN,CNWGQ,CNCJK,CNJIT,CNYZH,CNSHA,CNDSN,CNTAX,CNLAZ,CNFUZ,CNJIA,TWHLN,CNLYG,CNYAN,CNWEF,CNCHS,CNMEZ,CNDAL,CNYPG,CNRUG,CNZZU,TWKAO,CNZJG,AUFRE,CNBAS,CNDJK,CNBYQ,CNLKU,CNYIZ,CNSDG,AUBUN,CNPLI,CNCGM,CNXIA,CNBHI,PHBAT,TWMAI,CNRIZ,SGSGP,TWTCH,CNJIJ,CNZHA,CNZPU,CNQUA,CNZHE,CNWEN,CNCHZ,CNQIZ,CNQHD,CNBAO,CNQIN,CNCFD,CNNJG,CNGLA,CNDNG,CNWEI,CNNDE,KRPOH,KRGWA,KRDAN,JPFUK,JPOIT,JPKIS,JPSKI,JPTOK,KRULS,KRINC,JPNAG,JPYOK,KRPYT,KRBUS,JPMIZ,JPMOJ,JPOSK,AUGLE,AUMEL,AUNTL,AUPKE,AUADE,AUBRI,AUGEE,NZAKL,NZTAU"
OARGSGKKK,"USSEA,USLSA,CAVCR,USOAK,MXLCS,MXMAN,PECAL,PABAL,USNPN,USSAV,USCHA,CAPCA,USNYK,COBUE,CLSAN,CLTAL,UYULA,BRPEC,BRTUB,BRPDM,ARBNA,BRPAR,BRRDJ,UYMON,BRSTS,BRITA,BRRGR,GBSOU,FRLEH,BEZEE,FRFOS,NLAMS,SIKOP,ITGOA,FRDKK,DEHAM,ESBAR,MTMAL,ESCAR,BEANT,PLGDA,ESGIJ,NLROT,TRMER,ZACPT,TRYAR,GRELE,GRAGT,TRALI,ZARIB,EGPSA,UAODS,JOAQA,ROCON,EGALE,EGDAM,SAJUB,BHBAH,KEMOM,SADMA,QAUMS,SAJED,SAYAN,KWMAA,AEJAL,AEABU,AERUW,OMSOH,AEFUJ,RUULG,PKKAR,INMUN,THLCB,THKSI,VNHPG,VNCAM,VNSOD,CNHUI,CNPAN,MY3182,CNLSN,HKHKG,AUGER,CNFAN,CNNBO,CNZOS,CNGUA,CNFUN,CNJIN,CNHUA,CNTAI,CNTJN,MYPKE,MYPAG,IDBAH,CNSTO,CNYSN,CNWGQ,CNCJK,CNJIT,CNYZH,CNNSA,CNDSN,CNLAZ,CNYTN,CNJIA,CNLYG,CNYAN,AUESP,CNMEZ,IDTBR,CNDAL,CNYPG,CNRUG,CNZZU,CNSWE,TWKAO,CNZJG,CNSLH,CNDJK,CNBYQ,CNLKU,MYTBS,CNSDG,CNMWN,CNCGM,CNXIA,CN2039,TWMAI,CNRIZ,CNSHE,SGSGP,MY2243,TWTAP,CNZHA,CNZHE,CNDDG,CNWEN,CNQIZ,CNLYW,CNQHD,CNBAO,CNQIN,CNCFD,CNGLA,MYPGG,IDSAM,CNMJS,JPKAW,KRPOH,KRGWA,KRDAN,JPFUK,JPOIT,JPKIS,JPSKI,KRULS,KRINC,JPNAG,JPCBA,JPYOK,KRPYT,KRBUS,JPMIZ,JPKMA,KRYOS,AUGLE,AUNTL,AUBRI,AUHAY,RUNJK"
OARRSSOYK,"CNCJN,CNHUI,CNCZH,CNNTG,CNFAN,CNYJG,CNNBO,CNZOS,CNGUA,CNFUN,CNDYI,CNTAI,CNTJN,CNSTO,CNYSN,CNWGQ,CNCJK,CNJIT,CNDSN,CNTAX,CNFUZ,CNJIA,CNLYG,CNYAN,CNCHS,CNMEZ,CNDAL,CNYPG,CNRUG,TWKAO,CNZJG,CNBAS,CNDJK,CNBYQ,CNSDG,CNXIA,CNBHI,TWMAI,CNJIJ,CNZHA,CNZPU,CNQUA,CNZHE,CNWEN,CNCHZ,CNQHD,CNNJG,CNDNG,CNWEI,KRDAN,KRULS"
RNOFYFKKK,"USLUA,USNYK,UYULA,CLMEJ,GBBEL,PTLXS,IEDUB,FRLEH,ESHUE,ITTAR,ESTAR,DZDJE,DEHAM,FRROU,MTMAL,BEANT,ESGIJ,NLROT,TRGEB,TRYAR,GRAGT,LTKLJ,EGALE,THLCB,IDCXP,IDJAK,VNHCM,VNHPG,VNQUN,THRAY,CNHUM,CNCJN,CNHUI,CNCZH,CNNTG,CNFAN,CNYJG,CNNBO,CNZOS,CNGUA,CNFUN,CNJIN,CNHKO,CNHPU,CNDYI,CNTAI,CNTJN,MYPKE,MYPAG,CNSTO,CNYSN,CNWGQ,CNCJK,CNSHA,CNDSN,CNTAX,CNFUZ,CNJIA,TWHLN,CNLYG,CNYAN,CNWEF,CNCHS,CNMEZ,CNDAL,CNYPG,CNRUG,CNZZU,TWKAO,CNZJG,AUFRE,CNBAS,CNDJK,CNBYQ,CNYIZ,CNSHS,CNSDG,CNCGM,CNXIA,CNBHI,PHBAT,TWMAI,CNRIZ,SGSGP,TWTCH,CNJIJ,CNZHA,CNZPU,CNQUA,CNZHE,CNWEN,CNCHZ,CNQIZ,CNBAO,CNQIN,CNNJG,CNGLA,CNDNG,CNWEI,CNNDE,KRPOH,JPKOB,KRGWA,KRDAN,JPFUK,JPKIS,JPSKI,JPTOK,KRULS,JPNAG,JPYOK,KRPYT,JPMIZ,JPOSK,AUADE,AUGEE"
OACRORKKK,"USLSA,CAVCR,USOAK,MXLCS,MXMAN,PECAL,ECGYL,USSAV,USNYK,COBUE,UYULA,BRPEC,BRTUB,BRPAR,BRRDJ,UYMON,BRSTS,BRRGR,GBSOU,FRLEH,BEZEE,NLAMS,SIKOP,ITGOA,DEHAM,ESBAR,MTMAL,ESCAR,BEANT,PLGDA,ESGIJ,NLROT,TRMER,ZACPT,TRYAR,GRAGT,TRALI,ZARIB,EGPSA,JOAQA,ROCON,EGALE,SAJUB,BHBAH,KEMOM,SADMA,QAUMS,SAJED,SAYAN,KWMAA,AEJAL,AEABU,OMSOH,AEFUJ,RUULG,PKQAS,PKKAR,INKNP,INMUN,INVIS,THLCB,THKSI,VNHPG,VNCAM,CNHUI,CNPAN,CNTAZ,CNLSN,HKHKG,AUGER,CNNTG,CNFAN,CNNBO,CNPYU,CNZOS,CNGUA,CNFUN,CNJIN,CNHUA,CNTAI,CNDCB,CNTJN,MYPKE,MYPAG,IDBAH,CNSTO,CNYSN,CNWGQ,CNCJK,CNJIT,CN9873,CNYZH,CNNSA,CNDSN,CNLAZ,CNYTN,CNJIA,CN1087,CNLYG,CNYAN,AUESP,CNCHS,CNMEZ,CNDAL,CNYPG,CNRUG,CNZZU,TWKAO,CNZJG,CNSLH,AUFRE,CNDJK,CNBYQ,CNLKU,CNSDG,MYTPP,CNPLI,CNCGM,CNXIA,CNBHI,TWMAI,CNRIZ,CNSHE,SGSGP,MY2243,CNJIJ,TWTAP,CNZHA,CNQUA,CNZHE,CNDDG,CNWEN,CNCHZ,CNQIZ,CNQHD,CNBAO,CNQIN,CNCFD,CNNJG,CNGLA,CNWEI,IDSAM,KRPOH,KRGWA,KRDAN,JPFUK,JPOIT,JPKIS,JPSKI,KRULS,KRINC,JPNAG,JPCBA,JPYOK,KRPYT,KRBUS,JPMIZ,JPKMA,JPOSK,AUGLE,AUMEL,AUNTL,AUADE,AUBRI,AUHAY"
OARAKSKKK,"USSEA,USLSA,CAVCR,USOAK,MXLCS,MXMAN,PECAL,PABAL,USSAV,USCHA,USNYK,COBUE,CLSAN,CLTAL,UYULA,BRTUB,BRPDM,ARBNA,BRPAR,BRRDJ,UYMON,BRSTS,BRITA,BRRGR,GBSOU,FRLEH,BEZEE,FRFOS,NLAMS,SIKOP,ITGOA,DEHAM,ESBAR,MTMAL,ESCAR,BEANT,PLGDA,ESGIJ,NLROT,TRMER,ZACPT,TRYAR,GRELE,GRAGT,TRALI,EGPSA,UAODS,JOAQA,ROCON,EGALE,EGDAM,SAJUB,BHBAH,KEMOM,SADMA,QAUMS,SAJED,SAYAN,KWMAA,AEJAL,AEABU,AERUW,OMSOH,AEFUJ,RUULG,PKQAS,PKKAR,INMUN,THLCB,THKSI,VNHPG,VNCAM,CNHUI,CNPAN,MY3182,CNLSN,HKHKG,CNFAN,CNNBO,CNZOS,CNGUA,MY3177,CNFUN,CNJIN,CNHUA,CNTAI,CNTJN,MYPKE,MYPAG,CNYSN,CNWGQ,CNCJK,CNJIT,CNYZH,CNNSA,CNDSN,CNLAZ,CNYTN,CNJIA,CNLYG,CNYAN,AUESP,CNMEZ,CNDAL,CNYPG,TWKAO,CNZJG,CNSLH,CNDJK,CNBYQ,CNLKU,MYTBS,CNSDG,CNMWN,CNCGM,CNXIA,CN2039,TWMAI,CNRIZ,CNSHE,SGSGP,MY2243,TWTAP,CNZHA,CNQUA,CNZHE,CNDDG,CNQIZ,CNLYW,CNQHD,CNBAO,CNQIN,CNCFD,CNGLA,MYPGG,CNWEI,CNMJS,JPKAW,KRPOH,KRGWA,KRDAN,JPFUK,JPOIT,JPKIS,JPSKI,KRULS,KRINC,JPNAG,JPCBA,JPYOK,KRPYT,KRBUS,JPMIZ,JPKMA,KRYOS,AUGLE,AUNTL,AUBRI,AUSYD,AUHAY,RUNJK"
OFFANFSKK,"CNNBO,CNTJN,CNDAL,SGSGP,CNQIN,KRGWA"
OFFGNNOKK,"BRPDM,SARTA,KWMAA,IQMAB,AERUW,OMSOH,AEFUJ,CNHUI,MY3182,CNLSN,CNNBO,CNZOS,CNJIN,CNTJN,CNJIT,MY3173,CNLYG,CNYAN,CNMEZ,CNDAL,CNYPG,TWKAO,CNSLH,CNDJK,CNSDG,AUPHE,CNRIZ,SGSGP,CNZHA,CNQIZ,CNQIN,CNCFD,CNMJS,KRGWA,JPKII,JPSKI,KRULS,KRINC,JPCBA,KRYOS"
OARCGANSK,"USLSA,CAVCR,USOAK,MXLCS,MXMAN,PECAL,ECGYL,USNYK,COBUE,CLTAL,UYULA,BRPEC,BRTUB,BRPAR,BRRDJ,UYMON,BRSTS,BRRGR,GBSOU,FRLEH,BEZEE,NLAMS,SIKOP,ITGOA,DEHAM,MTMAL,ESCAR,BEANT,PLGDA,ESGIJ,NLROT,TRYAR,GRAGT,ZARIB,JOAQA,ROCON,EGALE,SAJUB,BHBAH,KEMOM,SADMA,QAUMS,SAJED,SAYAN,KWMAA,AEJAL,AEABU,OMSOH,AEFUJ,PKQAS,PKKAR,INKNP,INMUN,THLCB,THKSI,VNHPG,VNCAM,CNHUI,CNPAN,CNTAZ,CNLSN,HKHKG,AUGER,CNNTG,CNFAN,CNNBO,CNPYU,CNZOS,CNGUA,CNFUN,CNJIN,CNHUA,CNTAI,CNDCB,CNTJN,MYPKE,MYPAG,IDBAH,CNSTO,CNYSN,CNWGQ,CNCJK,CNJIT,CN9873,CNYZH,CNNSA,CNDSN,CNLAZ,CNYTN,CNJIA,CN1087,CNLYG,CNYAN,AUESP,CNCHS,CNMEZ,CNDAL,CNYPG,CNRUG,CNZZU,TWKAO,CNZJG,AUFRE,CNDJK,CNBYQ,CNLKU,CNSDG,MYTPP,CNPLI,CNCGM,CNXIA,CNBHI,TWMAI,CNRIZ,CNSHE,SGSGP,MY2243,CNJIJ,TWTAP,CNZHA,CNQUA,CNZHE,CNDDG,CNWEN,CNCHZ,CNQIZ,CNQHD,CNBAO,CNQIN,CNCFD,CNNJG,CNGLA,CNWEI,IDSAM,JPKAW,KRPOH,KRGWA,KRDAN,JPFUK,JPOIT,JPKIS,JPSKI,KRULS,KRINC,JPNAG,JPCBA,JPYOK,KRPYT,KRBUS,JPMIZ,JPKMA,JPOSK,AUGLE,AUMEL,AUNTL,AUADE,AUBRI"
OARASRKKK,"BRPDM,SAJUT,SARTA,KWMAA,IQMAB,AERUW,OMMAF,AEFUJ,MMMIO,CNHUI,CNLSN,CNNBO,CNZOS,CNTJN,CNMEZ,CNDAL,CNYPG,TWKAO,CNSLH,CNDJK,CNSDG,SGSGP,CNZHA,CNQIZ,CNQIN,CNCFD,KRGWA,JPKII,JPSKI,JPCBA"
OARNCKCGK,"CNHUI,CNCZH,CNFAN,CNYJG,CNGUA,CNHKO,CNSTO,CNSYA,CNYPG,CNBHI,CNZHA,CNHAA,CNDNG"
OARRFGKKK,"USSEA,USLSA,CAVCR,USOAK,MXLCS,MXMAN,PECAL,PABAL,USNPN,USSAV,USCHA,USNYK,COBUE,CLSAN,CLTAL,UYULA,BRPEC,BRTUB,BRPDM,ARBNA,BRPAR,BRRDJ,UYMON,BRSTS,BRITA,BRRGR,GBSOU,FRLEH,BEZEE,FRFOS,NLAMS,SIKOP,ITGOA,FRDKK,DEHAM,ESBAR,MTMAL,ESCAR,BEANT,PLGDA,ESGIJ,NLROT,TRMER,ZACPT,TRYAR,GRELE,GRAGT,TRALI,ZARIB,EGPSA,UAODS,JOAQA,ROCON,EGALE,EGDAM,SAJUB,BHBAH,KEMOM,SADMA,QAUMS,SAJED,SAYAN,KWMAA,AEJAL,AEABU,AERUW,OMSOH,AEFUJ,RUULG,PKKAR,INMUN,THLCB,THKSI,VNHPG,VNCAM,VNSOD,CNHUI,CNPAN,MY3182,CNLSN,HKHKG,AUGER,CNFAN,CNNBO,CNZOS,CNGUA,CNFUN,CNJIN,CNHUA,CNTAI,CNTJN,MYPKE,MYPAG,IDBAH,CNSTO,CNYSN,CNWGQ,CNCJK,CNJIT,CNYZH,CNNSA,CNDSN,CNLAZ,CNYTN,CNJIA,CNLYG,CNYAN,AUESP,CNMEZ,IDTBR,CNDAL,CNYPG,CNRUG,CNZZU,CNSWE,TWKAO,CNZJG,CNSLH,CNDJK,CNBYQ,CNLKU,MYTBS,CNSDG,CNMWN,CNCGM,CNXIA,CN2039,TWMAI,CNRIZ,CNSHE,SGSGP,MY2243,TWTAP,CNZHA,CNZHE,CNDDG,CNWEN,CNQIZ,CNLYW,CNQHD,CNBAO,CNQIN,CNCFD,CNGLA,MYPGG,CNWEI,IDSAM,CNMJS,JPKAW,KRPOH,KRGWA,KRDAN,JPFUK,JPOIT,JPKIS,JPSKI,KRULS,KRINC,JPNAG,JPCBA,JPYOK,KRPYT,KRBUS,JPMIZ,JPKMA,KRYOS,AUGLE,AUNTL,AUBRI,AUHAY,RUNJK"
OAOAFOKKK,"USLSA,CAVCR,USOAK,GTPQL,MXLCS,MXMAN,PECAL,PABAL,ECGYL,USNPN,USSAV,USNYK,COBUE,CLTAL,UYULA,BRPEC,BRTUB,BRPDM,BRPAR,BRRDJ,UYMON,BRSTS,BRITA,BRRGR,GBSOU,FRLEH,BEZEE,NLAMS,SIKOP,ITGOA,DEHAM,ESBAR,MTMAL,ESCAR,BEANT,PLGDA,ESGIJ,NLROT,TRMER,ZACPT,TRYAR,GRELE,GRAGT,TRALI,ZARIB,EGPSA,JOAQA,ROCON,EGALE,EGDAM,SAJUB,BHBAH,KEMOM,SADMA,QAUMS,SAJED,SAYAN,KWMAA,AEJAL,AEABU,AERUW,OMSOH,AEFUJ,RUULG,PKQAS,PKKAR,INCHN,INKNP,INMUN,INVIS,THLCB,THKSI,VNHPG,VNCAM,VNSOD,CNHUI,CNPAN,CNTAZ,MY3182,CNLSN,HKHKG,AUGER,CNNTG,CNFAN,CNNBO,CNPYU,CNZOS,CNGUA,CNFUN,CNJIN,CNHUA,CNTAI,CNDCB,CN9862,CNTJN,MYPKE,MYPAG,IDBAH,CNSTO,CNYSN,CNWGQ,CNCJK,CNJIT,CN9873,CNYZH,CNNSA,CNDSN,CNLAZ,CNYTN,CNJIA,CN1087,CNLYG,CNYAN,AUESP,CNCHS,CNMEZ,CNDAL,CNYPG,CNRUG,CNZZU,TWKAO,CNZJG,CNSLH,AUFRE,CNDJK,CNBYQ,CNLKU,MYTBS,CNSDG,MYTPP,CNPLI,CNMWN,CNCGM,CNXIA,CNBHI,TWMAI,CNRIZ,CNSHE,SGSGP,MY2243,CNJIJ,TWTAP,CNZHA,CNQUA,CNZHE,CNDDG,CNWEN,CNCHZ,CNQIZ,CNLYW,CNQHD,CNBAO,CNQIN,CNCFD,CNNJG,CNGLA,MYPGG,CNWEI,IDSAM,JPKAW,KRPOH,KRGWA,KRDAN,JPFUK,JPOIT,JPKIS,JPSKI,KRULS,KRINC,JPNAG,JPCBA,JPYOK,KRPYT,KRBUS,JPMIZ,JPKMA,KRYOS,JPOSK,AUGLE,AUMEL,AUNTL,AUADE,AUBRI,AUHAY,RUNJK"
OARCRRCOK,"CNHUI,CNCZH,CNFAN,CNYJG,CNGUA,CNHKO,CNSTO,CNDAL,CNYPG,CNSDG,CNBHI,CNZHA,CNDNG"
OAOOSYKKK,"USSEA,USLSA,CAVCR,USOAK,MXMAN,PECAL,PABAL,USSAV,USCHA,USNYK,COBUE,CLSAN,UYULA,BRTUB,BRPDM,ARBNA,BRPAR,BRRDJ,UYMON,BRSTS,BRITA,BRRGR,GBSOU,FRLEH,BEZEE,FRFOS,SIKOP,ITGOA,DEHAM,ESBAR,MTMAL,ESCAR,BEANT,PLGDA,ESGIJ,NLROT,TRMER,TRYAR,TRALI,EGPSA,UAODS,JOAQA,ROCON,EGALE,EGDAM,SAJUB,SADMA,SAJED,SARTA,QARAS,KWMAA,IQMAB,AEJAL,AEABU,AERUW,OMSOH,AEFUJ,PKKAR,INMUN,THLCB,VNHPG,VNCAM,CNHUI,CNPAN,MY3182,CNLSN,HKHKG,CNFAN,CNNBO,CNZOS,CNGUA,CNFUN,CNJIN,AUCPN,CNHUA,CNTAI,CNTJN,MYPKE,CNYSN,CNWGQ,CNCJK,CNJIT,CNYZH,CNNSA,CNDSN,CNYTN,CNJIA,CNLYG,CNYAN,AUESP,CNMEZ,CNDAL,CNYPG,CN8965,TWKAO,CNZJG,CNSLH,CNDJK,CNBYQ,CNLKU,CNSDG,CNMWN,CNCGM,AUPHE,CNXIA,CNRIZ,CNSHE,SGSGP,MY2243,TWTAP,CNZHA,CNZHE,CNDDG,CNQIZ,CNLYW,CNBAO,CNQIN,CNCFD,CNMJS,JPKAW,KRPOH,KRGWA,KRDAN,JPFUK,JPOIT,JPKIS,JPSKI,KRULS,KRINC,JPIWA,JPNAG,JPCBA,KRBUS,JPMIZ,JPKMA,KRYOS,AUGLE,AUAPT,AUNTL,AUBRI,AUHAY,RUKZM,NCNOA"
OFFASRSKK,"CNNBO,CNTJN,CNDAL,SGSGP,CNQIN,KRGWA"
OARCRCSYK,"CNHKO,CNZHH,CNSYA,CNBHI,CNZHA,CNHAA,CNDNG"
OARANYKKK,"USSEA,USLGB,CAPRR,USLSA,CAVCR,USOAK,MXESE,MXMAN,PECAL,PABAL,USSAV,USCHA,USNYK,COBUE,CLSAN,CLLIR,BRPDM,GBLGP,MATAN,FRLEH,BEZEE,FRFOS,SIKOP,ITGOA,DEHAM,ESBAR,MTMAL,BEANT,PLGDA,ESVAL,NLROT,TRMER,TRISK,TRYAR,EGSOK,TRALI,TRIST,GRPIR,EGPSA,JOAQA,EGDAM,SAJUB,SADMA,QAHMD,SAJED,AEJAL,OMSOH,AEKHA,PKKAR,INNSA,LKCOL,INMUN,VNCMP,THLCB,VNHPG,HKHKG,CNNBO,CNZOS,CNFUN,CNTJN,MYPKE,CNYSN,CNWGQ,CNCJK,CNJIT,CNNSA,CNYTN,CNLYG,CNMEZ,CNDAL,TWKAO,CNSLH,CNDJK,CNMWN,CNXIA,CNSHE,SGSGP,TWTAP,CNQIN,KRGWA,KRBUS"
OFFFACSKK,"CNNBO,CNTJN,CNDAL,SGSGP,CNQIN,KRGWA"
OACACKKKK,"MXLCS,USLUA,MXMAN,USNYK,UYULA,GBBEL,PTLXS,IEDUB,FRLEH,ESHUE,ITTAR,ESTAR,DZDJE,DEHAM,FRROU,MTMAL,BEANT,ESGIJ,NLROT,TRGEB,TRYAR,GRAGT,LTKLJ,EGALE,BDCTG,INKAK,THLCB,IDCXP,IDJAK,VNHCM,VNHPG,VNQUN,THRAY,CNHUM,CNCJN,CNHUI,CNCZH,CNLSN,CNNTG,CNFAN,CNYJG,CNNBO,CNZOS,CNGUA,CNFUN,CNJIN,CNHKO,CNHPU,CNDYI,CNTAI,CNDCB,CNTJN,MYPKE,MYPAG,CNSTO,CNYSN,CNWGQ,CNCJK,CNJIT,CNSHA,CNDSN,CNTAX,CNFUZ,CNJIA,TWHLN,CNLYG,CNYAN,CNWEF,CNCHS,CNMEZ,CNDAL,CNYPG,CNRUG,CNZZU,TWKAO,CNZJG,AUFRE,CNBAS,CNDJK,CNBYQ,CNYIZ,CNSHS,CNSDG,CNCGM,CNXIA,CNBHI,PHBAT,TWMAI,CNRIZ,SGSGP,TWTCH,CNJIJ,CNZHA,CNZPU,CNQUA,CNZHE,CNWEN,CNCHZ,CNQIZ,CNQHD,CNBAO,CNQIN,CNNJG,CNGLA,CNDNG,CNWEI,CNNDE,KRPOH,KRGWA,KRDAN,JPFUK,JPKIS,JPSKI,JPTOK,KRULS,JPNAG,JPYOK,KRPYT,JPMIZ,JPOSK,AUADE,AUGEE"
OARCRRRFK,"CNHUI,CNCZH,CNFAN,CNYJG,CNGUA,CNHKO,CNSTO,CNYPG,CNBHI,CNZHA,CNDNG"
RNRGYRKKK,"USLSA,CAVCR,USOAK,GTPQL,MXLCS,MXMAN,PECAL,PABAL,ECGYL,USNPN,USSAV,USNYK,COBUE,CLTAL,UYULA,BRPEC,BRTUB,BRPDM,BRPAR,BRRDJ,UYMON,BRSTS,BRITA,BRRGR,GBSOU,FRLEH,BEZEE,NLAMS,SIKOP,ITGOA,DEHAM,ESBAR,MTMAL,ESCAR,BEANT,PLGDA,ESGIJ,NLROT,TRMER,ZACPT,TRYAR,GRELE,GRAGT,TRALI,ZARIB,EGPSA,JOAQA,ROCON,EGALE,EGDAM,SAJUB,BHBAH,KEMOM,SADMA,QAUMS,SAJED,SAYAN,KWMAA,AEJAL,AEABU,AERUW,OMSOH,AEFUJ,RUULG,PKQAS,PKKAR,INCHN,INKNP,INMUN,INVIS,THLCB,THKSI,VNHPG,VNCAM,VNSOD,CNHUI,CNPAN,CNTAZ,MY3182,CNLSN,HKHKG,AUGER,CNNTG,CNFAN,CNNBO,CNPYU,CNZOS,CNGUA,CNFUN,CNJIN,CNHUA,CNTAI,CNDCB,CN9862,CNTJN,MYPKE,MYPAG,IDBAH,CNSTO,CNYSN,CNWGQ,CNCJK,CNJIT,CN9873,CNYZH,CNNSA,CNDSN,CNLAZ,CNYTN,CNJIA,CN1087,CNLYG,CNYAN,AUESP,CNCHS,CNMEZ,CNDAL,CNYPG,CNRUG,CNZZU,TWKAO,CNZJG,CNSLH,AUFRE,CNDJK,CNBYQ,CNLKU,MYTBS,CNSDG,MYTPP,CNPLI,CNMWN,CNCGM,CNXIA,CNBHI,TWMAI,CNRIZ,CNSHE,SGSGP,MY2243,CNJIJ,TWTAP,CNZHA,CNQUA,CNZHE,CNDDG,CNWEN,CNCHZ,CNQIZ,CNLYW,CNQHD,CNBAO,CNQIN,CNCFD,CNNJG,CNGLA,MYPGG,CNWEI,IDSAM,JPKAW,KRPOH,KRGWA,KRDAN,JPFUK,JPOIT,JPKIS,JPSKI,KRULS,KRINC,JPNAG,JPCBA,JPYOK,KRPYT,KRBUS,JPMIZ,JPKMA,KRYOS,JPOSK,AUGLE,AUMEL,AUNTL,AUADE,AUBRI,AUHAY,RUNJK"
OFFNOAFKK,"BRPDM,SAJUT,QAASN,SARTA,KWMAA,IQMAB,AERUW,OMMAF,AEFUJ,MMMIO,CNHUI,CNLSN,CNNBO,CNZOS,CNJIN,CNTJN,CNYAN,CNMEZ,CNDAL,CNYPG,TWKAO,CNSLH,CNDJK,CNSDG,SGSGP,CNZHA,CNQIZ,CNQIN,CNCFD,KRGWA,JPKII,JPSKI,KRULS,KRINC,JPCBA"
OFFKSFSKK,"CAPRR,CAVCR,CANWE,BRPDM,BEZEE,DEHAM,MTMAL,BEANT,PLGDA,NLROT,GRPIR,SADMA,SARTA,KWMAA,IQMAB,AEJAL,AERUW,OMSOH,AEKHA,AEFUJ,CNHUI,MY3182,CNLSN,HKHKG,CNFAN,CNNBO,CNZOS,CNJIN,CNHUA,CNTAI,CNTJN,MYPKE,CNYSN,CNCJK,CNJIT,CNNSA,CNYTN,MY3173,CNJIA,CNLYG,CNYAN,CNMEZ,CNDAL,CNYPG,TWKAO,CNSLH,CNDJK,CNBYQ,CNSDG,AUPHE,CNXIA,CNRIZ,SGSGP,CNZHA,CNDDG,CNQIZ,CNLYW,CNQIN,CNCFD,CNMJS,KRPOH,KRGWA,JPFUK,JPKII,JPOIT,JPKIS,JPSKI,KRULS,KRINC,JPNAG,JPCBA,JPMIZ,JPKMA,KRYOS,AUNTL,AUHAY"
RNOORRKKK,"BRPDM,XZKMN,SAJUT,QAASN,SARTA,KWMAA,IQMAB,AERUW,OMMAF,AEZUR,AEFUJ,MMMIO,CNHUI,CNLSN,CNNBO,CNZOS,CNJIN,CNTJN,CNYAN,CNMEZ,CNDAL,CNYPG,TWKAO,CNSLH,CNDJK,CNSDG,SGSGP,CNZHA,CNQIZ,CNQIN,CNCFD,KRGWA,JPKII,JPSKI,KRULS,KRINC,JPCBA"
OFFKFFSKK,"USSEA,CAPRR,USLSA,CAVCR,USOAK,MXLCS,MXMAN,PECAL,PABAL,ECGYL,USSAV,USNYK,COBUE,CLSAN,CLTAL,UYULA,BRTUB,BRPAR,BRRDJ,UYMON,BRIOA,BRSTS,BRIJI,BRITA,BRRGR,GBSOU,FRLEH,BEZEE,SIKOP,ITGOA,DEHAM,MTMAL,ESCAR,BEANT,PLGDA,ESGIJ,NLROT,TRYAR,EGSOK,JOAQA,ROCON,EGALE,SAJUB,SADMA,SAJED,KWMAA,AEJAL,AEABU,OMSOH,AEFUJ,PKQAS,PKKAR,INNSA,INCHN,LKCOL,INKNP,INMUN,INKUP,THLCB,VNHPG,VNCAM,CNHUI,CNPAN,MY3182,CNLSN,HKHKG,CNFAN,CNNBO,CNZOS,CNGUA,CNFUN,CNJIN,CNHUA,CNTAI,CNDCB,CNTJN,MYPKE,MYPAG,CNYSN,CNWGQ,CNCJK,CNJIT,CNYZH,CNNSA,CNDSN,CNYTN,CNJIA,CNLYG,CNYAN,AUESP,CNMEZ,CNDAL,CNYPG,CNZZU,TWKAO,CNZJG,AUFRE,CNDJK,CNBYQ,MYPEN,CNSDG,CNMWN,CNCGM,CNXIA,CNRIZ,CNSHE,SGSGP,TWTAP,CNZHA,CNQUA,CNZHE,CNDDG,CNQIZ,CNQHD,CNBAO,CNQIN,CNCFD,CNGLA,CNWEI,JPKAW,KRPOH,KRGWA,KRDAN,JPFUK,JPOIT,JPKIS,JPSKI,KRULS,KRINC,JPNAG,JPCBA,JPYOK,KRBUS,JPMIZ,JPKMA,KRYOS,JPOSK,AUGLE,AUMEL,AUNTL,AUADE,AUBRI"
OFFSANRKK,"USLUA,PECAL,ECGYL,USNYK,PEMAT,ECPBO,UYULA,CLMEJ,BRRDJ,UYMON,BRRGR,GBBEL,PTLXS,GHTEM,GNCON,IEDUB,FRLEH,BEZEE,SIKOP,ESHUE,ITTAR,ESTAR,DZDJE,DEHAM,ITRAV,FRROU,MTMAL,BEANT,PLGDA,ESGIJ,NLROT,ESBIL,TRGEB,TRYAR,ZADUR,GRAGT,LTKLJ,FIKOT,EGALE,KEMOM,TZDRS,AEJAL,OMSOH,PKQAS,PKKAR,INKAN,THLCB,IDCXP,IDJAK,VNHCM,VNHPG,VNQUN,THRAY,CNHUM,CNCJN,CNHUI,CNCZH,CNLSN,HKHKG,AUGER,CNNTG,CNFAN,CNDAF,CNYJG,CNNBO,CNZOS,CNGUA,CNFUN,CNJIN,CNHKO,CNHPU,CNDYI,CNTAI,CNTJN,MYPKE,MYPAG,CNSTO,CNYSN,CNWGQ,CNCJK,CNJIT,CNYZH,CNSHA,CNDSN,CNTAX,CNFUZ,CNJIA,TWHLN,CNLYG,CNYAN,CNWEF,CNCHS,CNMEZ,CNDAL,CNYPG,CNRUG,CNZZU,TWKAO,CNZJG,AUFRE,CNBAS,CNDJK,CNBYQ,CNYIZ,CNSHS,CNSDG,AUBUN,CNPLI,CNCGM,CNXIA,CNBHI,PHBAT,TWMAI,CNRIZ,SGSGP,TWTCH,CNJIJ,CNZHA,CNZPU,CNQUA,CNZHE,CNWEN,CNCHZ,CNQIZ,CNQHD,CNBAO,CNQIN,CNCFD,CNNJG,CNGLA,CNDNG,CNWEI,CNNDE,KRPOH,KRGWA,KRDAN,JPFUK,JPOIT,JPKIS,JPSKI,JPTOK,KRULS,KRINC,JPNAG,JPYOK,KRPYT,KRBUS,JPMIZ,JPMOJ,JPOSK,AUGLE,AUMEL,AUNTL,AUPKE,AUADE,AUGEE"
OAOFCNKKK,"USLSA,CAVCR,USOAK,MXLCS,MXMAN,PECAL,PABAL,ECGYL,USNPN,USSAV,USNYK,COBUE,CLTAL,UYULA,BRPEC,BRTUB,BRPAR,BRRDJ,UYMON,BRSTS,BRITA,BRRGR,GBSOU,FRLEH,BEZEE,NLAMS,SIKOP,ITGOA,DEHAM,ESBAR,MTMAL,ESCAR,BEANT,PLGDA,ESGIJ,NLROT,TRMER,ZACPT,TRYAR,GRELE,GRAGT,TRALI,ZARIB,EGPSA,JOAQA,ROCON,EGALE,SAJUB,BHBAH,KEMOM,SADMA,QAUMS,SAJED,SAYAN,KWMAA,AEJAL,AEABU,AERUW,OMSOH,AEFUJ,RUULG,PKQAS,PKKAR,INCHN,INKNP,INMUN,INVIS,THLCB,THKSI,VNHPG,VNCAM,VNSOD,CNHUI,CNPAN,CNTAZ,MY3182,CNLSN,HKHKG,AUGER,CNNTG,CNFAN,CNNBO,CNPYU,CNZOS,CNGUA,CNFUN,CNJIN,CNHUA,CNTAI,CNDCB,CN9862,CNTJN,MYPKE,MYPAG,IDBAH,CNSTO,CNYSN,CNWGQ,CNCJK,CNJIT,CN9873,CNYZH,CNNSA,CNDSN,CNLAZ,CNYTN,CNJIA,CN1087,CNLYG,CNYAN,AUESP,CNCHS,CNMEZ,CNDAL,CNYPG,CNRUG,CNZZU,TWKAO,CNZJG,CNSLH,AUFRE,CNDJK,CNBYQ,CNLKU,MYTBS,CNSDG,MYTPP,CNPLI,CNMWN,CNCGM,CNXIA,CNBHI,TWMAI,CNRIZ,CNSHE,SGSGP,MY2243,CNJIJ,TWTAP,CNZHA,CNQUA,CNZHE,CNDDG,CNWEN,CNCHZ,CNQIZ,CNLYW,CNQHD,CNBAO,CNQIN,CNCFD,CNNJG,CNGLA,MYPGG,CNWEI,IDSAM,JPKAW,KRPOH,KRGWA,KRDAN,JPFUK,JPOIT,JPKIS,JPSKI,KRULS,KRINC,JPNAG,JPCBA,JPYOK,KRPYT,KRBUS,JPMIZ,JPKMA,KRYOS,JPOSK,AUGLE,AUMEL,AUNTL,AUADE,AUBRI,AUHAY,RUNJK"
OFFRYFYKK,"BRPDM,SARTA,KWMAA,IQMAB,AERUW,OMSOH,AEFUJ,CNHUI,MY3182,CNLSN,CNNBO,CNZOS,CNJIN,CNTJN,CNJIT,MY3173,CNLYG,CNYAN,CNMEZ,CNDAL,CNYPG,TWKAO,CNSLH,CNDJK,CNSDG,AUPHE,CNRIZ,SGSGP,CNZHA,CNQIZ,CNQIN,CNCFD,CNMJS,KRGWA,JPKII,JPSKI,KRULS,KRINC,JPCBA,KRYOS"
OACFGNKKK,"USLSA,CAVCR,USOAK,GTPQL,MXLCS,MXMAN,PECAL,PABAL,ECGYL,USNPN,USSAV,USNYK,COBUE,CLTAL,UYULA,BRPEC,BRTUB,BRPDM,BRPAR,BRRDJ,UYMON,BRSTS,BRITA,BRRGR,GBSOU,FRLEH,BEZEE,NLAMS,SIKOP,ITGOA,DEHAM,ESBAR,MTMAL,ESCAR,BEANT,PLGDA,ESGIJ,NLROT,TRMER,ZACPT,TRYAR,GRELE,GRAGT,TRALI,ZARIB,EGPSA,JOAQA,ROCON,EGALE,EGDAM,SAJUB,BHBAH,KEMOM,SADMA,QAUMS,SAJED,SAYAN,KWMAA,AEJAL,AEABU,AERUW,OMSOH,AEFUJ,RUULG,PKQAS,PKKAR,INCHN,INKNP,INMUN,INVIS,THLCB,THKSI,VNHPG,VNCAM,VNSOD,CNHUI,CNPAN,CNTAZ,MY3182,CNLSN,HKHKG,AUGER,CNNTG,CNFAN,CNNBO,CNPYU,CNZOS,CNGUA,CNFUN,CNJIN,CNHUA,CNTAI,CNDCB,CN9862,CNTJN,MYPKE,MYPAG,IDBAH,CNSTO,CNYSN,CNWGQ,CNCJK,CNJIT,CN9873,CNYZH,CNNSA,CNDSN,CNLAZ,CNYTN,CNJIA,CN1087,CNLYG,CNYAN,AUESP,CNCHS,CNMEZ,CNDAL,CNYPG,CNRUG,CNZZU,CNSWE,TWKAO,CNZJG,CNSLH,AUFRE,CNDJK,CNBYQ,CNLKU,MYTBS,CNSDG,MYTPP,CNMWN,CNCGM,CNXIA,CNBHI,TWMAI,CNRIZ,CNSHE,SGSGP,MY2243,CNJIJ,TWTAP,CNZHA,CNQUA,CNZHE,CNDDG,CNWEN,CNCHZ,CNQIZ,CNLYW,CNQHD,CNBAO,CNQIN,CNCFD,CNNJG,CNGLA,MYPGG,CNWEI,IDSAM,CNMJS,JPKAW,KRPOH,KRGWA,KRDAN,JPFUK,JPOIT,JPKIS,JPSKI,KRULS,KRINC,JPNAG,JPCBA,JPYOK,KRPYT,KRBUS,JPMIZ,JPKMA,KRYOS,JPOSK,AUGLE,AUMEL,AUNTL,AUADE,AUBRI,AUHAY,RUNJK"
OFFGGNAKK,"BRPDM,SARTA,KWMAA,IQMAB,AERUW,OMSOH,AEFUJ,CNHUI,MY3182,CNLSN,CNNBO,CNZOS,CNJIN,CNHUA,CNTAI,CNTJN,CNJIT,MY3173,CNLYG,CNYAN,CNMEZ,CNDAL,CNYPG,TWKAO,CNSLH,CNDJK,CNBYQ,CNSDG,AUPHE,CNRIZ,SGSGP,AUPWA,CNZHA,CNDDG,CNQIZ,CNQIN,CNCFD,AUDPR,CNMJS,KRGWA,JPKII,JPSKI,KRULS,KRINC,JPCBA,KRYOS"
OARACYKKK,"USLSA,CAVCR,USOAK,GTPQL,MXLCS,MXMAN,PECAL,PABAL,ECGYL,USNPN,USSAV,USNYK,COBUE,CLTAL,UYULA,BRPEC,BRTUB,BRPDM,BRPAR,BRRDJ,UYMON,BRSTS,BRITA,BRRGR,GBSOU,FRLEH,BEZEE,NLAMS,SIKOP,ITGOA,DEHAM,ESBAR,MTMAL,ESCAR,BEANT,PLGDA,ESGIJ,NLROT,TRMER,ZACPT,TRYAR,GRELE,GRAGT,TRALI,ZARIB,EGPSA,JOAQA,ROCON,EGALE,EGDAM,SAJUB,BHBAH,KEMOM,SADMA,QAUMS,SAJED,SAYAN,KWMAA,AEJAL,AEABU,AERUW,OMSOH,AEFUJ,RUULG,PKQAS,PKKAR,INCHN,INKNP,INMUN,INVIS,THLCB,THKSI,VNHPG,VNCAM,VNSOD,CNHUI,CNPAN,CNTAZ,MY3182,CNLSN,HKHKG,AUGER,CNNTG,CNFAN,CNNBO,CNPYU,CNZOS,CNGUA,CNFUN,CNJIN,CNHUA,CNTAI,CNDCB,CN9862,CNTJN,MYPKE,MYPAG,IDBAH,CNSTO,CNYSN,CNWGQ,CNCJK,CNJIT,CN9873,CNYZH,CNNSA,CNDSN,CNLAZ,CNYTN,CNJIA,CN1087,CNLYG,CNYAN,AUESP,CNCHS,CNMEZ,CNDAL,CNYPG,CNRUG,CNZZU,CNSWE,TWKAO,CNZJG,CNSLH,AUFRE,CNDJK,CNBYQ,CNLKU,MYTBS,CNSDG,MYTPP,CNMWN,CNCGM,CNXIA,CNBHI,TWMAI,CNRIZ,CNSHE,SGSGP,MY2243,CNJIJ,TWTAP,CNZHA,CNQUA,CNZHE,CNDDG,CNWEN,CNCHZ,CNQIZ,CNLYW,CNQHD,CNBAO,CNQIN,CNCFD,CNNJG,CNGLA,MYPGG,CNWEI,IDSAM,CNMJS,JPKAW,KRPOH,KRGWA,KRDAN,JPFUK,JPOIT,JPKIS,JPSKI,KRULS,KRINC,JPNAG,JPCBA,JPYOK,KRPYT,KRBUS,JPMIZ,JPKMA,KRYOS,JPOSK,AUGLE,AUMEL,AUNTL,AUADE,AUBRI,AUHAY,RUNJK"
OACCSSKKK,"USSEA,USLSA,CAVCR,USOAK,MXLCS,MXMAN,PECAL,PABAL,USNPN,USSAV,USCHA,USNYK,COBUE,CLSAN,CLTAL,UYULA,BRPEC,BRTUB,BRPDM,ARBNA,BRPAR,BRRDJ,UYMON,BRSTS,BRITA,BRRGR,GBSOU,FRLEH,BEZEE,FRFOS,NLAMS,SIKOP,ITGOA,FRDKK,DEHAM,ESBAR,MTMAL,ESCAR,BEANT,PLGDA,ESGIJ,NLROT,TRMER,ZACPT,TRYAR,GRELE,GRAGT,TRALI,ZARIB,EGPSA,UAODS,JOAQA,ROCON,EGALE,EGDAM,SAJUB,BHBAH,KEMOM,SADMA,QAUMS,SAJED,SAYAN,KWMAA,AEJAL,AEABU,AERUW,OMSOH,AEFUJ,RUULG,PKKAR,INMUN,THLCB,THKSI,VNHPG,VNCAM,VNSOD,CNHUI,CNPAN,MY3182,CNLSN,HKHKG,AUGER,CNFAN,CNNBO,CNZOS,CNGUA,CNFUN,CNJIN,CNHUA,CNTAI,CNTJN,MYPKE,MYPAG,IDBAH,CNSTO,CNYSN,CNWGQ,CNCJK,CNJIT,CNYZH,CNNSA,CNDSN,CNLAZ,CNYTN,CNJIA,CNLYG,CNYAN,AUESP,CNMEZ,IDTBR,CNDAL,CNYPG,CNRUG,CNZZU,CNSWE,TWKAO,CNZJG,CNSLH,CNDJK,CNBYQ,CNLKU,MYTBS,CNSDG,CNMWN,CNCGM,CNXIA,CN2039,CNBHI,TWMAI,CNRIZ,CNSHE,SGSGP,MY2243,TWTAP,CNZHA,CNZHE,CNDDG,CNWEN,CNQIZ,CNLYW,CNQHD,CNBAO,CNQIN,CNCFD,CNGLA,MYPGG,CNWEI,IDSAM,CNMJS,JPKAW,KRPOH,KRGWA,KRDAN,JPFUK,JPOIT,JPKIS,JPSKI,KRULS,KRINC,JPNAG,JPCBA,JPYOK,KRPYT,KRBUS,JPMIZ,JPKMA,KRYOS,AUGLE,AUNTL,AUBRI,AUHAY,RUNJK"
OARCROGGK,"CNHUI,CNCZH,CNHKO,CNSTO,CNBHI,CNZHA,CNDNG"
OACNCRSYK,"USLUA,PECAL,ECGYL,USNYK,PEMAT,ECPBO,UYULA,CLMEJ,BRRDJ,UYMON,BRRGR,GBBEL,PTLXS,GHTEM,GNCON,IEDUB,FRLEH,BEZEE,SIKOP,ITGOA,ESHUE,ITTAR,ESTAR,DZDJE,DEHAM,ITRAV,FRROU,MTMAL,BEANT,PLGDA,ESGIJ,NLROT,ESBIL,TRGEB,TRYAR,ZADUR,GRAGT,ZARIB,LTKLJ,FIKOT,ZAPLZ,EGALE,KEMOM,TZDRS,AEJAL,OMSOH,PKQAS,PKKAR,INKAN,THLCB,IDCXP,IDJAK,VNHCM,VNHPG,VNQUN,THRAY,IDSUR,CNHUM,CNCJN,CNHUI,CNCZH,CNLSN,HKHKG,AUGER,CNNTG,CNFAN,CNDAF,CNYJG,CNNBO,CNZOS,CNGUA,CNFUN,CNJIN,CNHKO,CNHPU,CNDYI,CNTAI,CNTJN,MYPKE,MYPAG,IDBAH,CNSTO,CNYSN,CNWGQ,CNCJK,CNJIT,CNYZH,CNSHA,CNDSN,CNTAX,CNFUZ,CNJIA,TWHLN,CNLYG,CNYAN,CNWEF,CNCHS,CNMEZ,CNDAL,CNYPG,CNRUG,CNZZU,TWKAO,CNZJG,AUFRE,CNBAS,CNDJK,CNBYQ,CNYIZ,CNSHS,CNSDG,AUBUN,CNPLI,CNCGM,CNXIA,CNBHI,PHBAT,TWMAI,CNRIZ,SGSGP,TWTCH,CNJIJ,CNZHA,CNZPU,CNQUA,CNZHE,CNWEN,CNCHZ,CNQIZ,CNQHD,CNBAO,CNQIN,CNCFD,CNNJG,CNGLA,CNDNG,CNWEI,CNNDE,KRPOH,KRGWA,KRDAN,JPFUK,JPOIT,JPKIS,JPSKI,JPTOK,KRULS,KRINC,JPNAG,JPYOK,KRPYT,KRBUS,JPMIZ,JPMOJ,JPOSK,AUGLE,AUMEL,AUNTL,AUPKE,AUADE,AUBRI,AUGEE,NZAKL,NZTAU"
OARAROKKK,"CNCJN,CNHUI,CNCZH,CNNTG,CNFAN,CNYJG,CNNBO,CNZOS,CNGUA,CNFUN,CNHKO,CNDYI,CNSTO,CNCJK,CNDSN,CNTAX,CNFUZ,CNJIA,CNLYG,CNYAN,CNWEF,CNCHS,CNMEZ,CNDAL,CNYPG,TWKAO,CNBAS,CNDJK,CNYIZ,CNSDG,CNBHI,CNJIJ,CNZHA,CNZPU,CNQUA,CNZHE,CNWEN,CNCHZ,CNNJG,CNDNG,CNWEI,KRDAN,KRULS"
OAOFASKKK,"CAVCR,USLUA,PECAL,ECGYL,USNYK,PEMAT,ECPBO,UYULA,CLMEJ,BRVIT,BRRDJ,UYMON,BRSTS,BRRGR,GBBEL,PTLXS,MACAS,GHTEM,GNCON,IEDUB,FRLEH,BEZEE,SIKOP,ITGOA,NLVSG,ESHUE,ITTAR,ESTAR,DZDJE,DEHAM,ITRAV,FRROU,MTMAL,BEANT,PLGDA,ESGIJ,NLROT,ESBIL,TRGEB,LVRIX,TRYAR,ZADUR,GRAGT,TRLMA,TRDER,ZARIB,JOAQA,LTKLJ,FIKOT,ROCON,ZAPLZ,UACHO,EGALE,BHBAH,KEMOM,TZDRS,SADMA,SAJED,SAYAN,KWMAA,AEJAL,AEABU,AERAK,RUNVS,RUSPG,OMSOH,AEFUJ,PKQAS,PKKAR,INKAN,INMUN,THLCB,IDCXP,IDJAK,VNHCM,VNHPG,VNQUN,THRAY,IDSUR,CNHUM,CNCJN,CNHUI,CNCZH,CNLSN,HKHKG,AUGER,CNNTG,CNFAN,CNDAF,CNYJG,CNNBO,CNZOS,CNGUA,CNFUN,CNJIN,CNHKO,CNHPU,CNDYI,CNHUA,CNTAI,CNTJN,MYPKE,MYPAG,IDBAH,CNSTO,CNYSN,CNWGQ,CNCJK,CNJIT,CNYZH,CNSHA,CNNSA,CNDSN,CNTAX,CNLAZ,CNFUZ,CNJIA,TWHLN,CNLYG,CNYAN,CNWEF,CNCHS,CNMEZ,CNDAL,CNYPG,CNRUG,CNZZU,TWKAO,CNZJG,AUFRE,CNBAS,CNDJK,CNBYQ,CNLKU,CNYIZ,CNSHS,CNSDG,AUBUN,CNPLI,CNCGM,CNXIA,CNBHI,PHBAT,TWMAI,CNRIZ,SGSGP,TWTCH,CNJIJ,CNZHA,CNZPU,CNQUA,CNZHE,CNWEN,CNCHZ,CNQIZ,CNQHD,CNBAO,CNQIN,CNLVS,CNCFD,CNNJG,CNGLA,CNDNG,CNWEI,CNNDE,KRPOH,KRKUN,KRGWA,KRDAN,JPFUK,JPOIT,JPKIS,JPHHR,KRMAS,JPSKI,JPTOK,KRULS,KRINC,JPNAG,JPYOK,KRPYT,KRBUS,JPMIZ,JPMOJ,JPKMA,JPOSK,AUGLE,AUMEL,AUNTL,AUPKE,AUADE,AUBRI,AUGEE,NZAKL,NZTAU,NZNAP"
OARAFRKKK,"USSEA,USLGB,CAPRR,USLSA,CAVCR,USOAK,MXESE,MXMAN,PECAL,PABAL,USSAV,USCHA,USNYK,COBUE,CLSAN,CLLIR,BRPDM,GBLGP,MATAN,FRLEH,BEZEE,FRFOS,SIKOP,ITGOA,DEHAM,ESBAR,MTMAL,BEANT,PLGDA,ESVAL,NLROT,TRMER,TRISK,TRYAR,EGSOK,TRALI,TRIST,GRPIR,EGPSA,JOAQA,EGDAM,SAJUB,SADMA,QAHMD,SAJED,AEJAL,OMSOH,AEKHA,PKKAR,INNSA,LKCOL,INMUN,VNCMP,THLCB,VNHPG,HKHKG,CNNBO,CNZOS,CNFUN,CNTJN,MYPKE,CNYSN,CNWGQ,CNCJK,CNJIT,CNNSA,CNYTN,CNLYG,CNMEZ,CNDAL,TWKAO,CNSLH,CNDJK,CNMWN,CNXIA,CNSHE,SGSGP,TWTAP,CNQIN,KRGWA,KRBUS"
NGRKGAFKK,"BRPDM,XZKMN,SAJUT,QAASN,SARTA,KWMAA,IQMAB,AERUW,OMMAF,AEZUR,AEFUJ,MMMIO,CNHUI,CNLSN,CNNBO,CNZOS,CNJIN,CNTJN,CNYAN,CNMEZ,CNDAL,CNYPG,TWKAO,CNSLH,CNDJK,CNSDG,SGSGP,CNZHA,CNQIZ,CNQIN,CNCFD,KRGWA,JPKII,JPSKI,JPCBA"
OFFAYOAKK,"CNNBO,CNTJN,CNDAL,SGSGP,CNQIN,KRGWA"
NGRAASOKK,"BRPDM,CNMEZ,CNSLH,CNDJK"
OARAFCKKK,"USSEA,USLSA,CAVCR,USOAK,MXLCS,MXMAN,PECAL,PABAL,USSAV,USCHA,USNYK,COBUE,CLSAN,CLTAL,UYULA,BRTUB,BRPDM,ARBNA,BRPAR,BRRDJ,UYMON,BRSTS,BRITA,BRRGR,GBSOU,FRLEH,BEZEE,FRFOS,SIKOP,ITGOA,DEHAM,ESBAR,MTMAL,ESCAR,BEANT,PLGDA,ESGIJ,NLROT,TRMER,TRYAR,TRALI,EGPSA,UAODS,JOAQA,ROCON,EGALE,EGDAM,SAJUB,SADMA,SAJED,QARAS,KWMAA,AEJAL,AEABU,AERUW,OMSOH,AEFUJ,PKQAS,PKKAR,INMUN,THLCB,THKSI,VNHPG,VNCAM,CNHUI,CNPAN,MY3182,CNLSN,HKHKG,CNFAN,CNNBO,CNZOS,CNGUA,CNFUN,CNJIN,CNHUA,CNTAI,CNTJN,MYPKE,MYPAG,CNYSN,CNWGQ,CNCJK,CNJIT,CNYZH,CNNSA,CNDSN,CNYTN,CNJIA,CNLYG,CNYAN,AUESP,CNMEZ,CNDAL,CNYPG,TWKAO,CNZJG,CNSLH,CNDJK,CNBYQ,CNLKU,CN9878,CNSDG,CNMWN,CNCGM,CNXIA,CN2039,CNRIZ,CNSHE,SGSGP,MY2243,TWTAP,CNZHA,CNZHE,CNDDG,CNQIZ,CNLYW,CNQHD,CNBAO,CNQIN,CNCFD,CNGLA,CNWEI,CNMJS,JPKAW,KRPOH,KRGWA,KRDAN,JPFUK,JPOIT,JPKIS,JPSKI,KRULS,KRINC,JPNAG,JPCBA,JPYOK,KRPYT,KRBUS,JPMIZ,JPKMA,KRYOS,AUGLE,AUNTL,AUBRI,AUSYD,AUHAY,RUNJK"
OARASNKKK,"USLSA,CAVCR,USOAK,GTPQL,MXLCS,MXMAN,PECAL,PABAL,ECGYL,USNPN,USSAV,USNYK,COBUE,CLTAL,UYULA,BRPEC,BRTUB,BRPDM,BRPAR,BRRDJ,UYMON,BRSTS,BRITA,BRRGR,GBSOU,FRLEH,BEZEE,NLAMS,SIKOP,ITGOA,DEHAM,ESBAR,MTMAL,ESCAR,BEANT,PLGDA,ESGIJ,NLROT,TRMER,ZACPT,TRYAR,GRELE,GRAGT,TRALI,ZARIB,EGPSA,JOAQA,ROCON,EGALE,EGDAM,SAJUB,BHBAH,KEMOM,SADMA,QAUMS,SAJED,SAYAN,KWMAA,AEJAL,AEABU,AERUW,OMSOH,AEFUJ,RUULG,PKQAS,PKKAR,INCHN,INKNP,INMUN,INVIS,THLCB,THKSI,VNHPG,VNCAM,VNSOD,CNHUI,CNPAN,CNTAZ,MY3182,CNLSN,HKHKG,AUGER,CNNTG,CNFAN,CNNBO,CNPYU,CNZOS,CNGUA,CNFUN,CNJIN,CNHUA,CNTAI,CNDCB,CN9862,CNTJN,MYPKE,MYPAG,IDBAH,CNSTO,CNYSN,CNWGQ,CNCJK,CNJIT,CN9873,CNYZH,CNNSA,CNDSN,CNLAZ,CNYTN,CNJIA,CN1087,CNLYG,CNYAN,AUESP,CNCHS,CNMEZ,CNDAL,CNYPG,CNRUG,CNZZU,CNSWE,TWKAO,CNZJG,CNSLH,AUFRE,CNDJK,CNBYQ,CNLKU,MYTBS,CNSDG,MYTPP,CNMWN,CNCGM,CNXIA,CNBHI,TWMAI,CNRIZ,CNSHE,SGSGP,MY2243,CNJIJ,TWTAP,CNZHA,CNQUA,CNZHE,CNDDG,CNWEN,CNCHZ,CNQIZ,CNLYW,CNQHD,CNBAO,CNQIN,CNCFD,CNNJG,CNGLA,MYPGG,CNWEI,IDSAM,CNMJS,JPKAW,KRPOH,KRGWA,KRDAN,JPFUK,JPOIT,JPKIS,JPSKI,KRULS,KRINC,JPNAG,JPCBA,JPYOK,KRPYT,KRBUS,JPMIZ,JPKMA,KRYOS,JPOSK,AUGLE,AUMEL,AUNTL,AUADE,AUBRI,AUHAY,RUNJK"
OARCRCSGK,"CNHKO,CNSYA,CNBHI,CNZHA,CNHAA"
OAOAONKKK,"USSEA,USLSA,CAVCR,PABAL,USNFK,USSAV,USCHA,USNYK,BRTUB,BRPDM,BRITA,GBSOU,FRLEH,BEZEE,FRFOS,ITGOA,DEHAM,MTMAL,ESCAR,BEANT,PLGDA,ESGIJ,NLROT,JOAQA,EGALE,SADMA,SAJED,QARAS,KWMAA,AEJAL,AEABU,AERUW,OMSOH,AEFUJ,PKKAR,INMUN,VNCAM,CNHUI,MY3182,CNLSN,HKHKG,CNFAN,CNNBO,CNZOS,CNGUA,CNFUN,CNJIN,AUCPN,CNHUA,CNTAI,CNTJN,MYPKE,CNYSN,CNWGQ,CNCJK,CNJIT,CNYZH,CNNSA,CNDSN,CNYTN,CNJIA,CNLYG,CNYAN,AUESP,CNMEZ,CNDAL,CNYPG,TWKAO,CNZJG,CNSLH,CNDJK,CNBYQ,CNSDG,CNCGM,AUPHE,CNXIA,CNRIZ,CNSHE,SGSGP,TWTAP,CNZHA,CNZHE,CNDDG,CNQIZ,CNLYW,CNBAO,CNQIN,CNCFD,CNGLA,CNMJS,JPKAW,KRPOH,KRGWA,KRDAN,JPFUK,JPOIT,JPKIS,JPSKI,KRULS,KRINC,JPNAG,JPCBA,KRPYT,KRBUS,JPMIZ,JPKMA,KRYOS,AUGLE,AUAPT,AUNTL,AUBRI,AUHAY"
OAOFSCKKK,"USLSA,CAVCR,USOAK,MXLCS,MXMAN,PECAL,ECGYL,USNYK,COBUE,UYULA,BRPEC,BRTUB,BRPAR,BRRDJ,UYMON,BRSTS,BRRGR,GBSOU,FRLEH,BEZEE,NLAMS,SIKOP,ITGOA,DEHAM,MTMAL,ESCAR,BEANT,PLGDA,ESGIJ,NLROT,TRYAR,GRAGT,ZARIB,JOAQA,ROCON,EGALE,SAJUB,BHBAH,KEMOM,SADMA,QAUMS,SAJED,SAYAN,KWMAA,AEJAL,AEABU,OMSOH,AEFUJ,PKQAS,PKKAR,INKNP,INMUN,THLCB,VNHPG,VNCAM,CNHUI,CNPAN,CNTAZ,CNLSN,HKHKG,AUGER,CNNTG,CNFAN,CNNBO,CNZOS,CNGUA,CNFUN,CNJIN,CNHUA,CNTAI,CNDCB,CNTJN,MYPKE,MYPAG,IDBAH,CNSTO,CNYSN,CNWGQ,CNCJK,CNJIT,CNYZH,CNNSA,CNDSN,CNLAZ,CNYTN,CNJIA,CNLYG,CNYAN,AUESP,CNCHS,CNMEZ,CNDAL,CNYPG,CNRUG,CNZZU,TWKAO,CNZJG,AUFRE,CNDJK,CNBYQ,CNLKU,CNSDG,CNPLI,CNCGM,CNXIA,CNBHI,TWMAI,CNRIZ,CNSHE,SGSGP,CNJIJ,TWTAP,CNZHA,CNQUA,CNZHE,CNDDG,CNWEN,CNCHZ,CNQIZ,CNQHD,CNBAO,CNQIN,CNCFD,CNNJG,CNGLA,CNWEI,IDSAM,KRPOH,KRGWA,KRDAN,JPFUK,JPOIT,JPKIS,JPSKI,KRULS,KRINC,JPNAG,JPYOK,KRPYT,KRBUS,JPMIZ,JPKMA,JPOSK,AUGLE,AUMEL,AUNTL,AUADE,AUBRI"
CRNKGSKNA,"USSEA,CAPRR,USLSA,CAVCR,USOAK,MXESE,MXLCS,MXMAN,PECAL,PABAL,USSAV,USCHA,USNYK,COBUE,CLSAN,CLTAL,UYULA,CLLIR,BRTUB,BRPDM,ARBNA,BRPAR,BRRDJ,UYMON,BRSTS,BRIJI,BRITA,BRRGR,FRLEH,BEZEE,FRFOS,SIKOP,ITGOA,DEHAM,ESBAR,MTMAL,BEANT,PLGDA,ESGIJ,NLROT,TRMER,TRYAR,EGSOK,TRALI,EGPSA,UAODS,JOAQA,ROCON,EGALE,EGDAM,SAJUB,SADMA,SAJED,KWMAA,AEJAL,AEABU,AERUW,OMSOH,AEKHA,AEFUJ,PKKAR,INNSA,LKCOL,INMUN,THLCB,VNHPG,VNCAM,CNHUI,MY3182,CNLSN,HKHKG,CNFAN,CNNBO,CNZOS,CNGUA,CNFUN,CNJIN,CNHUA,CNTAI,CNTJN,MYPKE,CNYSN,CNWGQ,CNCJK,CNJIT,CNYZH,CNNSA,CNYTN,CNJIA,CNLYG,CNYAN,AUESP,CNMEZ,CNDAL,CNYPG,TWKAO,CNZJG,CNSLH,AUFRE,CNDJK,CNBYQ,CNSDG,CNMWN,CNCGM,CNXIA,CNRIZ,CNSHE,SGSGP,TWTAP,CNZHA,CNZHE,CNDDG,CNQIZ,CNLYW,CNBAO,CNQIN,CNCFD,CNWEI,CNMJS,JPKAW,KRPOH,KRGWA,KRDAN,JPFUK,JPOIT,JPKIS,JPSKI,KRULS,KRINC,JPNAG,JPCBA,JPYOK,KRBUS,JPMIZ,JPKMA,KRYOS,AUGLE,AUMEL,AUNTL,AUBRI,AUSYD,AUHAY"
OARCRRGCK,"CNHUI,CNCZH,CNFAN,CNYJG,CNGUA,CNHKO,CNSTO,CNYPG,CNSDG,CNBHI,CNZHA,CNDNG"
OFFKCRAKK,"CAPRR,CAVCR,CANWE,BRPDM,BEZEE,DEHAM,BEANT,PLGDA,NLROT,GRPIR,SADMA,SARTA,KWMAA,IQMAB,AEJAL,AERUW,OMSOH,AEKHA,AEFUJ,CNHUI,MY3182,CNLSN,HKHKG,CNFAN,CNNBO,CNZOS,CNJIN,CNHUA,CNTAI,CNTJN,MYPKE,CNYSN,CNCJK,CNJIT,CNNSA,CNYTN,MY3173,CNJIA,CNLYG,CNYAN,CNMEZ,CNDAL,CNYPG,TWKAO,CNSLH,CNDJK,CNBYQ,CNSDG,AUPHE,CNXIA,CNRIZ,SGSGP,AUPWA,CNZHA,CNDDG,CNQIZ,CNLYW,CNQIN,CNCFD,AUDPR,CNMJS,KRPOH,KRGWA,JPFUK,JPKII,JPOIT,JPKIS,JPSKI,KRULS,KRINC,JPNAG,JPCBA,JPMIZ,JPKMA,KRYOS,AUNTL,AUHAY"
OFFAOSFKK,"BEZEE,DEHAM,BEANT,PLGDA,NLROT,GRPIR,SADMA,AEJAL,AEKHA,CNNBO,CNZOS,CNTJN,MYPKE,CNYSN,CNNSA,CNYTN,CNLYG,CNDAL,CNXIA,SGSGP,CNQIN,KRGWA"
OAOFKAKKK,"USSEA,USLSA,CAVCR,USOAK,MXLCS,MXMAN,PECAL,PABAL,USNPN,USSAV,USCHA,USNYK,COBUE,CLSAN,CLTAL,UYULA,BRPEC,BRTUB,BRPDM,ARBNA,BRPAR,BRRDJ,UYMON,BRSTS,BRITA,BRRGR,GBSOU,FRLEH,BEZEE,FRFOS,NLAMS,SIKOP,ITGOA,DEHAM,ESBAR,MTMAL,ESCAR,BEANT,PLGDA,ESGIJ,NLROT,TRMER,ZACPT,TRYAR,GRELE,GRAGT,TRALI,ZARIB,EGPSA,UAODS,JOAQA,ROCON,EGALE,EGDAM,SAJUB,BHBAH,KEMOM,SADMA,QAUMS,SAJED,SAYAN,KWMAA,AEJAL,AEABU,AERUW,OMSOH,AEFUJ,RUULG,PKQAS,PKKAR,INMUN,THLCB,THKSI,VNHPG,VNCAM,VNSOD,CN9014,CNHUI,CNPAN,MY3182,CNLSN,HKHKG,AUGER,CNFAN,CNNBO,CNPYU,CNZOS,CNGUA,CNFUN,CNJIN,CNHUA,CNTAI,CN9862,CNTJN,MYPKE,MYPAG,IDBAH,CNSTO,CNYSN,CNWGQ,CNCJK,CNJIT,CN9873,CNYZH,CNNSA,CNDSN,CNLAZ,CNYTN,CNJIA,CN1087,CNLYG,CNYAN,AUESP,CNMEZ,IDTBR,CNDAL,CNYPG,CNRUG,CNZZU,CNSWE,TWKAO,CNZJG,CNSLH,CNDJK,CNBYQ,CNLKU,MYTBS,CNSDG,MYTPP,CNMWN,CNCGM,CNXIA,CN2039,CNBHI,TWMAI,CNRIZ,CNSHE,SGSGP,MY2243,TWTAP,CNZHA,CNZHE,CNDDG,CNWEN,CNQIZ,CNLYW,CNQHD,CNBAO,CNQIN,CNCFD,CNGLA,MYPGG,CNWEI,IDSAM,CNMJS,JPKAW,KRPOH,KRGWA,KRDAN,JPFUK,JPOIT,JPKIS,JPSKI,KRULS,KRINC,JPNAG,JPCBA,JPYOK,KRPYT,KRBUS,JPMIZ,JPKMA,KRYOS,AUGLE,AUNTL,AUBRI,AUHAY,RUNJK"
OAOANGKKK,"USLSA,CAVCR,USOAK,MXLCS,MXMAN,PECAL,ECGYL,USNYK,COBUE,CLTAL,UYULA,BRPEC,BRTUB,BRPAR,BRRDJ,UYMON,BRSTS,BRRGR,GBSOU,FRLEH,BEZEE,NLAMS,SIKOP,ITGOA,DEHAM,MTMAL,ESCAR,BEANT,PLGDA,ESGIJ,NLROT,TRYAR,GRAGT,ZARIB,JOAQA,ROCON,EGALE,SAJUB,BHBAH,KEMOM,SADMA,QAUMS,SAJED,SAYAN,KWMAA,AEJAL,AEABU,OMSOH,AEFUJ,PKQAS,PKKAR,INKNP,INMUN,THLCB,VNHPG,VNCAM,CNHUI,CNPAN,CNTAZ,CNLSN,HKHKG,AUGER,CNNTG,CNFAN,CNNBO,CNZOS,CNGUA,CNFUN,CNJIN,CNHUA,CNTAI,CNDCB,CNTJN,MYPKE,MYPAG,IDBAH,CNSTO,CNYSN,CNWGQ,CNCJK,CNJIT,CNYZH,CNNSA,CNDSN,CNLAZ,CNYTN,CNJIA,CNLYG,CNYAN,AUESP,CNCHS,CNMEZ,CNDAL,CNYPG,CNRUG,CNZZU,TWKAO,CNZJG,AUFRE,CNDJK,CNBYQ,CNLKU,CNSDG,CNPLI,CNCGM,CNXIA,CNBHI,TWMAI,CNRIZ,CNSHE,SGSGP,CNJIJ,TWTAP,CNZHA,CNQUA,CNZHE,CNDDG,CNWEN,CNCHZ,CNQIZ,CNQHD,CNBAO,CNQIN,CNCFD,CNNJG,CNGLA,CNWEI,IDSAM,JPKAW,KRPOH,KRGWA,KRDAN,JPFUK,JPOIT,JPKIS,JPSKI,KRULS,KRINC,JPNAG,JPYOK,KRPYT,KRBUS,JPMIZ,JPKMA,JPOSK,AUGLE,AUMEL,AUNTL,AUADE,AUBRI"
OARAFAKKK,"USSEA,USLGB,CAPRR,USLSA,CAVCR,USOAK,MXESE,MXMAN,PECAL,PABAL,USSAV,USCHA,USNYK,COBUE,CLSAN,CLLIR,BRPDM,GBLGP,MATAN,FRLEH,BEZEE,FRFOS,SIKOP,ITGOA,DEHAM,ESBAR,MTMAL,BEANT,PLGDA,ESVAL,NLROT,TRMER,TRISK,TRYAR,EGSOK,TRALI,TRIST,GRPIR,EGPSA,JOAQA,EGDAM,SAJUB,SADMA,QAHMD,SAJED,AEJAL,OMSOH,AEKHA,PKKAR,INNSA,LKCOL,INMUN,VNCMP,THLCB,VNHPG,HKHKG,CNNBO,CNZOS,CNFUN,CNTJN,MYPKE,CNYSN,CNWGQ,CNCJK,CNJIT,CNNSA,CNYTN,CNLYG,CNMEZ,CNDAL,TWKAO,CNSLH,CNDJK,CNMWN,CNXIA,CNSHE,SGSGP,TWTAP,CNQIN,KRGWA,KRBUS"
OFFCNFCKK,"CNNBO,CNZOS"
OFFCCCAKK,"USLSA,CAVCR,USOAK,MXLCS,MXMAN,PECAL,PABAL,ECGYL,USNPN,USSAV,USNYK,COBUE,CLTAL,UYULA,BRPEC,BRTUB,BRPAR,BRRDJ,UYMON,BRSTS,BRITA,BRRGR,GBSOU,FRLEH,BEZEE,NLAMS,SIKOP,ITGOA,DEHAM,ESBAR,MTMAL,ESCAR,BEANT,PLGDA,ESGIJ,NLROT,TRMER,ZACPT,TRYAR,GRELE,GRAGT,TRALI,ZARIB,EGPSA,JOAQA,ROCON,EGALE,SAJUB,BHBAH,KEMOM,SADMA,QAUMS,SAJED,SAYAN,KWMAA,AEJAL,AEABU,AERUW,OMSOH,AEFUJ,RUULG,PKQAS,PKKAR,INCHN,INKNP,INMUN,INVIS,THLCB,THKSI,VNHPG,VNCAM,VNSOD,CNHUI,CNPAN,CNTAZ,MY3182,CNLSN,HKHKG,AUGER,CNNTG,CNFAN,CNNBO,CNPYU,CNZOS,CNGUA,CNFUN,CNJIN,CNHUA,CNTAI,CNDCB,CN9862,CNTJN,MYPKE,MYPAG,IDBAH,CNSTO,CNYSN,CNWGQ,CNCJK,CNJIT,CN9873,CNYZH,CNNSA,CNDSN,CNLAZ,CNYTN,CNJIA,CN1087,CNLYG,CNYAN,AUESP,CNCHS,CNMEZ,CNDAL,CNYPG,CNRUG,CNZZU,TWKAO,CNZJG,CNSLH,AUFRE,CNDJK,CNBYQ,CNLKU,MYTBS,CNSDG,MYTPP,CNPLI,CNMWN,CNCGM,CNXIA,CNBHI,TWMAI,CNRIZ,CNSHE,SGSGP,MY2243,CNJIJ,TWTAP,CNZHA,CNQUA,CNZHE,CNDDG,CNWEN,CNCHZ,CNQIZ,CNLYW,CNQHD,CNBAO,CNQIN,CNCFD,CNNJG,CNGLA,MYPGG,CNWEI,IDSAM,JPKAW,KRPOH,KRGWA,KRDAN,JPFUK,JPOIT,JPKIS,JPSKI,KRULS,KRINC,JPNAG,JPCBA,JPYOK,KRPYT,KRBUS,JPMIZ,JPKMA,KRYOS,JPOSK,AUGLE,AUMEL,AUNTL,AUADE,AUBRI,AUHAY,RUNJK"
RFCCCOKKK,"USLUA,GBBEL,PTLXS,IEDUB,FRLEH,ESHUE,ITTAR,ESTAR,DZDJE,DEHAM,FRROU,BEANT,ESGIJ,NLROT,TRGEB,TRYAR,LTKLJ,EGALE,VNHCM,VNHPG,THRAY,CNHUM,CNCJN,CNHUI,CNCZH,CNNTG,CNFAN,CNYJG,CNNBO,CNZOS,CNGUA,CNFUN,CNJIN,CNHKO,CNHPU,CNDYI,CNTJN,MYPAG,CNSTO,CNWGQ,CNCJK,CNSHA,CNDSN,CNTAX,CNFUZ,CNJIA,TWHLN,CNLYG,CNYAN,CNWEF,CNCHS,CNMEZ,CNDAL,CNYPG,CNZZU,TWKAO,AUFRE,CNBAS,CNDJK,CNYIZ,CNSDG,CNBHI,SGSGP,CNJIJ,CNZHA,CNZPU,CNQUA,CNZHE,CNWEN,CNCHZ,CNQIZ,CNQIN,CNNJG,CNDNG,KRGWA,KRDAN,JPFUK,JPKIS,JPSKI,KRULS,JPNAG,JPMIZ,AUADE,AUGEE"
OFFGGNFKK,"CAPRR,BRPDM,SARTA,KWMAA,IQMAB,AERUW,OMSOH,AEFUJ,CNHUI,MY3182,CNLSN,CNNBO,CNZOS,CNJIN,CNTJN,CNJIT,MY3173,CNLYG,CNYAN,CNMEZ,CNDAL,CNYPG,TWKAO,CNSLH,CNDJK,CNSDG,AUPHE,CNRIZ,SGSGP,CNZHA,CNQIZ,CNQIN,CNCFD,CNMJS,KRGWA,JPKII,JPSKI,KRULS,KRINC,JPCBA,KRYOS"
OAOFCYKKK,"USLSA,CAVCR,USOAK,MXLCS,MXMAN,PECAL,ECGYL,USNYK,COBUE,UYULA,BRPAR,BRRDJ,UYMON,BRSTS,BRRGR,GBSOU,FRLEH,BEZEE,NLAMS,SIKOP,ITGOA,DEHAM,MTMAL,BEANT,PLGDA,ESGIJ,NLROT,TRYAR,GRAGT,ZARIB,JOAQA,ROCON,EGALE,SAJUB,BHBAH,KEMOM,SADMA,QAUMS,SAJED,SAYAN,KWMAA,AEJAL,AEABU,OMSOH,AEFUJ,PKQAS,PKKAR,INKNP,INMUN,THLCB,THKSI,VNHPG,VNCAM,CNHUI,CNPAN,CNTAZ,MY3182,CNLSN,HKHKG,AUGER,CNNTG,CNFAN,CNNBO,CNPYU,CNZOS,CNGUA,CNFUN,CNJIN,CNHUA,CNTAI,CNDCB,CN9862,CNTJN,MYPKE,MYPAG,IDBAH,CNSTO,CNYSN,CNWGQ,CNCJK,CNJIT,CN9873,CNYZH,CNNSA,CNDSN,CNLAZ,CNYTN,CNJIA,CN1087,CNLYG,CNYAN,AUESP,CNCHS,CNMEZ,CNDAL,CNYPG,CNRUG,CNZZU,TWKAO,CNZJG,AUFRE,CNDJK,CNBYQ,CNLKU,MYTBS,CNSDG,MYTPP,CNCGM,CNXIA,CNBHI,TWMAI,CNRIZ,CNSHE,SGSGP,CNJIJ,TWTAP,CNZHA,CNQUA,CNZHE,CNDDG,CNWEN,CNQIZ,CNQHD,CNBAO,CNQIN,CNCFD,CNNJG,CNGLA,MYPGG,CNWEI,IDSAM,KRPOH,KRGWA,KRDAN,JPFUK,JPOIT,JPKIS,JPSKI,KRULS,KRINC,JPNAG,JPCBA,JPYOK,KRPYT,KRBUS,JPMIZ,JPKMA,JPOSK,AUGLE,AUMEL,AUNTL,AUADE,AUBRI"
OARROSOSK,"CNCJN,CNHUI,CNCZH,CNNTG,CNFAN,CNYJG,CNNBO,CNZOS,CNGUA,CNFUN,CNHKO,CNDYI,CNTJN,CNSTO,CNWGQ,CNCJK,CNDSN,CNTAX,CNFUZ,CNJIA,CNLYG,CNYAN,CNWEF,CNCHS,CNMEZ,CNDAL,CNYPG,TWKAO,CNBAS,CNDJK,CNYIZ,CNSDG,CNBHI,CNJIJ,CNZHA,CNZPU,CNQUA,CNZHE,CNWEN,CNCHZ,CNNJG,CNDNG,KRDAN,KRULS"
OARARKKKK,"USLSA,CAVCR,USOAK,GTPQL,MXLCS,MXMAN,PECAL,PABAL,ECGYL,USNPN,USSAV,USNYK,COBUE,CLTAL,UYULA,BRPEC,BRTUB,BRPDM,BRPAR,BRRDJ,UYMON,BRSTS,BRITA,BRRGR,GBSOU,FRLEH,BEZEE,NLAMS,SIKOP,ITGOA,DEHAM,ESBAR,MTMAL,ESCAR,BEANT,PLGDA,ESGIJ,NLROT,TRMER,ZACPT,TRYAR,GRELE,GRAGT,TRALI,ZARIB,EGPSA,JOAQA,ROCON,EGALE,EGDAM,SAJUB,BHBAH,KEMOM,SADMA,QAUMS,SAJED,SAYAN,KWMAA,AEJAL,AEABU,AERUW,OMSOH,AEFUJ,RUULG,PKQAS,PKKAR,INCHN,INKNP,INMUN,INVIS,THLCB,THKSI,VNHPG,VNCAM,VNSOD,CNHUI,CNPAN,CNTAZ,MY3182,CNLSN,HKHKG,AUGER,CNNTG,CNFAN,CNNBO,CNPYU,CNZOS,CNGUA,CNFUN,CNJIN,CNHUA,CNTAI,CNDCB,CN9862,CNTJN,MYPKE,MYPAG,IDBAH,CNSTO,CNYSN,CNWGQ,CNCJK,CNJIT,CN9873,CNYZH,CNNSA,CNDSN,CNLAZ,CNYTN,CNJIA,CN1087,CNLYG,CNYAN,AUESP,CNCHS,CNMEZ,CNDAL,CNYPG,CNRUG,CNZZU,CNSWE,TWKAO,CNZJG,CNSLH,AUFRE,CNDJK,CNBYQ,CNLKU,MYTBS,CNSDG,MYTPP,CNMWN,CNCGM,CNXIA,CNBHI,TWMAI,CNRIZ,CNSHE,SGSGP,MY2243,CNJIJ,TWTAP,CNZHA,CNQUA,CNZHE,CNDDG,CNWEN,CNCHZ,CNQIZ,CNLYW,CNQHD,CNBAO,CNQIN,CNCFD,CNNJG,CNGLA,MYPGG,CNWEI,IDSAM,CNMJS,JPKAW,KRPOH,KRGWA,KRDAN,JPFUK,JPOIT,JPKIS,JPSKI,KRULS,KRINC,JPNAG,JPCBA,JPYOK,KRPYT,KRBUS,JPMIZ,JPKMA,KRYOS,JPOSK,AUGLE,AUMEL,AUNTL,AUADE,AUBRI,AUHAY,RUNJK"
OAOCGKKKK,"FRLEH,DEHAM,BEANT,NLROT,CNHUI,HKHKG,CNNBO,CNZOS,CNGUA,CNFUN,CNJIN,CNTJN,CNYSN,CNWGQ,CNCJK,CNJIT,CNLYG,CNYAN,CNMEZ,CNDAL,CNYPG,TWKAO,CNDJK,CNSHS,CNSDG,CNXIA,SGSGP,CNZHA,CNQIZ,CNQIN,KRGWA,KRULS"
GRGKCAKFG,"BEZEE,DEHAM,BEANT,PLGDA,NLROT,SADMA,KWMAA,AEJAL,OMSOH,AEFUJ,CNHUI,CNLSN,HKHKG,CNNBO,CNZOS,CNJIN,CNTJN,MYPKE,CNYSN,CNJIT,CNNSA,CNYTN,CNYAN,CNMEZ,CNDAL,CNYPG,TWKAO,CNDJK,CNSDG,CNXIA,SGSGP,CNZHA,CNQIZ,CNQIN,CNCFD,KRGWA,JPSKI,KRULS,KRINC"
OAOACRKKK,"USLSA,CAVCR,USOAK,MXLCS,MXMAN,PECAL,ECGYL,USNYK,COBUE,CLTAL,UYULA,BRPEC,BRTUB,BRPAR,BRRDJ,UYMON,BRSTS,BRRGR,GBSOU,FRLEH,BEZEE,NLAMS,SIKOP,ITGOA,DEHAM,MTMAL,ESCAR,BEANT,PLGDA,ESGIJ,NLROT,TRYAR,GRAGT,ZARIB,JOAQA,ROCON,EGALE,SAJUB,BHBAH,KEMOM,SADMA,QAUMS,SAJED,SAYAN,KWMAA,AEJAL,AEABU,OMSOH,AEFUJ,PKQAS,PKKAR,INKNP,INMUN,THLCB,VNHPG,VNCAM,CNHUI,CNPAN,CNTAZ,CNLSN,HKHKG,AUGER,CNNTG,CNFAN,CNNBO,CNZOS,CNGUA,CNFUN,CNJIN,CNHUA,CNTAI,CNDCB,CNTJN,MYPKE,MYPAG,IDBAH,CNSTO,CNYSN,CNWGQ,CNCJK,CNJIT,CNYZH,CNNSA,CNDSN,CNLAZ,CNYTN,CNJIA,CNLYG,CNYAN,AUESP,CNCHS,CNMEZ,CNDAL,CNYPG,CNRUG,CNZZU,TWKAO,CNZJG,AUFRE,CNDJK,CNBYQ,CNLKU,CNSDG,CNPLI,CNCGM,CNXIA,CNBHI,TWMAI,CNRIZ,CNSHE,SGSGP,CNJIJ,TWTAP,CNZHA,CNQUA,CNZHE,CNDDG,CNWEN,CNCHZ,CNQIZ,CNQHD,CNBAO,CNQIN,CNCFD,CNNJG,CNGLA,CNWEI,IDSAM,JPKAW,KRPOH,KRGWA,KRDAN,JPFUK,JPOIT,JPKIS,JPSKI,KRULS,KRINC,JPNAG,JPYOK,KRPYT,KRBUS,JPMIZ,JPKMA,JPOSK,AUGLE,AUMEL,AUNTL,AUADE,AUBRI"
OARAGYKKK,"USSEA,CAPRR,USLSA,CAVCR,USOAK,MXESE,MXLCS,MXMAN,PECAL,PABAL,ECGYL,USSAV,USNYK,COBUE,CLSAN,CLTAL,UYULA,CLLIR,BRTUB,BRPAR,BRRDJ,UYMON,BRIOA,BRSTS,BRIJI,BRITA,BRRGR,GBSOU,FRLEH,BEZEE,SIKOP,ITGOA,DEHAM,MTMAL,ESCAR,BEANT,PLGDA,ESGIJ,NLROT,TRYAR,EGSOK,JOAQA,ROCON,EGALE,SAJUB,SADMA,SAJED,KWMAA,AEJAL,AEABU,OMSOH,AEKHA,AEFUJ,PKQAS,PKKAR,INNSA,INCHN,LKCOL,INKNP,INMUN,INKUP,THLCB,VNHPG,VNCAM,CNHUI,MY3182,CNLSN,HKHKG,CNFAN,CNNBO,CNZOS,CNGUA,CNFUN,CNJIN,CNHUA,CNTAI,CNDCB,CNTJN,MYPKE,CNYSN,CNWGQ,CNCJK,CNJIT,CNYZH,CNNSA,CNDSN,CNYTN,CNJIA,CNLYG,CNYAN,AUESP,CNMEZ,CNDAL,CNYPG,TWKAO,CNZJG,AUFRE,CNDJK,CNBYQ,MYPEN,CNSDG,CNMWN,CNCGM,CNXIA,CNRIZ,CNSHE,SGSGP,TWTAP,CNZHA,CNQUA,CNZHE,CNDDG,CNQIZ,CNQHD,CNBAO,CNQIN,CNCFD,CNGLA,CNWEI,JPKAW,KRPOH,KRGWA,KRDAN,JPFUK,JPOIT,JPKIS,JPSKI,KRULS,KRINC,JPNAG,JPCBA,JPYOK,KRBUS,JPMIZ,JPKMA,KRYOS,JPOSK,AUGLE,AUMEL,AUNTL,AUADE,AUBRI"
OAOFSFKKK,"USLSA,CAVCR,USOAK,GTPQL,MXLCS,MXMAN,PECAL,PABAL,ECGYL,USSAV,USCHA,USNYK,COBUE,CLSAN,CLTAL,UYULA,BRTUB,BRPDM,ARBNA,BRPAR,BRRDJ,UYMON,BRIOA,BRSTS,BRITA,BRRGR,GBSOU,FRLEH,BEZEE,NLAMS,SIKOP,ITGOA,DEHAM,ESBAR,MTMAL,ESCAR,BEANT,PLGDA,ESGIJ,NLROT,TRMER,ZACPT,TRYAR,GRELE,GRAGT,TRALI,EGPSA,UAODS,JOAQA,ROCON,EGALE,EGDAM,SAJUB,BHBAH,KEMOM,SADMA,QAUMS,SAJED,SAYAN,KWMAA,AEJAL,AEABU,AERUW,OMSOH,AEFUJ,RUULG,PKQAS,PKKAR,INCHN,INKNP,INMUN,INVIS,THLCB,THKSI,VNHPG,VNCAM,CN9014,CNHUI,CNPAN,MY3182,CNLSN,HKHKG,CNFAN,CNNBO,CNPYU,CNZOS,CNGUA,CNFUN,CNJIN,CNHUA,CNTAI,CNDCB,CN9862,CNTJN,MYPKE,MYPAG,CNYSN,CNWGQ,CNCJK,CNJIT,CN9873,CNYZH,CNNSA,CNDSN,CNLAZ,CNYTN,CNJIA,CN1087,CNLYG,CNYAN,AUESP,CNMEZ,CNDAL,CNYPG,TWKAO,CNZJG,CNSLH,AUFRE,CNDJK,CNBYQ,CNLKU,MYTBS,CNSDG,MYTPP,CNMWN,CNCGM,CNXIA,TWMAI,CNRIZ,CNSHE,SGSGP,MY2243,TWTAP,CNZHA,CNQUA,CNZHE,CNDDG,CNQIZ,CNLYW,CNQHD,CNBAO,CNQIN,CNCFD,CNGLA,MYPGG,CNWEI,CNMJS,JPKAW,KRPOH,KRGWA,KRDAN,JPFUK,JPOIT,JPKIS,JPSKI,KRULS,KRINC,JPNAG,JPCBA,JPYOK,KRPYT,KRBUS,JPMIZ,JPKMA,KRYOS,JPOSK,AUGLE,AUMEL,AUNTL,AUADE,AUBRI,AUHAY,RUNJK"
OARCAYKYK,"USLSA,CAVCR,USOAK,GTSTC,USBEA,USBTR,MXLCS,USLUA,MXMAN,PECAL,ECGYL,USNYK,COBAR,COBUE,UYULA,BRVIT,BRRDJ,UYMON,BRSTS,BRRGR,GBBEL,PTLXS,MACAS,GBSOU,GHTEM,GNCON,IEDUB,CIABI,FRLEH,BEZEE,NLAMS,SIKOP,ITGOA,NLVSG,ESHUE,ITTAR,ESTAR,DZDJE,DEHAM,ITRAV,FRROU,MTMAL,BEANT,PLGDA,ESSAN,ESGIJ,NLROT,ESSAG,ESBIL,TRGEB,LVRIX,TRYAR,ZADUR,GRAGT,TRLMA,TRDER,ZARIB,JOAQA,LTKLJ,FIKOT,ROCON,ZAPLZ,UACHO,EGALE,SAJUB,BHBAH,KEMOM,TZDRS,SADMA,QAUMS,SAJED,SAYAN,KWMAA,AEJAL,AEABU,AERAK,RUSPG,OMSOH,AEFUJ,PKQAS,PKKAR,INKAN,INKNP,INMUN,THLCB,VNPHU,VNNGH,IDJAK,VNHCM,VNHPG,VNCAM,VNQUN,IDSUR,CNHUM,CNCJN,CNHUI,CNCZH,CNPAN,CNSHD,CNLSN,HKHKG,AUGER,CNNTG,CNFAN,CNDAF,CNYJG,CNNBO,CNPYU,CNZOS,CNGUA,CNFUN,CNJIN,CNHKO,CNHPU,CNDYI,CNHUA,CNTAI,CNDCB,CNTJN,MYKUA,MYPKE,MYPAG,IDBAH,CNSTO,CNYSN,CNWGQ,CNCJK,CNJIT,CNYZH,CNNSA,CNDSN,CNTAX,CNLAZ,CNFUZ,CNYTN,CNJIA,CN1087,TWHLN,CNLYG,CNYAN,TWKEE,AUESP,CNCHS,CNMEZ,CNDAL,CNYPG,CNRUG,CNZZU,TWKAO,CNZJG,AUFRE,CNBAS,CNSIZ,CNDJK,CNBYQ,CNLKU,CNSDG,CNPLI,CNCGM,CNXIA,CNBHI,TWMAI,CNRIZ,CNSHE,SGSGP,TWTCH,CNJIJ,CNZHA,CNZPU,CNQUA,CNZHE,CNDDG,CNWEN,CNCHZ,CNQIZ,CNQHD,CNBAO,CNQIN,CNLVS,CNCFD,CNNJG,CNGLA,CNDNG,CNWEI,IDSAM,CNNDE,KRPOH,KRKUN,KRGWA,JPHIB,KRDAN,JPFUK,JPOIT,JPKIS,JPSKI,JPTOK,KRULS,KRINC,JPNAG,JPYOK,KRPYT,KRBUS,JPMIZ,JPKMA,JPOSK,AUGLE,AUMEL,AUNTL,AUPKE,AUADE,AUBRI,AUBNE,NZAKL,NZTAU,NZNAP"
OFFKCFOKK,"USLSA,CAVCR,USOAK,GTPQL,MXLCS,MXMAN,PECAL,PABAL,ECGYL,USNPN,USSAV,USNYK,COBUE,CLTAL,UYULA,BRPEC,BRTUB,BRPDM,BRPAR,BRRDJ,UYMON,BRSTS,BRITA,BRRGR,GBSOU,FRLEH,BEZEE,NLAMS,SIKOP,ITGOA,DEHAM,ESBAR,MTMAL,ESCAR,BEANT,PLGDA,ESGIJ,NLROT,TRMER,ZACPT,TRYAR,GRELE,GRAGT,TRALI,ZARIB,EGPSA,JOAQA,ROCON,EGALE,EGDAM,SAJUB,BHBAH,KEMOM,SADMA,QAUMS,SAJED,SAYAN,KWMAA,AEJAL,AEABU,AERUW,OMSOH,AEFUJ,RUULG,PKQAS,PKKAR,INCHN,INKNP,INMUN,INVIS,THLCB,THKSI,VNHPG,VNCAM,VNSOD,CNHUI,CNPAN,CNTAZ,MY3182,CNLSN,HKHKG,AUGER,CNNTG,CNFAN,CNNBO,CNPYU,CNZOS,CNGUA,CNFUN,CNJIN,CNHUA,CNTAI,CNDCB,CN9862,CNTJN,MYPKE,MYPAG,IDBAH,CNSTO,CNYSN,CNWGQ,CNCJK,CNJIT,CN9873,CNYZH,CNNSA,CNDSN,CNLAZ,CNYTN,CNJIA,CN1087,CNLYG,CNYAN,AUESP,CNCHS,CNMEZ,CNDAL,CNYPG,CNRUG,CNZZU,TWKAO,CNZJG,CNSLH,AUFRE,CNDJK,CNBYQ,CNLKU,MYTBS,CNSDG,MYTPP,CNMWN,CNCGM,CNXIA,CNBHI,TWMAI,CNRIZ,CNSHE,SGSGP,MY2243,CNJIJ,TWTAP,CNZHA,CNQUA,CNZHE,CNDDG,CNWEN,CNQIZ,CNLYW,CNQHD,CNBAO,CNQIN,CNCFD,CNNJG,CNGLA,MYPGG,CNWEI,IDSAM,JPKAW,KRPOH,KRGWA,KRDAN,JPFUK,JPOIT,JPKIS,JPSKI,KRULS,KRINC,JPNAG,JPCBA,JPYOK,KRPYT,KRBUS,JPMIZ,JPKMA,KRYOS,JPOSK,AUGLE,AUMEL,AUNTL,AUADE,AUBRI,AUHAY,RUNJK"
OARCGSNFK,"CNCJN,CNHUI,CNCZH,CNNTG,CNFAN,CNYJG,CNNBO,CNZOS,CNGUA,CNFUN,CNHKO,CNDYI,CNTAI,CNTJN,CNSTO,CNYSN,CNWGQ,CNCJK,CNDSN,CNTAX,CNFUZ,CNJIA,CNLYG,CNYAN,CNWEF,CNCHS,CNMEZ,CNDAL,CNYPG,CNRUG,TWKAO,CNZJG,CNBAS,CNDJK,CNYIZ,CNSDG,CNBHI,TWMAI,CNJIJ,CNZHA,CNZPU,CNQUA,CNZHE,CNWEN,CNCHZ,CNNJG,CNDNG,KRDAN,KRULS"
RNOOKNKKK,"USLSA,CAVCR,USOAK,MXLCS,MXMAN,PECAL,ECGYL,USNPN,USSAV,USNYK,COBUE,UYULA,BRPEC,BRTUB,BRPAR,BRRDJ,UYMON,BRSTS,BRRGR,GBSOU,FRLEH,BEZEE,NLAMS,SIKOP,ITGOA,DEHAM,ESBAR,MTMAL,ESCAR,BEANT,PLGDA,ESGIJ,NLROT,TRMER,ZACPT,TRYAR,GRELE,GRAGT,TRALI,ZARIB,EGPSA,JOAQA,ROCON,EGALE,SAJUB,BHBAH,KEMOM,SADMA,QAUMS,SAJED,SAYAN,KWMAA,AEJAL,AEABU,OMSOH,AEFUJ,RUULG,PKQAS,PKKAR,INKNP,INMUN,INVIS,THLCB,THKSI,VNHPG,VNCAM,CNHUI,CNPAN,CNTAZ,CNLSN,HKHKG,AUGER,CNNTG,CNFAN,CNNBO,CNPYU,CNZOS,CNGUA,CNFUN,CNJIN,CNHUA,CNTAI,CNDCB,CNTJN,MYPKE,MYPAG,IDBAH,CNSTO,CNYSN,CNWGQ,CNCJK,CNJIT,CN9873,CNYZH,CNNSA,CNDSN,CNLAZ,CNYTN,CNJIA,CN1087,CNLYG,CNYAN,AUESP,CNCHS,CNMEZ,CNDAL,CNYPG,CNRUG,CNZZU,TWKAO,CNZJG,CNSLH,AUFRE,CNDJK,CNBYQ,CNLKU,CNSDG,MYTPP,CNPLI,CNCGM,CNXIA,CNBHI,TWMAI,CNRIZ,CNSHE,SGSGP,MY2243,CNJIJ,TWTAP,CNZHA,CNQUA,CNZHE,CNDDG,CNWEN,CNCHZ,CNQIZ,CNQHD,CNBAO,CNQIN,CNCFD,CNNJG,CNGLA,CNWEI,IDSAM,KRPOH,KRGWA,KRDAN,JPFUK,JPOIT,JPKIS,JPSKI,KRULS,KRINC,JPNAG,JPCBA,JPYOK,KRPYT,KRBUS,JPMIZ,JPKMA,JPOSK,AUGLE,AUMEL,AUNTL,AUADE,AUBRI,AUHAY"
OAOCFCKKK,"USNYK,UYULA,FRLEH,DEHAM,MTMAL,BEANT,ESGIJ,NLROT,TRYAR,GRAGT,EGALE,VNHPG,CNHUI,CNFAN,CNNBO,CNZOS,CNGUA,CNFUN,CNJIN,CNTAI,CNTJN,CNSTO,CNYSN,CNWGQ,CNCJK,CNJIT,CNDSN,CNJIA,CNLYG,CNYAN,CNMEZ,CNDAL,CNYPG,CNRUG,CNZZU,TWKAO,CNZJG,CNDJK,CNBYQ,CNSDG,CNPLI,CNXIA,SGSGP,CNZHA,CNZHE,CNWEN,CNQIZ,CNQIN,CNGLA,KRGWA,KRDAN,KRULS,JPNAG"
OACROYKKK,"USLSA,CAVCR,USOAK,MXLCS,MXMAN,PECAL,ECGYL,USSAV,USNYK,COBUE,UYULA,BRPEC,BRTUB,BRPAR,BRRDJ,UYMON,BRSTS,BRRGR,GBSOU,FRLEH,BEZEE,NLAMS,SIKOP,ITGOA,DEHAM,MTMAL,ESCAR,BEANT,PLGDA,ESGIJ,NLROT,TRMER,ZACPT,TRYAR,GRAGT,TRALI,ZARIB,EGPSA,JOAQA,ROCON,EGALE,SAJUB,BHBAH,KEMOM,SADMA,QAUMS,SAJED,SAYAN,KWMAA,AEJAL,AEABU,OMSOH,AEFUJ,PKQAS,PKKAR,INKNP,INMUN,THLCB,THKSI,VNHPG,VNCAM,CNHUI,CNPAN,CNTAZ,CNLSN,HKHKG,AUGER,CNNTG,CNFAN,CNNBO,CNPYU,CNZOS,CNGUA,CNFUN,CNJIN,CNHUA,CNTAI,CNDCB,CNTJN,MYPKE,MYPAG,IDBAH,CNSTO,CNYSN,CNWGQ,CNCJK,CNJIT,CN9873,CNYZH,CNNSA,CNDSN,CNLAZ,CNYTN,CNJIA,CN1087,CNLYG,CNYAN,AUESP,CNCHS,CNMEZ,CNDAL,CNYPG,CNRUG,CNZZU,TWKAO,CNZJG,CNSLH,AUFRE,CNDJK,CNBYQ,CNLKU,CNSDG,MYTPP,CNPLI,CNCGM,CNXIA,CNBHI,TWMAI,CNRIZ,CNSHE,SGSGP,MY2243,CNJIJ,TWTAP,CNZHA,CNQUA,CNZHE,CNDDG,CNWEN,CNCHZ,CNQIZ,CNQHD,CNBAO,CNQIN,CNCFD,CNNJG,CNGLA,CNWEI,IDSAM,KRPOH,KRGWA,KRDAN,JPFUK,JPOIT,JPKIS,JPSKI,KRULS,KRINC,JPNAG,JPCBA,JPYOK,KRPYT,KRBUS,JPMIZ,JPKMA,JPOSK,AUGLE,AUMEL,AUNTL,AUADE,AUBRI"
OFFRSFRKK,"CAPRR,BRPDM,GNBFF,SARTA,KWMAA,IQMAB,AERUW,OMSOH,AEFUJ,CNHUI,MY3182,CNLSN,CNFAN,CNNBO,CNZOS,CNJIN,CNHUA,CNTAI,CNTJN,CNJIT,MY3173,CNJIA,CNLYG,CNYAN,CNMEZ,CNDAL,CNYPG,TWKAO,CNSLH,CNDJK,CNBYQ,CNSDG,AUPHE,CNRIZ,SGSGP,AUPWA,CNZHA,CNDDG,CNQIZ,CNLYW,CNQIN,CNCFD,AUDPR,CNMJS,KRPOH,KRGWA,JPFUK,JPKII,JPSKI,KRULS,KRINC,JPNAG,JPCBA,JPKMA,KRYOS,AUNTL,AUHAY"
OARRKCKYK,"USLSA,CAVCR,USOAK,MXLCS,MXMAN,PECAL,ECGYL,USSAV,USNYK,COBUE,CLTAL,UYULA,BRPEC,BRTUB,BRPAR,BRRDJ,UYMON,BRSTS,BRRGR,GBSOU,FRLEH,BEZEE,NLAMS,SIKOP,ITGOA,DEHAM,MTMAL,ESCAR,BEANT,PLGDA,ESGIJ,NLROT,ZACPT,TRYAR,GRAGT,TRALI,ZARIB,EGPSA,JOAQA,ROCON,EGALE,SAJUB,BHBAH,KEMOM,SADMA,QAUMS,SAJED,SAYAN,KWMAA,AEJAL,AEABU,AERUW,OMSOH,AEFUJ,PKQAS,PKKAR,INKNP,INMUN,THLCB,THKSI,VNHPG,VNCAM,CNHUI,CNPAN,CNTAZ,CNLSN,HKHKG,AUGER,CNNTG,CNFAN,CNNBO,CNPYU,CNZOS,CNGUA,CNFUN,CNJIN,CNHUA,CNTAI,CNDCB,CNTJN,MYPKE,MYPAG,IDBAH,CNSTO,CNYSN,CNWGQ,CNCJK,CNJIT,CN9873,CNYZH,CNNSA,CNDSN,CNLAZ,CNYTN,CNJIA,CN1087,CNLYG,CNYAN,AUESP,CNCHS,CNMEZ,CNDAL,CNYPG,CNRUG,CNZZU,TWKAO,CNZJG,CNSLH,AUFRE,CNDJK,CNBYQ,CNLKU,CNSDG,MYTPP,CNPLI,CNCGM,CNXIA,CNBHI,TWMAI,CNRIZ,CNSHE,SGSGP,MY2243,CNJIJ,TWTAP,CNZHA,CNQUA,CNZHE,CNDDG,CNWEN,CNCHZ,CNQIZ,CNLYW,CNQHD,CNBAO,CNQIN,CNCFD,CNNJG,CNGLA,CNWEI,IDSAM,JPKAW,KRPOH,KRGWA,KRDAN,JPFUK,JPOIT,JPKIS,JPSKI,KRULS,KRINC,JPNAG,JPCBA,JPYOK,KRPYT,KRBUS,JPMIZ,JPKMA,JPOSK,AUGLE,AUMEL,AUNTL,AUADE,AUBRI"
OARKKRKKK,"USLSA,CAVCR,USOAK,GTPQL,MXLCS,MXMAN,PECAL,PABAL,ECGYL,USNPN,USSAV,USNYK,COBUE,CLTAL,UYULA,BRPEC,BRTUB,BRPDM,BRPAR,BRRDJ,UYMON,BRSTS,BRITA,BRRGR,GBSOU,FRLEH,BEZEE,NLAMS,SIKOP,ITGOA,DEHAM,ESBAR,MTMAL,ESCAR,BEANT,PLGDA,ESGIJ,NLROT,TRMER,ZACPT,TRYAR,GRELE,GRAGT,TRALI,ZARIB,EGPSA,JOAQA,ROCON,EGALE,EGDAM,SAJUB,BHBAH,KEMOM,SADMA,QAUMS,SAJED,SAYAN,KWMAA,AEJAL,AEABU,AERUW,OMSOH,AEFUJ,RUULG,PKQAS,PKKAR,INCHN,INKNP,INMUN,INVIS,THLCB,THKSI,VNHPG,VNCAM,VNSOD,CNHUI,CNPAN,CNTAZ,MY3182,CNLSN,HKHKG,AUGER,CNNTG,CNFAN,CNNBO,CNPYU,CNZOS,CNGUA,CNFUN,CNJIN,CNHUA,CNTAI,CNDCB,CN9862,CNTJN,MYPKE,MYPAG,IDBAH,CNSTO,CNYSN,CNWGQ,CNCJK,CNJIT,CN9873,CNYZH,CNNSA,CNDSN,CNLAZ,CNYTN,CNJIA,CN1087,CNLYG,CNYAN,AUESP,CNCHS,CNMEZ,CNDAL,CNYPG,CNRUG,CNZZU,TWKAO,CNZJG,CNSLH,AUFRE,CNDJK,CNBYQ,CNLKU,MYTBS,CNSDG,MYTPP,CNMWN,CNCGM,CNXIA,CNBHI,TWMAI,CNRIZ,CNSHE,SGSGP,MY2243,CNJIJ,TWTAP,CNZHA,CNQUA,CNZHE,CNDDG,CNWEN,CNCHZ,CNQIZ,CNLYW,CNQHD,CNBAO,CNQIN,CNCFD,CNNJG,CNGLA,MYPGG,CNWEI,IDSAM,CNMJS,JPKAW,KRPOH,KRGWA,KRDAN,JPFUK,JPOIT,JPKIS,JPSKI,KRULS,KRINC,JPNAG,JPCBA,JPYOK,KRPYT,KRBUS,JPMIZ,JPKMA,KRYOS,JPOSK,AUGLE,AUMEL,AUNTL,AUADE,AUBRI,AUHAY,RUNJK"
OACKROKKK,"USLSA,CAVCR,USOAK,MXLCS,MXMAN,PECAL,ECGYL,USSAV,USNYK,COBUE,CLTAL,UYULA,BRPEC,BRTUB,BRPAR,BRRDJ,UYMON,BRSTS,BRRGR,GBSOU,FRLEH,BEZEE,NLAMS,SIKOP,ITGOA,DEHAM,MTMAL,ESCAR,BEANT,PLGDA,ESGIJ,NLROT,ZACPT,TRYAR,GRAGT,TRALI,ZARIB,EGPSA,JOAQA,ROCON,EGALE,SAJUB,BHBAH,KEMOM,SADMA,QAUMS,SAJED,SAYAN,KWMAA,AEJAL,AEABU,AERUW,OMSOH,AEFUJ,PKQAS,PKKAR,INKNP,INMUN,THLCB,THKSI,VNHPG,VNCAM,CNHUI,CNPAN,CNTAZ,CNLSN,HKHKG,AUGER,CNNTG,CNFAN,CNNBO,CNPYU,CNZOS,CNGUA,CNFUN,CNJIN,CNHUA,CNTAI,CNDCB,CNTJN,MYPKE,MYPAG,IDBAH,CNSTO,CNYSN,CNWGQ,CNCJK,CNJIT,CN9873,CNYZH,CNNSA,CNDSN,CNLAZ,CNYTN,CNJIA,CN1087,CNLYG,CNYAN,AUESP,CNCHS,CNMEZ,CNDAL,CNYPG,CNRUG,CNZZU,TWKAO,CNZJG,CNSLH,AUFRE,CNDJK,CNBYQ,CNLKU,CNSDG,MYTPP,CNPLI,CNCGM,CNXIA,CNBHI,TWMAI,CNRIZ,CNSHE,SGSGP,MY2243,CNJIJ,TWTAP,CNZHA,CNQUA,CNZHE,CNDDG,CNWEN,CNCHZ,CNQIZ,CNLYW,CNQHD,CNBAO,CNQIN,CNCFD,CNNJG,CNGLA,CNWEI,IDSAM,JPKAW,KRPOH,KRGWA,KRDAN,JPFUK,JPOIT,JPKIS,JPSKI,KRULS,KRINC,JPNAG,JPCBA,JPYOK,KRPYT,KRBUS,JPMIZ,JPKMA,JPOSK,AUGLE,AUMEL,AUNTL,AUADE,AUBRI"
OARCRCOSK,"CNHUI,CNCZH,CNFAN,CNYJG,CNGUA,CNHKO,CNSTO,CNYAN,CNDAL,CNYPG,CNSDG,CNBHI,CNZHA,CNDNG"
OAONSSKKK,"USLSA,CAVCR,USOAK,GTPQL,MXLCS,MXMAN,PECAL,PABAL,ECGYL,USNPN,USSAV,USNYK,COBUE,CLSAN,CLTAL,UYULA,BRPEC,BRTUB,BRPDM,ARBNA,BRPAR,BRRDJ,UYMON,BRIOA,BRSTS,BRITA,BRRGR,GBSOU,FRLEH,BEZEE,NLAMS,SIKOP,ITGOA,DEHAM,ESBAR,MTMAL,ESCAR,BEANT,PLGDA,ESGIJ,NLROT,TRMER,ZACPT,TRYAR,GRELE,GRAGT,TRALI,ZARIB,EGPSA,JOAQA,ROCON,EGALE,EGDAM,SAJUB,BHBAH,KEMOM,SADMA,QAUMS,SAJED,SAYAN,KWMAA,AEJAL,AEABU,AERUW,OMSOH,AEFUJ,RUULG,PKQAS,PKKAR,INCHN,INKNP,INMUN,INVIS,THLCB,THKSI,VNHPG,VNCAM,VNSOD,CNHUI,CNPAN,CNTAZ,MY3182,CNLSN,HKHKG,AUGER,CNFAN,CNNBO,CNPYU,CNZOS,CNGUA,CNFUN,CNJIN,CNHUA,CNTAI,CNDCB,CN9862,CNTJN,MYPKE,MYPAG,IDBAH,CNSTO,CNYSN,CNWGQ,CNCJK,CNJIT,CN9873,CNYZH,CNNSA,CNDSN,CNLAZ,CNYTN,CNJIA,CN1087,CNLYG,CNYAN,AUESP,CNMEZ,CNDAL,CNYPG,CNRUG,CNZZU,CNSWE,TWKAO,CNZJG,CNSLH,AUFRE,CNDJK,CNBYQ,CNLKU,MYTBS,CNSDG,MYTPP,CNMWN,CNCGM,CNXIA,CNBHI,TWMAI,CNRIZ,CNSHE,SGSGP,MY2243,TWTAP,CNZHA,CNQUA,CNZHE,CNDDG,CNWEN,CNQIZ,CNLYW,CNQHD,CNBAO,CNQIN,CNCFD,CNGLA,MYPGG,CNWEI,IDSAM,CNMJS,JPKAW,KRPOH,KRGWA,KRDAN,JPFUK,JPOIT,JPKIS,JPSKI,KRULS,KRINC,JPNAG,JPCBA,JPYOK,KRPYT,KRBUS,JPMIZ,JPKMA,KRYOS,JPOSK,AUGLE,AUMEL,AUNTL,AUADE,AUBRI,AUHAY,RUNJK"
OFFFGNSKK,"USSEA,CAPRR,USLSA,CAVCR,USOAK,MXLCS,MXMAN,PECAL,PABAL,ECGYL,USSAV,USNYK,COBUE,CLSAN,CLTAL,UYULA,BRTUB,BRPAR,BRRDJ,UYMON,BRIOA,BRSTS,BRIJI,BRITA,BRRGR,GBSOU,FRLEH,BEZEE,SIKOP,ITGOA,DEHAM,MTMAL,ESCAR,BEANT,PLGDA,ESGIJ,NLROT,TRYAR,EGSOK,JOAQA,ROCON,EGALE,SAJUB,SADMA,SAJED,KWMAA,AEJAL,AEABU,OMSOH,AEFUJ,PKQAS,PKKAR,INNSA,INCHN,LKCOL,INKNP,INMUN,INKUP,THLCB,VNHPG,VNCAM,CNHUI,CNPAN,MY3182,CNLSN,HKHKG,CNFAN,CNNBO,CNZOS,CNGUA,CNFUN,CNJIN,CNHUA,CNTAI,CNDCB,CNTJN,MYPKE,MYPAG,CNYSN,CNWGQ,CNCJK,CNJIT,CNYZH,CNNSA,CNDSN,CNYTN,CNJIA,CNLYG,CNYAN,AUESP,CNMEZ,CNDAL,CNYPG,CNZZU,TWKAO,CNZJG,AUFRE,CNDJK,CNBYQ,MYPEN,CNSDG,CNMWN,CNCGM,CNXIA,CNRIZ,CNSHE,SGSGP,TWTAP,CNZHA,CNQUA,CNZHE,CNDDG,CNQIZ,CNQHD,CNBAO,CNQIN,CNCFD,CNGLA,CNWEI,JPKAW,KRPOH,KRGWA,KRDAN,JPFUK,JPOIT,JPKIS,JPSKI,KRULS,KRINC,JPNAG,JPCBA,JPYOK,KRBUS,JPMIZ,JPKMA,KRYOS,JPOSK,AUGLE,AUMEL,AUNTL,AUADE,AUBRI"
OFFGRFSKK,"USLGB,CAPRR,CAVCR,CANWE,BRPDM,BEZEE,DEHAM,BEANT,PLGDA,NLROT,GRPIR,SADMA,SARTA,KWMAA,IQMAB,AEJAL,AERUW,OMSOH,AEKHA,AEFUJ,VNCMP,CNHUI,MY3182,CNLSN,HKHKG,CNFAN,CNNBO,CNZOS,CNJIN,CNHUA,CNTAI,CNTJN,MYPKE,CNYSN,CNJIT,CNNSA,CNYTN,MY3173,CNJIA,CNLYG,CNYAN,CNMEZ,CNDAL,CNYPG,TWKAO,CNSLH,CNDJK,CNBYQ,CNSDG,AUPHE,CNXIA,CNRIZ,SGSGP,AUPWA,CNZHA,CNDDG,CNQIZ,CNLYW,CNQIN,CNCFD,AUDPR,CNMJS,KRPOH,KRGWA,JPFUK,JPKII,JPOIT,JPKIS,JPSKI,KRULS,KRINC,JPNAG,JPCBA,JPMIZ,JPKMA,KRYOS,AUNTL,AUHAY"
OARACSKKK,"BRPDM,XZKMN,SAJUT,QAASN,SARTA,KWMAA,IQMAB,AERUW,OMMAF,AEZUR,AEFUJ,MMMIO,CNHUI,CNLSN,CNNBO,CNZOS,CNJIN,CNTJN,CNYAN,CNMEZ,CNDAL,CNYPG,TWKAO,CNSLH,CNDJK,CNSDG,SGSGP,CNZHA,CNQIZ,CNQIN,CNCFD,KRGWA,JPKII,JPSKI,KRULS,KRINC,JPCBA"
OACAYYKKK,"USSEA,USLSA,CAVCR,USOAK,MXLCS,MXMAN,PECAL,PABAL,USNPN,USSAV,USCHA,USNYK,COBUE,CLSAN,CLTAL,UYULA,BRPEC,BRTUB,BRPDM,ARBNA,BRPAR,BRRDJ,UYMON,BRSTS,BRITA,BRRGR,GBSOU,FRLEH,BEZEE,FRFOS,NLAMS,SIKOP,ITGOA,DEHAM,ESBAR,MTMAL,ESCAR,BEANT,PLGDA,ESGIJ,NLROT,TRMER,ZACPT,TRYAR,GRELE,GRAGT,TRALI,ZARIB,EGPSA,UAODS,JOAQA,ROCON,EGALE,EGDAM,SAJUB,BHBAH,KEMOM,SADMA,QAUMS,SAJED,SAYAN,KWMAA,AEJAL,AEABU,AERUW,OMSOH,AEFUJ,RUULG,PKQAS,PKKAR,INMUN,THLCB,THKSI,VNHPG,VNCAM,VNSOD,CN9014,CNHUI,CNPAN,MY3182,CNLSN,HKHKG,AUGER,CNFAN,CNNBO,CNPYU,CNZOS,CNGUA,CNFUN,CNJIN,CNHUA,CNTAI,CN9862,CNTJN,MYPKE,MYPAG,IDBAH,CNSTO,CNYSN,CNWGQ,CNCJK,CNJIT,CN9873,CNYZH,CNNSA,CNDSN,CNLAZ,CNYTN,CNJIA,CN1087,CNLYG,CNYAN,AUESP,CNMEZ,CNDAL,CNYPG,CNRUG,CNZZU,CNSWE,TWKAO,CNZJG,CNSLH,CNDJK,CNBYQ,CNLKU,MYTBS,CNSDG,MYTPP,CNMWN,CNCGM,CNXIA,CN2039,CNBHI,TWMAI,CNRIZ,CNSHE,SGSGP,MY2243,TWTAP,CNZHA,CNQUA,CNZHE,CNDDG,CNWEN,CNQIZ,CNLYW,CNQHD,CNBAO,CNQIN,CNCFD,CNGLA,MYPGG,CNWEI,IDSAM,CNMJS,JPKAW,KRPOH,KRGWA,KRDAN,JPFUK,JPOIT,JPKIS,JPSKI,KRULS,KRINC,JPNAG,JPCBA,JPYOK,KRPYT,KRBUS,JPMIZ,JPKMA,KRYOS,AUGLE,AUNTL,AUBRI,AUHAY,RUNJK"
OARRKCNCK,"USLSA,CAVCR,USOAK,MXLCS,MXMAN,PECAL,ECGYL,USNYK,COBUE,CLTAL,UYULA,BRPAR,BRRDJ,UYMON,BRSTS,BRRGR,GBSOU,FRLEH,BEZEE,NLAMS,SIKOP,ITGOA,DEHAM,MTMAL,BEANT,PLGDA,ESGIJ,NLROT,TRYAR,GRAGT,ZARIB,JOAQA,ROCON,EGALE,SAJUB,BHBAH,KEMOM,SADMA,QAUMS,SAJED,SAYAN,KWMAA,AEJAL,AEABU,OMSOH,AEFUJ,PKQAS,PKKAR,INKNP,INMUN,THLCB,VNHPG,VNCAM,CNHUI,CNPAN,CNTAZ,CNLSN,HKHKG,AUGER,CNNTG,CNFAN,CNNBO,CNZOS,CNGUA,CNFUN,CNJIN,CNHUA,CNTAI,CNDCB,CNTJN,MYPKE,MYPAG,IDBAH,CNSTO,CNYSN,CNWGQ,CNCJK,CNJIT,CNYZH,CNNSA,CNDSN,CNLAZ,CNYTN,CNJIA,CNLYG,CNYAN,AUESP,CNCHS,CNMEZ,CNDAL,CNYPG,CNRUG,CNZZU,TWKAO,CNZJG,AUFRE,CNDJK,CNBYQ,CNLKU,CNSDG,CNPLI,CNCGM,CNXIA,CNBHI,TWMAI,CNRIZ,CNSHE,SGSGP,CNJIJ,TWTAP,CNZHA,CNQUA,CNZHE,CNDDG,CNWEN,CNCHZ,CNQIZ,CNQHD,CNBAO,CNQIN,CNCFD,CNNJG,CNGLA,CNWEI,IDSAM,JPKAW,KRPOH,KRGWA,KRDAN,JPFUK,JPOIT,JPKIS,JPSKI,KRULS,KRINC,JPNAG,JPYOK,KRPYT,KRBUS,JPMIZ,JPKMA,JPOSK,AUGLE,AUMEL,AUNTL,AUADE,AUBRI"
RNGNKCKKK,"GBBEL,PTLXS,IEDUB,FRLEH,ESHUE,ITTAR,ESTAR,DZDJE,DEHAM,FRROU,BEANT,NOBGN,NLROT,FRBAY,TRGEB,TRYAR,LTKLJ,CNCJN,CNHUI,CNCZH,CNNTG,CNFAN,CNYJG,CNNBO,CNZOS,CNGUA,CNFUN,CNHKO,CNHPU,CNDYI,CNTJN,CNSTO,CNCJK,CNDSN,CNTAX,CNFUZ,CNJIA,CNLYG,CNYAN,CNWEF,CNCHS,CNMEZ,CNDAL,CNYPG,TWKAO,CNBAS,CNDJK,CNYIZ,CNSDG,CNBHI,CNJIJ,CNZHA,CNZPU,CNQUA,CNZHE,CNWEN,CNCHZ,CNNJG,CNDNG,KRDAN,KRULS"
OARAANKKK,"USSEA,USLSA,CAVCR,USOAK,MXLCS,MXMAN,PECAL,PABAL,USNPN,USSAV,USCHA,USNYK,COBUE,CLSAN,CLTAL,UYULA,BRPEC,BRTUB,BRPDM,ARBNA,BRPAR,BRRDJ,UYMON,BRSTS,BRITA,BRRGR,GBSOU,FRLEH,BEZEE,FRFOS,NLAMS,SIKOP,ITGOA,DEHAM,ESBAR,MTMAL,ESCAR,BEANT,PLGDA,ESGIJ,NLROT,TRMER,ZACPT,TRYAR,GRELE,GRAGT,TRALI,ZARIB,EGPSA,UAODS,JOAQA,ROCON,EGALE,EGDAM,SAJUB,BHBAH,KEMOM,SADMA,QAUMS,SAJED,SAYAN,KWMAA,AEJAL,AEABU,AERUW,OMSOH,AEFUJ,RUULG,PKQAS,PKKAR,INMUN,THLCB,THKSI,VNHPG,VNCAM,VNSOD,CN9014,CNHUI,CNPAN,MY3182,CNLSN,HKHKG,AUGER,CNFAN,CNNBO,CNPYU,CNZOS,CNGUA,CNFUN,CNJIN,CNHUA,CNTAI,CN9862,CNTJN,MYPKE,MYPAG,IDBAH,CNSTO,CNYSN,CNWGQ,CNCJK,CNJIT,CN9873,CNYZH,CNNSA,CNDSN,CNLAZ,CNYTN,CNJIA,CN1087,CNLYG,CNYAN,AUESP,CNMEZ,IDTBR,CNDAL,CNYPG,CNRUG,CNZZU,CNSWE,TWKAO,CNZJG,CNSLH,CNDJK,CNBYQ,CNLKU,MYTBS,CNSDG,MYTPP,CNMWN,CNCGM,CNXIA,CN2039,CNBHI,TWMAI,CNRIZ,CNSHE,SGSGP,MY2243,TWTAP,CNZHA,CNZHE,CNDDG,CNWEN,CNQIZ,CNLYW,CNQHD,CNBAO,CNQIN,CNCFD,CNGLA,MYPGG,CNWEI,IDSAM,CNMJS,JPKAW,KRPOH,KRGWA,KRDAN,JPFUK,JPOIT,JPKIS,JPSKI,KRULS,KRINC,JPNAG,JPCBA,JPYOK,KRPYT,KRBUS,JPMIZ,JPKMA,KRYOS,AUGLE,AUNTL,AUBRI,AUHAY,RUNJK"
OAOFOKKKK,"USLSA,CAVCR,USOAK,MXLCS,MXMAN,PECAL,PABAL,ECGYL,USNPN,USSAV,USNYK,COBUE,CLTAL,UYULA,BRPEC,BRTUB,BRPDM,BRPAR,BRRDJ,UYMON,BRSTS,BRITA,BRRGR,GBSOU,FRLEH,BEZEE,NLAMS,SIKOP,ITGOA,DEHAM,ESBAR,MTMAL,ESCAR,BEANT,PLGDA,ESGIJ,NLROT,TRMER,ZACPT,TRYAR,GRELE,GRAGT,TRALI,ZARIB,EGPSA,JOAQA,ROCON,EGALE,SAJUB,BHBAH,KEMOM,SADMA,QAUMS,SAJED,SAYAN,KWMAA,AEJAL,AEABU,AERUW,OMSOH,AEFUJ,RUULG,PKQAS,PKKAR,INCHN,INKNP,INMUN,INVIS,THLCB,THKSI,VNHPG,VNCAM,VNSOD,CNHUI,CNPAN,CNTAZ,MY3182,CNLSN,HKHKG,AUGER,CNNTG,CNFAN,CNNBO,CNPYU,CNZOS,CNGUA,CNFUN,CNJIN,CNHUA,CNTAI,CNDCB,CN9862,CNTJN,MYPKE,MYPAG,IDBAH,CNSTO,CNYSN,CNWGQ,CNCJK,CNJIT,CN9873,CNYZH,CNNSA,CNDSN,CNLAZ,CNYTN,CNJIA,CN1087,CNLYG,CNYAN,AUESP,CNCHS,CNMEZ,CNDAL,CNYPG,CNRUG,CNZZU,TWKAO,CNZJG,CNSLH,AUFRE,CNDJK,CNBYQ,CNLKU,MYTBS,CNSDG,MYTPP,CNPLI,CNMWN,CNCGM,CNXIA,CNBHI,TWMAI,CNRIZ,CNSHE,SGSGP,MY2243,CNJIJ,TWTAP,CNZHA,CNQUA,CNZHE,CNDDG,CNWEN,CNCHZ,CNQIZ,CNLYW,CNQHD,CNBAO,CNQIN,CNCFD,CNNJG,CNGLA,MYPGG,CNWEI,IDSAM,JPKAW,KRPOH,KRGWA,KRDAN,JPFUK,JPOIT,JPKIS,JPSKI,KRULS,KRINC,JPNAG,JPCBA,JPYOK,KRPYT,KRBUS,JPMIZ,JPKMA,KRYOS,JPOSK,AUGLE,AUMEL,AUNTL,AUADE,AUBRI,AUHAY,RUNJK"
OARANRKKK,"USSEA,CAPRR,USLSA,CAVCR,USOAK,MXESE,MXLCS,MXMAN,PECAL,PABAL,ECGYL,USSAV,USNYK,COBUE,CLSAN,CLTAL,UYULA,CLLIR,BRTUB,BRPAR,BRRDJ,UYMON,BRIOA,BRSTS,BRIJI,BRITA,BRRGR,GBSOU,FRLEH,BEZEE,SIKOP,ITGOA,DEHAM,MTMAL,ESCAR,BEANT,PLGDA,ESGIJ,NLROT,TRYAR,EGSOK,JOAQA,ROCON,EGALE,SAJUB,SADMA,SAJED,KWMAA,AEJAL,AEABU,OMSOH,AEKHA,AEFUJ,PKQAS,PKKAR,INNSA,INCHN,LKCOL,INKNP,INMUN,INKUP,THLCB,VNHPG,VNCAM,CNHUI,MY3182,CNLSN,HKHKG,CNFAN,CNNBO,CNZOS,CNGUA,CNFUN,CNJIN,CNHUA,CNTAI,CNDCB,CNTJN,MYPKE,CNYSN,CNWGQ,CNCJK,CNJIT,CNYZH,CNNSA,CNDSN,CNYTN,CNJIA,CNLYG,CNYAN,AUESP,CNMEZ,CNDAL,CNYPG,TWKAO,CNZJG,AUFRE,CNDJK,CNBYQ,MYPEN,CNSDG,CNMWN,CNCGM,CNXIA,CNRIZ,CNSHE,SGSGP,TWTAP,CNZHA,CNQUA,CNZHE,CNDDG,CNQIZ,CNQHD,CNBAO,CNQIN,CNCFD,CNGLA,CNWEI,JPKAW,KRPOH,KRGWA,KRDAN,JPFUK,JPOIT,JPKIS,JPSKI,KRULS,KRINC,JPNAG,JPCBA,JPYOK,KRBUS,JPMIZ,JPKMA,KRYOS,JPOSK,AUGLE,AUMEL,AUNTL,AUADE,AUBRI"
OAOFSNKKK,"USLSA,CAVCR,USOAK,GTPQL,MXLCS,MXMAN,PECAL,PABAL,ECGYL,USNPN,USSAV,USNYK,COBUE,CLTAL,UYULA,BRPEC,BRTUB,BRPDM,BRPAR,BRRDJ,UYMON,BRSTS,BRITA,BRRGR,GBSOU,FRLEH,BEZEE,NLAMS,SIKOP,ITGOA,DEHAM,ESBAR,MTMAL,ESCAR,BEANT,PLGDA,ESGIJ,NLROT,TRMER,ZACPT,TRYAR,GRELE,GRAGT,TRALI,ZARIB,EGPSA,JOAQA,ROCON,EGALE,EGDAM,SAJUB,BHBAH,KEMOM,SADMA,QAUMS,SAJED,SAYAN,KWMAA,AEJAL,AEABU,AERUW,OMSOH,AEFUJ,RUULG,PKQAS,PKKAR,INCHN,INKNP,INMUN,INVIS,THLCB,THKSI,VNHPG,VNCAM,VNSOD,CNHUI,CNPAN,CNTAZ,MY3182,CNLSN,HKHKG,AUGER,CNNTG,CNFAN,CNNBO,CNPYU,CNZOS,CNGUA,CNFUN,CNJIN,CNHUA,CNTAI,CNDCB,CN9862,CNTJN,MYPKE,MYPAG,IDBAH,CNSTO,CNYSN,CNWGQ,CNCJK,CNJIT,CN9873,CNYZH,CNNSA,CNDSN,CNLAZ,CNYTN,CNJIA,CN1087,CNLYG,CNYAN,AUESP,CNCHS,CNMEZ,CNDAL,CNYPG,CNRUG,CNZZU,TWKAO,CNZJG,CNSLH,AUFRE,CNDJK,CNBYQ,CNLKU,MYTBS,CNSDG,MYTPP,CNPLI,CNMWN,CNCGM,CNXIA,CNBHI,TWMAI,CNRIZ,CNSHE,SGSGP,MY2243,CNJIJ,TWTAP,CNZHA,CNQUA,CNZHE,CNDDG,CNWEN,CNCHZ,CNQIZ,CNLYW,CNQHD,CNBAO,CNQIN,CNCFD,CNNJG,CNGLA,MYPGG,CNWEI,IDSAM,JPKAW,KRPOH,KRGWA,KRDAN,JPFUK,JPOIT,JPKIS,JPSKI,KRULS,KRINC,JPNAG,JPCBA,JPYOK,KRPYT,KRBUS,JPMIZ,JPKMA,KRYOS,JPOSK,AUGLE,AUMEL,AUNTL,AUADE,AUBRI,AUHAY,RUNJK"
OAOFCFKKK,"USLSA,CAVCR,USOAK,MXLCS,MXMAN,PECAL,PABAL,ECGYL,USNPN,USSAV,USNYK,COBUE,CLTAL,UYULA,BRPEC,BRTUB,BRPAR,BRRDJ,UYMON,BRSTS,BRITA,BRRGR,GBSOU,FRLEH,BEZEE,NLAMS,SIKOP,ITGOA,DEHAM,ESBAR,MTMAL,ESCAR,BEANT,PLGDA,ESGIJ,NLROT,TRMER,ZACPT,TRYAR,GRELE,GRAGT,TRALI,ZARIB,EGPSA,JOAQA,ROCON,EGALE,SAJUB,BHBAH,KEMOM,SADMA,QAUMS,SAJED,SAYAN,KWMAA,AEJAL,AEABU,AERUW,OMSOH,AEFUJ,RUULG,PKQAS,PKKAR,INCHN,INKNP,INMUN,INVIS,THLCB,THKSI,VNHPG,VNCAM,VNSOD,CNHUI,CNPAN,CNTAZ,MY3182,CNLSN,HKHKG,AUGER,CNNTG,CNFAN,CNNBO,CNPYU,CNZOS,CNGUA,CNFUN,CNJIN,CNHUA,CNTAI,CNDCB,CN9862,CNTJN,MYPKE,MYPAG,IDBAH,CNSTO,CNYSN,CNWGQ,CNCJK,CNJIT,CN9873,CNYZH,CNNSA,CNDSN,CNLAZ,CNYTN,CNJIA,CN1087,CNLYG,CNYAN,AUESP,CNCHS,CNMEZ,CNDAL,CNYPG,CNRUG,CNZZU,TWKAO,CNZJG,CNSLH,AUFRE,CNDJK,CNBYQ,CNLKU,MYTBS,CNSDG,MYTPP,CNPLI,CNMWN,CNCGM,CNXIA,CNBHI,TWMAI,CNRIZ,CNSHE,SGSGP,MY2243,CNJIJ,TWTAP,CNZHA,CNQUA,CNZHE,CNDDG,CNWEN,CNCHZ,CNQIZ,CNLYW,CNQHD,CNBAO,CNQIN,CNCFD,CNNJG,CNGLA,MYPGG,CNWEI,IDSAM,JPKAW,KRPOH,KRGWA,KRDAN,JPFUK,JPOIT,JPKIS,JPSKI,KRULS,KRINC,JPNAG,JPCBA,JPYOK,KRPYT,KRBUS,JPMIZ,JPKMA,KRYOS,JPOSK,AUGLE,AUMEL,AUNTL,AUADE,AUBRI,AUHAY,RUNJK"
OFFFCAOKK,"CAPRR,BRPDM,SARTA,KWMAA,IQMAB,AERUW,OMSOH,AEFUJ,CNHUI,MY3182,CNLSN,CNNBO,CNZOS,CNJIN,CNTJN,CNJIT,MY3173,CNLYG,CNYAN,CNMEZ,CNDAL,CNYPG,TWKAO,CNSLH,CNDJK,CNSDG,AUPHE,CNRIZ,SGSGP,CNZHA,CNQIZ,CNQIN,CNCFD,CNMJS,KRGWA,JPKII,JPSKI,KRULS,KRINC,JPCBA,KRYOS"
OAOFFSKKK,"USLSA,CAVCR,USOAK,MXLCS,MXMAN,PECAL,ECGYL,USNYK,COBUE,UYULA,BRPEC,BRTUB,BRPAR,BRRDJ,UYMON,BRSTS,BRRGR,GBSOU,FRLEH,BEZEE,NLAMS,SIKOP,ITGOA,DEHAM,MTMAL,BEANT,PLGDA,ESGIJ,NLROT,TRYAR,GRAGT,ZARIB,JOAQA,ROCON,EGALE,SAJUB,BHBAH,KEMOM,SADMA,QAUMS,SAJED,SAYAN,KWMAA,AEJAL,AEABU,OMSOH,AEFUJ,PKQAS,PKKAR,INKNP,INMUN,THLCB,VNHPG,VNCAM,CNHUI,CNPAN,CNTAZ,CNLSN,HKHKG,AUGER,CNNTG,CNFAN,CNNBO,CNZOS,CNGUA,CNFUN,CNJIN,CNHUA,CNTAI,CNDCB,CNTJN,MYPKE,MYPAG,IDBAH,CNSTO,CNYSN,CNWGQ,CNCJK,CNJIT,CNYZH,CNNSA,CNDSN,CNLAZ,CNYTN,CNJIA,CNLYG,CNYAN,AUESP,CNCHS,CNMEZ,CNDAL,CNYPG,CNRUG,CNZZU,TWKAO,CNZJG,AUFRE,CNDJK,CNBYQ,CNLKU,CNSDG,CNPLI,CNCGM,CNXIA,CNBHI,TWMAI,CNRIZ,CNSHE,SGSGP,CNJIJ,TWTAP,CNZHA,CNQUA,CNZHE,CNDDG,CNWEN,CNCHZ,CNQIZ,CNQHD,CNBAO,CNQIN,CNCFD,CNNJG,CNGLA,CNWEI,IDSAM,KRPOH,KRGWA,KRDAN,JPFUK,JPOIT,JPKIS,JPSKI,KRULS,KRINC,JPNAG,JPYOK,KRPYT,KRBUS,JPMIZ,JPKMA,JPOSK,AUGLE,AUMEL,AUNTL,AUADE,AUBRI"
OARCRRGOK,"CNHUI,CNCZH,CNFAN,CNYJG,CNGUA,CNHKO,CNSTO,CNYAN,CNDAL,CNYPG,CNSDG,CNBHI,CNZHA,CNDNG"
OFFSOGNKK,"USSEA,USLGB,CAPRR,USLSA,CAVCR,USOAK,MXESE,CANWE,MXMAN,PECAL,PABAL,USSAV,USCHA,USNYK,COBUE,CLSAN,CLLIR,BRPDM,GBLGP,MATAN,FRLEH,BEZEE,FRFOS,SIKOP,ITGOA,DEHAM,ESBAR,MTMAL,BEANT,PLGDA,ESVAL,NLROT,TRMER,TRISK,TRYAR,EGSOK,TRALI,TRIST,GRPIR,EGPSA,JOAQA,EGDAM,SAJUB,SADMA,QAHMD,SAJED,SARTA,KWMAA,IQMAB,AEJAL,AERUW,OMSOH,AEKHA,AEFUJ,PKKAR,INNSA,LKCOL,INMUN,VNCMP,THLCB,VNHPG,CNHUI,MY3182,CNLSN,HKHKG,CNNBO,CNZOS,CNFUN,CNJIN,CNTJN,MYPKE,CNYSN,CNWGQ,CNCJK,CNJIT,CNNSA,CNYTN,CNLYG,CNYAN,CNMEZ,CNDAL,CNYPG,TWKAO,CNSLH,CNDJK,CNSDG,CNMWN,CNXIA,CNRIZ,CNSHE,SGSGP,TWTAP,CNZHA,CNQIZ,CNQIN,CNCFD,CNMJS,KRGWA,JPSKI,KRULS,KRINC,JPCBA,KRBUS,KRYOS"
OAOFAYKKK,"USLSA,CAVCR,USOAK,MXLCS,MXMAN,PECAL,ECGYL,USNYK,COBUE,UYULA,BRPAR,BRRDJ,UYMON,BRSTS,BRRGR,GBSOU,FRLEH,BEZEE,NLAMS,SIKOP,ITGOA,DEHAM,MTMAL,BEANT,PLGDA,ESGIJ,NLROT,TRYAR,GRAGT,ZARIB,JOAQA,ROCON,EGALE,SAJUB,BHBAH,KEMOM,SADMA,QAUMS,SAJED,SAYAN,KWMAA,AEJAL,AEABU,OMSOH,AEFUJ,PKQAS,PKKAR,INKNP,INMUN,THLCB,THKSI,VNHPG,VNCAM,CNHUI,CNPAN,CNTAZ,MY3182,CNLSN,HKHKG,AUGER,CNNTG,CNFAN,CNNBO,CNPYU,CNZOS,CNGUA,CNFUN,CNJIN,CNHUA,CNTAI,CNDCB,CN9862,CNTJN,MYPKE,MYPAG,IDBAH,CNSTO,CNYSN,CNWGQ,CNCJK,CNJIT,CN9873,CNYZH,CNNSA,CNDSN,CNLAZ,CNYTN,CNJIA,CN1087,CNLYG,CNYAN,AUESP,CNCHS,CNMEZ,CNDAL,CNYPG,CNRUG,CNZZU,TWKAO,CNZJG,AUFRE,CNDJK,CNBYQ,CNLKU,MYTBS,CNSDG,MYTPP,CNMWN,CNCGM,CNXIA,CNBHI,TWMAI,CNRIZ,CNSHE,SGSGP,CNJIJ,TWTAP,CNZHA,CNQUA,CNZHE,CNDDG,CNWEN,CNQIZ,CNQHD,CNBAO,CNQIN,CNCFD,CNNJG,CNGLA,MYPGG,CNWEI,IDSAM,KRPOH,KRGWA,KRDAN,JPFUK,JPOIT,JPKIS,JPSKI,KRULS,KRINC,JPNAG,JPCBA,JPYOK,KRPYT,KRBUS,JPMIZ,JPKMA,KRYOS,JPOSK,AUGLE,AUMEL,AUNTL,AUADE,AUBRI,RUNJK"
RNRCOAKKK,"MXLCS,USLUA,USNYK,UYULA,GBBEL,PTLXS,IEDUB,FRLEH,ESHUE,ITTAR,ESTAR,DZDJE,DEHAM,FRROU,MTMAL,BEANT,ESGIJ,NLROT,TRGEB,TRYAR,GRAGT,LTKLJ,EGALE,THLCB,IDCXP,IDJAK,VNHCM,VNHPG,VNQUN,THRAY,CNHUM,CNCJN,CNHUI,CNCZH,HKHKG,CNNTG,CNFAN,CNYJG,CNNBO,CNZOS,CNGUA,CNFUN,CNJIN,CNHKO,CNHPU,CNDYI,CNTAI,CNTJN,MYPKE,MYPAG,CNSTO,CNYSN,CNWGQ,CNCJK,CNJIT,CNSHA,CNNSA,CNDSN,CNTAX,CNFUZ,CNJIA,TWHLN,CNLYG,CNYAN,CNWEF,CNCHS,CNMEZ,CNDAL,CNYPG,CNRUG,CNZZU,TWKAO,CNZJG,AUFRE,CNBAS,CNDJK,CNBYQ,CNYIZ,CNSHS,CNSDG,CNCGM,CNXIA,CNBHI,PHBAT,TWMAI,CNRIZ,CNSHE,SGSGP,TWTCH,CNJIJ,CNZHA,CNZPU,CNQUA,CNZHE,CNWEN,CNCHZ,CNQIZ,CNQHD,CNBAO,CNQIN,CNNJG,CNGLA,CNDNG,CNWEI,CNNDE,KRPOH,KRGWA,KRDAN,JPFUK,JPKIS,JPSKI,JPTOK,KRULS,KRINC,JPNAG,JPYOK,KRPYT,KRBUS,JPMIZ,JPOSK,AUADE,AUGEE"
OARCYNYGK,"USLUA,USNYK,UYULA,GBBEL,PTLXS,IEDUB,FRLEH,ESHUE,ITTAR,ESTAR,DZDJE,DEHAM,FRROU,MTMAL,BEANT,ESGIJ,NLROT,TRGEB,TRYAR,GRAGT,LTKLJ,EGALE,THLCB,IDCXP,IDJAK,VNHCM,VNHPG,VNQUN,THRAY,CNHUM,CNCJN,CNHUI,CNCZH,HKHKG,CNNTG,CNFAN,CNYJG,CNNBO,CNZOS,CNGUA,CNFUN,CNJIN,CNHKO,CNHPU,CNDYI,CNTAI,CNTJN,MYPKE,MYPAG,CNSTO,CNYSN,CNWGQ,CNCJK,CNJIT,CNSHA,CNNSA,CNDSN,CNTAX,CNFUZ,CNJIA,TWHLN,CNLYG,CNYAN,CNWEF,CNCHS,CNMEZ,CNDAL,CNYPG,CNRUG,CNZZU,TWKAO,CNZJG,AUFRE,CNBAS,CNDJK,CNBYQ,CNYIZ,CNSHS,CNSDG,CNCGM,CNXIA,CNBHI,PHBAT,TWMAI,CNRIZ,SGSGP,TWTCH,CNJIJ,CNZHA,CNZPU,CNQUA,CNZHE,CNWEN,CNCHZ,CNQIZ,CNQHD,CNBAO,CNQIN,CNNJG,CNGLA,CNDNG,CNWEI,CNNDE,KRPOH,KRGWA,KRDAN,JPFUK,JPKIS,JPSKI,JPTOK,KRULS,KRINC,JPNAG,JPYOK,KRPYT,KRBUS,JPMIZ,JPOSK,AUADE,AUGEE"
OARRSASRK,"USLUA,USNYK,UYULA,GBBEL,PTLXS,IEDUB,FRLEH,ESHUE,ITTAR,ESTAR,DZDJE,DEHAM,FRROU,MTMAL,BEANT,ESGIJ,NLROT,TRGEB,TRYAR,GRAGT,LTKLJ,EGALE,THLCB,IDCXP,IDJAK,VNHCM,VNHPG,VNQUN,THRAY,CNHUM,CNCJN,CNHUI,CNCZH,HKHKG,CNNTG,CNFAN,CNYJG,CNNBO,CNZOS,CNGUA,CNFUN,CNJIN,CNHKO,CNHPU,CNDYI,CNTAI,CNTJN,MYPKE,MYPAG,CNSTO,CNYSN,CNWGQ,CNCJK,CNJIT,CNSHA,CNNSA,CNDSN,CNTAX,CNFUZ,CNJIA,TWHLN,CNLYG,CNYAN,CNWEF,CNCHS,CNMEZ,CNDAL,CNYPG,CNRUG,CNZZU,TWKAO,CNZJG,AUFRE,CNBAS,CNDJK,CNBYQ,CNYIZ,CNSHS,CNSDG,CNCGM,CNXIA,CNBHI,PHBAT,TWMAI,CNRIZ,SGSGP,TWTCH,CNJIJ,CNZHA,CNZPU,CNQUA,CNZHE,CNWEN,CNCHZ,CNQIZ,CNQHD,CNBAO,CNQIN,CNNJG,CNGLA,CNDNG,CNWEI,CNNDE,KRPOH,KRGWA,KRDAN,JPFUK,JPKIS,JPSKI,JPTOK,KRULS,KRINC,JPNAG,JPYOK,KRPYT,KRBUS,JPMIZ,JPOSK,AUADE,AUGEE"
OFFNNKRKK,"BRPDM,SARTA,KWMAA,IQMAB,AERUW,OMSOH,AEFUJ,CNHUI,MY3182,CNLSN,CNNBO,CNZOS,CNJIN,CNTJN,CNJIT,MY3173,CNLYG,CNYAN,CNMEZ,CNDAL,CNYPG,TWKAO,CNSLH,CNDJK,CNSDG,AUPHE,CNRIZ,SGSGP,CNZHA,CNQIZ,CNQIN,CNCFD,CNMJS,KRGWA,JPKII,JPSKI,KRULS,KRINC,JPCBA,KRYOS"
OARRFYAFK,"CAVCR,MXLCS,USLUA,MXMAN,PECAL,ECGYL,USNYK,CLTAL,UYULA,BRVIT,BRRDJ,UYMON,BRSTS,BRRGR,GBBEL,PTLXS,MACAS,GBSOU,GHTEM,IEDUB,CIABI,FRLEH,BEZEE,NLAMS,SIKOP,ITGOA,NLVSG,ESHUE,ITTAR,ESTAR,DZDJE,DEHAM,ITRAV,FRROU,MTMAL,BEANT,PLGDA,ESGIJ,NLROT,DEBRA,ESBIL,TRGEB,LVRIX,TRYAR,ZADUR,FIHEL,GRAGT,TRLMA,TRDER,ZARIB,JOAQA,LTKLJ,FIKOT,ROCON,ZAPLZ,UACHO,EGALE,BHBAH,KEMOM,TZDRS,SADMA,SAJED,SAYAN,KWMAA,AEJAL,AEABU,AERAK,RUSPG,OMSOH,AEFUJ,PKQAS,PKKAR,INKAN,INKNP,INMUN,THLCB,VNNGH,IDJAK,VNHCM,VNHPG,VNCAM,VNQUN,IDSUR,CNHUM,CNCJN,CNHUI,CNCZH,CNSHD,CNLSN,HKHKG,AUGER,CNNTG,CNFAN,CNDAF,CNYJG,CNNBO,CNZOS,CNGUA,CNFUN,CNJIN,CNHKO,CNHPU,CNDYI,CNHUA,CNTAI,CNDCB,CNTJN,MYKUA,MYPKE,MYPAG,IDBAH,CNSTO,CNYSN,CNWGQ,CNCJK,CNJIT,CNYZH,CNNSA,CNDSN,CNTAX,CNLAZ,CNFUZ,CNYTN,CNJIA,TWHLN,CNLYG,CNYAN,CNCHS,CNMEZ,CNDAL,CNYPG,CNRUG,CNZZU,TWKAO,CNZJG,AUFRE,CNBAS,CNDJK,CNBYQ,CNLKU,CNSDG,CNPLI,CNCGM,CNXIA,CNBHI,TWMAI,CNRIZ,CNSHE,SGSGP,TWTCH,CNJIJ,CNZHA,CNZPU,CNQUA,CNZHE,CNDDG,CNWEN,CNCHZ,CNQIZ,CNQHD,CNBAO,CNQIN,CNLVS,CNCFD,CNNJG,CNGLA,CNDNG,CNWEI,IDSAM,CNNDE,JPKAW,KRPOH,KRKUN,KRGWA,JPHIB,KRDAN,JPFUK,JPOIT,JPKIS,JPSKI,KRULS,KRINC,JPNAG,JPYOK,KRPYT,KRBUS,JPMIZ,JPKMA,JPOSK,AUGLE,AUMEL,AUNTL,AUPKE,AUADE,AUBRI,AUBNE,NZAKL,NZTAU,NZLYT,NZNAP"
OAROFAYFK,"USLUA,USNYK,UYULA,CLMEJ,GBBEL,PTLXS,IEDUB,FRLEH,ESHUE,ITTAR,ESTAR,DZDJE,DEHAM,FRROU,MTMAL,BEANT,ESGIJ,NLROT,TRGEB,TRYAR,GRAGT,TRDER,JOAQA,LTKLJ,ROCON,EGALE,SADMA,SAJED,SAYAN,AEJAL,AEABU,PKQAS,INKAK,THLCB,IDCXP,IDJAK,VNHCM,VNHPG,VNQUN,THRAY,CNHUM,CNCJN,CNHUI,CNCZH,HKHKG,CNNTG,CNFAN,CNYJG,CNNBO,CNZOS,CNGUA,CNFUN,CNJIN,CNHKO,CNHPU,CNDYI,CNTAI,CNTJN,MYPKE,MYPAG,CNSTO,CNYSN,CNWGQ,CNCJK,CNJIT,CNSHA,CNNSA,CNDSN,CNTAX,CNFUZ,CNJIA,TWHLN,CNLYG,CNYAN,CNWEF,CNCHS,CNMEZ,CNDAL,CNYPG,CNRUG,CNZZU,TWKAO,CNZJG,AUFRE,CNBAS,CNDJK,CNBYQ,CNYIZ,CNSHS,CNSDG,CNCGM,CNXIA,CNBHI,PHBAT,TWMAI,CNRIZ,SGSGP,TWTCH,CNJIJ,CNZHA,CNZPU,CNQUA,CNZHE,CNWEN,CNCHZ,CNQIZ,CNQHD,CNBAO,CNQIN,CNNJG,CNGLA,CNDNG,CNWEI,CNNDE,KRPOH,KRGWA,KRDAN,JPFUK,JPKIS,JPHHR,JPSKI,JPTOK,KRULS,KRINC,JPNAG,JPYOK,KRPYT,KRBUS,JPMIZ,JPMOJ,JPKMA,JPOSK,AUADE,AUGEE"
OARACNKKK,"USSEA,CAPRR,USLSA,CAVCR,USOAK,MXESE,CANWE,MXLCS,MXMAN,PECAL,PABAL,USSAV,USCHA,USNYK,COBUE,CLSAN,CLLIR,BRPDM,GBLGP,FRLEH,BEZEE,FRFOS,SIKOP,ITGOA,DEHAM,ESBAR,MTMAL,BEANT,PLGDA,ESVAL,NLROT,TRMER,TRISK,TRYAR,EGSOK,TRALI,GRPIR,EGPSA,JOAQA,EGDAM,SAJUB,SADMA,SAJED,KWMAA,AEJAL,AERUW,OMSOH,AEKHA,AEFUJ,PKKAR,INNSA,LKCOL,INMUN,THLCB,VNHPG,CNHUI,MY3182,CNLSN,HKHKG,CNFAN,CNNBO,CNZOS,CNGUA,CNFUN,CNJIN,CNHUA,CNTAI,CNTJN,MYPKE,CNYSN,CNWGQ,CNCJK,CNJIT,CNNSA,CNYTN,CNJIA,CNLYG,CNYAN,CNMEZ,CNDAL,CNYPG,TWKAO,CNSLH,CNDJK,CNBYQ,CNSDG,CNMWN,CNXIA,CNRIZ,CNSHE,SGSGP,TWTAP,CNZHA,CNDDG,CNQIZ,CNLYW,CNQIN,CNCFD,CNMJS,KRPOH,KRGWA,JPFUK,JPOIT,JPKIS,JPSKI,KRULS,KRINC,JPNAG,JPCBA,KRBUS,JPMIZ,JPKMA,KRYOS,AUNTL,AUHAY"
OAOCNSKKK,"USLSA,CAVCR,USOAK,MXLCS,MXMAN,PECAL,PABAL,USNPN,USSAV,USCHA,USNYK,COBUE,CLSAN,CLTAL,UYULA,BRPEC,BRTUB,BRPDM,ARBNA,BRPAR,BRRDJ,UYMON,BRSTS,BRITA,BRRGR,GBSOU,FRLEH,BEZEE,NLAMS,SIKOP,ITGOA,DEHAM,ESBAR,MTMAL,ESCAR,BEANT,PLGDA,ESGIJ,NLROT,TRMER,ZACPT,TRYAR,GRELE,GRAGT,TRALI,ZARIB,EGPSA,UAODS,JOAQA,ROCON,EGALE,EGDAM,SAJUB,BHBAH,KEMOM,SADMA,QAUMS,SAJED,SAYAN,KWMAA,AEJAL,AEABU,AERUW,OMSOH,AEFUJ,RUULG,PKQAS,PKKAR,INMUN,THLCB,THKSI,VNHPG,VNCAM,VNSOD,CN9014,CNHUI,CNPAN,MY3182,CNLSN,HKHKG,AUGER,CNFAN,CNNBO,CNPYU,CNZOS,CNGUA,CNFUN,CNJIN,CNHUA,CNTAI,CN9862,CNTJN,MYPKE,MYPAG,IDBAH,CNSTO,CNYSN,CNWGQ,CNCJK,CNJIT,CN9873,CNYZH,CNNSA,CNDSN,CNLAZ,CNYTN,CNJIA,CN1087,CNLYG,CNYAN,AUESP,CNMEZ,CNDAL,CNYPG,CNRUG,CNZZU,CNSWE,TWKAO,CNZJG,CNSLH,CNDJK,CNBYQ,CNLKU,MYTBS,CNSDG,MYTPP,CNMWN,CNCGM,CNXIA,CN2039,CNBHI,TWMAI,CNRIZ,CNSHE,SGSGP,MY2243,TWTAP,CNZHA,CNZHE,CNDDG,CNWEN,CNQIZ,CNLYW,CNQHD,CNBAO,CNQIN,CNCFD,CNGLA,MYPGG,CNWEI,IDSAM,CNMJS,JPKAW,KRPOH,KRGWA,KRDAN,JPFUK,JPOIT,JPKIS,JPSKI,KRULS,KRINC,JPNAG,JPCBA,JPYOK,KRPYT,KRBUS,JPMIZ,JPKMA,KRYOS,AUGLE,AUNTL,AUBRI,AUHAY,RUNJK"
OAROFYAAK,"CAVCR,USLUA,PECAL,USNYK,UYULA,CLMEJ,UYFBS,BRVIT,BRSTS,GBBEL,PTLXS,GNCON,IEDUB,FRLEH,BEZEE,ESHUE,ITTAR,ESTAR,DZDJE,DEHAM,FRROU,MTMAL,BEANT,PLGDA,ESGIJ,NLROT,ESBIL,TRGEB,TRYAR,ZADUR,GRAGT,TRDER,JOAQA,LTKLJ,FIKOT,ROCON,EGALE,BHBAH,SADMA,SAJED,SAYAN,AEJAL,AEABU,AERAK,RUSPG,OMSOH,AEFUJ,PKQAS,PKKAR,INKAN,INKAK,INMUN,THLCB,IDCXP,IDJAK,VNHCM,VNHPG,VNQUN,THRAY,CNHUM,CNCJN,CNHUI,CNCZH,CNLSN,HKHKG,AUGER,CNNTG,CNFAN,CNDAF,CNYJG,CNNBO,CNZOS,CNGUA,CNFUN,CNJIN,CNHKO,CNHPU,CNDYI,CNTAI,CNTJN,MYPKE,MYPAG,CNSTO,CNYSN,CNWGQ,CNCJK,CNJIT,CNYZH,CNSHA,CNNSA,CNDSN,CNTAX,CNFUZ,CNJIA,TWHLN,CNLYG,CNYAN,CNWEF,CNCHS,CNMEZ,CNDAL,CNYPG,CNRUG,CNZZU,TWKAO,CNZJG,AUFRE,CNBAS,CNDJK,CNBYQ,CNYIZ,CNSHS,CNSDG,AUBUN,CNPLI,CNCGM,CNXIA,CNBHI,PHBAT,TWMAI,CNRIZ,SGSGP,TWTCH,CNJIJ,CNZHA,CNZPU,CNQUA,CNZHE,CNWEN,CNCHZ,CNQIZ,CNQHD,CNBAO,CNQIN,CNLVS,CNCFD,CNNJG,CNGLA,CNDNG,CNWEI,CNNDE,KRPOH,KRGWA,KRDAN,JPFUK,JPKIS,JPHHR,KRMAS,JPSKI,JPTOK,KRULS,KRINC,JPNAG,JPYOK,KRPYT,KRBUS,JPMIZ,JPMOJ,JPKMA,JPOSK,AUGLE,AUMEL,AUNTL,AUPKE,AUWHY,AUADE,AUPLD,AUGEE,NZNAP"
OAOFFOKKK,"USLSA,CAVCR,USOAK,MXLCS,MXMAN,PECAL,ECGYL,USNYK,COBUE,UYULA,BRPEC,BRTUB,BRPAR,BRRDJ,UYMON,BRSTS,BRRGR,GBSOU,FRLEH,BEZEE,NLAMS,SIKOP,ITGOA,DEHAM,MTMAL,ESCAR,BEANT,PLGDA,ESGIJ,NLROT,TRYAR,GRAGT,ZARIB,JOAQA,ROCON,EGALE,SAJUB,BHBAH,KEMOM,SADMA,QAUMS,SAJED,SAYAN,KWMAA,AEJAL,AEABU,OMSOH,AEFUJ,PKQAS,PKKAR,INKNP,INMUN,THLCB,VNHPG,VNCAM,CNHUI,CNPAN,CNTAZ,CNLSN,HKHKG,AUGER,CNNTG,CNFAN,CNNBO,CNZOS,CNGUA,CNFUN,CNJIN,CNHUA,CNTAI,CNDCB,CNTJN,MYPKE,MYPAG,IDBAH,CNSTO,CNYSN,CNWGQ,CNCJK,CNJIT,CNYZH,CNNSA,CNDSN,CNLAZ,CNYTN,CNJIA,CNLYG,CNYAN,AUESP,CNCHS,CNMEZ,CNDAL,CNYPG,CNRUG,CNZZU,TWKAO,CNZJG,AUFRE,CNDJK,CNBYQ,CNLKU,CNSDG,CNPLI,CNCGM,CNXIA,CNBHI,TWMAI,CNRIZ,CNSHE,SGSGP,CNJIJ,TWTAP,CNZHA,CNQUA,CNZHE,CNDDG,CNWEN,CNCHZ,CNQIZ,CNQHD,CNBAO,CNQIN,CNCFD,CNNJG,CNGLA,CNWEI,IDSAM,KRPOH,KRGWA,KRDAN,JPFUK,JPOIT,JPKIS,JPSKI,KRULS,KRINC,JPNAG,JPYOK,KRPYT,KRBUS,JPMIZ,JPKMA,JPOSK,AUGLE,AUMEL,AUNTL,AUADE,AUBRI"
OFFAOCAKK,"BRPDM,XZCLV,XZKMN,AOPAZ,SAJUT,QAASN,SARTA,KWMAA,IQMAB,AERUW,OMMAF,AEZUR,AEFUJ,MMMIO,CNHUI,CNLSN,CNNBO,CNZOS,CNJIN,CNTJN,CNYAN,CNMEZ,CNDAL,CNYPG,TWKAO,CNSLH,CNDJK,CNSDG,SGSGP,CNZHA,CNQIZ,CNQIN,CNCFD,KRGWA,JPKII,JPSKI,JPCBA"
OAOFKCKKK,"USLSA,CAVCR,USOAK,MXLCS,MXMAN,PECAL,ECGYL,USNYK,COBUE,CLTAL,UYULA,BRPEC,BRTUB,BRPAR,BRRDJ,UYMON,BRSTS,BRRGR,GBSOU,FRLEH,BEZEE,NLAMS,SIKOP,ITGOA,DEHAM,MTMAL,ESCAR,BEANT,PLGDA,ESGIJ,NLROT,TRYAR,GRAGT,ZARIB,JOAQA,ROCON,EGALE,SAJUB,BHBAH,KEMOM,SADMA,QAUMS,SAJED,SAYAN,KWMAA,AEJAL,AEABU,OMSOH,AEFUJ,PKQAS,PKKAR,INKNP,INMUN,THLCB,THKSI,VNHPG,VNCAM,CNHUI,CNPAN,CNTAZ,CNLSN,HKHKG,AUGER,CNNTG,CNFAN,CNNBO,CNPYU,CNZOS,CNGUA,CNFUN,CNJIN,CNHUA,CNTAI,CNDCB,CNTJN,MYPKE,MYPAG,IDBAH,CNSTO,CNYSN,CNWGQ,CNCJK,CNJIT,CN9873,CNYZH,CNNSA,CNDSN,CNLAZ,CNYTN,CNJIA,CN1087,CNLYG,CNYAN,AUESP,CNCHS,CNMEZ,CNDAL,CNYPG,CNRUG,CNZZU,TWKAO,CNZJG,AUFRE,CNDJK,CNBYQ,CNLKU,CNSDG,MYTPP,CNPLI,CNCGM,CNXIA,CNBHI,TWMAI,CNRIZ,CNSHE,SGSGP,MY2243,CNJIJ,TWTAP,CNZHA,CNQUA,CNZHE,CNDDG,CNWEN,CNCHZ,CNQIZ,CNQHD,CNBAO,CNQIN,CNCFD,CNNJG,CNGLA,CNWEI,IDSAM,JPKAW,KRPOH,KRGWA,KRDAN,JPFUK,JPOIT,JPKIS,JPSKI,KRULS,KRINC,JPNAG,JPCBA,JPYOK,KRPYT,KRBUS,JPMIZ,JPKMA,JPOSK,AUGLE,AUMEL,AUNTL,AUADE,AUBRI"
OAROYKOAK,"USLUA,PECAL,USNYK,UYULA,CLMEJ,UYFBS,BRVIT,BRSTS,GBBEL,PTLXS,IEDUB,FRLEH,BEZEE,ESHUE,ITTAR,ESTAR,DZDJE,DEHAM,FRROU,MTMAL,BEANT,ESGIJ,NLROT,ESBIL,TRGEB,TRYAR,ZADUR,GRAGT,TRDER,JOAQA,LTKLJ,FIKOT,ROCON,EGALE,BHBAH,SADMA,SAJED,SAYAN,AEJAL,AEABU,AERAK,RUSPG,OMSOH,AEFUJ,PKQAS,PKKAR,INKAN,INKAK,INMUN,THLCB,IDCXP,IDJAK,VNHCM,VNHPG,VNQUN,THRAY,CNHUM,CNCJN,CNHUI,CNCZH,HKHKG,AUGER,CNNTG,CNFAN,CNDAF,CNYJG,CNNBO,CNZOS,CNGUA,CNFUN,CNJIN,CNHKO,CNHPU,CNDYI,CNTAI,CNTJN,MYPKE,MYPAG,CNSTO,CNYSN,CNWGQ,CNCJK,CNJIT,CNYZH,CNSHA,CNNSA,CNDSN,CNTAX,CNFUZ,CNJIA,TWHLN,CNLYG,CNYAN,CNWEF,CNCHS,CNMEZ,CNDAL,CNYPG,CNRUG,CNZZU,TWKAO,CNZJG,AUFRE,CNBAS,CNDJK,CNBYQ,CNYIZ,CNSHS,CNSDG,AUBUN,CNPLI,CNCGM,CNXIA,CNBHI,PHBAT,TWMAI,CNRIZ,SGSGP,TWTCH,CNJIJ,CNZHA,CNZPU,CNQUA,CNZHE,CNWEN,CNCHZ,CNQIZ,CNQHD,CNBAO,CNQIN,CNLVS,CNCFD,CNNJG,CNGLA,CNDNG,CNWEI,CNNDE,KRPOH,KRGWA,KRDAN,JPFUK,JPKIS,JPHHR,KRMAS,JPSKI,JPTOK,KRULS,KRINC,JPNAG,JPYOK,KRPYT,KRBUS,JPMIZ,JPMOJ,JPKMA,JPOSK,AUGLE,AUMEL,AUNTL,AUPKE,AUWHY,AUADE,AUPLD,AUGEE,NZNAP"
OARAFFKKK,"USSEA,USLSA,CAVCR,USOAK,MXLCS,MXMAN,PECAL,PABAL,USSAV,USCHA,USNYK,COBUE,CLSAN,CLTAL,UYULA,BRTUB,BRPDM,ARBNA,BRPAR,BRRDJ,UYMON,BRSTS,BRITA,BRRGR,GBSOU,FRLEH,BEZEE,FRFOS,SIKOP,ITGOA,DEHAM,ESBAR,MTMAL,ESCAR,BEANT,PLGDA,ESGIJ,NLROT,TRMER,TRYAR,TRALI,EGPSA,UAODS,JOAQA,ROCON,EGALE,EGDAM,SAJUB,SADMA,SAJED,QARAS,KWMAA,AEJAL,AEABU,AERUW,OMSOH,AEFUJ,PKQAS,PKKAR,INMUN,THLCB,THKSI,VNHPG,VNCAM,CNHUI,CNPAN,MY3182,CNLSN,HKHKG,CNFAN,CNNBO,CNZOS,CNGUA,CNFUN,CNJIN,CNHUA,CNTAI,CNTJN,MYPKE,MYPAG,CNYSN,CNWGQ,CNCJK,CNJIT,CNYZH,CNNSA,CNDSN,CNYTN,CNJIA,CNLYG,CNYAN,AUESP,CNMEZ,CNDAL,CNYPG,TWKAO,CNZJG,CNSLH,CNDJK,CNBYQ,CNLKU,CN9878,CNSDG,CNMWN,CNCGM,CNXIA,CN2039,CNRIZ,CNSHE,SGSGP,MY2243,TWTAP,CNZHA,CNZHE,CNDDG,CNQIZ,CNLYW,CNQHD,CNBAO,CNQIN,CNCFD,CNGLA,CNWEI,CNMJS,JPKAW,KRPOH,KRGWA,KRDAN,JPFUK,JPOIT,JPKIS,JPSKI,KRULS,KRINC,JPNAG,JPCBA,JPYOK,KRPYT,KRBUS,JPMIZ,JPKMA,KRYOS,AUGLE,AUNTL,AUBRI,AUSYD,AUHAY,RUNJK"
OARCRRNYK,"CNHUI,CNCZH,CNFAN,CNYJG,CNGUA,CNHKO,CNSTO,CNYPG,CNSDG,CNBHI,CNZHA,CNDNG"
OARCRSANK,"USLSA,CAVCR,USOAK,MXLCS,MXMAN,PECAL,ECGYL,USNYK,COBUE,CLTAL,UYULA,BRPAR,BRRDJ,UYMON,BRSTS,BRRGR,GBSOU,FRLEH,BEZEE,NLAMS,SIKOP,ITGOA,DEHAM,MTMAL,BEANT,PLGDA,ESGIJ,NLROT,TRYAR,GRAGT,ZARIB,JOAQA,ROCON,EGALE,SAJUB,BHBAH,KEMOM,SADMA,QAUMS,SAJED,SAYAN,KWMAA,AEJAL,AEABU,OMSOH,AEFUJ,PKQAS,PKKAR,INKNP,INMUN,THLCB,VNHPG,VNCAM,CNHUI,CNPAN,CNTAZ,CNLSN,HKHKG,AUGER,CNNTG,CNFAN,CNNBO,CNZOS,CNGUA,CNFUN,CNJIN,CNHUA,CNTAI,CNDCB,CNTJN,MYPKE,MYPAG,IDBAH,CNSTO,CNYSN,CNWGQ,CNCJK,CNJIT,CNYZH,CNNSA,CNDSN,CNLAZ,CNYTN,CNJIA,CNLYG,CNYAN,AUESP,CNCHS,CNMEZ,CNDAL,CNYPG,CNRUG,CNZZU,TWKAO,CNZJG,AUFRE,CNDJK,CNBYQ,CNLKU,CNSDG,CNPLI,CNCGM,CNXIA,CNBHI,TWMAI,CNRIZ,CNSHE,SGSGP,CNJIJ,TWTAP,CNZHA,CNQUA,CNZHE,CNDDG,CNWEN,CNCHZ,CNQIZ,CNQHD,CNBAO,CNQIN,CNCFD,CNNJG,CNGLA,CNWEI,IDSAM,JPKAW,KRPOH,KRGWA,KRDAN,JPFUK,JPOIT,JPKIS,JPSKI,KRULS,KRINC,JPNAG,JPYOK,KRPYT,KRBUS,JPMIZ,JPKMA,JPOSK,AUGLE,AUMEL,AUNTL,AUADE,AUBRI"
CRNKGFYSF,"USSEA,CAPRR,USLSA,CAVCR,USOAK,MXESE,MXLCS,MXMAN,PECAL,PABAL,USSAV,USCHA,USNYK,COBUE,CLSAN,CLTAL,UYULA,CLLIR,BRTUB,BRPDM,ARBNA,BRPAR,BRRDJ,UYMON,BRSTS,BRIJI,BRITA,BRRGR,FRLEH,BEZEE,FRFOS,SIKOP,ITGOA,DEHAM,ESBAR,MTMAL,BEANT,PLGDA,ESGIJ,NLROT,TRMER,TRYAR,EGSOK,TRALI,EGPSA,UAODS,JOAQA,ROCON,EGALE,EGDAM,SAJUB,SADMA,SAJED,KWMAA,AEJAL,AEABU,AERUW,OMSOH,AEKHA,AEFUJ,PKKAR,INNSA,LKCOL,INMUN,THLCB,VNHPG,VNCAM,CNHUI,MY3182,CNLSN,HKHKG,CNFAN,CNNBO,CNZOS,CNGUA,CNFUN,CNJIN,CNHUA,CNTAI,CNTJN,MYPKE,CNYSN,CNWGQ,CNCJK,CNJIT,CNYZH,CNNSA,CNYTN,CNJIA,CNLYG,CNYAN,AUESP,CNMEZ,CNDAL,CNYPG,TWKAO,CNZJG,CNSLH,AUFRE,CNDJK,CNBYQ,CNSDG,CNMWN,CNCGM,CNXIA,CNRIZ,CNSHE,SGSGP,TWTAP,CNZHA,CNZHE,CNDDG,CNQIZ,CNLYW,CNBAO,CNQIN,CNCFD,CNWEI,CNMJS,JPKAW,KRPOH,KRGWA,KRDAN,JPFUK,JPOIT,JPKIS,JPSKI,KRULS,KRINC,JPNAG,JPCBA,JPYOK,KRBUS,JPMIZ,JPKMA,KRYOS,AUGLE,AUMEL,AUNTL,AUBRI,AUSYD,AUHAY"
OAROYRKSK,"CAVCR,MXLCS,USLUA,MXMAN,PECAL,ECGYL,USNYK,UYULA,BRVIT,BRRDJ,UYMON,BRSTS,BRRGR,GBBEL,PTLXS,MACAS,GBSOU,GHTEM,IEDUB,CIABI,FRLEH,BEZEE,SIKOP,ITGOA,NLVSG,ESHUE,ITTAR,ESTAR,DZDJE,DEHAM,ITRAV,FRROU,MTMAL,BEANT,PLGDA,ESGIJ,NLROT,DEBRA,ESBIL,TRGEB,LVRIX,TRYAR,ZADUR,FIHEL,GRAGT,TRLMA,TRDER,ZARIB,JOAQA,LTKLJ,FIKOT,ROCON,ZAPLZ,UACHO,EGALE,BHBAH,KEMOM,TZDRS,SADMA,SAJED,SAYAN,KWMAA,AEJAL,AEABU,AERAK,RUSPG,OMSOH,AEFUJ,PKQAS,PKKAR,INKAN,INKNP,INMUN,THLCB,VNNGH,IDJAK,VNHCM,VNHPG,VNCAM,VNQUN,IDSUR,CNHUM,CNCJN,CNHUI,CNCZH,CNSHD,CNLSN,HKHKG,AUGER,CNNTG,CNFAN,CNDAF,CNYJG,CNNBO,CNZOS,CNGUA,CNFUN,CNJIN,CNHKO,CNHPU,CNDYI,CNHUA,CNTAI,CNDCB,CNTJN,MYKUA,MYPKE,MYPAG,IDBAH,CNSTO,CNYSN,CNWGQ,CNCJK,CNJIT,CNYZH,CNNSA,CNDSN,CNTAX,CNLAZ,CNFUZ,CNYTN,CNJIA,TWHLN,CNLYG,CNYAN,CNCHS,CNMEZ,CNDAL,CNYPG,CNRUG,CNZZU,TWKAO,CNZJG,AUFRE,CNBAS,CNDJK,CNBYQ,CNLKU,CNSHS,CNSDG,CNPLI,CNCGM,CNXIA,CNBHI,TWMAI,CNRIZ,CNSHE,SGSGP,TWTCH,CNJIJ,CNZHA,CNZPU,CNQUA,CNZHE,CNDDG,CNWEN,CNCHZ,CNQIZ,CNQHD,CNBAO,CNQIN,CNLVS,CNCFD,CNNJG,CNGLA,CNDNG,CNWEI,IDSAM,CNNDE,KRPOH,KRKUN,KRGWA,JPHIB,KRDAN,JPFUK,JPOIT,JPKIS,JPSKI,KRULS,KRINC,JPNAG,JPYOK,KRPYT,KRBUS,JPMIZ,JPKMA,JPOSK,AUGLE,AUMEL,AUNTL,AUPKE,AUADE,AUBRI,NZAKL,NZTAU,NZNAP"
OAOFRCKKK,"USLSA,CAVCR,USOAK,MXLCS,MXMAN,PECAL,ECGYL,USNYK,COBUE,UYULA,BRPAR,BRRDJ,UYMON,BRSTS,BRRGR,GBSOU,FRLEH,BEZEE,NLAMS,SIKOP,ITGOA,DEHAM,MTMAL,BEANT,PLGDA,ESGIJ,NLROT,TRYAR,GRAGT,ZARIB,JOAQA,ROCON,EGALE,SAJUB,BHBAH,KEMOM,SADMA,QAUMS,SAJED,SAYAN,KWMAA,AEJAL,AEABU,OMSOH,AEFUJ,PKQAS,PKKAR,INKNP,INMUN,THLCB,THKSI,VNHPG,VNCAM,CNHUI,CNPAN,CNTAZ,MY3182,CNLSN,HKHKG,AUGER,CNNTG,CNFAN,CNNBO,CNPYU,CNZOS,CNGUA,CNFUN,CNJIN,CNHUA,CNTAI,CNDCB,CN9862,CNTJN,MYPKE,MYPAG,IDBAH,CNSTO,CNYSN,CNWGQ,CNCJK,CNJIT,CN9873,CNYZH,CNNSA,CNDSN,CNLAZ,CNYTN,CNJIA,CN1087,CNLYG,CNYAN,AUESP,CNCHS,CNMEZ,CNDAL,CNYPG,CNRUG,CNZZU,TWKAO,CNZJG,AUFRE,CNDJK,CNBYQ,CNLKU,MYTBS,CNSDG,MYTPP,CNMWN,CNCGM,CNXIA,CNBHI,TWMAI,CNRIZ,CNSHE,SGSGP,CNJIJ,TWTAP,CNZHA,CNQUA,CNZHE,CNDDG,CNWEN,CNQIZ,CNQHD,CNBAO,CNQIN,CNCFD,CNNJG,CNGLA,MYPGG,CNWEI,IDSAM,KRPOH,KRGWA,KRDAN,JPFUK,JPOIT,JPKIS,JPSKI,KRULS,KRINC,JPNAG,JPCBA,JPYOK,KRPYT,KRBUS,JPMIZ,JPKMA,KRYOS,JPOSK,AUGLE,AUMEL,AUNTL,AUADE,AUBRI,RUNJK"
OAOOGOKKK,"CNNBO,CNZOS,CNDAL,SGSGP"
OFFSNOSKK,"USLSA,CAVCR,USOAK,GTPQL,MXLCS,MXMAN,PECAL,PABAL,ECGYL,USNPN,USSAV,USCHA,USNYK,COBUE,CLTAL,UYULA,BRPEC,BRTUB,BRPDM,BRPAR,BRRDJ,UYMON,BRSTS,BRITA,BRRGR,GBSOU,FRLEH,BEZEE,NLAMS,SIKOP,ITGOA,DEHAM,ESBAR,MTMAL,ESCAR,BEANT,PLGDA,ESGIJ,NLROT,TRMER,ZACPT,TRYAR,GRELE,GRAGT,TRALI,ZARIB,EGPSA,JOAQA,ROCON,EGALE,EGDAM,SAJUB,BHBAH,KEMOM,SADMA,QAUMS,SAJED,SAYAN,KWMAA,AEJAL,AEABU,AERUW,OMSOH,AEFUJ,RUULG,PKQAS,PKKAR,INCHN,INKNP,INMUN,INVIS,THLCB,THKSI,VNHPG,VNCAM,VNSOD,CNHUI,CNPAN,CNTAZ,MY3182,CNLSN,HKHKG,AUGER,CNNTG,CNFAN,CNNBO,CNPYU,CNZOS,CNGUA,CNFUN,CNJIN,CNHUA,CNTAI,CNDCB,CN9862,CNTJN,MYPKE,MYPAG,IDBAH,CNSTO,CNYSN,CNWGQ,CNCJK,CNJIT,CN9873,CNYZH,CNNSA,CNDSN,CNLAZ,CNYTN,CNJIA,CN1087,CNLYG,CNYAN,AUESP,CNCHS,CNMEZ,CNDAL,CNYPG,CNRUG,CNZZU,TWKAO,CNZJG,CNSLH,AUFRE,CNDJK,CNBYQ,CNLKU,MYTBS,CNSDG,MYTPP,CNMWN,CNCGM,CNXIA,CNBHI,TWMAI,CNRIZ,CNSHE,SGSGP,MY2243,CNJIJ,TWTAP,CNZHA,CNQUA,CNZHE,CNDDG,CNWEN,CNQIZ,CNLYW,CNQHD,CNBAO,CNQIN,CNCFD,CNNJG,CNGLA,MYPGG,CNWEI,IDSAM,JPKAW,KRPOH,KRGWA,KRDAN,JPFUK,JPOIT,JPKIS,JPSKI,KRULS,KRINC,JPNAG,JPCBA,JPYOK,KRPYT,KRBUS,JPMIZ,JPKMA,KRYOS,JPOSK,AUGLE,AUMEL,AUNTL,AUADE,AUBRI,AUHAY,RUNJK"
NGRKCCCKK,"BRPDM,SAJUT,QAASN,SARTA,KWMAA,IQMAB,AERUW,OMMAF,AEZUR,AEFUJ,MMMIO,CNHUI,CNLSN,CNNBO,CNZOS,CNTJN,CNYAN,CNMEZ,CNDAL,CNYPG,TWKAO,CNSLH,CNDJK,CNSDG,SGSGP,CNZHA,CNQIZ,CNQIN,CNCFD,KRGWA,JPKII,JPSKI,JPCBA"
OARCSFCFK,"USLSA,CAVCR,USOAK,GTSTC,USBEA,USBTR,MXLCS,USLUA,MXMAN,PECAL,ECGYL,USNYK,COBAR,COBUE,UYULA,BRVIT,BRRDJ,UYMON,BRSTS,BRRGR,GBBEL,PTLXS,MACAS,GBSOU,GHTEM,GNCON,IEDUB,CIABI,FRLEH,BEZEE,NLAMS,SIKOP,ITGOA,NLVSG,ESHUE,ITTAR,ESTAR,DZDJE,DEHAM,ITRAV,FRROU,MTMAL,BEANT,PLGDA,ESSAN,ESGIJ,NLROT,ESSAG,ESBIL,TRGEB,LVRIX,TRYAR,ZADUR,GRAGT,TRLMA,TRDER,ZARIB,JOAQA,LTKLJ,FIKOT,ROCON,ZAPLZ,UACHO,EGALE,SAJUB,BHBAH,KEMOM,TZDRS,SADMA,QAUMS,SAJED,SAYAN,KWMAA,AEJAL,AEABU,AERAK,RUSPG,OMSOH,AEFUJ,PKQAS,PKKAR,INKAN,INKNP,INMUN,THLCB,VNPHU,VNNGH,IDJAK,VNHCM,VNHPG,VNCAM,VNQUN,IDSUR,CNHUM,CNCJN,CNHUI,CNCZH,CNSHD,CNLSN,HKHKG,AUGER,CNNTG,CNFAN,CNDAF,CNYJG,CNNBO,CNPYU,CNZOS,CNGUA,CNFUN,CNJIN,CNHKO,CNHPU,CNDYI,CNHUA,CNTAI,CNDCB,CNTJN,MYKUA,MYPKE,MYPAG,IDBAH,CNSTO,CNYSN,CNWGQ,CNCJK,CNJIT,CNYZH,CNNSA,CNDSN,CNTAX,CNLAZ,CNFUZ,CNYTN,CNJIA,TWHLN,CNLYG,CNYAN,TWKEE,AUESP,CNCHS,CNMEZ,CNDAL,CNYPG,CNRUG,CNZZU,TWKAO,CNZJG,AUFRE,CNBAS,CNSIZ,CNDJK,CNBYQ,CNLKU,CNSDG,CNPLI,CNCGM,CNXIA,CNBHI,TWMAI,CNRIZ,CNSHE,SGSGP,TWTCH,CNJIJ,CNZHA,CNZPU,CNQUA,CNZHE,CNDDG,CNWEN,CNCHZ,CNQIZ,CNQHD,CNBAO,CNQIN,CNLVS,CNCFD,CNNJG,CNGLA,CNDNG,CNWEI,IDSAM,CNNDE,KRPOH,KRKUN,KRGWA,JPHIB,KRDAN,JPFUK,JPOIT,JPKIS,JPSKI,JPTOK,KRULS,KRINC,JPNAG,JPYOK,KRPYT,KRBUS,JPMIZ,JPKMA,JPOSK,AUGLE,AUMEL,AUNTL,AUPKE,AUADE,AUBRI,AUBNE,NZAKL,NZTAU,NZNAP"
OAOAACKKK,"USLSA,CAVCR,USOAK,GTPQL,MXLCS,MXMAN,PECAL,PABAL,ECGYL,USNPN,USSAV,USNYK,COBUE,CLTAL,UYULA,BRPEC,BRTUB,BRPDM,BRPAR,BRRDJ,UYMON,BRSTS,BRITA,BRRGR,GBSOU,FRLEH,BEZEE,NLAMS,SIKOP,ITGOA,DEHAM,ESBAR,MTMAL,ESCAR,BEANT,PLGDA,ESGIJ,NLROT,TRMER,ZACPT,TRYAR,GRELE,GRAGT,TRALI,ZARIB,EGPSA,JOAQA,ROCON,EGALE,EGDAM,SAJUB,BHBAH,KEMOM,SADMA,QAUMS,SAJED,SAYAN,KWMAA,AEJAL,AEABU,AERUW,OMSOH,AEFUJ,RUULG,PKQAS,PKKAR,INCHN,INKNP,INMUN,INVIS,THLCB,THKSI,VNHPG,VNCAM,VNSOD,CNHUI,CNPAN,CNTAZ,MY3182,CNLSN,HKHKG,AUGER,CNNTG,CNFAN,CNNBO,CNPYU,CNZOS,CNGUA,CNFUN,CNJIN,CNHUA,CNTAI,CNDCB,CN9862,CNTJN,MYPKE,MYPAG,IDBAH,CNSTO,CNYSN,CNWGQ,CNCJK,CNJIT,CN9873,CNYZH,CNNSA,CNDSN,CNLAZ,CNYTN,CNJIA,CN1087,CNLYG,CNYAN,AUESP,CNCHS,CNMEZ,CNDAL,CNYPG,CNRUG,CNZZU,TWKAO,CNZJG,CNSLH,AUFRE,CNDJK,CNBYQ,CNLKU,MYTBS,CNSDG,MYTPP,CNPLI,CNMWN,CNCGM,CNXIA,CNBHI,TWMAI,CNRIZ,CNSHE,SGSGP,MY2243,CNJIJ,TWTAP,CNZHA,CNQUA,CNZHE,CNDDG,CNWEN,CNCHZ,CNQIZ,CNLYW,CNQHD,CNBAO,CNQIN,CNCFD,CNNJG,CNGLA,MYPGG,CNWEI,IDSAM,JPKAW,KRPOH,KRGWA,KRDAN,JPFUK,JPOIT,JPKIS,JPSKI,KRULS,KRINC,JPNAG,JPCBA,JPYOK,KRPYT,KRBUS,JPMIZ,JPKMA,KRYOS,JPOSK,AUGLE,AUMEL,AUNTL,AUADE,AUBRI,AUHAY,RUNJK"
OACKRCKKK,"USSEA,USLSA,CAVCR,USOAK,MXLCS,MXMAN,PECAL,PABAL,USNPN,USSAV,USCHA,USNYK,COBUE,CLSAN,CLTAL,UYULA,BRPEC,BRTUB,BRPDM,ARBNA,BRPAR,BRRDJ,UYMON,BRSTS,BRITA,BRRGR,GBSOU,FRLEH,BEZEE,FRFOS,NLAMS,SIKOP,ITGOA,FRDKK,DEHAM,ESBAR,MTMAL,ESCAR,BEANT,PLGDA,ESGIJ,NLROT,TRMER,ZACPT,TRYAR,GRELE,GRAGT,TRALI,ZARIB,EGPSA,UAODS,JOAQA,ROCON,EGALE,EGDAM,SAJUB,BHBAH,KEMOM,SADMA,QAUMS,SAJED,SAYAN,KWMAA,AEJAL,AEABU,AERUW,OMSOH,AEFUJ,RUULG,PKKAR,INMUN,THLCB,THKSI,VNHPG,VNCAM,VNSOD,CNHUI,CNPAN,MY3182,CNLSN,HKHKG,AUGER,CNFAN,CNNBO,CNZOS,CNGUA,CNFUN,CNJIN,CNHUA,CNTAI,CNTJN,MYPKE,MYPAG,IDBAH,CNSTO,CNYSN,CNWGQ,CNCJK,CNJIT,CNYZH,CNNSA,CNDSN,CNLAZ,CNYTN,CNJIA,CNLYG,CNYAN,AUESP,CNMEZ,IDTBR,CNDAL,CNYPG,CNRUG,CNZZU,CNSWE,TWKAO,CNZJG,CNSLH,CNDJK,CNBYQ,CNLKU,MYTBS,CNSDG,CNMWN,CNCGM,CNXIA,CN2039,TWMAI,CNRIZ,CNSHE,SGSGP,MY2243,TWTAP,CNZHA,CNZHE,CNDDG,CNWEN,CNQIZ,CNLYW,CNQHD,CNBAO,CNQIN,CNCFD,CNGLA,MYPGG,CNWEI,IDSAM,CNMJS,JPKAW,KRPOH,KRGWA,KRDAN,JPFUK,JPOIT,JPKIS,JPSKI,KRULS,KRINC,JPNAG,JPCBA,JPYOK,KRPYT,KRBUS,JPMIZ,JPKMA,KRYOS,AUGLE,AUNTL,AUBRI,AUHAY,RUNJK"
OARCRAROK,"CNHUI,CNCZH,CNFAN,CNYJG,CNGUA,CNHKO,CNSTO,CNDAL,CNYPG,CNSDG,CNBHI,CNZHA,CNDNG"
OACCRFKKK,"CNCJN,CNHUI,CNCZH,CNNTG,CNFAN,CNYJG,CNNBO,CNZOS,CNGUA,CNFUN,CNHKO,CNHPU,CNDYI,CNTJN,CNSTO,CNCJK,CNDSN,CNTAX,CNFUZ,CNJIA,CNLYG,CNYAN,CNWEF,CNCHS,CNMEZ,CNDAL,CNYPG,TWKAO,CNBAS,CNDJK,CNBYQ,CNYIZ,CNSDG,CNXIA,CNBHI,CNJIJ,CNZHA,CNZPU,CNQUA,CNZHE,CNWEN,CNCHZ,CNNJG,CNDNG,CNWEI,KRDAN,KRULS"
OAONAKKKK,"CNHUI,CNCZH,CNNTG,CNFAN,CNYJG,CNNBO,CNZOS,CNGUA,CNFUN,CNDYI,CNTAI,CNTJN,CNSTO,CNYSN,CNWGQ,CNCJK,CNJIT,CNDSN,CNJIA,CNLYG,CNYAN,CNCHS,CNMEZ,CNDAL,CNYPG,CNRUG,TWKAO,CNZJG,CNBAS,CNDJK,CNBYQ,CNSDG,CNXIA,CNBHI,TWMAI,CNJIJ,CNZHA,CNZPU,CNQUA,CNZHE,CNWEN,CNCHZ,CNQHD,CNNJG,CNDNG,CNWEI,KRDAN,KRULS"
OFFARFSKK,"CAVCR,MXLCS,USLUA,MXMAN,PECAL,ECGYL,USNYK,COBUE,UYULA,BRVIT,BRRDJ,UYMON,BRSTS,BRRGR,GBBEL,PTLXS,MACAS,GHTEM,PTSBL,GNCON,IEDUB,CIABI,FRLEH,BEZEE,SIKOP,ITGOA,NLVSG,ESHUE,ITTAR,ESTAR,DZDJE,DEHAM,ITRAV,FRROU,MTMAL,BEANT,PLGDA,ESGIJ,NLROT,ESSAG,ESBIL,TRGEB,LVRIX,TRYAR,ZADUR,GRAGT,TRLMA,TRDER,ZARIB,JOAQA,LTKLJ,FIKOT,ROCON,ZAPLZ,UACHO,EGALE,BHBAH,KEMOM,TZDRS,SADMA,SAJED,SAYAN,KWMAA,AEJAL,AEABU,AERAK,RUSPG,OMSOH,AEFUJ,PKQAS,PKKAR,BDCTG,INKAN,INKNP,INMUN,THLCB,IDCXP,VNNGH,IDJAK,VNHCM,VNHPG,VNCAM,VNQUN,THRAY,IDSUR,CNHUM,CNCJN,CNHUI,CNCZH,CNSHD,CNLSN,HKHKG,AUGER,CNNTG,CNFAN,CNDAF,CNYJG,CNNBO,CNZOS,CNGUA,CNFUN,CNJIN,CNHKO,CNHPU,CNDYI,CNHUA,CNTAI,CNDCB,CNTJN,MYKUA,MYPKE,MYPAG,IDBAH,CNSTO,CNYSN,CNWGQ,CNCJK,CNJIT,CNYZH,CNSHA,CNNSA,CNDSN,CNTAX,CNLAZ,CNFUZ,CNYTN,CNJIA,TWHLN,CNLYG,CNYAN,CNWEF,CNCHS,CNMEZ,CNDAL,CNYPG,CNRUG,CNZZU,TWKAO,CNZJG,AUFRE,CNBAS,CNDJK,CNBYQ,CNLKU,CNYIZ,CNSDG,CNPLI,CNCGM,CNXIA,CNBHI,PHBAT,TWMAI,CNRIZ,CNSHE,SGSGP,TWTCH,CNJIJ,CNZHA,CNZPU,CNQUA,CNZHE,CNDDG,CNWEN,CNCHZ,CNQIZ,CNQHD,CNBAO,CNQIN,CNLVS,CNCFD,CNNJG,CNGLA,CNDNG,CNWEI,IDSAM,CNNDE,KRPOH,KRKUN,KRGWA,JPHIB,KRDAN,JPFUK,JPOIT,JPKIS,JPHHR,JPSKI,JPTOK,KRULS,KRINC,JPNAG,JPYOK,KRPYT,KRBUS,JPMIZ,JPMOJ,JPKMA,JPOSK,AUGLE,AUMEL,AUNTL,AUPKE,AUADE,AUBRI,AUGEE,NZAKL,NZTAU,NZNAP"
OFFSRRRKK,"USLSA,CAVCR,USOAK,GTPQL,MXLCS,MXMAN,PECAL,PABAL,ECGYL,USNPN,USSAV,USNYK,COBUE,CLSAN,CLTAL,UYULA,BRPEC,BRTUB,BRPDM,BRPAR,BRRDJ,UYMON,BRIOA,BRSTS,BRITA,BRRGR,GBSOU,FRLEH,BEZEE,NLAMS,SIKOP,ITGOA,DEHAM,ESBAR,MTMAL,ESCAR,BEANT,PLGDA,ESGIJ,NLROT,TRMER,ZACPT,TRYAR,GRELE,GRAGT,TRALI,ZARIB,EGPSA,JOAQA,ROCON,EGALE,EGDAM,SAJUB,BHBAH,KEMOM,SADMA,QAUMS,SAJED,SAYAN,KWMAA,AEJAL,AEABU,AERUW,OMSOH,AEFUJ,RUULG,PKQAS,PKKAR,INCHN,INKNP,INMUN,INVIS,THLCB,THKSI,VNHPG,VNCAM,VNSOD,CNHUI,CNPAN,CNTAZ,MY3182,CNLSN,HKHKG,AUGER,CNFAN,CNNBO,CNPYU,CNZOS,CNGUA,CNFUN,CNJIN,CNHUA,CNTAI,CNDCB,CN9862,CNTJN,MYPKE,MYPAG,IDBAH,CNSTO,CNYSN,CNWGQ,CNCJK,CNJIT,CN9873,CNYZH,CNNSA,CNDSN,CNLAZ,CNYTN,CNJIA,CN1087,CNLYG,CNYAN,AUESP,CNMEZ,CNDAL,CNYPG,CNRUG,CNZZU,CNSWE,TWKAO,CNZJG,CNSLH,AUFRE,CNDJK,CNBYQ,CNLKU,MYTBS,CNSDG,MYTPP,CNMWN,CNCGM,CNXIA,CNBHI,TWMAI,CNRIZ,CNSHE,SGSGP,MY2243,TWTAP,CNZHA,CNQUA,CNZHE,CNDDG,CNWEN,CNQIZ,CNLYW,CNQHD,CNBAO,CNQIN,CNCFD,CNGLA,MYPGG,CNWEI,IDSAM,CNMJS,JPKAW,KRPOH,KRGWA,KRDAN,JPFUK,JPOIT,JPKIS,JPSKI,KRULS,KRINC,JPNAG,JPCBA,JPYOK,KRPYT,KRBUS,JPMIZ,JPKMA,KRYOS,JPOSK,AUGLE,AUMEL,AUNTL,AUADE,AUBRI,AUHAY,RUNJK"
OAOFFRKKK,"USLSA,CAVCR,USOAK,MXLCS,MXMAN,PECAL,ECGYL,USNYK,COBUE,CLTAL,UYULA,BRPAR,BRRDJ,UYMON,BRSTS,BRRGR,GBSOU,FRLEH,BEZEE,NLAMS,SIKOP,ITGOA,DEHAM,MTMAL,BEANT,PLGDA,ESGIJ,NLROT,TRYAR,GRAGT,ZARIB,JOAQA,ROCON,EGALE,SAJUB,BHBAH,KEMOM,SADMA,QAUMS,SAJED,SAYAN,KWMAA,AEJAL,AEABU,OMSOH,AEFUJ,PKQAS,PKKAR,INKNP,INMUN,THLCB,THKSI,VNHPG,VNCAM,CNHUI,CNPAN,CNTAZ,CNLSN,HKHKG,AUGER,CNNTG,CNFAN,CNNBO,CNPYU,CNZOS,CNGUA,CNFUN,CNJIN,CNHUA,CNTAI,CNDCB,CNTJN,MYPKE,MYPAG,IDBAH,CNSTO,CNYSN,CNWGQ,CNCJK,CNJIT,CN9873,CNYZH,CNNSA,CNDSN,CNLAZ,CNYTN,CNJIA,CN1087,CNLYG,CNYAN,AUESP,CNCHS,CNMEZ,CNDAL,CNYPG,CNRUG,CNZZU,TWKAO,CNZJG,AUFRE,CNDJK,CNBYQ,CNLKU,CNSDG,MYTPP,CNPLI,CNCGM,CNXIA,CNBHI,TWMAI,CNRIZ,CNSHE,SGSGP,MY2243,CNJIJ,TWTAP,CNZHA,CNQUA,CNZHE,CNDDG,CNWEN,CNCHZ,CNQIZ,CNQHD,CNBAO,CNQIN,CNCFD,CNNJG,CNGLA,CNWEI,IDSAM,JPKAW,KRPOH,KRGWA,KRDAN,JPFUK,JPOIT,JPKIS,JPSKI,KRULS,KRINC,JPNAG,JPCBA,JPYOK,KRPYT,KRBUS,JPMIZ,JPKMA,JPOSK,AUGLE,AUMEL,AUNTL,AUADE,AUBRI"
OACROGKKK,"USLSA,CAVCR,USOAK,MXLCS,MXMAN,PECAL,ECGYL,USSAV,USNYK,COBUE,CLTAL,UYULA,BRPEC,BRTUB,BRPAR,BRRDJ,UYMON,BRSTS,BRRGR,GBSOU,FRLEH,BEZEE,NLAMS,SIKOP,ITGOA,DEHAM,MTMAL,ESCAR,BEANT,PLGDA,ESGIJ,NLROT,TRMER,ZACPT,TRYAR,GRAGT,TRALI,ZARIB,EGPSA,JOAQA,ROCON,EGALE,SAJUB,BHBAH,KEMOM,SADMA,QAUMS,SAJED,SAYAN,KWMAA,AEJAL,AEABU,AERUW,OMSOH,AEFUJ,PKQAS,PKKAR,INKNP,INMUN,THLCB,THKSI,VNHPG,VNCAM,CNHUI,CNPAN,CNTAZ,CNLSN,HKHKG,AUGER,CNNTG,CNFAN,CNNBO,CNPYU,CNZOS,CNGUA,CNFUN,CNJIN,CNHUA,CNTAI,CNDCB,CNTJN,MYPKE,MYPAG,IDBAH,CNSTO,CNYSN,CNWGQ,CNCJK,CNJIT,CN9873,CNYZH,CNNSA,CNDSN,CNLAZ,CNYTN,CNJIA,CN1087,CNLYG,CNYAN,AUESP,CNCHS,CNMEZ,CNDAL,CNYPG,CNRUG,CNZZU,TWKAO,CNZJG,CNSLH,AUFRE,CNDJK,CNBYQ,CNLKU,CNSDG,MYTPP,CNPLI,CNCGM,CNXIA,CNBHI,TWMAI,CNRIZ,CNSHE,SGSGP,MY2243,CNJIJ,TWTAP,CNZHA,CNQUA,CNZHE,CNDDG,CNWEN,CNCHZ,CNQIZ,CNLYW,CNQHD,CNBAO,CNQIN,CNCFD,CNNJG,CNGLA,CNWEI,IDSAM,JPKAW,KRPOH,KRGWA,KRDAN,JPFUK,JPOIT,JPKIS,JPSKI,KRULS,KRINC,JPNAG,JPCBA,JPYOK,KRPYT,KRBUS,JPMIZ,JPKMA,JPOSK,AUGLE,AUMEL,AUNTL,AUADE,AUBRI"
OARCGARSK,"USLSA,CAVCR,USOAK,MXLCS,MXMAN,PECAL,ECGYL,USNYK,COBUE,CLTAL,UYULA,BRPEC,BRTUB,BRPAR,BRRDJ,UYMON,BRSTS,BRRGR,GBSOU,FRLEH,BEZEE,NLAMS,SIKOP,ITGOA,DEHAM,MTMAL,ESCAR,BEANT,PLGDA,ESGIJ,NLROT,TRYAR,GRAGT,ZARIB,JOAQA,ROCON,EGALE,SAJUB,BHBAH,KEMOM,SADMA,QAUMS,SAJED,SAYAN,KWMAA,AEJAL,AEABU,OMSOH,AEFUJ,PKQAS,PKKAR,INKNP,INMUN,THLCB,THKSI,VNHPG,VNCAM,CNHUI,CNPAN,CNTAZ,CNLSN,HKHKG,AUGER,CNNTG,CNFAN,CNNBO,CNPYU,CNZOS,CNGUA,CNFUN,CNJIN,CNHUA,CNTAI,CNDCB,CNTJN,MYPKE,MYPAG,IDBAH,CNSTO,CNYSN,CNWGQ,CNCJK,CNJIT,CN9873,CNYZH,CNNSA,CNDSN,CNLAZ,CNYTN,CNJIA,CN1087,CNLYG,CNYAN,AUESP,CNCHS,CNMEZ,CNDAL,CNYPG,CNRUG,CNZZU,TWKAO,CNZJG,AUFRE,CNDJK,CNBYQ,CNLKU,CNSDG,MYTPP,CNPLI,CNCGM,CNXIA,CNBHI,TWMAI,CNRIZ,CNSHE,SGSGP,MY2243,CNJIJ,TWTAP,CNZHA,CNQUA,CNZHE,CNDDG,CNWEN,CNCHZ,CNQIZ,CNQHD,CNBAO,CNQIN,CNCFD,CNNJG,CNGLA,CNWEI,IDSAM,JPKAW,KRPOH,KRGWA,KRDAN,JPFUK,JPOIT,JPKIS,JPSKI,KRULS,KRINC,JPNAG,JPCBA,JPYOK,KRPYT,KRBUS,JPMIZ,JPKMA,JPOSK,AUGLE,AUMEL,AUNTL,AUADE,AUBRI"
OARCYGKFK,"USLSA,CAVCR,USOAK,MXLCS,MXMAN,PECAL,ECGYL,USNYK,COBUE,CLTAL,UYULA,BRPAR,BRRDJ,UYMON,BRSTS,BRRGR,GBSOU,FRLEH,BEZEE,NLAMS,SIKOP,ITGOA,DEHAM,MTMAL,BEANT,PLGDA,ESGIJ,NLROT,TRYAR,GRAGT,ZARIB,JOAQA,ROCON,EGALE,SAJUB,BHBAH,KEMOM,SADMA,QAUMS,SAJED,SAYAN,KWMAA,AEJAL,AEABU,OMSOH,AEFUJ,PKQAS,PKKAR,INKNP,INMUN,THLCB,VNHPG,VNCAM,CNHUI,CNPAN,CNTAZ,CNLSN,HKHKG,AUGER,CNNTG,CNFAN,CNNBO,CNZOS,CNGUA,CNFUN,CNJIN,CNHUA,CNTAI,CNDCB,CNTJN,MYPKE,MYPAG,IDBAH,CNSTO,CNYSN,CNWGQ,CNCJK,CNJIT,CNYZH,CNNSA,CNDSN,CNLAZ,CNYTN,CNJIA,CNLYG,CNYAN,AUESP,CNCHS,CNMEZ,CNDAL,CNYPG,CNRUG,CNZZU,TWKAO,CNZJG,AUFRE,CNDJK,CNBYQ,CNLKU,CNSDG,CNPLI,CNCGM,CNXIA,CNBHI,TWMAI,CNRIZ,CNSHE,SGSGP,CNJIJ,TWTAP,CNZHA,CNQUA,CNZHE,CNDDG,CNWEN,CNCHZ,CNQIZ,CNQHD,CNBAO,CNQIN,CNCFD,CNNJG,CNGLA,CNWEI,IDSAM,JPKAW,KRPOH,KRGWA,KRDAN,JPFUK,JPOIT,JPKIS,JPSKI,KRULS,KRINC,JPNAG,JPYOK,KRPYT,KRBUS,JPMIZ,JPKMA,JPOSK,AUGLE,AUMEL,AUNTL,AUADE,AUBRI"
OACNCCCSK,"CNHKO,CNSYA,CNBHI,CNZHA"
OACNCRYAK,"CNHUI,CNCZH,CNFAN,CNYJG,CNGUA,CNHKO,CNSTO,CNSYA,CNYPG,CNBHI,CNZHA,CNDNG"
OARAYAKKK,"USLSA,CAVCR,USOAK,GTPQL,MXLCS,MXMAN,PECAL,PABAL,ECGYL,USNPN,USSAV,USNYK,COBUE,CLTAL,UYULA,BRPEC,BRTUB,BRPDM,BRPAR,BRRDJ,UYMON,BRSTS,BRITA,BRRGR,GBSOU,FRLEH,BEZEE,NLAMS,SIKOP,ITGOA,DEHAM,ESBAR,MTMAL,ESCAR,BEANT,PLGDA,ESGIJ,NLROT,TRMER,ZACPT,TRYAR,GRELE,GRAGT,TRALI,ZARIB,EGPSA,JOAQA,ROCON,EGALE,EGDAM,SAJUB,BHBAH,KEMOM,SADMA,QAUMS,SAJED,SAYAN,KWMAA,AEJAL,AEABU,AERUW,OMSOH,AEFUJ,RUULG,PKQAS,PKKAR,INCHN,INKNP,INMUN,INVIS,THLCB,THKSI,VNHPG,VNCAM,VNSOD,CNHUI,CNPAN,CNTAZ,MY3182,CNLSN,HKHKG,AUGER,CNNTG,CNFAN,CNNBO,CNPYU,CNZOS,CNGUA,CNFUN,CNJIN,CNHUA,CNTAI,CNDCB,CN9862,CNTJN,MYPKE,MYPAG,IDBAH,CNSTO,CNYSN,CNWGQ,CNCJK,CNJIT,CN9873,CNYZH,CNNSA,CNDSN,CNLAZ,CNYTN,CNJIA,CN1087,CNLYG,CNYAN,AUESP,CNCHS,CNMEZ,CNDAL,CNYPG,CNRUG,CNZZU,CNSWE,TWKAO,CNZJG,CNSLH,AUFRE,CNDJK,CNBYQ,CNLKU,MYTBS,CNSDG,MYTPP,CNMWN,CNCGM,CNXIA,CNBHI,TWMAI,CNRIZ,CNSHE,SGSGP,MY2243,CNJIJ,TWTAP,CNZHA,CNQUA,CNZHE,CNDDG,CNWEN,CNCHZ,CNQIZ,CNLYW,CNQHD,CNBAO,CNQIN,CNCFD,CNNJG,CNGLA,MYPGG,CNWEI,IDSAM,CNMJS,JPKAW,KRPOH,KRGWA,KRDAN,JPFUK,JPOIT,JPKIS,JPSKI,KRULS,KRINC,JPNAG,JPCBA,JPYOK,KRPYT,KRBUS,JPMIZ,JPKMA,KRYOS,JPOSK,AUGLE,AUMEL,AUNTL,AUADE,AUBRI,AUHAY,RUNJK"
OARCROOCK,"CNHUI,CNCZH,CNFAN,CNYJG,CNGUA,CNHKO,CNSTO,CNSYA,CNYPG,CNBHI,CNZHA,CNHAA,CNDNG"
OFFKNKYKK,"USSEA,USLSA,CAVCR,USOAK,MXLCS,MXMAN,PECAL,PABAL,USSAV,USCHA,USNYK,COBUE,CLSAN,CLTAL,UYULA,BRTUB,BRPDM,ARBNA,BRPAR,BRRDJ,UYMON,BRSTS,BRITA,BRRGR,GBSOU,FRLEH,BEZEE,FRFOS,NLAMS,SIKOP,ITGOA,DEHAM,ESBAR,MTMAL,ESCAR,BEANT,PLGDA,ESGIJ,NLROT,TRMER,ZACPT,TRYAR,GRELE,GRAGT,TRALI,EGPSA,UAODS,JOAQA,ROCON,EGALE,EGDAM,SAJUB,BHBAH,KEMOM,SADMA,QAUMS,SAJED,SAYAN,QARAS,KWMAA,AEJAL,AEABU,AERUW,OMSOH,AEFUJ,RUULG,PKKAR,INMUN,THLCB,THKSI,VNHPG,VNCAM,CNHUI,CNPAN,MY3182,CNLSN,HKHKG,CNFAN,CNNBO,CNZOS,CNGUA,MY3177,CNFUN,CNJIN,CNHUA,CNTAI,CNTJN,MYPKE,MYPAG,CNYSN,CNWGQ,CNCJK,CNJIT,CNYZH,CNNSA,CNDSN,CNYTN,CNJIA,CNLYG,CNYAN,AUESP,CNMEZ,CNDAL,CNYPG,TWKAO,CNZJG,CNSLH,CNDJK,CNBYQ,CNLKU,MYTBS,CNSDG,CNMWN,CNCGM,CNXIA,CN2039,TWMAI,CNRIZ,CNSHE,SGSGP,MY2243,TWTAP,CNZHA,CNZHE,CNDDG,CNQIZ,CNLYW,CNBAO,CNQIN,CNCFD,CNGLA,MYPGG,CNMJS,JPKAW,KRPOH,KRGWA,KRDAN,JPFUK,JPOIT,JPKIS,JPSKI,KRULS,KRINC,JPNAG,JPCBA,JPYOK,KRPYT,KRBUS,JPMIZ,JPKMA,KRYOS,AUGLE,AUAPT,AUNTL,AUBRI,AUHAY,RUNJK"
OACOFAKKK,"USSEA,USLSA,CAVCR,PABAL,USSAV,USCHA,USNYK,BRTUB,BRPDM,BRITA,GBSOU,FRLEH,BEZEE,FRFOS,ITGOA,DEHAM,MTMAL,ESCAR,BEANT,PLGDA,ESGIJ,NLROT,JOAQA,EGALE,SADMA,SAJED,SARTA,QARAS,KWMAA,IQMAB,AEJAL,AEABU,AERUW,OMSOH,AEFUJ,PKKAR,INMUN,THLCB,VNCAM,CNHUI,CNPAN,MY3182,CNLSN,HKHKG,CNFAN,CNNBO,CNZOS,CNGUA,CNFUN,CNJIN,AUCPN,CNHUA,CNTAI,CNTJN,MYPKE,CNYSN,CNWGQ,CNCJK,CNJIT,CNYZH,CNNSA,CNDSN,CNYTN,CNJIA,CNLYG,CNYAN,AUESP,CNMEZ,CNDAL,CNYPG,CN8965,TWKAO,CNZJG,CNSLH,CNDJK,CNBYQ,CNLKU,CNSDG,CNCGM,AUPHE,CNXIA,CNRIZ,CNSHE,SGSGP,MY2243,TWTAP,CNZHA,CNZHE,CNDDG,CNQIZ,CNLYW,CNBAO,CNQIN,CNCFD,CNMJS,JPKAW,KRPOH,KRGWA,KRDAN,JPFUK,JPOIT,JPKIS,JPSKI,KRULS,KRINC,JPNAG,JPCBA,KRBUS,JPMIZ,JPKMA,KRYOS,AUGLE,AUAPT,AUNTL,AUBRI,AUHAY,RUKZM,NCNOA"
OFFGYGYKK,"USLSA,CAVCR,USOAK,GTPQL,MXLCS,MXMAN,PECAL,PABAL,ECGYL,USNPN,USSAV,USNYK,COBUE,CLSAN,CLTAL,UYULA,BRPEC,BRTUB,BRPDM,ARBNA,BRPAR,BRRDJ,UYMON,BRIOA,BRSTS,BRITA,BRRGR,GBSOU,FRLEH,BEZEE,NLAMS,SIKOP,ITGOA,DEHAM,ESBAR,MTMAL,ESCAR,BEANT,PLGDA,ESGIJ,NLROT,TRMER,ZACPT,TRYAR,GRELE,GRAGT,TRALI,ZARIB,EGPSA,JOAQA,ROCON,EGALE,EGDAM,SAJUB,BHBAH,KEMOM,SADMA,QAUMS,SAJED,SAYAN,KWMAA,AEJAL,AEABU,AERUW,OMSOH,AEFUJ,RUULG,PKQAS,PKKAR,INCHN,INKNP,INMUN,INVIS,THLCB,THKSI,VNHPG,VNCAM,VNSOD,CNHUI,CNPAN,CNTAZ,MY3182,CNLSN,HKHKG,AUGER,CNFAN,CNNBO,CNPYU,CNZOS,CNGUA,CNFUN,CNJIN,CNHUA,CNTAI,CNDCB,CN9862,CNTJN,MYPKE,MYPAG,IDBAH,CNSTO,CNYSN,CNWGQ,CNCJK,CNJIT,CN9873,CNYZH,CNNSA,CNDSN,CNLAZ,CNYTN,CNJIA,CN1087,CNLYG,CNYAN,AUESP,CNMEZ,CNDAL,CNYPG,CNRUG,CNZZU,CNSWE,TWKAO,CNZJG,CNSLH,AUFRE,CNDJK,CNBYQ,CNLKU,MYTBS,CNSDG,MYTPP,CNMWN,CNCGM,CNXIA,CNBHI,TWMAI,CNRIZ,CNSHE,SGSGP,MY2243,TWTAP,CNZHA,CNQUA,CNZHE,CNDDG,CNWEN,CNQIZ,CNLYW,CNQHD,CNBAO,CNQIN,CNCFD,CNGLA,MYPGG,CNWEI,IDSAM,CNMJS,JPKAW,KRPOH,KRGWA,KRDAN,JPFUK,JPOIT,JPKIS,JPSKI,KRULS,KRINC,JPNAG,JPCBA,JPYOK,KRPYT,KRBUS,JPMIZ,JPKMA,KRYOS,JPOSK,AUGLE,AUMEL,AUNTL,AUADE,AUBRI,AUHAY,RUNJK"
OAOFKNKKK,"USLSA,CAVCR,USOAK,MXLCS,MXMAN,PECAL,ECGYL,USNYK,COBUE,UYULA,BRPAR,BRRDJ,UYMON,BRSTS,BRRGR,GBSOU,FRLEH,BEZEE,NLAMS,SIKOP,ITGOA,DEHAM,MTMAL,BEANT,PLGDA,ESGIJ,NLROT,TRYAR,GRAGT,ZARIB,JOAQA,ROCON,EGALE,SAJUB,BHBAH,KEMOM,SADMA,QAUMS,SAJED,SAYAN,KWMAA,AEJAL,AEABU,OMSOH,AEFUJ,PKQAS,PKKAR,INKNP,INMUN,THLCB,THKSI,VNHPG,VNCAM,CNHUI,CNPAN,CNTAZ,MY3182,CNLSN,HKHKG,AUGER,CNNTG,CNFAN,CNNBO,CNPYU,CNZOS,CNGUA,CNFUN,CNJIN,CNHUA,CNTAI,CNDCB,CN9862,CNTJN,MYPKE,MYPAG,IDBAH,CNSTO,CNYSN,CNWGQ,CNCJK,CNJIT,CN9873,CNYZH,CNNSA,CNDSN,CNLAZ,CNYTN,CNJIA,CN1087,CNLYG,CNYAN,AUESP,CNCHS,CNMEZ,CNDAL,CNYPG,CNRUG,CNZZU,TWKAO,CNZJG,AUFRE,CNDJK,CNBYQ,CNLKU,MYTBS,CNSDG,MYTPP,CNMWN,CNCGM,CNXIA,CNBHI,TWMAI,CNRIZ,CNSHE,SGSGP,CNJIJ,TWTAP,CNZHA,CNQUA,CNZHE,CNDDG,CNWEN,CNQIZ,CNQHD,CNBAO,CNQIN,CNCFD,CNNJG,CNGLA,MYPGG,CNWEI,IDSAM,KRPOH,KRGWA,KRDAN,JPFUK,JPOIT,JPKIS,JPSKI,KRULS,KRINC,JPNAG,JPCBA,JPYOK,KRPYT,KRBUS,JPMIZ,JPKMA,JPOSK,AUGLE,AUMEL,AUNTL,AUADE,AUBRI"
OFFAKNFKK,"USLSA,CAVCR,USOAK,GTSTC,USBEA,USBTR,MXLCS,USLUA,MXMAN,PECAL,ECGYL,USNYK,COBAR,COBUE,UYULA,BRVIT,BRRDJ,UYMON,BRSTS,BRRGR,GBBEL,PTLXS,MACAS,GBSOU,GHTEM,GNCON,IEDUB,CIABI,FRLEH,BEZEE,NLAMS,SIKOP,ITGOA,NLVSG,ESHUE,ITTAR,ESTAR,DZDJE,DEHAM,ITRAV,FRROU,MTMAL,BEANT,PLGDA,ESSAN,ESGIJ,NLROT,ESSAG,ESBIL,TRGEB,LVRIX,TRYAR,ZADUR,GRAGT,TRLMA,TRDER,ZARIB,JOAQA,LTKLJ,FIKOT,ROCON,ZAPLZ,UACHO,EGALE,SAJUB,BHBAH,KEMOM,TZDRS,SADMA,QAUMS,SAJED,SAYAN,KWMAA,AEJAL,AEABU,AERAK,RUSPG,OMSOH,AEFUJ,PKQAS,PKKAR,INKAN,INKNP,INMUN,THLCB,VNPHU,THKSI,VNNGH,IDJAK,VNHCM,VNHPG,VNCAM,VNQUN,IDSUR,CNHUM,CNCJN,CNHUI,CNCZH,CNPAN,CNSHD,CNLSN,HKHKG,AUGER,CNNTG,CNFAN,CNDAF,CNYJG,CNNBO,CNPYU,CNZOS,CNGUA,CNFUN,CNJIN,CNHKO,CNHPU,CNDYI,CNHUA,CNTAI,CNDCB,CNTJN,MYKUA,MYPKE,MYPAG,IDBAH,CNSTO,CNYSN,CNWGQ,CNCJK,CNJIT,CN9873,CNYZH,CNNSA,CNDSN,CNTAX,CNLAZ,CNFUZ,CNYTN,CNJIA,CN1087,TWHLN,CNLYG,CNYAN,TWKEE,AUESP,CNCHS,CNMEZ,CNDAL,CNYPG,CNRUG,CNZZU,TWKAO,CNZJG,AUFRE,CNBAS,CNSIZ,CNDJK,CNBYQ,CNLKU,CNSDG,MYTPP,CNPLI,CNCGM,CNXIA,CNBHI,TWMAI,CNRIZ,CNSHE,SGSGP,TWTCH,MY2243,CNJIJ,CNZHA,CNZPU,CNQUA,CNZHE,CNDDG,CNWEN,CNCHZ,CNQIZ,CNQHD,CNBAO,CNQIN,CNLVS,CNCFD,CNNJG,CNGLA,CNDNG,CNWEI,IDSAM,CNNDE,KRPOH,KRKUN,KRGWA,JPHIB,KRDAN,JPFUK,JPOIT,JPKIS,JPSKI,JPTOK,KRULS,KRINC,JPNAG,JPCBA,JPYOK,KRPYT,KRBUS,JPMIZ,JPKMA,JPOSK,AUGLE,AUMEL,AUNTL,AUPKE,AUADE,AUBRI,AUBNE,NZAKL,NZTAU,NZNAP"
OARCFNYRK,"CNCJN,CNHUI,CNCZH,CNNTG,CNFAN,CNYJG,CNNBO,CNZOS,CNGUA,CNHKO,CNSTO,CNCJK,CNDSN,CNTAX,CNWEF,CNYPG,CNYIZ,CNBHI,CNZHA,CNZPU,CNCHZ,CNDNG"
OFFAAFOKK,"USLGB,USLSA,USNFK,USSAV,USNYK,BRPDM,GBLGP,MATAN,FRLEH,BEZEE,FRFOS,ITGOA,DEHAM,BEANT,PLGDA,ESVAL,NLROT,EGSOK,GRPIR,JOAQA,SADMA,QAHMD,SAJED,AEJAL,OMSOH,AEKHA,PKKAR,INNSA,INMUN,VNCMP,HKHKG,CNNBO,CNZOS,CNFUN,CNTJN,MYPKE,CNYSN,CNJIT,CNNSA,CNYTN,CNLYG,CNMEZ,CNDAL,TWKAO,CNSLH,CNDJK,CNXIA,CNSHE,SGSGP,TWTAP,CNQIN,KRGWA"
OAOFRAKKK,"USSEA,USLSA,CAVCR,USOAK,MXMAN,PECAL,PABAL,USSAV,USCHA,USNYK,COBUE,CLSAN,UYULA,BRTUB,BRPDM,ARBNA,BRPAR,BRRDJ,UYMON,BRSTS,BRITA,BRRGR,GBSOU,FRLEH,BEZEE,FRFOS,SIKOP,ITGOA,DEHAM,ESBAR,MTMAL,ESCAR,BEANT,PLGDA,ESGIJ,NLROT,TRMER,TRYAR,TRALI,EGPSA,UAODS,JOAQA,ROCON,EGALE,EGDAM,SAJUB,SADMA,SAJED,SARTA,QARAS,KWMAA,IQMAB,AEJAL,AEABU,AERUW,OMSOH,AEFUJ,PKKAR,INMUN,THLCB,VNHPG,VNCAM,CNHUI,CNPAN,MY3182,CNLSN,HKHKG,CNFAN,CNNBO,CNZOS,CNGUA,CNFUN,CNJIN,AUCPN,CNHUA,CNTAI,CNTJN,MYPKE,MYPAG,CNYSN,CNWGQ,CNCJK,CNJIT,CNYZH,CNNSA,CNDSN,CNYTN,CNJIA,CNLYG,CNYAN,AUESP,CNMEZ,CNDAL,CNYPG,CN8965,TWKAO,CNZJG,CNSLH,CNDJK,CNBYQ,CNLKU,CNSDG,CNMWN,CNCGM,AUPHE,CNXIA,CNRIZ,CNSHE,SGSGP,MY2243,TWTAP,CNZHA,CNZHE,CNDDG,CNQIZ,CNLYW,CNBAO,CNQIN,CNCFD,CNGLA,CNMJS,JPKAW,KRPOH,KRGWA,KRDAN,JPFUK,JPOIT,JPKIS,JPSKI,KRULS,KRINC,JPNAG,JPCBA,JPYOK,KRPYT,KRBUS,JPMIZ,JPKMA,KRYOS,AUGLE,AUAPT,AUNTL,AUBRI,AUHAY"
OAOGAAKKK,"CNCJN,CNHUI,CNCZH,CNNTG,CNFAN,CNYJG,CNNBO,CNZOS,CNGUA,CNFUN,CNDYI,CNTAI,CNTJN,CNSTO,CNYSN,CNWGQ,CNCJK,CNJIT,CNDSN,CNTAX,CNFUZ,CNJIA,CNLYG,CNYAN,CNCHS,CNMEZ,CNDAL,CNYPG,CNRUG,TWKAO,CNZJG,CNBAS,CNDJK,CNBYQ,CNSDG,CNXIA,CNBHI,TWMAI,CNJIJ,CNZHA,CNZPU,CNQUA,CNZHE,CNWEN,CNCHZ,CNQHD,CNNJG,CNDNG,CNWEI,KRDAN,KRULS"
OFFFGFRKK,"USLSA,CAVCR,USOAK,MXLCS,MXMAN,PECAL,PABAL,ECGYL,USNPN,USSAV,USNYK,COBUE,CLTAL,UYULA,BRPEC,BRTUB,BRPAR,BRRDJ,UYMON,BRSTS,BRITA,BRRGR,GBSOU,FRLEH,BEZEE,NLAMS,SIKOP,ITGOA,DEHAM,ESBAR,MTMAL,ESCAR,BEANT,PLGDA,ESGIJ,NLROT,TRMER,ZACPT,TRYAR,GRELE,GRAGT,TRALI,ZARIB,EGPSA,JOAQA,ROCON,EGALE,SAJUB,BHBAH,KEMOM,SADMA,QAUMS,SAJED,SAYAN,KWMAA,AEJAL,AEABU,AERUW,OMSOH,AEFUJ,RUULG,PKQAS,PKKAR,INCHN,INKNP,INMUN,INVIS,THLCB,THKSI,VNHPG,VNCAM,VNSOD,CNHUI,CNPAN,CNTAZ,MY3182,CNLSN,HKHKG,AUGER,CNNTG,CNFAN,CNNBO,CNPYU,CNZOS,CNGUA,CNFUN,CNJIN,CNHUA,CNTAI,CNDCB,CN9862,CNTJN,MYPKE,MYPAG,IDBAH,CNSTO,CNYSN,CNWGQ,CNCJK,CNJIT,CN9873,CNYZH,CNNSA,CNDSN,CNLAZ,CNYTN,CNJIA,CN1087,CNLYG,CNYAN,AUESP,CNCHS,CNMEZ,CNDAL,CNYPG,CNRUG,CNZZU,TWKAO,CNZJG,CNSLH,AUFRE,CNDJK,CNBYQ,CNLKU,MYTBS,CNSDG,MYTPP,CNPLI,CNMWN,CNCGM,CNXIA,CNBHI,TWMAI,CNRIZ,CNSHE,SGSGP,MY2243,CNJIJ,TWTAP,CNZHA,CNQUA,CNZHE,CNDDG,CNWEN,CNCHZ,CNQIZ,CNLYW,CNQHD,CNBAO,CNQIN,CNCFD,CNNJG,CNGLA,MYPGG,CNWEI,IDSAM,JPKAW,KRPOH,KRGWA,KRDAN,JPFUK,JPOIT,JPKIS,JPSKI,KRULS,KRINC,JPNAG,JPCBA,JPYOK,KRPYT,KRBUS,JPMIZ,JPKMA,KRYOS,JPOSK,AUGLE,AUMEL,AUNTL,AUADE,AUBRI,AUHAY,RUNJK"
OFFOFGSKK,"CNNBO,CNTJN,CNDAL,SGSGP,CNQIN,KRGWA"
OARKGKKKK,"USSEA,CAPRR,USLSA,CAVCR,USOAK,MXESE,CANWE,MXLCS,MXMAN,PECAL,PABAL,USSAV,USCHA,USNYK,COBUE,CLSAN,CLLIR,BRPDM,GBLGP,MATAN,FRLEH,BEZEE,FRFOS,SIKOP,ITGOA,DEHAM,ESBAR,MTMAL,BEANT,PLGDA,ESVAL,NLROT,TRMER,TRISK,TRYAR,EGSOK,TRALI,TRIST,GRPIR,EGPSA,JOAQA,EGDAM,SAJUB,SADMA,QAHMD,SAJED,KWMAA,AEJAL,AERUW,OMSOH,AEKHA,AEFUJ,PKKAR,INNSA,LKCOL,INMUN,THLCB,VNHPG,CNHUI,MY3182,CNLSN,HKHKG,CNFAN,CNNBO,CNZOS,CNGUA,CNFUN,CNJIN,CNHUA,CNTAI,CNTJN,MYPKE,CNYSN,CNWGQ,CNCJK,CNJIT,CNNSA,CNYTN,CNJIA,CNLYG,CNYAN,CNMEZ,CNDAL,CNYPG,TWKAO,CNSLH,CNDJK,CNBYQ,CNSDG,CNMWN,CNXIA,CNRIZ,CNSHE,SGSGP,TWTAP,CNZHA,CNDDG,CNQIZ,CNLYW,CNQIN,CNCFD,CNMJS,KRPOH,KRGWA,JPFUK,JPOIT,JPKIS,JPSKI,KRULS,KRINC,JPNAG,JPCBA,KRBUS,JPMIZ,JPKMA,KRYOS,AUNTL,AUHAY"
OAOCANKKK,"BRPDM,XZKMN,SAJUT,QAASN,SARTA,KWMAA,IQMAB,AERUW,OMMAF,AEZUR,AEFUJ,MMMIO,CNHUI,CNLSN,CNNBO,CNZOS,CNJIN,CNTJN,CNYAN,CNMEZ,CNDAL,CNYPG,TWKAO,CNSLH,CNDJK,CNSDG,SGSGP,CNZHA,CNQIZ,CNQIN,CNCFD,KRGWA,JPKII,JPSKI,JPCBA"
OAOKFRKKK,"USSEA,USLSA,CAVCR,PABAL,USNFK,USSAV,USCHA,USNYK,BRTUB,BRPDM,BRITA,GBSOU,FRLEH,BEZEE,FRFOS,ITGOA,DEHAM,MTMAL,ESCAR,BEANT,PLGDA,ESGIJ,NLROT,JOAQA,EGALE,SADMA,SAJED,QARAS,KWMAA,AEJAL,AEABU,AERUW,OMSOH,AEFUJ,PKKAR,INMUN,VNCAM,CNHUI,MY3182,CNLSN,HKHKG,CNFAN,CNNBO,CNZOS,CNGUA,CNFUN,CNJIN,AUCPN,CNHUA,CNTAI,CNTJN,MYPKE,CNYSN,CNWGQ,CNCJK,CNJIT,CNYZH,CNNSA,CNDSN,CNYTN,CNJIA,CNLYG,CNYAN,AUESP,CNMEZ,CNDAL,CNYPG,TWKAO,CNZJG,CNSLH,CNDJK,CNBYQ,CNSDG,CNCGM,AUPHE,CNXIA,CNRIZ,CNSHE,SGSGP,TWTAP,CNZHA,CNZHE,CNDDG,CNQIZ,CNLYW,CNBAO,CNQIN,CNCFD,CNGLA,CNMJS,JPKAW,KRPOH,KRGWA,KRDAN,JPFUK,JPOIT,JPKIS,JPSKI,KRULS,KRINC,JPNAG,JPCBA,KRPYT,KRBUS,JPMIZ,JPKMA,KRYOS,AUGLE,AUAPT,AUNTL,AUBRI,AUHAY"
OARNFYKKK,"USLSA,CAVCR,USOAK,GTPQL,MXLCS,MXMAN,PECAL,PABAL,ECGYL,USNPN,USSAV,USNYK,COBUE,CLTAL,UYULA,BRPEC,BRTUB,BRPDM,BRPAR,BRRDJ,UYMON,BRSTS,BRITA,BRRGR,GBSOU,FRLEH,BEZEE,NLAMS,SIKOP,ITGOA,DEHAM,ESBAR,MTMAL,ESCAR,BEANT,PLGDA,ESGIJ,NLROT,TRMER,ZACPT,TRYAR,GRELE,GRAGT,TRALI,ZARIB,EGPSA,JOAQA,ROCON,EGALE,EGDAM,SAJUB,BHBAH,KEMOM,SADMA,QAUMS,SAJED,SAYAN,KWMAA,AEJAL,AEABU,AERUW,OMSOH,AEFUJ,RUULG,PKQAS,PKKAR,INCHN,INKNP,INMUN,INVIS,THLCB,THKSI,VNHPG,VNCAM,VNSOD,CNHUI,CNPAN,CNTAZ,MY3182,CNLSN,HKHKG,AUGER,CNNTG,CNFAN,CNNBO,CNPYU,CNZOS,CNGUA,CNFUN,CNJIN,CNHUA,CNTAI,CNDCB,CN9862,CNTJN,MYPKE,MYPAG,IDBAH,CNSTO,CNYSN,CNWGQ,CNCJK,CNJIT,CN9873,CNYZH,CNNSA,CNDSN,CNLAZ,CNYTN,CNJIA,CN1087,CNLYG,CNYAN,AUESP,CNCHS,CNMEZ,CNDAL,CNYPG,CNRUG,CNZZU,TWKAO,CNZJG,CNSLH,AUFRE,CNDJK,CNBYQ,CNLKU,MYTBS,CNSDG,MYTPP,CNMWN,CNCGM,CNXIA,CNBHI,TWMAI,CNRIZ,CNSHE,SGSGP,MY2243,CNJIJ,TWTAP,CNZHA,CNQUA,CNZHE,CNDDG,CNWEN,CNCHZ,CNQIZ,CNLYW,CNQHD,CNBAO,CNQIN,CNCFD,CNNJG,CNGLA,MYPGG,CNWEI,IDSAM,JPKAW,KRPOH,KRGWA,KRDAN,JPFUK,JPOIT,JPKIS,JPSKI,KRULS,KRINC,JPNAG,JPCBA,JPYOK,KRPYT,KRBUS,JPMIZ,JPKMA,KRYOS,JPOSK,AUGLE,AUMEL,AUNTL,AUADE,AUBRI,AUHAY,RUNJK"
OARCGANRK,"USLSA,CAVCR,USOAK,MXLCS,MXMAN,PECAL,ECGYL,USNYK,COBUE,CLTAL,UYULA,BRPAR,BRRDJ,UYMON,BRSTS,BRRGR,GBSOU,FRLEH,BEZEE,NLAMS,SIKOP,ITGOA,DEHAM,MTMAL,BEANT,PLGDA,ESGIJ,NLROT,TRYAR,GRAGT,ZARIB,JOAQA,ROCON,EGALE,SAJUB,BHBAH,KEMOM,SADMA,QAUMS,SAJED,SAYAN,KWMAA,AEJAL,AEABU,OMSOH,AEFUJ,PKQAS,PKKAR,INKNP,INMUN,THLCB,THKSI,VNHPG,VNCAM,CNHUI,CNPAN,CNLSN,HKHKG,AUGER,CNNTG,CNFAN,CNNBO,CNPYU,CNZOS,CNGUA,CNFUN,CNJIN,CNHUA,CNTAI,CNDCB,CNTJN,MYPKE,MYPAG,IDBAH,CNSTO,CNYSN,CNWGQ,CNCJK,CNJIT,CN9873,CNYZH,CNNSA,CNDSN,CNLAZ,CNYTN,CNJIA,CN1087,CNLYG,CNYAN,AUESP,CNCHS,CNMEZ,CNDAL,CNYPG,CNRUG,CNZZU,TWKAO,CNZJG,AUFRE,CNDJK,CNBYQ,CNLKU,CNSDG,MYTPP,CNPLI,CNCGM,CNXIA,CNBHI,TWMAI,CNRIZ,CNSHE,SGSGP,MY2243,CNJIJ,TWTAP,CNZHA,CNQUA,CNZHE,CNDDG,CNWEN,CNCHZ,CNQIZ,CNQHD,CNBAO,CNQIN,CNCFD,CNNJG,CNGLA,CNWEI,IDSAM,JPKAW,KRPOH,KRGWA,KRDAN,JPFUK,JPOIT,JPKIS,JPSKI,KRULS,KRINC,JPNAG,JPCBA,JPYOK,KRPYT,KRBUS,JPMIZ,JPKMA,JPOSK,AUGLE,AUMEL,AUNTL,AUADE,AUBRI"
OARKNYKKK,"USSEA,CAPRR,USLSA,CAVCR,USOAK,MXLCS,MXMAN,PECAL,PABAL,ECGYL,USSAV,USNYK,COBUE,CLSAN,CLTAL,UYULA,BRTUB,BRPAR,BRRDJ,UYMON,BRIOA,BRSTS,BRIJI,BRITA,BRRGR,GBSOU,FRLEH,BEZEE,SIKOP,ITGOA,DEHAM,MTMAL,ESCAR,BEANT,PLGDA,ESGIJ,NLROT,TRYAR,EGSOK,JOAQA,ROCON,EGALE,SAJUB,SADMA,SAJED,KWMAA,AEJAL,AEABU,OMSOH,AEFUJ,PKQAS,PKKAR,INNSA,INCHN,LKCOL,INKNP,INMUN,INKUP,THLCB,VNHPG,VNCAM,CNHUI,MY3182,CNLSN,HKHKG,CNFAN,CNNBO,CNZOS,CNGUA,CNFUN,CNJIN,CNHUA,CNTAI,CNDCB,CNTJN,MYPKE,CNYSN,CNWGQ,CNCJK,CNJIT,CNYZH,CNNSA,CNDSN,CNYTN,CNJIA,CNLYG,CNYAN,AUESP,CNMEZ,CNDAL,CNYPG,TWKAO,CNZJG,AUFRE,CNDJK,CNBYQ,MYPEN,CNSDG,CNMWN,CNCGM,CNXIA,CNRIZ,CNSHE,SGSGP,TWTAP,CNZHA,CNQUA,CNZHE,CNDDG,CNQIZ,CNQHD,CNBAO,CNQIN,CNCFD,CNGLA,CNWEI,JPKAW,KRPOH,KRGWA,KRDAN,JPFUK,JPOIT,JPKIS,JPSKI,KRULS,KRINC,JPNAG,JPCBA,JPYOK,KRBUS,JPMIZ,JPKMA,KRYOS,JPOSK,AUGLE,AUMEL,AUNTL,AUADE,AUBRI"
OFFKNKOKK,"USSEA,USLSA,CAVCR,USOAK,MXLCS,MXMAN,PECAL,PABAL,USSAV,USCHA,USNYK,COBUE,CLSAN,CLTAL,UYULA,BRTUB,BRPDM,ARBNA,BRPAR,BRRDJ,UYMON,BRSTS,BRITA,BRRGR,GBSOU,FRLEH,BEZEE,FRFOS,NLAMS,SIKOP,ITGOA,DEHAM,ESBAR,MTMAL,ESCAR,BEANT,PLGDA,ESGIJ,NLROT,TRMER,ZACPT,TRYAR,GRELE,GRAGT,TRALI,EGPSA,UAODS,JOAQA,ROCON,EGALE,EGDAM,SAJUB,BHBAH,KEMOM,SADMA,QAUMS,SAJED,SAYAN,QARAS,KWMAA,AEJAL,AEABU,AERUW,OMSOH,AEFUJ,RUULG,PKKAR,INMUN,THLCB,THKSI,VNHPG,VNCAM,CNHUI,CNPAN,MY3182,CNLSN,HKHKG,CNFAN,CNNBO,CNZOS,CNGUA,MY3177,CNFUN,CNJIN,CNHUA,CNTAI,CNTJN,MYPKE,MYPAG,CNYSN,CNWGQ,CNCJK,CNJIT,CNYZH,CNNSA,CNDSN,CNYTN,CNJIA,CNLYG,CNYAN,AUESP,CNMEZ,CNDAL,CNYPG,TWKAO,CNZJG,CNSLH,CNDJK,CNBYQ,CNLKU,MYTBS,CNSDG,CNMWN,CNCGM,CNXIA,CN2039,TWMAI,CNRIZ,CNSHE,SGSGP,MY2243,TWTAP,CNZHA,CNZHE,CNDDG,CNQIZ,CNLYW,CNBAO,CNQIN,CNCFD,CNGLA,MYPGG,CNMJS,JPKAW,KRPOH,KRGWA,KRDAN,JPFUK,JPOIT,JPKIS,JPSKI,KRULS,KRINC,JPNAG,JPCBA,JPYOK,KRPYT,KRBUS,JPMIZ,JPKMA,KRYOS,AUGLE,AUAPT,AUNTL,AUBRI,AUHAY,RUNJK"
OFFFGSAKK,"USLGB,USLSA,PABAL,USNFK,USSAV,USCHA,USNYK,BRPDM,GBLGP,MATAN,FRLEH,BEZEE,FRFOS,ITGOA,DEHAM,BEANT,PLGDA,ESVAL,NLROT,EGSOK,GRPIR,JOAQA,SADMA,QAHMD,SAJED,AEJAL,OMSOH,AEKHA,PKKAR,INNSA,INMUN,VNCMP,HKHKG,CNNBO,CNZOS,CNFUN,CNTJN,MYPKE,CNYSN,CNWGQ,CNCJK,CNJIT,CNNSA,CNYTN,CNLYG,CNMEZ,CNDAL,TWKAO,CNSLH,CNDJK,CNXIA,CNSHE,SGSGP,TWTAP,CNQIN,KRGWA,KRBUS"
OFFCSCYKK,"USLGB,USLSA,PABAL,USNFK,USSAV,USCHA,USNYK,BRPDM,GBLGP,MATAN,FRLEH,BEZEE,FRFOS,ITGOA,DEHAM,BEANT,PLGDA,ESVAL,NLROT,EGSOK,GRPIR,JOAQA,SADMA,QAHMD,SAJED,AEJAL,OMSOH,AEKHA,PKKAR,INNSA,INMUN,VNCMP,HKHKG,CNNBO,CNZOS,CNFUN,CNTJN,MYPKE,CNYSN,CNWGQ,CNCJK,CNJIT,CNNSA,CNYTN,CNLYG,CNMEZ,CNDAL,TWKAO,CNSLH,CNDJK,CNXIA,CNSHE,SGSGP,TWTAP,CNQIN,KRGWA,KRBUS"
OFFYCNOKK,"USLUA,PECAL,ECGYL,USNYK,PEMAT,ECPBO,UYULA,CLMEJ,BRRDJ,UYMON,BRRGR,GBBEL,PTLXS,GHTEM,GNCON,IEDUB,FRLEH,BEZEE,ESHUE,ITTAR,ESTAR,DZDJE,DEHAM,FRROU,MTMAL,BEANT,PLGDA,ESGIJ,NLROT,ESBIL,TRGEB,TRYAR,ZADUR,GRAGT,LTKLJ,FIKOT,EGALE,KEMOM,TZDRS,AEJAL,OMSOH,PKQAS,PKKAR,INKAN,THLCB,IDCXP,IDJAK,VNHCM,VNHPG,VNQUN,THRAY,CNHUM,CNCJN,CNHUI,CNCZH,CNLSN,HKHKG,AUGER,CNNTG,CNFAN,CNDAF,CNYJG,CNNBO,CNZOS,CNGUA,CNFUN,CNJIN,CNHKO,CNHPU,CNDYI,CNTAI,CNTJN,MYPKE,MYPAG,CNSTO,CNYSN,CNWGQ,CNCJK,CNJIT,CNYZH,CNSHA,CNDSN,CNTAX,CNFUZ,CNJIA,TWHLN,CNLYG,CNYAN,CNWEF,CNCHS,CNMEZ,CNDAL,CNYPG,CNRUG,CNZZU,TWKAO,CNZJG,AUFRE,CNBAS,CNDJK,CNBYQ,CNYIZ,CNSHS,CNSDG,AUBUN,CNPLI,CNCGM,CNXIA,CNBHI,PHBAT,TWMAI,CNRIZ,SGSGP,TWTCH,CNJIJ,CNZHA,CNZPU,CNQUA,CNZHE,CNWEN,CNCHZ,CNQIZ,CNQHD,CNBAO,CNQIN,CNCFD,CNNJG,CNGLA,CNDNG,CNWEI,CNNDE,KRPOH,KRGWA,KRDAN,JPFUK,JPOIT,JPKIS,JPSKI,JPTOK,KRULS,KRINC,JPNAG,JPYOK,KRPYT,KRBUS,JPMIZ,JPMOJ,JPOSK,AUGLE,AUMEL,AUNTL,AUPKE,AUADE,AUGEE"
OAROFSCOK,"CAVCR,USLUA,PECAL,USNYK,UYULA,CLMEJ,UYFBS,BRVIT,BRSTS,GBBEL,PTLXS,GNCON,IEDUB,FRLEH,BEZEE,ESHUE,ITTAR,ESTAR,DZDJE,DEHAM,FRROU,MTMAL,BEANT,PLGDA,ESGIJ,NLROT,ESBIL,TRGEB,TRYAR,ZADUR,GRAGT,TRDER,FIRAU,JOAQA,LTKLJ,FIKOT,ROCON,EGALE,BHBAH,SADMA,SAJED,SAYAN,KWMAA,AEJAL,AEABU,AERAK,RUSPG,OMSOH,AEFUJ,PKQAS,PKKAR,INKAN,INKAK,INMUN,THLCB,IDCXP,IDJAK,VNHCM,VNHPG,VNQUN,THRAY,CNHUM,CNCJN,CNHUI,CNCZH,CNLSN,HKHKG,AUGER,CNNTG,CNFAN,CNDAF,CNYJG,CNNBO,CNZOS,CNGUA,CNFUN,CNJIN,CNHKO,CNHPU,CNDYI,CNTAI,CNTJN,MYPKE,MYPAG,CNSTO,CNYSN,CNWGQ,CNCJK,CNJIT,CNYZH,CNSHA,CNNSA,CNDSN,CNTAX,CNFUZ,CNJIA,TWHLN,CNLYG,CNYAN,CNWEF,CNCHS,CNMEZ,CNDAL,CNYPG,CNRUG,CNZZU,TWKAO,CNZJG,AUFRE,CNBAS,CNDJK,CNBYQ,CNYIZ,CNSHS,CNSDG,AUBUN,CNPLI,CNCGM,CNXIA,CNBHI,PHBAT,TWMAI,CNRIZ,SGSGP,TWTCH,CNJIJ,CNZHA,CNZPU,CNQUA,CNZHE,CNWEN,CNCHZ,CNQIZ,CNQHD,CNBAO,CNQIN,CNLVS,CNCFD,CNNJG,CNGLA,CNDNG,CNWEI,CNNDE,KRPOH,KRKUN,KRGWA,KRDAN,JPFUK,JPKIS,JPHHR,KRMAS,JPSKI,JPTOK,KRULS,KRINC,JPNAG,JPYOK,KRPYT,KRBUS,JPMIZ,JPMOJ,JPKMA,JPOSK,AUGLE,AUMEL,AUNTL,AUPKE,AUWHY,AUADE,AUPLD,AUGEE,NZNAP"
OARCFYGGK,"GBBEL,PTLXS,IEDUB,FRLEH,ESHUE,ITTAR,ESTAR,DZDJE,DEHAM,FRROU,BEANT,NOBGN,NLROT,FRBAY,TRGEB,TRYAR,LTKLJ,CNCJN,CNHUI,CNCZH,CNNTG,CNFAN,CNYJG,CNNBO,CNZOS,CNGUA,CNFUN,CNJIN,CNHKO,CNHPU,CNDYI,CNTJN,CNSTO,CNWGQ,CNCJK,CNSHA,CNDSN,CNTAX,CNFUZ,CNJIA,CNLYG,CNYAN,CNWEF,CNCHS,CNMEZ,CNDAL,CNYPG,TWKAO,CNBAS,CNDJK,CNYIZ,CNSDG,CNBHI,SGSGP,CNJIJ,CNZHA,CNZPU,CNQUA,CNZHE,CNWEN,CNCHZ,CNQIN,CNNJG,CNDNG,KRDAN,KRULS"
OFFSAAGKK,"USLUA,GBBEL,PTLXS,IEDUB,FRLEH,ESHUE,ITTAR,ESTAR,DZDJE,DEHAM,FRROU,BEANT,ESGIJ,NLROT,TRGEB,TRYAR,LTKLJ,EGALE,VNHPG,THRAY,CNHUM,CNCJN,CNHUI,CNCZH,CNNTG,CNFAN,CNYJG,CNNBO,CNZOS,CNGUA,CNFUN,CNJIN,CNHKO,CNHPU,CNDYI,CNTAI,CNTJN,CNSTO,CNYSN,CNWGQ,CNCJK,CNSHA,CNDSN,CNTAX,CNFUZ,CNJIA,CNLYG,CNYAN,CNWEF,CNCHS,CNMEZ,CNDAL,CNYPG,CNRUG,CNZZU,TWKAO,CNZJG,AUFRE,CNBAS,CNDJK,CNYIZ,CNSHS,CNSDG,CNBHI,TWMAI,SGSGP,CNJIJ,CNZHA,CNZPU,CNQUA,CNZHE,CNWEN,CNCHZ,CNQIZ,CNQIN,CNNJG,CNGLA,CNDNG,CNNDE,KRGWA,KRDAN,KRULS,JPNAG,AUADE,AUGEE"
OARYSOKKK,"USSEA,USLSA,CAVCR,PABAL,USNFK,USSAV,USCHA,USNYK,BRTUB,BRPDM,BRITA,GBSOU,FRLEH,BEZEE,FRFOS,ITGOA,DEHAM,MTMAL,ESCAR,BEANT,PLGDA,ESGIJ,NLROT,JOAQA,EGALE,SADMA,SAJED,QARAS,KWMAA,AEJAL,AEABU,AERUW,OMSOH,AEFUJ,PKKAR,INMUN,VNCAM,CNHUI,MY3182,CNLSN,HKHKG,CNFAN,CNNBO,CNZOS,CNGUA,CNFUN,CNJIN,AUCPN,CNHUA,CNTAI,CNTJN,MYPKE,CNYSN,CNWGQ,CNCJK,CNJIT,CNYZH,CNNSA,CNDSN,CNYTN,CNJIA,CNLYG,CNYAN,AUESP,CNMEZ,CNDAL,CNYPG,TWKAO,CNZJG,CNSLH,CNDJK,CNBYQ,CNSDG,CNCGM,AUPHE,CNXIA,CNRIZ,CNSHE,SGSGP,TWTAP,CNZHA,CNZHE,CNDDG,CNQIZ,CNLYW,CNBAO,CNQIN,CNCFD,CNGLA,CNMJS,JPKAW,KRPOH,KRGWA,KRDAN,JPFUK,JPOIT,JPKIS,JPSKI,KRULS,KRINC,JPNAG,JPCBA,KRBUS,JPMIZ,JPKMA,KRYOS,AUGLE,AUAPT,AUNTL,AUBRI,AUHAY"
OFFAAFYKK,"USLGB,USLSA,USNFK,USSAV,USNYK,BRPDM,GBLGP,MATAN,FRLEH,BEZEE,FRFOS,ITGOA,DEHAM,BEANT,PLGDA,ESVAL,NLROT,EGSOK,GRPIR,JOAQA,SADMA,QAHMD,SAJED,AEJAL,OMSOH,AEKHA,PKKAR,INNSA,INMUN,VNCMP,HKHKG,CNNBO,CNZOS,CNFUN,CNTJN,MYPKE,CNYSN,CNJIT,CNNSA,CNYTN,CNLYG,CNMEZ,CNDAL,TWKAO,CNSLH,CNDJK,CNXIA,CNSHE,SGSGP,TWTAP,CNQIN,KRGWA"
OFFGRYSKK,"BRPDM,SAJUT,QAASN,SARTA,KWMAA,IQMAB,AERUW,OMMAF,AEFUJ,MMMIO,CNHUI,CNLSN,CNNBO,CNZOS,CNJIN,CNTJN,CNYAN,CNMEZ,CNDAL,CNYPG,TWKAO,CNSLH,CNDJK,CNSDG,SGSGP,CNZHA,CNQIZ,CNQIN,CNCFD,KRGWA,JPKII,JPSKI,KRULS,KRINC,JPCBA"
RNOSSGKKK,"USLGB,USLSA,PABAL,USNFK,USSAV,USCHA,USNYK,BRPDM,GBLGP,MATAN,FRLEH,BEZEE,FRFOS,ITGOA,DEHAM,BEANT,PLGDA,ESVAL,NLROT,EGSOK,GRPIR,JOAQA,SADMA,QAHMD,SAJED,AEJAL,AEKHA,PKKAR,INNSA,INMUN,VNCMP,HKHKG,CNNBO,CNZOS,CNFUN,CNTJN,MYPKE,CNYSN,CNNSA,CNYTN,CNLYG,CNMEZ,CNDAL,TWKAO,CNSLH,CNDJK,CNXIA,CNSHE,SGSGP,TWTAP,CNQIN,KRGWA,KRBUS"
OACOFFFOK,"CNCJN,CNHUI,CNCZH,CNNTG,CNFAN,CNYJG,CNNBO,CNZOS,CNGUA,CNHKO,CNDYI,CNSTO,CNCJK,CNDSN,CNTAX,CNFUZ,CNJIA,CNLYG,CNWEF,CNCHS,CNMEZ,CNDAL,CNYPG,TWKAO,CNBAS,CNYIZ,CNSDG,CNBHI,CNJIJ,CNZHA,CNQUA,CNZHE,CNWEN,CNCHZ,CNNJG,CNDNG,KRDAN,KRULS"
OARYFGKKK,"BRPDM,SARTA,KWMAA,IQMAB,AERUW,AEFUJ,CNHUI,CNLSN,CNNBO,CNZOS,CNJIN,CNTJN,CNYAN,CNMEZ,CNDAL,CNYPG,TWKAO,CNSLH,CNDJK,CNSDG,SGSGP,CNZHA,CNQIZ,CNQIN,CNCFD,KRGWA,JPKII,JPSKI,KRULS,KRINC,JPCBA"
OAOOYKKKK,"CAPRR,CAVCR,BRPDM,BEZEE,DEHAM,MTMAL,BEANT,PLGDA,NLROT,SADMA,SARTA,KWMAA,IQMAB,AEJAL,AEABU,AERUW,OMSOH,AEKHA,AEFUJ,VNCAM,CNHUI,MY3182,CNLSN,HKHKG,CNFAN,CNNBO,CNZOS,CNJIN,CNHUA,CNTAI,CNTJN,MYPKE,CNYSN,CNJIT,CNNSA,CNYTN,MY3173,CNJIA,CNLYG,CNYAN,CNMEZ,CNDAL,CNYPG,TWKAO,CNSLH,CNDJK,CNBYQ,CNSDG,CNCGM,AUPHE,CNXIA,CNRIZ,SGSGP,CNZHA,CNDDG,CNQIZ,CNLYW,CNBAO,CNQIN,CNCFD,CNMJS,JPKAW,KRPOH,KRGWA,JPFUK,JPKII,JPOIT,JPKIS,JPSKI,KRULS,KRINC,JPNAG,JPCBA,JPMIZ,JPKMA,KRYOS,AUGLE,AUAPT,AUNTL,AUHAY"
OARSSKKKK,"BRPDM,SAJUT,QAASN,SARTA,KWMAA,IQMAB,AERUW,OMMAF,AEFUJ,MMMIO,CNHUI,CNLSN,CNNBO,CNZOS,CNJIN,CNTJN,CNYAN,CNMEZ,CNDAL,CNYPG,TWKAO,CNSLH,CNDJK,CNSDG,SGSGP,CNZHA,CNQIZ,CNQIN,CNCFD,KRGWA,JPKII,JPSKI,KRULS,KRINC,JPCBA"
OAOCAOKKK,"BRPDM,SAJUT,QAASN,SARTA,KWMAA,IQMAB,AERUW,OMMAF,AEZUR,AEFUJ,MMMIO,CNHUI,CNLSN,CNNBO,CNZOS,CNTJN,CNYAN,CNMEZ,CNDAL,CNYPG,TWKAO,CNSLH,CNDJK,CNSDG,SGSGP,CNZHA,CNQIZ,CNQIN,CNCFD,KRGWA,JPKII,JPSKI,JPCBA"
OFFYOFGKK,"USSEA,CAPRR,USLSA,CAVCR,USOAK,MXLCS,MXMAN,PECAL,PABAL,ECGYL,USSAV,USNYK,COBUE,CLSAN,CLTAL,UYULA,BRTUB,BRPAR,BRRDJ,UYMON,BRIOA,BRSTS,BRIJI,BRITA,BRRGR,GBSOU,FRLEH,BEZEE,SIKOP,ITGOA,DEHAM,MTMAL,ESCAR,BEANT,PLGDA,ESGIJ,NLROT,TRYAR,EGSOK,JOAQA,ROCON,EGALE,SAJUB,SADMA,SAJED,KWMAA,AEJAL,AEABU,OMSOH,AEFUJ,PKQAS,PKKAR,INNSA,INCHN,LKCOL,INKNP,INMUN,INKUP,THLCB,VNHPG,VNCAM,CNHUI,CNPAN,MY3182,CNLSN,HKHKG,CNFAN,CNNBO,CNZOS,CNGUA,CNFUN,CNJIN,CNHUA,CNTAI,CNDCB,CNTJN,MYPKE,MYPAG,CNYSN,CNWGQ,CNCJK,CNJIT,CNYZH,CNNSA,CNDSN,CNYTN,CNJIA,CNLYG,CNYAN,AUESP,CNMEZ,CNDAL,CNYPG,CNZZU,TWKAO,CNZJG,AUFRE,CNDJK,CNBYQ,MYPEN,CNSDG,CNMWN,CNCGM,CNXIA,CNRIZ,CNSHE,SGSGP,TWTAP,CNZHA,CNQUA,CNZHE,CNDDG,CNQIZ,CNQHD,CNBAO,CNQIN,CNCFD,CNGLA,CNWEI,JPKAW,KRPOH,KRGWA,KRDAN,JPFUK,JPOIT,JPKIS,JPSKI,KRULS,KRINC,JPNAG,JPCBA,JPYOK,KRBUS,JPMIZ,JPKMA,KRYOS,JPOSK,AUGLE,AUMEL,AUNTL,AUADE,AUBRI"
OAROFAYGK,"USLUA,USNYK,UYULA,CLMEJ,GBBEL,PTLXS,IEDUB,FRLEH,ESHUE,ITTAR,ESTAR,DZDJE,DEHAM,FRROU,MTMAL,BEANT,ESGIJ,NLROT,TRGEB,TRYAR,GRAGT,TRDER,JOAQA,LTKLJ,ROCON,EGALE,SAJED,AEABU,THLCB,IDCXP,IDJAK,VNHCM,VNHPG,VNQUN,THRAY,CNHUM,CNCJN,CNHUI,CNCZH,HKHKG,CNNTG,CNFAN,CNYJG,CNNBO,CNZOS,CNGUA,CNFUN,CNJIN,CNHKO,CNHPU,CNDYI,CNTAI,CNTJN,MYPKE,MYPAG,CNSTO,CNYSN,CNWGQ,CNCJK,CNJIT,CNSHA,CNNSA,CNDSN,CNTAX,CNFUZ,CNJIA,TWHLN,CNLYG,CNYAN,CNWEF,CNCHS,CNMEZ,CNDAL,CNYPG,CNRUG,CNZZU,TWKAO,CNZJG,AUFRE,CNBAS,CNDJK,CNBYQ,CNYIZ,CNSHS,CNSDG,CNCGM,CNXIA,CNBHI,PHBAT,TWMAI,CNRIZ,SGSGP,TWTCH,CNJIJ,CNZHA,CNZPU,CNQUA,CNZHE,CNWEN,CNCHZ,CNQIZ,CNQHD,CNBAO,CNQIN,CNNJG,CNGLA,CNDNG,CNWEI,CNNDE,KRPOH,KRGWA,KRDAN,JPFUK,JPKIS,JPHHR,JPSKI,JPTOK,KRULS,KRINC,JPNAG,JPYOK,KRPYT,KRBUS,JPMIZ,JPMOJ,JPKMA,JPOSK,AUADE,AUGEE"
OFFKCRCKK,"USLSA,CAVCR,USOAK,GTPQL,MXLCS,MXMAN,PECAL,PABAL,ECGYL,USNPN,USSAV,USCHA,USNYK,COBUE,CLTAL,UYULA,BRPEC,BRTUB,BRPDM,BRPAR,BRRDJ,UYMON,BRSTS,BRITA,BRRGR,GBSOU,FRLEH,BEZEE,NLAMS,SIKOP,ITGOA,DEHAM,ESBAR,MTMAL,ESCAR,BEANT,PLGDA,ESGIJ,NLROT,TRMER,ZACPT,TRYAR,GRELE,GRAGT,TRALI,ZARIB,EGPSA,JOAQA,ROCON,EGALE,EGDAM,SAJUB,BHBAH,KEMOM,SADMA,QAUMS,SAJED,SAYAN,KWMAA,AEJAL,AEABU,AERUW,OMSOH,AEFUJ,RUULG,PKQAS,PKKAR,INCHN,INKNP,INMUN,INVIS,THLCB,THKSI,VNHPG,VNCAM,VNSOD,CNHUI,CNPAN,CNTAZ,MY3182,CNLSN,HKHKG,AUGER,CNNTG,CNFAN,CNNBO,CNPYU,CNZOS,CNGUA,CNFUN,CNJIN,CNHUA,CNTAI,CNDCB,CN9862,CNTJN,MYPKE,MYPAG,IDBAH,CNSTO,CNYSN,CNWGQ,CNCJK,CNJIT,CN9873,CNYZH,CNNSA,CNDSN,CNLAZ,CNYTN,CNJIA,CN1087,CNLYG,CNYAN,AUESP,CNCHS,CNMEZ,CNDAL,CNYPG,CNRUG,CNZZU,TWKAO,CNZJG,CNSLH,AUFRE,CNDJK,CNBYQ,CNLKU,MYTBS,CNSDG,MYTPP,CNMWN,CNCGM,CNXIA,CNBHI,TWMAI,CNRIZ,CNSHE,SGSGP,MY2243,CNJIJ,TWTAP,CNZHA,CNQUA,CNZHE,CNDDG,CNWEN,CNQIZ,CNLYW,CNQHD,CNBAO,CNQIN,CNCFD,CNNJG,CNGLA,MYPGG,CNWEI,IDSAM,JPKAW,KRPOH,KRGWA,KRDAN,JPFUK,JPOIT,JPKIS,JPSKI,KRULS,KRINC,JPNAG,JPCBA,JPYOK,KRPYT,KRBUS,JPMIZ,JPKMA,KRYOS,JPOSK,AUGLE,AUMEL,AUNTL,AUADE,AUBRI,AUHAY,RUNJK"
OFFCOCYKK,"BRPDM,XZKMN,SAJUT,QAASN,SARTA,KWMAA,IQMAB,AERUW,OMMAF,AEZUR,AEFUJ,MMMIO,CNHUI,CNLSN,CNNBO,CNZOS,CNJIN,CNTJN,CNYAN,CNMEZ,CNDAL,CNYPG,TWKAO,CNSLH,CNDJK,CNSDG,SGSGP,CNZHA,CNQIZ,CNQIN,CNCFD,KRGWA,JPKII,JPSKI,KRULS,KRINC,JPCBA"
OACKGYKKK,"USSEA,USLSA,CAVCR,USOAK,MXLCS,MXMAN,PECAL,PABAL,USNPN,USSAV,USCHA,USNYK,COBUE,CLSAN,CLTAL,UYULA,BRPEC,BRTUB,BRPDM,ARBNA,BRPAR,BRRDJ,UYMON,BRSTS,BRITA,BRRGR,GBSOU,FRLEH,BEZEE,FRFOS,NLAMS,SIKOP,ITGOA,FRDKK,DEHAM,ESBAR,MTMAL,ESCAR,BEANT,PLGDA,ESGIJ,NLROT,TRMER,ZACPT,TRYAR,GRELE,GRAGT,TRALI,ZARIB,EGPSA,UAODS,JOAQA,ROCON,EGALE,EGDAM,SAJUB,BHBAH,KEMOM,SADMA,QAUMS,SAJED,SAYAN,KWMAA,AEJAL,AEABU,AERUW,OMSOH,AEFUJ,RUULG,PKKAR,INMUN,THLCB,THKSI,VNHPG,VNCAM,VNSOD,CNHUI,CNPAN,MY3182,CNLSN,HKHKG,AUGER,CNFAN,CNNBO,CNZOS,CNGUA,CNFUN,CNJIN,CNHUA,CNTAI,CNTJN,MYPKE,MYPAG,IDBAH,CNSTO,CNYSN,CNWGQ,CNCJK,CNJIT,CNYZH,CNNSA,CNDSN,CNLAZ,CNYTN,CNJIA,CNLYG,CNYAN,AUESP,CNMEZ,IDTBR,CNDAL,CNYPG,CNRUG,CNZZU,CNSWE,TWKAO,CNZJG,CNSLH,CNDJK,CNBYQ,CNLKU,MYTBS,CNSDG,CNMWN,CNCGM,CNXIA,CN2039,TWMAI,CNRIZ,CNSHE,SGSGP,MY2243,TWTAP,CNZHA,CNZHE,CNDDG,CNWEN,CNQIZ,CNLYW,CNQHD,CNBAO,CNQIN,CNCFD,CNGLA,MYPGG,CNWEI,IDSAM,CNMJS,JPKAW,KRPOH,KRGWA,KRDAN,JPFUK,JPOIT,JPKIS,JPSKI,KRULS,KRINC,JPNAG,JPCBA,JPYOK,KRPYT,KRBUS,JPMIZ,JPKMA,KRYOS,AUGLE,AUNTL,AUBRI,AUHAY,RUNJK"
OAOOYNKKK,"USNYK,UYULA,FRLEH,DEHAM,MTMAL,BEANT,ESGIJ,NLROT,TRYAR,GRAGT,EGALE,VNHPG,CNHUI,CNFAN,CNNBO,CNZOS,CNGUA,CNFUN,CNJIN,CNTAI,CNTJN,CNSTO,CNYSN,CNWGQ,CNCJK,CNJIT,CNDSN,CNJIA,CNLYG,CNYAN,CNMEZ,CNDAL,CNYPG,CNRUG,CNZZU,TWKAO,CNZJG,CNDJK,CNBYQ,CNSDG,CNPLI,CNXIA,SGSGP,CNZHA,CNZHE,CNWEN,CNQIZ,CNQIN,CNGLA,KRGWA,KRDAN,KRULS,JPNAG"
OACRYSKKK,"USLSA,CAVCR,USOAK,GTPQL,MXLCS,MXMAN,PECAL,PABAL,ECGYL,USNPN,USSAV,USNYK,COBUE,CLSAN,CLTAL,UYULA,BRPEC,BRTUB,BRPDM,ARBNA,BRPAR,BRRDJ,UYMON,BRIOA,BRSTS,BRITA,BRRGR,GBSOU,FRLEH,BEZEE,NLAMS,SIKOP,ITGOA,DEHAM,ESBAR,MTMAL,ESCAR,BEANT,PLGDA,ESGIJ,NLROT,TRMER,ZACPT,TRYAR,GRELE,GRAGT,TRALI,ZARIB,EGPSA,JOAQA,ROCON,EGALE,EGDAM,SAJUB,BHBAH,KEMOM,SADMA,QAUMS,SAJED,SAYAN,KWMAA,AEJAL,AEABU,AERUW,OMSOH,AEFUJ,RUULG,PKQAS,PKKAR,INCHN,INKNP,INMUN,INVIS,THLCB,THKSI,VNHPG,VNCAM,VNSOD,CNHUI,CNPAN,CNTAZ,MY3182,CNLSN,HKHKG,AUGER,CNFAN,CNNBO,CNPYU,CNZOS,CNGUA,CNFUN,CNJIN,CNHUA,CNTAI,CNDCB,CN9862,CNTJN,MYPKE,MYPAG,IDBAH,CNSTO,CNYSN,CNWGQ,CNCJK,CNJIT,CN9873,CNYZH,CNNSA,CNDSN,CNLAZ,CNYTN,CNJIA,CN1087,CNLYG,CNYAN,AUESP,CNMEZ,CNDAL,CNYPG,CNRUG,CNZZU,CNSWE,TWKAO,CNZJG,CNSLH,AUFRE,CNDJK,CNBYQ,CNLKU,MYTBS,CNSDG,MYTPP,CNMWN,CNCGM,CNXIA,CNBHI,TWMAI,CNRIZ,CNSHE,SGSGP,MY2243,TWTAP,CNZHA,CNQUA,CNZHE,CNDDG,CNWEN,CNQIZ,CNLYW,CNQHD,CNBAO,CNQIN,CNCFD,CNGLA,MYPGG,CNWEI,IDSAM,CNMJS,JPKAW,KRPOH,KRGWA,KRDAN,JPFUK,JPOIT,JPKIS,JPSKI,KRULS,KRINC,JPNAG,JPCBA,JPYOK,KRPYT,KRBUS,JPMIZ,JPKMA,KRYOS,JPOSK,AUGLE,AUMEL,AUNTL,AUADE,AUBRI,AUHAY,RUNJK"
OARAGKKKK,"USLSA,CAVCR,USOAK,MXLCS,MXMAN,PECAL,ECGYL,USNYK,COBUE,UYULA,BRPAR,BRRDJ,UYMON,BRSTS,BRRGR,GBSOU,FRLEH,BEZEE,NLAMS,SIKOP,ITGOA,DEHAM,MTMAL,BEANT,PLGDA,ESGIJ,NLROT,TRYAR,GRAGT,ZARIB,JOAQA,ROCON,EGALE,SAJUB,BHBAH,KEMOM,SADMA,QAUMS,SAJED,SAYAN,KWMAA,AEJAL,AEABU,OMSOH,AEFUJ,PKQAS,PKKAR,INKNP,INMUN,THLCB,THKSI,VNHPG,VNCAM,CNHUI,CNPAN,CNTAZ,MY3182,CNLSN,HKHKG,AUGER,CNNTG,CNFAN,CNNBO,CNPYU,CNZOS,CNGUA,CNFUN,CNJIN,CNHUA,CNTAI,CNDCB,CN9862,CNTJN,MYPKE,MYPAG,IDBAH,CNSTO,CNYSN,CNWGQ,CNCJK,CNJIT,CN9873,CNYZH,CNNSA,CNDSN,CNLAZ,CNYTN,CNJIA,CN1087,CNLYG,CNYAN,AUESP,CNCHS,CNMEZ,CNDAL,CNYPG,CNRUG,CNZZU,TWKAO,CNZJG,CNSLH,AUFRE,CNDJK,CNBYQ,CNLKU,MYTBS,CNSDG,MYTPP,CNMWN,CNCGM,CNXIA,CNBHI,TWMAI,CNRIZ,CNSHE,SGSGP,CNJIJ,TWTAP,CNZHA,CNQUA,CNZHE,CNDDG,CNWEN,CNQIZ,CNQHD,CNBAO,CNQIN,CNCFD,CNNJG,CNGLA,MYPGG,CNWEI,IDSAM,KRPOH,KRGWA,KRDAN,JPFUK,JPOIT,JPKIS,JPSKI,KRULS,KRINC,JPNAG,JPCBA,JPYOK,KRPYT,KRBUS,JPMIZ,JPKMA,KRYOS,JPOSK,AUGLE,AUMEL,AUNTL,AUADE,AUBRI,RUNJK"
OAOFKRKKK,"USLSA,CAVCR,USOAK,MXLCS,MXMAN,PECAL,ECGYL,USNYK,COBUE,CLTAL,UYULA,BRPEC,BRTUB,BRPAR,BRRDJ,UYMON,BRSTS,BRRGR,GBSOU,FRLEH,BEZEE,NLAMS,SIKOP,ITGOA,DEHAM,MTMAL,ESCAR,BEANT,PLGDA,ESGIJ,NLROT,TRYAR,GRAGT,ZARIB,JOAQA,ROCON,EGALE,SAJUB,BHBAH,KEMOM,SADMA,QAUMS,SAJED,SAYAN,KWMAA,AEJAL,AEABU,OMSOH,AEFUJ,PKQAS,PKKAR,INKNP,INMUN,THLCB,THKSI,VNHPG,VNCAM,CNHUI,CNPAN,CNTAZ,CNLSN,HKHKG,AUGER,CNNTG,CNFAN,CNNBO,CNPYU,CNZOS,CNGUA,CNFUN,CNJIN,CNHUA,CNTAI,CNDCB,CNTJN,MYPKE,MYPAG,IDBAH,CNSTO,CNYSN,CNWGQ,CNCJK,CNJIT,CN9873,CNYZH,CNNSA,CNDSN,CNLAZ,CNYTN,CNJIA,CN1087,CNLYG,CNYAN,AUESP,CNCHS,CNMEZ,CNDAL,CNYPG,CNRUG,CNZZU,TWKAO,CNZJG,AUFRE,CNDJK,CNBYQ,CNLKU,CNSDG,MYTPP,CNPLI,CNCGM,CNXIA,CNBHI,TWMAI,CNRIZ,CNSHE,SGSGP,MY2243,CNJIJ,TWTAP,CNZHA,CNQUA,CNZHE,CNDDG,CNWEN,CNCHZ,CNQIZ,CNQHD,CNBAO,CNQIN,CNCFD,CNNJG,CNGLA,CNWEI,IDSAM,JPKAW,KRPOH,KRGWA,KRDAN,JPFUK,JPOIT,JPKIS,JPSKI,KRULS,KRINC,JPNAG,JPCBA,JPYOK,KRPYT,KRBUS,JPMIZ,JPKMA,JPOSK,AUGLE,AUMEL,AUNTL,AUADE,AUBRI"
OARARNKKK,"USLSA,CAVCR,USOAK,GTPQL,MXLCS,MXMAN,PECAL,PABAL,ECGYL,USNPN,USSAV,USNYK,COBUE,CLTAL,UYULA,BRPEC,BRTUB,BRPDM,BRPAR,BRRDJ,UYMON,BRSTS,BRITA,BRRGR,GBSOU,FRLEH,BEZEE,NLAMS,SIKOP,ITGOA,DEHAM,ESBAR,MTMAL,ESCAR,BEANT,PLGDA,ESGIJ,NLROT,TRMER,ZACPT,TRYAR,GRELE,GRAGT,TRALI,ZARIB,EGPSA,JOAQA,ROCON,EGALE,EGDAM,SAJUB,BHBAH,KEMOM,SADMA,QAUMS,SAJED,SAYAN,KWMAA,AEJAL,AEABU,AERUW,OMSOH,AEFUJ,RUULG,PKQAS,PKKAR,INCHN,INKNP,INMUN,INVIS,THLCB,THKSI,VNHPG,VNCAM,VNSOD,CNHUI,CNPAN,CNTAZ,MY3182,CNLSN,HKHKG,AUGER,CNNTG,CNFAN,CNNBO,CNPYU,CNZOS,CNGUA,CNFUN,CNJIN,CNHUA,CNTAI,CNDCB,CN9862,CNTJN,MYPKE,MYPAG,IDBAH,CNSTO,CNYSN,CNWGQ,CNCJK,CNJIT,CN9873,CNYZH,CNNSA,CNDSN,CNLAZ,CNYTN,CNJIA,CN1087,CNLYG,CNYAN,AUESP,CNCHS,CNMEZ,CNDAL,CNYPG,CNRUG,CNZZU,CNSWE,TWKAO,CNZJG,CNSLH,AUFRE,CNDJK,CNBYQ,CNLKU,MYTBS,CNSDG,MYTPP,CNMWN,CNCGM,CNXIA,CNBHI,TWMAI,CNRIZ,CNSHE,SGSGP,MY2243,CNJIJ,TWTAP,CNZHA,CNQUA,CNZHE,CNDDG,CNWEN,CNCHZ,CNQIZ,CNLYW,CNQHD,CNBAO,CNQIN,CNCFD,CNNJG,CNGLA,MYPGG,CNWEI,IDSAM,CNMJS,JPKAW,KRPOH,KRGWA,KRDAN,JPFUK,JPOIT,JPKIS,JPSKI,KRULS,KRINC,JPNAG,JPCBA,JPYOK,KRPYT,KRBUS,JPMIZ,JPKMA,KRYOS,JPOSK,AUGLE,AUMEL,AUNTL,AUADE,AUBRI,AUHAY,RUNJK"
OARAOFKKK,"USSEA,CAPRR,USLSA,CAVCR,USOAK,MXESE,MXLCS,MXMAN,PECAL,PABAL,ECGYL,USSAV,USNYK,COBUE,CLSAN,CLTAL,UYULA,CLLIR,BRTUB,BRPAR,BRRDJ,UYMON,BRIOA,BRSTS,BRIJI,BRITA,BRRGR,GBSOU,FRLEH,BEZEE,SIKOP,ITGOA,DEHAM,MTMAL,ESCAR,BEANT,PLGDA,ESGIJ,NLROT,TRYAR,EGSOK,JOAQA,ROCON,EGALE,SAJUB,SADMA,SAJED,KWMAA,AEJAL,AEABU,OMSOH,AEKHA,AEFUJ,PKQAS,PKKAR,INNSA,INCHN,LKCOL,INKNP,INMUN,INKUP,THLCB,VNHPG,VNCAM,CNHUI,MY3182,CNLSN,HKHKG,CNFAN,CNNBO,CNZOS,CNGUA,CNFUN,CNJIN,CNHUA,CNTAI,CNDCB,CNTJN,MYPKE,CNYSN,CNWGQ,CNCJK,CNJIT,CNYZH,CNNSA,CNDSN,CNYTN,CNJIA,CNLYG,CNYAN,AUESP,CNMEZ,CNDAL,CNYPG,TWKAO,CNZJG,AUFRE,CNDJK,CNBYQ,MYPEN,CNSDG,CNMWN,CNCGM,CNXIA,CNRIZ,CNSHE,SGSGP,TWTAP,CNZHA,CNQUA,CNZHE,CNDDG,CNQIZ,CNQHD,CNBAO,CNQIN,CNCFD,CNGLA,CNWEI,JPKAW,KRPOH,KRGWA,KRDAN,JPFUK,JPOIT,JPKIS,JPSKI,KRULS,KRINC,JPNAG,JPCBA,JPYOK,KRBUS,JPMIZ,JPKMA,KRYOS,JPOSK,AUGLE,AUMEL,AUNTL,AUADE,AUBRI"
OAOFNKKKK,"USLSA,CAVCR,USOAK,MXLCS,MXMAN,PECAL,ECGYL,USNPN,USSAV,USNYK,COBUE,CLTAL,UYULA,BRPEC,BRTUB,BRPAR,BRRDJ,UYMON,BRSTS,BRRGR,GBSOU,FRLEH,BEZEE,NLAMS,SIKOP,ITGOA,DEHAM,ESBAR,MTMAL,ESCAR,BEANT,PLGDA,ESGIJ,NLROT,TRMER,ZACPT,TRYAR,GRELE,GRAGT,TRALI,ZARIB,EGPSA,JOAQA,ROCON,EGALE,SAJUB,BHBAH,KEMOM,SADMA,QAUMS,SAJED,SAYAN,KWMAA,AEJAL,AEABU,AERUW,OMSOH,AEFUJ,RUULG,PKQAS,PKKAR,INKNP,INMUN,INVIS,THLCB,THKSI,VNHPG,VNCAM,CNHUI,CNPAN,CNTAZ,CNLSN,HKHKG,AUGER,CNNTG,CNFAN,CNNBO,CNPYU,CNZOS,CNGUA,CNFUN,CNJIN,CNHUA,CNTAI,CNDCB,CNTJN,MYPKE,MYPAG,IDBAH,CNSTO,CNYSN,CNWGQ,CNCJK,CNJIT,CN9873,CNYZH,CNNSA,CNDSN,CNLAZ,CNYTN,CNJIA,CN1087,CNLYG,CNYAN,AUESP,CNCHS,CNMEZ,CNDAL,CNYPG,CNRUG,CNZZU,TWKAO,CNZJG,CNSLH,AUFRE,CNDJK,CNBYQ,CNLKU,CNSDG,MYTPP,CNCGM,CNXIA,CNBHI,TWMAI,CNRIZ,CNSHE,SGSGP,MY2243,CNJIJ,TWTAP,CNZHA,CNQUA,CNZHE,CNDDG,CNWEN,CNCHZ,CNQIZ,CNLYW,CNQHD,CNBAO,CNQIN,CNCFD,CNNJG,CNGLA,CNWEI,IDSAM,CNMJS,JPKAW,KRPOH,KRGWA,KRDAN,JPFUK,JPOIT,JPKIS,JPSKI,KRULS,KRINC,JPNAG,JPCBA,JPYOK,KRPYT,KRBUS,JPMIZ,JPKMA,JPOSK,AUGLE,AUMEL,AUNTL,AUADE,AUBRI,AUHAY"
OAOFNAKKK,"USLSA,CAVCR,USOAK,MXLCS,MXMAN,PECAL,ECGYL,USNYK,COBUE,UYULA,BRPEC,BRTUB,BRPAR,BRRDJ,UYMON,BRSTS,BRRGR,GBSOU,FRLEH,BEZEE,NLAMS,SIKOP,ITGOA,DEHAM,MTMAL,BEANT,PLGDA,ESGIJ,NLROT,TRYAR,GRAGT,ZARIB,JOAQA,ROCON,EGALE,SAJUB,BHBAH,KEMOM,SADMA,QAUMS,SAJED,SAYAN,KWMAA,AEJAL,AEABU,OMSOH,AEFUJ,PKQAS,PKKAR,INKNP,INMUN,THLCB,VNHPG,VNCAM,CNHUI,CNPAN,CNTAZ,CNLSN,HKHKG,AUGER,CNNTG,CNFAN,CNNBO,CNZOS,CNGUA,CNFUN,CNJIN,CNHUA,CNTAI,CNDCB,CNTJN,MYPKE,MYPAG,IDBAH,CNSTO,CNYSN,CNWGQ,CNCJK,CNJIT,CNYZH,CNNSA,CNDSN,CNLAZ,CNYTN,CNJIA,CNLYG,CNYAN,AUESP,CNCHS,CNMEZ,CNDAL,CNYPG,CNRUG,CNZZU,TWKAO,CNZJG,AUFRE,CNDJK,CNBYQ,CNLKU,CNSDG,CNPLI,CNCGM,CNXIA,CNBHI,TWMAI,CNRIZ,CNSHE,SGSGP,CNJIJ,TWTAP,CNZHA,CNQUA,CNZHE,CNDDG,CNWEN,CNCHZ,CNQIZ,CNQHD,CNBAO,CNQIN,CNCFD,CNNJG,CNGLA,CNWEI,IDSAM,KRPOH,KRGWA,KRDAN,JPFUK,JPOIT,JPKIS,JPSKI,KRULS,KRINC,JPNAG,JPYOK,KRPYT,KRBUS,JPMIZ,JPKMA,JPOSK,AUGLE,AUMEL,AUNTL,AUADE,AUBRI"
OARNCCOSK,"CNHUI,CNCZH,CNFAN,CNYJG,CNGUA,CNHKO,CNSTO,CNSYA,CNYPG,CNBHI,CNZHA,CNHAA,CNDNG"
OAOAGSKKK,"USLSA,CAVCR,USOAK,MXLCS,MXMAN,PECAL,ECGYL,USNPN,USSAV,USNYK,COBUE,CLTAL,UYULA,BRPEC,BRTUB,BRPAR,BRRDJ,UYMON,BRSTS,BRRGR,GBSOU,FRLEH,BEZEE,NLAMS,SIKOP,ITGOA,DEHAM,ESBAR,MTMAL,ESCAR,BEANT,PLGDA,ESGIJ,NLROT,TRMER,ZACPT,TRYAR,GRELE,GRAGT,TRALI,ZARIB,EGPSA,JOAQA,ROCON,EGALE,SAJUB,BHBAH,KEMOM,SADMA,QAUMS,SAJED,SAYAN,KWMAA,AEJAL,AEABU,AERUW,OMSOH,AEFUJ,RUULG,PKQAS,PKKAR,INKNP,INMUN,INVIS,THLCB,THKSI,VNHPG,VNCAM,CNHUI,CNPAN,CNTAZ,CNLSN,HKHKG,AUGER,CNNTG,CNFAN,CNNBO,CNPYU,CNZOS,CNGUA,CNFUN,CNJIN,CNHUA,CNTAI,CNDCB,CNTJN,MYPKE,MYPAG,IDBAH,CNSTO,CNYSN,CNWGQ,CNCJK,CNJIT,CN9873,CNYZH,CNNSA,CNDSN,CNLAZ,CNYTN,CNJIA,CN1087,CNLYG,CNYAN,AUESP,CNCHS,CNMEZ,CNDAL,CNYPG,CNRUG,CNZZU,TWKAO,CNZJG,CNSLH,AUFRE,CNDJK,CNBYQ,CNLKU,CNSDG,MYTPP,CNCGM,CNXIA,CNBHI,TWMAI,CNRIZ,CNSHE,SGSGP,MY2243,CNJIJ,TWTAP,CNZHA,CNQUA,CNZHE,CNDDG,CNWEN,CNCHZ,CNQIZ,CNLYW,CNQHD,CNBAO,CNQIN,CNCFD,CNNJG,CNGLA,CNWEI,IDSAM,CNMJS,JPKAW,KRPOH,KRGWA,KRDAN,JPFUK,JPOIT,JPKIS,JPSKI,KRULS,KRINC,JPNAG,JPCBA,JPYOK,KRPYT,KRBUS,JPMIZ,JPKMA,JPOSK,AUGLE,AUMEL,AUNTL,AUADE,AUBRI,AUHAY"
OARCGARNK,"USLSA,CAVCR,USOAK,MXLCS,MXMAN,PECAL,ECGYL,USNYK,COBUE,CLTAL,UYULA,BRPEC,BRTUB,BRPAR,BRRDJ,UYMON,BRSTS,BRRGR,GBSOU,FRLEH,BEZEE,NLAMS,SIKOP,ITGOA,DEHAM,MTMAL,ESCAR,BEANT,PLGDA,ESGIJ,NLROT,TRYAR,GRAGT,ZARIB,JOAQA,ROCON,EGALE,SAJUB,BHBAH,KEMOM,SADMA,QAUMS,SAJED,SAYAN,KWMAA,AEJAL,AEABU,OMSOH,AEFUJ,PKQAS,PKKAR,INKNP,INMUN,THLCB,THKSI,VNHPG,VNCAM,CNHUI,CNPAN,CNTAZ,CNLSN,HKHKG,AUGER,CNNTG,CNFAN,CNNBO,CNPYU,CNZOS,CNGUA,CNFUN,CNJIN,CNHUA,CNTAI,CNDCB,CNTJN,MYPKE,MYPAG,IDBAH,CNSTO,CNYSN,CNWGQ,CNCJK,CNJIT,CN9873,CNYZH,CNNSA,CNDSN,CNLAZ,CNYTN,CNJIA,CN1087,CNLYG,CNYAN,AUESP,CNCHS,CNMEZ,CNDAL,CNYPG,CNRUG,CNZZU,TWKAO,CNZJG,AUFRE,CNDJK,CNBYQ,CNLKU,CNSDG,MYTPP,CNPLI,CNCGM,CNXIA,CNBHI,TWMAI,CNRIZ,CNSHE,SGSGP,MY2243,CNJIJ,TWTAP,CNZHA,CNQUA,CNZHE,CNDDG,CNWEN,CNCHZ,CNQIZ,CNQHD,CNBAO,CNQIN,CNCFD,CNNJG,CNGLA,CNWEI,IDSAM,JPKAW,KRPOH,KRGWA,KRDAN,JPFUK,JPOIT,JPKIS,JPSKI,KRULS,KRINC,JPNAG,JPCBA,JPYOK,KRPYT,KRBUS,JPMIZ,JPKMA,JPOSK,AUGLE,AUMEL,AUNTL,AUADE,AUBRI"
OAOOOSKKK,"USLSA,CAVCR,USOAK,GTPQL,MXLCS,MXMAN,PECAL,PABAL,ECGYL,USNPN,USSAV,USNYK,COBUE,CLTAL,UYULA,BRPEC,BRTUB,BRPDM,BRPAR,BRRDJ,UYMON,BRSTS,BRITA,BRRGR,GBSOU,FRLEH,BEZEE,NLAMS,SIKOP,ITGOA,DEHAM,ESBAR,MTMAL,ESCAR,BEANT,PLGDA,ESGIJ,NLROT,TRMER,ZACPT,TRYAR,GRELE,GRAGT,TRALI,ZARIB,EGPSA,JOAQA,ROCON,EGALE,EGDAM,SAJUB,BHBAH,KEMOM,SADMA,QAUMS,SAJED,SAYAN,KWMAA,AEJAL,AEABU,AERUW,OMSOH,AEFUJ,RUULG,PKQAS,PKKAR,INCHN,INKNP,INMUN,INVIS,THLCB,THKSI,VNHPG,VNCAM,VNSOD,CNHUI,CNPAN,CNTAZ,MY3182,CNLSN,HKHKG,AUGER,CNNTG,CNFAN,CNNBO,CNPYU,CNZOS,CNGUA,CNFUN,CNJIN,CNHUA,CNTAI,CNDCB,CN9862,CNTJN,MYPKE,MYPAG,IDBAH,CNSTO,CNYSN,CNWGQ,CNCJK,CNJIT,CN9873,CNYZH,CNNSA,CNDSN,CNLAZ,CNYTN,CNJIA,CN1087,CNLYG,CNYAN,AUESP,CNCHS,CNMEZ,CNDAL,CNYPG,CNRUG,CNZZU,TWKAO,CNZJG,CNSLH,AUFRE,CNDJK,CNBYQ,CNLKU,MYTBS,CNSDG,MYTPP,CNMWN,CNCGM,CNXIA,CNBHI,TWMAI,CNRIZ,CNSHE,SGSGP,MY2243,CNJIJ,TWTAP,CNZHA,CNQUA,CNZHE,CNDDG,CNWEN,CNQIZ,CNLYW,CNQHD,CNBAO,CNQIN,CNCFD,CNNJG,CNGLA,MYPGG,CNWEI,IDSAM,JPKAW,KRPOH,KRGWA,KRDAN,JPFUK,JPOIT,JPKIS,JPSKI,KRULS,KRINC,JPNAG,JPCBA,JPYOK,KRPYT,KRBUS,JPMIZ,JPKMA,KRYOS,JPOSK,AUGLE,AUMEL,AUNTL,AUADE,AUBRI,AUHAY,RUNJK"
OAOKACKKK,"USLSA,CAVCR,USOAK,GTPQL,MXLCS,MXMAN,PECAL,PABAL,ECGYL,USNPN,USSAV,USNYK,COBUE,CLSAN,CLTAL,UYULA,BRPEC,BRTUB,BRPDM,ARBNA,BRPAR,BRRDJ,UYMON,BRIOA,BRSTS,BRITA,BRRGR,GBSOU,FRLEH,BEZEE,NLAMS,SIKOP,ITGOA,DEHAM,ESBAR,MTMAL,ESCAR,BEANT,PLGDA,ESGIJ,NLROT,TRMER,ZACPT,TRYAR,GRELE,GRAGT,TRALI,ZARIB,EGPSA,JOAQA,ROCON,EGALE,EGDAM,SAJUB,BHBAH,KEMOM,SADMA,QAUMS,SAJED,SAYAN,KWMAA,AEJAL,AEABU,AERUW,OMSOH,AEFUJ,RUULG,PKQAS,PKKAR,INCHN,INKNP,INMUN,INVIS,THLCB,THKSI,VNHPG,VNCAM,VNSOD,CNHUI,CNPAN,CNTAZ,MY3182,CNLSN,HKHKG,AUGER,CNFAN,CNNBO,CNPYU,CNZOS,CNGUA,CNFUN,CNJIN,CNHUA,CNTAI,CNDCB,CN9862,CNTJN,MYPKE,MYPAG,IDBAH,CNSTO,CNYSN,CNWGQ,CNCJK,CNJIT,CN9873,CNYZH,CNNSA,CNDSN,CNLAZ,CNYTN,CNJIA,CN1087,CNLYG,CNYAN,AUESP,CNMEZ,CNDAL,CNYPG,CNRUG,CNZZU,CNSWE,TWKAO,CNZJG,CNSLH,AUFRE,CNDJK,CNBYQ,CNLKU,MYTBS,CNSDG,MYTPP,CNMWN,CNCGM,CNXIA,CNBHI,TWMAI,CNRIZ,CNSHE,SGSGP,MY2243,TWTAP,CNZHA,CNQUA,CNZHE,CNDDG,CNWEN,CNQIZ,CNLYW,CNQHD,CNBAO,CNQIN,CNCFD,CNGLA,MYPGG,CNWEI,IDSAM,CNMJS,JPKAW,KRPOH,KRGWA,KRDAN,JPFUK,JPOIT,JPKIS,JPSKI,KRULS,KRINC,JPNAG,JPCBA,JPYOK,KRPYT,KRBUS,JPMIZ,JPKMA,KRYOS,JPOSK,AUGLE,AUMEL,AUNTL,AUADE,AUBRI,AUHAY,RUNJK"
OAOAFYKKK,"USLSA,CAVCR,USOAK,GTPQL,MXLCS,MXMAN,PECAL,PABAL,ECGYL,USNPN,USSAV,USNYK,COBUE,CLTAL,UYULA,BRPEC,BRTUB,BRPDM,BRPAR,BRRDJ,UYMON,BRSTS,BRITA,BRRGR,GBSOU,FRLEH,BEZEE,NLAMS,SIKOP,ITGOA,DEHAM,ESBAR,MTMAL,ESCAR,BEANT,PLGDA,ESGIJ,NLROT,TRMER,ZACPT,TRYAR,GRELE,GRAGT,TRALI,ZARIB,EGPSA,JOAQA,ROCON,EGALE,EGDAM,SAJUB,BHBAH,KEMOM,SADMA,QAUMS,SAJED,SAYAN,KWMAA,AEJAL,AEABU,AERUW,OMSOH,AEFUJ,RUULG,PKQAS,PKKAR,INCHN,INKNP,INMUN,INVIS,THLCB,THKSI,VNHPG,VNCAM,VNSOD,CNHUI,CNPAN,CNTAZ,MY3182,CNLSN,HKHKG,AUGER,CNNTG,CNFAN,CNNBO,CNPYU,CNZOS,CNGUA,CNFUN,CNJIN,CNHUA,CNTAI,CNDCB,CN9862,CNTJN,MYPKE,MYPAG,IDBAH,CNSTO,CNYSN,CNWGQ,CNCJK,CNJIT,CN9873,CNYZH,CNNSA,CNDSN,CNLAZ,CNYTN,CNJIA,CN1087,CNLYG,CNYAN,AUESP,CNCHS,CNMEZ,CNDAL,CNYPG,CNRUG,CNZZU,TWKAO,CNZJG,CNSLH,AUFRE,CNDJK,CNBYQ,CNLKU,MYTBS,CNSDG,MYTPP,CNMWN,CNCGM,CNXIA,CNBHI,TWMAI,CNRIZ,CNSHE,SGSGP,MY2243,CNJIJ,TWTAP,CNZHA,CNQUA,CNZHE,CNDDG,CNWEN,CNCHZ,CNQIZ,CNLYW,CNQHD,CNBAO,CNQIN,CNCFD,CNNJG,CNGLA,MYPGG,CNWEI,IDSAM,JPKAW,KRPOH,KRGWA,KRDAN,JPFUK,JPOIT,JPKIS,JPSKI,KRULS,KRINC,JPNAG,JPCBA,JPYOK,KRPYT,KRBUS,JPMIZ,JPKMA,KRYOS,JPOSK,AUGLE,AUMEL,AUNTL,AUADE,AUBRI,AUHAY,RUNJK"
OFFRKAOKK,"USSEA,USLSA,CAVCR,USOAK,MXLCS,MXMAN,PECAL,PABAL,USNPN,USSAV,USCHA,CAPCA,USNYK,COBUE,CLSAN,CLTAL,UYULA,BRPEC,BRTUB,BRPDM,ARBNA,BRPAR,BRRDJ,UYMON,BRSTS,BRITA,BRRGR,GBSOU,FRLEH,BEZEE,FRFOS,NLAMS,SIKOP,ITGOA,FRDKK,DEHAM,ESBAR,MTMAL,ESCAR,BEANT,PLGDA,ESGIJ,NLROT,TRMER,ZACPT,TRYAR,GRELE,GRAGT,TRALI,ZARIB,EGPSA,UAODS,JOAQA,ROCON,EGALE,EGDAM,SAJUB,BHBAH,KEMOM,SADMA,QAUMS,SAJED,SAYAN,KWMAA,AEJAL,AEABU,AERUW,OMSOH,AEFUJ,RUULG,PKKAR,INMUN,THLCB,THKSI,VNHPG,VNCAM,VNSOD,CNHUI,CNPAN,MY3182,CNLSN,HKHKG,AUGER,CNFAN,CNNBO,CNZOS,CNGUA,CNFUN,CNJIN,CNHUA,CNTAI,CNTJN,MYPKE,MYPAG,IDBAH,CNSTO,CNYSN,CNWGQ,CNCJK,CNJIT,CNYZH,CNNSA,CNDSN,CNLAZ,CNYTN,CNJIA,CNLYG,CNYAN,AUESP,CNMEZ,IDTBR,CNDAL,CNYPG,CNRUG,CNZZU,CNSWE,TWKAO,CNZJG,CNSLH,CNDJK,CNBYQ,CNLKU,MYTBS,CNSDG,CNMWN,CNCGM,CNXIA,CN2039,TWMAI,CNRIZ,CNSHE,SGSGP,MY2243,TWTAP,CNZHA,CNZHE,CNDDG,CNWEN,CNQIZ,CNLYW,CNBAO,CNQIN,CNCFD,CNGLA,MYPGG,IDSAM,CNMJS,JPKAW,KRPOH,KRGWA,KRDAN,JPFUK,JPOIT,JPKIS,JPSKI,KRULS,KRINC,JPNAG,JPCBA,JPYOK,KRPYT,KRBUS,JPMIZ,JPKMA,KRYOS,AUGLE,AUNTL,AUBRI,AUHAY,RUNJK"
OARRRKKKK,"USLSA,CAVCR,USOAK,MXLCS,MXMAN,PECAL,ECGYL,USSAV,USNYK,COBUE,CLTAL,UYULA,BRPEC,BRTUB,BRPAR,BRRDJ,UYMON,BRSTS,BRRGR,GBSOU,FRLEH,BEZEE,NLAMS,SIKOP,ITGOA,DEHAM,MTMAL,ESCAR,BEANT,PLGDA,ESGIJ,NLROT,ZACPT,TRYAR,GRAGT,TRALI,ZARIB,EGPSA,JOAQA,ROCON,EGALE,SAJUB,BHBAH,KEMOM,SADMA,QAUMS,SAJED,SAYAN,KWMAA,AEJAL,AEABU,AERUW,OMSOH,AEFUJ,PKQAS,PKKAR,INKNP,INMUN,THLCB,THKSI,VNHPG,VNCAM,CNHUI,CNPAN,CNTAZ,CNLSN,HKHKG,AUGER,CNNTG,CNFAN,CNNBO,CNPYU,CNZOS,CNGUA,CNFUN,CNJIN,CNHUA,CNTAI,CNDCB,CNTJN,MYPKE,MYPAG,IDBAH,CNSTO,CNYSN,CNWGQ,CNCJK,CNJIT,CN9873,CNYZH,CNNSA,CNDSN,CNLAZ,CNYTN,CNJIA,CN1087,CNLYG,CNYAN,AUESP,CNCHS,CNMEZ,CNDAL,CNYPG,CNRUG,CNZZU,TWKAO,CNZJG,CNSLH,AUFRE,CNDJK,CNBYQ,CNLKU,CNSDG,MYTPP,CNPLI,CNCGM,CNXIA,CNBHI,TWMAI,CNRIZ,CNSHE,SGSGP,MY2243,CNJIJ,TWTAP,CNZHA,CNQUA,CNZHE,CNDDG,CNWEN,CNCHZ,CNQIZ,CNLYW,CNQHD,CNBAO,CNQIN,CNCFD,CNNJG,CNGLA,CNWEI,IDSAM,JPKAW,KRPOH,KRGWA,KRDAN,JPFUK,JPOIT,JPKIS,JPSKI,KRULS,KRINC,JPNAG,JPCBA,JPYOK,KRPYT,KRBUS,JPMIZ,JPKMA,JPOSK,AUGLE,AUMEL,AUNTL,AUADE,AUBRI"
OARFGRKKK,"USSEA,CAPRR,USLSA,CAVCR,USOAK,MXESE,MXLCS,MXMAN,PECAL,PABAL,USSAV,USNYK,COBUE,CLSAN,CLTAL,UYULA,CLLIR,BRPDM,ARBNA,BRPAR,BRRDJ,UYMON,BRSTS,BRIJI,BRRGR,FRLEH,BEZEE,SIKOP,ITGOA,DEHAM,ESBAR,MTMAL,BEANT,PLGDA,NLROT,TRMER,TRYAR,EGSOK,TRALI,EGPSA,JOAQA,ROCON,EGALE,EGDAM,SAJUB,SADMA,SAJED,KWMAA,AEJAL,AEABU,AERUW,OMSOH,AEKHA,AEFUJ,PKKAR,INNSA,LKCOL,INMUN,THLCB,VNHPG,VNCAM,CNHUI,MY3182,CNLSN,HKHKG,CNFAN,CNNBO,CNZOS,CNGUA,CNFUN,CNJIN,CNHUA,CNTAI,CNDCB,CNTJN,MYPKE,CNYSN,CNWGQ,CNCJK,CNJIT,CNNSA,CNYTN,CNJIA,CNLYG,CNYAN,AUESP,CNMEZ,CNDAL,CNYPG,TWKAO,CNZJG,CNSLH,CNDJK,CNBYQ,CNSDG,CNMWN,CNCGM,CNXIA,CNRIZ,CNSHE,SGSGP,TWTAP,CNZHA,CNQUA,CNZHE,CNDDG,CNQIZ,CNLYW,CNQHD,CNBAO,CNQIN,CNCFD,CNGLA,CNMJS,JPKAW,KRPOH,KRGWA,JPFUK,JPOIT,JPKIS,JPSKI,KRULS,KRINC,JPNAG,JPCBA,JPYOK,KRBUS,JPMIZ,JPKMA,KRYOS,AUGLE,AUNTL,AUHAY"
OARCFGKFK,"CNCJN,CNHUI,CNCZH,CNNTG,CNFAN,CNYJG,CNNBO,CNZOS,CNGUA,CNHKO,CNDYI,CNSTO,CNCJK,CNDSN,CNTAX,CNFUZ,CNJIA,CNLYG,CNWEF,CNCHS,CNMEZ,CNDAL,CNYPG,TWKAO,CNBAS,CNYIZ,CNSDG,CNBHI,CNJIJ,CNZHA,CNQUA,CNZHE,CNWEN,CNCHZ,CNNJG,CNDNG,KRDAN,KRULS"
OARCYOSNK,"USLSA,CAVCR,USOAK,GTSTC,USBEA,USBTR,MXLCS,USLUA,MXMAN,PECAL,ECGYL,USNYK,COBAR,COBUE,UYULA,BRVIT,BRRDJ,UYMON,BRSTS,BRRGR,GBBEL,PTLXS,MACAS,GBSOU,GHTEM,GNCON,IEDUB,CIABI,FRLEH,BEZEE,NLAMS,SIKOP,ITGOA,NLVSG,ESHUE,ITTAR,ESTAR,DZDJE,DEHAM,ITRAV,FRROU,MTMAL,BEANT,PLGDA,ESSAN,ESGIJ,NLROT,ESSAG,ESBIL,TRGEB,LVRIX,TRYAR,ZADUR,GRAGT,TRLMA,TRDER,ZARIB,JOAQA,LTKLJ,FIKOT,ROCON,ZAPLZ,UACHO,EGALE,SAJUB,BHBAH,KEMOM,TZDRS,SADMA,QAUMS,SAJED,SAYAN,KWMAA,AEJAL,AEABU,AERAK,RUSPG,OMSOH,AEFUJ,PKQAS,PKKAR,INKAN,INKNP,INMUN,THLCB,VNPHU,VNNGH,IDJAK,VNHCM,VNHPG,VNCAM,VNQUN,IDSUR,CNHUM,CNCJN,CNHUI,CNCZH,CNPAN,CNSHD,CNLSN,HKHKG,AUGER,CNNTG,CNFAN,CNDAF,CNYJG,CNNBO,CNPYU,CNZOS,CNGUA,CNFUN,CNJIN,CNHKO,CNHPU,CNDYI,CNHUA,CNTAI,CNDCB,CNTJN,MYKUA,MYPKE,MYPAG,IDBAH,CNSTO,CNYSN,CNWGQ,CNCJK,CNJIT,CN9873,CNYZH,CNNSA,CNDSN,CNTAX,CNLAZ,CNFUZ,CNYTN,CNJIA,CN1087,TWHLN,CNLYG,CNYAN,TWKEE,AUESP,CNCHS,CNMEZ,CNDAL,CNYPG,CNRUG,CNZZU,TWKAO,CNZJG,AUFRE,CNBAS,CNSIZ,CNDJK,CNBYQ,CNLKU,CNSDG,CNPLI,CNCGM,CNXIA,CNBHI,TWMAI,CNRIZ,CNSHE,SGSGP,TWTCH,CNJIJ,CNZHA,CNZPU,CNQUA,CNZHE,CNDDG,CNWEN,CNCHZ,CNQIZ,CNQHD,CNBAO,CNQIN,CNLVS,CNCFD,CNNJG,CNGLA,CNDNG,CNWEI,IDSAM,CNNDE,KRPOH,KRKUN,KRGWA,JPHIB,KRDAN,JPFUK,JPOIT,JPKIS,JPSKI,JPTOK,KRULS,KRINC,JPNAG,JPYOK,KRPYT,KRBUS,JPMIZ,JPKMA,JPOSK,AUGLE,AUMEL,AUNTL,AUPKE,AUADE,AUBRI,AUBNE,NZAKL,NZTAU,NZNAP"
OARAOKKKK,"USLSA,CAVCR,USOAK,GTPQL,MXLCS,MXMAN,PECAL,PABAL,ECGYL,USNPN,USSAV,USNYK,COBUE,CLTAL,UYULA,BRPEC,BRTUB,BRPDM,BRPAR,BRRDJ,UYMON,BRSTS,BRITA,BRRGR,GBSOU,FRLEH,BEZEE,NLAMS,SIKOP,ITGOA,DEHAM,ESBAR,MTMAL,ESCAR,BEANT,PLGDA,ESGIJ,NLROT,TRMER,ZACPT,TRYAR,GRELE,GRAGT,TRALI,ZARIB,EGPSA,JOAQA,ROCON,EGALE,EGDAM,SAJUB,BHBAH,KEMOM,SADMA,QAUMS,SAJED,SAYAN,KWMAA,AEJAL,AEABU,AERUW,OMSOH,AEFUJ,RUULG,PKQAS,PKKAR,INCHN,INKNP,INMUN,INVIS,THLCB,THKSI,VNHPG,VNCAM,VNSOD,CNHUI,CNPAN,CNTAZ,MY3182,CNLSN,HKHKG,AUGER,CNNTG,CNFAN,CNNBO,CNPYU,CNZOS,CNGUA,CNFUN,CNJIN,CNHUA,CNTAI,CNDCB,CN9862,CNTJN,MYPKE,MYPAG,IDBAH,CNSTO,CNYSN,CNWGQ,CNCJK,CNJIT,CN9873,CNYZH,CNNSA,CNDSN,CNLAZ,CNYTN,CNJIA,CN1087,CNLYG,CNYAN,AUESP,CNCHS,CNMEZ,CNDAL,CNYPG,CNRUG,CNZZU,CNSWE,TWKAO,CNZJG,CNSLH,AUFRE,CNDJK,CNBYQ,CNLKU,MYTBS,CNSDG,MYTPP,CNMWN,CNCGM,CNXIA,CNBHI,TWMAI,CNRIZ,CNSHE,SGSGP,MY2243,CNJIJ,TWTAP,CNZHA,CNQUA,CNZHE,CNDDG,CNWEN,CNCHZ,CNQIZ,CNLYW,CNQHD,CNBAO,CNQIN,CNCFD,CNNJG,CNGLA,MYPGG,CNWEI,IDSAM,CNMJS,JPKAW,KRPOH,KRGWA,KRDAN,JPFUK,JPOIT,JPKIS,JPSKI,KRULS,KRINC,JPNAG,JPCBA,JPYOK,KRPYT,KRBUS,JPMIZ,JPKMA,KRYOS,JPOSK,AUGLE,AUMEL,AUNTL,AUADE,AUBRI,AUHAY,RUNJK"
OAOFOAKKK,"USSEA,USLSA,CAVCR,USOAK,MXMAN,PECAL,PABAL,USSAV,USCHA,USNYK,COBUE,CLSAN,UYULA,BRTUB,BRPDM,ARBNA,BRPAR,BRRDJ,UYMON,BRSTS,BRITA,BRRGR,GBSOU,FRLEH,BEZEE,FRFOS,SIKOP,ITGOA,DEHAM,ESBAR,MTMAL,ESCAR,BEANT,PLGDA,ESGIJ,NLROT,TRMER,TRYAR,TRALI,EGPSA,UAODS,JOAQA,ROCON,EGALE,EGDAM,SAJUB,SADMA,SAJED,SARTA,QARAS,KWMAA,IQMAB,AEJAL,AEABU,AERUW,OMSOH,AEFUJ,PKKAR,INMUN,THLCB,VNHPG,VNCAM,CNHUI,CNPAN,MY3182,CNLSN,HKHKG,CNFAN,CNNBO,CNZOS,CNGUA,CNFUN,CNJIN,AUCPN,CNHUA,CNTAI,CNTJN,MYPKE,MYPAG,CNYSN,CNWGQ,CNCJK,CNJIT,CNYZH,CNNSA,CNDSN,CNYTN,CNJIA,CNLYG,CNYAN,AUESP,CNMEZ,CNDAL,CNYPG,CN8965,TWKAO,CNZJG,CNSLH,CNDJK,CNBYQ,CNLKU,CNSDG,CNMWN,CNCGM,AUPHE,CNXIA,CNRIZ,CNSHE,SGSGP,MY2243,TWTAP,CNZHA,CNZHE,CNDDG,CNQIZ,CNLYW,CNBAO,CNQIN,CNCFD,CNGLA,CNMJS,JPKAW,KRPOH,KRGWA,KRDAN,JPFUK,JPOIT,JPKIS,JPSKI,KRULS,KRINC,JPNAG,JPCBA,JPYOK,KRPYT,KRBUS,JPMIZ,JPKMA,KRYOS,AUGLE,AUAPT,AUNTL,AUBRI,AUHAY"
OFFCGYOKK,"BEZEE,DEHAM,BEANT,PLGDA,NLROT,GRPIR,SADMA,AEJAL,AEKHA,CNNBO,CNZOS,CNTJN,MYPKE,CNYSN,CNNSA,CNYTN,CNLYG,CNDAL,CNXIA,SGSGP,CNQIN,KRGWA"
NGRAFFRKK,"USLUA,USNYK,UYULA,CLMEJ,BRSTS,GBBEL,PTLXS,IEDUB,FRLEH,ESHUE,ITTAR,ESTAR,DZDJE,DEHAM,FRROU,MTMAL,BEANT,ESGIJ,NLROT,TRGEB,TRYAR,ZADUR,GRAGT,TRDER,JOAQA,LTKLJ,ROCON,EGALE,SADMA,SAJED,SAYAN,AEJAL,AEABU,RUSPG,PKQAS,INKAK,THLCB,IDCXP,IDJAK,VNHCM,VNHPG,VNQUN,THRAY,CNHUM,CNCJN,CNHUI,CNCZH,HKHKG,CNNTG,CNFAN,CNYJG,CNNBO,CNZOS,CNGUA,CNFUN,CNJIN,CNHKO,CNHPU,CNDYI,CNTAI,CNTJN,MYPKE,MYPAG,CNSTO,CNYSN,CNWGQ,CNCJK,CNJIT,CNYZH,CNSHA,CNNSA,CNDSN,CNTAX,CNFUZ,CNJIA,TWHLN,CNLYG,CNYAN,CNWEF,CNCHS,CNMEZ,CNDAL,CNYPG,CNRUG,CNZZU,TWKAO,CNZJG,AUFRE,CNBAS,CNDJK,CNBYQ,CNYIZ,CNSHS,CNSDG,CNCGM,CNXIA,CNBHI,PHBAT,TWMAI,CNRIZ,SGSGP,TWTCH,CNJIJ,CNZHA,CNZPU,CNQUA,CNZHE,CNWEN,CNCHZ,CNQIZ,CNQHD,CNBAO,CNQIN,CNLVS,CNCFD,CNNJG,CNGLA,CNDNG,CNWEI,CNNDE,KRPOH,KRGWA,KRDAN,JPFUK,JPKIS,JPHHR,JPSKI,JPTOK,KRULS,KRINC,JPNAG,JPYOK,KRPYT,KRBUS,JPMIZ,JPMOJ,JPKMA,JPOSK,AUMEL,AUNTL,AUPKE,AUWHY,AUADE,AUPLD,AUGEE,NZNAP"
OACKGSKKK,"USSEA,USLSA,CAVCR,USOAK,MXLCS,MXMAN,PECAL,PABAL,USNPN,USSAV,USCHA,USNYK,COBUE,CLSAN,CLTAL,UYULA,BRPEC,BRTUB,BRPDM,ARBNA,BRPAR,BRRDJ,UYMON,BRSTS,BRITA,BRRGR,GBSOU,FRLEH,BEZEE,FRFOS,NLAMS,SIKOP,ITGOA,FRDKK,DEHAM,ESBAR,MTMAL,ESCAR,BEANT,PLGDA,ESGIJ,NLROT,TRMER,ZACPT,TRYAR,GRELE,GRAGT,TRALI,ZARIB,EGPSA,UAODS,JOAQA,ROCON,EGALE,EGDAM,SAJUB,BHBAH,KEMOM,SADMA,QAUMS,SAJED,SAYAN,KWMAA,AEJAL,AEABU,AERUW,OMSOH,AEFUJ,RUULG,PKKAR,INMUN,THLCB,THKSI,VNHPG,VNCAM,VNSOD,CNHUI,CNPAN,MY3182,CNLSN,HKHKG,AUGER,CNFAN,CNNBO,CNZOS,CNGUA,CNFUN,CNJIN,CNHUA,CNTAI,CNTJN,MYPKE,MYPAG,IDBAH,CNSTO,CNYSN,CNWGQ,CNCJK,CNJIT,CNYZH,CNNSA,CNDSN,CNLAZ,CNYTN,CNJIA,CNLYG,CNYAN,AUESP,CNMEZ,IDTBR,CNDAL,CNYPG,CNRUG,CNZZU,CNSWE,TWKAO,CNZJG,CNSLH,CNDJK,CNBYQ,CNLKU,MYTBS,CNSDG,CNMWN,CNCGM,CNXIA,CN2039,TWMAI,CNRIZ,CNSHE,SGSGP,MY2243,TWTAP,CNZHA,CNZHE,CNDDG,CNWEN,CNQIZ,CNLYW,CNQHD,CNBAO,CNQIN,CNCFD,CNGLA,MYPGG,CNWEI,IDSAM,CNMJS,JPKAW,KRPOH,KRGWA,KRDAN,JPFUK,JPOIT,JPKIS,JPSKI,KRULS,KRINC,JPNAG,JPCBA,JPYOK,KRPYT,KRBUS,JPMIZ,JPKMA,KRYOS,AUGLE,AUNTL,AUBRI,AUHAY,RUNJK"
OFFSRGAKK,"USSEA,USLGB,CAPRR,USLSA,CAVCR,USOAK,MXESE,CANWE,MXMAN,PECAL,PABAL,USSAV,USCHA,USNYK,COBUE,CLSAN,CLLIR,BRPDM,GBLGP,MATAN,FRLEH,BEZEE,FRFOS,SIKOP,ITGOA,DEHAM,ESBAR,MTMAL,BEANT,PLGDA,ESVAL,NLROT,TRMER,TRISK,TRYAR,EGSOK,TRALI,TRIST,GRPIR,EGPSA,JOAQA,EGDAM,SAJUB,SADMA,QAHMD,SAJED,SARTA,KWMAA,IQMAB,AEJAL,AERUW,OMSOH,AEKHA,AEFUJ,PKKAR,INNSA,LKCOL,INMUN,VNCMP,THLCB,VNHPG,CNHUI,MY3182,CNLSN,HKHKG,CNNBO,CNZOS,CNFUN,CNJIN,CNTJN,MYPKE,CNYSN,CNWGQ,CNCJK,CNJIT,CNNSA,CNYTN,CNLYG,CNYAN,CNMEZ,CNDAL,CNYPG,TWKAO,CNSLH,CNDJK,CNSDG,CNMWN,CNXIA,CNRIZ,CNSHE,SGSGP,TWTAP,CNZHA,CNQIZ,CNQIN,CNCFD,CNMJS,KRGWA,JPSKI,KRULS,KRINC,JPCBA,KRBUS,KRYOS"
OFFRSFOKK,"USLUA,PECAL,USNYK,ECPBO,UYULA,CLMEJ,GBBEL,PTLXS,GNCON,IEDUB,FRLEH,BEZEE,ESHUE,ITTAR,ESTAR,DZDJE,DEHAM,FRROU,MTMAL,BEANT,PLGDA,ESGIJ,NLROT,ESBIL,TRGEB,TRYAR,ZADUR,GRAGT,LTKLJ,FIKOT,EGALE,KEMOM,TZDRS,AEJAL,OMSOH,PKQAS,PKKAR,INKAN,THLCB,IDCXP,IDJAK,VNHCM,VNHPG,VNQUN,THRAY,CNHUM,CNCJN,CNHUI,CNCZH,CNLSN,HKHKG,AUGER,CNNTG,CNFAN,CNDAF,CNYJG,CNNBO,CNZOS,CNGUA,CNFUN,CNJIN,CNHKO,CNHPU,CNDYI,CNTAI,CNTJN,MYPKE,MYPAG,CNSTO,CNYSN,CNWGQ,CNCJK,CNJIT,CNYZH,CNSHA,CNDSN,CNTAX,CNFUZ,CNJIA,TWHLN,CNLYG,CNYAN,CNWEF,CNCHS,CNMEZ,CNDAL,CNYPG,CNRUG,CNZZU,TWKAO,CNZJG,AUFRE,CNBAS,CNDJK,CNBYQ,CNYIZ,CNSHS,CNSDG,AUBUN,CNPLI,CNCGM,CNXIA,CNBHI,PHBAT,TWMAI,CNRIZ,SGSGP,TWTCH,CNJIJ,CNZHA,CNZPU,CNQUA,CNZHE,CNWEN,CNCHZ,CNQIZ,CNQHD,CNBAO,CNQIN,CNCFD,CNNJG,CNGLA,CNDNG,CNWEI,CNNDE,KRPOH,KRGWA,KRDAN,JPFUK,JPOIT,JPKIS,JPSKI,JPTOK,KRULS,KRINC,JPNAG,JPYOK,KRPYT,KRBUS,JPMIZ,JPMOJ,JPOSK,AUGLE,AUMEL,AUNTL,AUPKE,AUADE,AUGEE"
OFFASNNKK,"USLSA,CAVCR,USOAK,MXLCS,MXMAN,PECAL,ECGYL,USNYK,COBUE,UYULA,BRPAR,BRRDJ,UYMON,BRSTS,BRRGR,GBSOU,FRLEH,BEZEE,NLAMS,SIKOP,ITGOA,DEHAM,MTMAL,BEANT,PLGDA,ESGIJ,NLROT,TRYAR,GRAGT,ZARIB,JOAQA,ROCON,EGALE,SAJUB,BHBAH,KEMOM,SADMA,QAUMS,SAJED,SAYAN,KWMAA,AEJAL,AEABU,OMSOH,AEFUJ,PKQAS,PKKAR,INKNP,INMUN,THLCB,THKSI,VNHPG,VNCAM,CNHUI,CNPAN,CNTAZ,MY3182,CNLSN,HKHKG,AUGER,CNNTG,CNFAN,CNNBO,CNPYU,CNZOS,CNGUA,CNFUN,CNJIN,CNHUA,CNTAI,CNDCB,CNTJN,MYPKE,MYPAG,IDBAH,CNSTO,CNYSN,CNWGQ,CNCJK,CNJIT,CN9873,CNYZH,CNNSA,CNDSN,CNLAZ,CNYTN,CNJIA,CN1087,CNLYG,CNYAN,AUESP,CNCHS,CNMEZ,CNDAL,CNYPG,CNRUG,CNZZU,TWKAO,CNZJG,AUFRE,CNDJK,CNBYQ,CNLKU,CNSDG,MYTPP,CNCGM,CNXIA,CNBHI,TWMAI,CNRIZ,CNSHE,SGSGP,CNJIJ,TWTAP,CNZHA,CNQUA,CNZHE,CNDDG,CNWEN,CNQIZ,CNQHD,CNBAO,CNQIN,CNCFD,CNNJG,CNGLA,MYPGG,CNWEI,IDSAM,KRPOH,KRGWA,KRDAN,JPFUK,JPOIT,JPKIS,JPSKI,KRULS,KRINC,JPNAG,JPCBA,JPYOK,KRPYT,KRBUS,JPMIZ,JPKMA,JPOSK,AUGLE,AUMEL,AUNTL,AUADE,AUBRI"
OAOFSYKKK,"USLSA,CAVCR,USOAK,GTPQL,MXLCS,MXMAN,PECAL,PABAL,ECGYL,USSAV,USCHA,USNYK,COBUE,CLSAN,CLTAL,UYULA,BRTUB,BRPDM,ARBNA,BRPAR,BRRDJ,UYMON,BRIOA,BRSTS,BRITA,BRRGR,GBSOU,FRLEH,BEZEE,NLAMS,SIKOP,ITGOA,DEHAM,ESBAR,MTMAL,ESCAR,BEANT,PLGDA,ESGIJ,NLROT,TRMER,ZACPT,TRYAR,GRELE,GRAGT,TRALI,EGPSA,UAODS,JOAQA,ROCON,EGALE,EGDAM,SAJUB,BHBAH,KEMOM,SADMA,QAUMS,SAJED,SAYAN,KWMAA,AEJAL,AEABU,AERUW,OMSOH,AEFUJ,RUULG,PKQAS,PKKAR,INCHN,INKNP,INMUN,INVIS,THLCB,THKSI,VNHPG,VNCAM,CN9014,CNHUI,CNPAN,MY3182,CNLSN,HKHKG,CNFAN,CNNBO,CNPYU,CNZOS,CNGUA,CNFUN,CNJIN,CNHUA,CNTAI,CNDCB,CN9862,CNTJN,MYPKE,MYPAG,CNYSN,CNWGQ,CNCJK,CNJIT,CN9873,CNYZH,CNNSA,CNDSN,CNLAZ,CNYTN,CNJIA,CN1087,CNLYG,CNYAN,AUESP,CNMEZ,CNDAL,CNYPG,TWKAO,CNZJG,CNSLH,AUFRE,CNDJK,CNBYQ,CNLKU,MYTBS,CNSDG,MYTPP,CNMWN,CNCGM,CNXIA,TWMAI,CNRIZ,CNSHE,SGSGP,MY2243,TWTAP,CNZHA,CNQUA,CNZHE,CNDDG,CNQIZ,CNLYW,CNQHD,CNBAO,CNQIN,CNCFD,CNGLA,MYPGG,CNWEI,CNMJS,JPKAW,KRPOH,KRGWA,KRDAN,JPFUK,JPOIT,JPKIS,JPSKI,KRULS,KRINC,JPNAG,JPCBA,JPYOK,KRPYT,KRBUS,JPMIZ,JPKMA,KRYOS,JPOSK,AUGLE,AUMEL,AUNTL,AUADE,AUBRI,AUHAY,RUNJK"
OFFOCOYKK,"CAPRR,CANWE,BRPDM,GNBFF,DEHAM,SARTA,KWMAA,IQMAB,AERUW,OMSOH,AEFUJ,CNHUI,MY3182,CNLSN,CNFAN,CNNBO,CNZOS,CNJIN,CNHUA,CNTAI,CNTJN,CNJIT,MY3173,CNJIA,CNLYG,CNYAN,CNMEZ,CNDAL,CNYPG,TWKAO,CNSLH,CNDJK,CNBYQ,CNSDG,AUPHE,CNRIZ,SGSGP,AUPWA,CNZHA,CNDDG,CNQIZ,CNLYW,CNQIN,CNCFD,AUDPR,CNMJS,KRPOH,KRGWA,JPFUK,JPKII,JPKIS,JPSKI,KRULS,KRINC,JPNAG,JPCBA,JPMIZ,JPKMA,KRYOS,AUNTL,AUHAY"
OARCGAROK,"USLSA,CAVCR,USOAK,MXLCS,MXMAN,PECAL,ECGYL,USNYK,COBUE,CLTAL,UYULA,BRPEC,BRTUB,BRPAR,BRRDJ,UYMON,BRSTS,BRRGR,GBSOU,FRLEH,BEZEE,NLAMS,SIKOP,ITGOA,DEHAM,MTMAL,ESCAR,BEANT,PLGDA,ESGIJ,NLROT,TRYAR,GRAGT,ZARIB,JOAQA,ROCON,EGALE,SAJUB,BHBAH,KEMOM,SADMA,QAUMS,SAJED,SAYAN,KWMAA,AEJAL,AEABU,OMSOH,AEFUJ,PKQAS,PKKAR,INKNP,INMUN,THLCB,THKSI,VNHPG,VNCAM,CNHUI,CNPAN,CNTAZ,CNLSN,HKHKG,AUGER,CNNTG,CNFAN,CNNBO,CNPYU,CNZOS,CNGUA,CNFUN,CNJIN,CNHUA,CNTAI,CNDCB,CNTJN,MYPKE,MYPAG,IDBAH,CNSTO,CNYSN,CNWGQ,CNCJK,CNJIT,CN9873,CNYZH,CNNSA,CNDSN,CNLAZ,CNYTN,CNJIA,CN1087,CNLYG,CNYAN,AUESP,CNCHS,CNMEZ,CNDAL,CNYPG,CNRUG,CNZZU,TWKAO,CNZJG,AUFRE,CNDJK,CNBYQ,CNLKU,CNSDG,MYTPP,CNPLI,CNCGM,CNXIA,CNBHI,TWMAI,CNRIZ,CNSHE,SGSGP,MY2243,CNJIJ,TWTAP,CNZHA,CNQUA,CNZHE,CNDDG,CNWEN,CNCHZ,CNQIZ,CNQHD,CNBAO,CNQIN,CNCFD,CNNJG,CNGLA,CNWEI,IDSAM,JPKAW,KRPOH,KRGWA,KRDAN,JPFUK,JPOIT,JPKIS,JPSKI,KRULS,KRINC,JPNAG,JPCBA,JPYOK,KRPYT,KRBUS,JPMIZ,JPKMA,JPOSK,AUGLE,AUMEL,AUNTL,AUADE,AUBRI"
GRGKAYRNC,"CAVCR,MXLCS,USLUA,MXMAN,PECAL,ECGYL,USNYK,CLTAL,UYULA,BRVIT,BRRDJ,UYMON,BRSTS,BRRGR,GBBEL,PTLXS,MACAS,GBSOU,GHTEM,IEDUB,CIABI,FRLEH,BEZEE,NLAMS,SIKOP,ITGOA,NLVSG,ESHUE,ITTAR,ESTAR,DZDJE,DEHAM,ITRAV,FRROU,MTMAL,BEANT,PLGDA,ESGIJ,NLROT,DEBRA,ESBIL,TRGEB,LVRIX,TRYAR,ZADUR,FIHEL,GRAGT,TRLMA,TRDER,ZARIB,JOAQA,LTKLJ,FIKOT,ROCON,ZAPLZ,UACHO,EGALE,BHBAH,KEMOM,TZDRS,SADMA,SAJED,SAYAN,KWMAA,AEJAL,AEABU,AERAK,RUSPG,OMSOH,AEFUJ,PKQAS,PKKAR,INKAN,INKNP,INMUN,THLCB,VNNGH,IDJAK,VNHCM,VNHPG,VNCAM,VNQUN,IDSUR,CNHUM,CNCJN,CNHUI,CNCZH,CNSHD,CNLSN,HKHKG,AUGER,CNNTG,CNFAN,CNDAF,CNYJG,CNNBO,CNZOS,CNGUA,CNFUN,CNJIN,CNHKO,CNHPU,CNDYI,CNHUA,CNTAI,CNDCB,CNTJN,MYKUA,MYPKE,MYPAG,IDBAH,CNSTO,CNYSN,CNWGQ,CNCJK,CNJIT,CNYZH,CNNSA,CNDSN,CNTAX,CNLAZ,CNFUZ,CNYTN,CNJIA,TWHLN,CNLYG,CNYAN,CNCHS,CNMEZ,CNDAL,CNYPG,CNRUG,CNZZU,TWKAO,CNZJG,AUFRE,CNBAS,CNDJK,CNBYQ,CNLKU,CNSDG,CNPLI,CNCGM,CNXIA,CNBHI,TWMAI,CNRIZ,CNSHE,SGSGP,TWTCH,CNJIJ,CNZHA,CNZPU,CNQUA,CNZHE,CNDDG,CNWEN,CNCHZ,CNQIZ,CNQHD,CNBAO,CNQIN,CNLVS,CNCFD,CNNJG,CNGLA,CNDNG,CNWEI,IDSAM,CNNDE,JPKAW,KRPOH,KRKUN,KRGWA,JPHIB,KRDAN,JPFUK,JPOIT,JPKIS,JPSKI,KRULS,KRINC,JPNAG,JPYOK,KRPYT,KRBUS,JPMIZ,JPKMA,JPOSK,AUGLE,AUMEL,AUNTL,AUPKE,AUADE,AUBRI,AUBNE,NZAKL,NZTAU,NZLYT,NZNAP"
OARCAKKNK,"USLUA,USNYK,UYULA,CLMEJ,GBBEL,PTLXS,IEDUB,FRLEH,ESHUE,ITTAR,ESTAR,DZDJE,DEHAM,FRROU,MTMAL,BEANT,ESGIJ,NLROT,TRGEB,TRYAR,GRAGT,LTKLJ,EGALE,AEJAL,OMSOH,PKQAS,THLCB,IDCXP,IDJAK,VNHCM,VNHPG,VNQUN,THRAY,CNHUM,CNCJN,CNHUI,CNCZH,AUGER,CNNTG,CNFAN,CNDAF,CNYJG,CNNBO,CNZOS,CNGUA,CNFUN,CNJIN,CNHKO,CNHPU,CNDYI,CNTAI,CNTJN,MYPKE,MYPAG,CNSTO,CNYSN,CNWGQ,CNCJK,CNSHA,CNDSN,CNTAX,CNFUZ,CNJIA,TWHLN,CNLYG,CNYAN,CNWEF,CNCHS,CNMEZ,CNDAL,CNYPG,CNRUG,CNZZU,TWKAO,CNZJG,AUFRE,CNBAS,CNDJK,CNBYQ,CNYIZ,CNSHS,CNSDG,AUBUN,CNPLI,CNCGM,CNXIA,CNBHI,PHBAT,TWMAI,CNRIZ,SGSGP,TWTCH,CNJIJ,CNZHA,CNZPU,CNQUA,CNZHE,CNWEN,CNCHZ,CNQIZ,CNBAO,CNQIN,CNNJG,CNGLA,CNDNG,CNWEI,CNNDE,KRPOH,KRGWA,KRDAN,JPFUK,JPKIS,JPSKI,JPTOK,KRULS,KRINC,JPNAG,JPYOK,KRPYT,JPMIZ,JPMOJ,JPOSK,AUGLE,AUMEL,AUNTL,AUPKE,AUWHY,AUADE,AUPLD,AUGEE"
OFFFKGOKK,"CAPRR,BRPDM,GNBFF,SARTA,KWMAA,IQMAB,AERUW,OMSOH,AEFUJ,CNHUI,MY3182,CNLSN,CNFAN,CNNBO,CNZOS,CNJIN,CNHUA,CNTAI,CNTJN,CNJIT,MY3173,CNJIA,CNLYG,CNYAN,CNMEZ,CNDAL,CNYPG,TWKAO,CNSLH,CNDJK,CNBYQ,CNSDG,AUPHE,CNRIZ,SGSGP,AUPWA,CNZHA,CNDDG,CNQIZ,CNLYW,CNQIN,CNCFD,AUDPR,CNMJS,KRPOH,KRGWA,JPFUK,JPKII,JPSKI,KRULS,KRINC,JPNAG,JPCBA,JPKMA,KRYOS,AUHAY"
OFFFYRGKK,"USLSA,CAVCR,USOAK,GTPQL,MXLCS,MXMAN,PECAL,PABAL,ECGYL,USNPN,USSAV,USNYK,COBUE,CLSAN,CLTAL,UYULA,BRPEC,BRTUB,BRPDM,BRPAR,BRRDJ,UYMON,BRIOA,BRSTS,BRITA,BRRGR,GBSOU,FRLEH,BEZEE,NLAMS,SIKOP,ITGOA,DEHAM,ESBAR,MTMAL,ESCAR,BEANT,PLGDA,ESGIJ,NLROT,TRMER,ZACPT,TRYAR,GRELE,GRAGT,TRALI,ZARIB,EGPSA,JOAQA,ROCON,EGALE,EGDAM,SAJUB,BHBAH,KEMOM,SADMA,QAUMS,SAJED,SAYAN,KWMAA,AEJAL,AEABU,AERUW,OMSOH,AEFUJ,RUULG,PKQAS,PKKAR,INCHN,INKNP,INMUN,INVIS,THLCB,THKSI,VNHPG,VNCAM,VNSOD,CNHUI,CNPAN,CNTAZ,MY3182,CNLSN,HKHKG,AUGER,CNFAN,CNNBO,CNPYU,CNZOS,CNGUA,CNFUN,CNJIN,CNHUA,CNTAI,CNDCB,CN9862,CNTJN,MYPKE,MYPAG,IDBAH,CNSTO,CNYSN,CNWGQ,CNCJK,CNJIT,CN9873,CNYZH,CNNSA,CNDSN,CNLAZ,CNYTN,CNJIA,CN1087,CNLYG,CNYAN,AUESP,CNMEZ,CNDAL,CNYPG,CNRUG,CNZZU,CNSWE,TWKAO,CNZJG,CNSLH,AUFRE,CNDJK,CNBYQ,CNLKU,MYTBS,CNSDG,MYTPP,CNMWN,CNCGM,CNXIA,CNBHI,TWMAI,CNRIZ,CNSHE,SGSGP,MY2243,TWTAP,CNZHA,CNQUA,CNZHE,CNDDG,CNWEN,CNQIZ,CNLYW,CNQHD,CNBAO,CNQIN,CNCFD,CNGLA,MYPGG,CNWEI,IDSAM,CNMJS,JPKAW,KRPOH,KRGWA,KRDAN,JPFUK,JPOIT,JPKIS,JPSKI,KRULS,KRINC,JPNAG,JPCBA,JPYOK,KRPYT,KRBUS,JPMIZ,JPKMA,KRYOS,JPOSK,AUGLE,AUMEL,AUNTL,AUADE,AUBRI,AUHAY,RUNJK"
OFFFKSFKK,"CAPRR,BRPDM,SARTA,KWMAA,IQMAB,AERUW,OMSOH,AEFUJ,CNHUI,MY3182,CNLSN,CNNBO,CNZOS,CNJIN,CNTJN,CNJIT,MY3173,CNLYG,CNYAN,CNMEZ,CNDAL,CNYPG,TWKAO,CNSLH,CNDJK,CNSDG,AUPHE,CNRIZ,SGSGP,CNZHA,CNQIZ,CNQIN,CNCFD,CNMJS,KRGWA,JPKII,JPSKI,KRULS,KRINC,JPCBA,KRYOS"
RNCFFRKKK,"USLUA,USNYK,UYULA,CLMEJ,GBBEL,PTLXS,IEDUB,FRLEH,ESHUE,ITTAR,ESTAR,DZDJE,DEHAM,FRROU,MTMAL,BEANT,ESGIJ,NLROT,TRGEB,TRYAR,GRAGT,LTKLJ,EGALE,THLCB,IDCXP,IDJAK,VNHCM,VNHPG,VNQUN,THRAY,CNHUM,CNCJN,CNHUI,CNCZH,CNNTG,CNFAN,CNYJG,CNNBO,CNZOS,CNGUA,CNFUN,CNJIN,CNHKO,CNHPU,CNDYI,CNTAI,CNTJN,MYPKE,MYPAG,CNSTO,CNYSN,CNWGQ,CNCJK,CNSHA,CNDSN,CNTAX,CNFUZ,CNJIA,TWHLN,CNLYG,CNYAN,CNWEF,CNCHS,CNMEZ,CNDAL,CNYPG,CNRUG,CNZZU,TWKAO,CNZJG,AUFRE,CNBAS,CNDJK,CNBYQ,CNYIZ,CNSHS,CNSDG,CNCGM,CNXIA,CNBHI,PHBAT,TWMAI,CNRIZ,SGSGP,TWTCH,CNJIJ,CNZHA,CNZPU,CNQUA,CNZHE,CNWEN,CNCHZ,CNQIZ,CNBAO,CNQIN,CNNJG,CNGLA,CNDNG,CNWEI,CNNDE,KRPOH,JPKOB,KRGWA,KRDAN,JPFUK,JPKIS,JPSKI,JPTOK,KRULS,JPNAG,JPYOK,KRPYT,JPMIZ,JPOSK,AUADE,AUGEE"
OFFFAGFKK,"BRPDM,GNBFF,SARTA,KWMAA,IQMAB,AERUW,OMSOH,AEFUJ,CNHUI,MY3182,CNLSN,CNFAN,CNNBO,CNZOS,CNJIN,CNHUA,CNTAI,CNTJN,CNJIT,MY3173,CNJIA,CNLYG,CNYAN,CNMEZ,CNDAL,CNYPG,TWKAO,CNSLH,CNDJK,CNBYQ,CNSDG,AUPHE,CNRIZ,SGSGP,AUPWA,CNZHA,CNDDG,CNQIZ,CNLYW,CNQIN,CNCFD,AUDPR,CNMJS,KRGWA,JPFUK,JPKII,JPSKI,KRULS,KRINC,JPCBA,KRYOS"
OARCAYNYK,"USLSA,CAVCR,USOAK,MXLCS,MXMAN,PECAL,ECGYL,USSAV,USNYK,COBUE,CLTAL,UYULA,BRPEC,BRTUB,BRPAR,BRRDJ,UYMON,BRSTS,BRRGR,GBSOU,FRLEH,BEZEE,NLAMS,SIKOP,ITGOA,DEHAM,MTMAL,ESCAR,BEANT,PLGDA,ESGIJ,NLROT,ZACPT,TRYAR,GRAGT,ZARIB,JOAQA,ROCON,EGALE,SAJUB,BHBAH,KEMOM,SADMA,QAUMS,SAJED,SAYAN,KWMAA,AEJAL,AEABU,AERUW,OMSOH,AEFUJ,PKQAS,PKKAR,INKNP,INMUN,THLCB,THKSI,VNHPG,VNCAM,CNHUI,CNPAN,CNTAZ,CNLSN,HKHKG,AUGER,CNNTG,CNFAN,CNNBO,CNPYU,CNZOS,CNGUA,CNFUN,CNJIN,CNHUA,CNTAI,CNDCB,CNTJN,MYPKE,MYPAG,IDBAH,CNSTO,CNYSN,CNWGQ,CNCJK,CNJIT,CN9873,CNYZH,CNNSA,CNDSN,CNLAZ,CNYTN,CNJIA,CN1087,CNLYG,CNYAN,AUESP,CNCHS,CNMEZ,CNDAL,CNYPG,CNRUG,CNZZU,TWKAO,CNZJG,CNSLH,AUFRE,CNDJK,CNBYQ,CNLKU,CNSDG,MYTPP,CNPLI,CNCGM,CNXIA,CNBHI,TWMAI,CNRIZ,CNSHE,SGSGP,MY2243,CNJIJ,TWTAP,CNZHA,CNQUA,CNZHE,CNDDG,CNWEN,CNCHZ,CNQIZ,CNLYW,CNQHD,CNBAO,CNQIN,CNCFD,CNNJG,CNGLA,CNWEI,IDSAM,JPKAW,KRPOH,KRGWA,KRDAN,JPFUK,JPOIT,JPKIS,JPSKI,KRULS,KRINC,JPNAG,JPCBA,JPYOK,KRPYT,KRBUS,JPMIZ,JPKMA,JPOSK,AUGLE,AUMEL,AUNTL,AUADE,AUBRI"
OARCRRRSK,"CNHUI,CNCZH,CNHKO,CNSTO,CNBHI,CNZHA,CNDNG"
OARFRGKKK,"USLSA,CAVCR,USOAK,MXLCS,MXMAN,PECAL,ECGYL,USSAV,USNYK,COBUE,CLTAL,UYULA,BRPEC,BRTUB,BRPAR,BRRDJ,UYMON,BRSTS,BRRGR,GBSOU,FRLEH,BEZEE,NLAMS,SIKOP,ITGOA,DEHAM,MTMAL,ESCAR,BEANT,PLGDA,ESGIJ,NLROT,ZACPT,TRYAR,GRAGT,ZARIB,JOAQA,ROCON,EGALE,SAJUB,BHBAH,KEMOM,SADMA,QAUMS,SAJED,SAYAN,KWMAA,AEJAL,AEABU,OMSOH,AEFUJ,PKQAS,PKKAR,INKNP,INMUN,THLCB,THKSI,VNHPG,VNCAM,CNHUI,CNPAN,CNTAZ,CNLSN,HKHKG,AUGER,CNNTG,CNFAN,CNNBO,CNPYU,CNZOS,CNGUA,CNFUN,CNJIN,CNHUA,CNTAI,CNDCB,CNTJN,MYPKE,MYPAG,IDBAH,CNSTO,CNYSN,CNWGQ,CNCJK,CNJIT,CN9873,CNYZH,CNNSA,CNDSN,CNLAZ,CNYTN,CNJIA,CN1087,CNLYG,CNYAN,AUESP,CNCHS,CNMEZ,CNDAL,CNYPG,CNRUG,CNZZU,TWKAO,CNZJG,AUFRE,CNDJK,CNBYQ,CNLKU,CNSDG,MYTPP,CNPLI,CNCGM,CNXIA,CNBHI,TWMAI,CNRIZ,CNSHE,SGSGP,MY2243,CNJIJ,TWTAP,CNZHA,CNQUA,CNZHE,CNDDG,CNWEN,CNCHZ,CNQIZ,CNLYW,CNQHD,CNBAO,CNQIN,CNCFD,CNNJG,CNGLA,CNWEI,IDSAM,JPKAW,KRPOH,KRGWA,KRDAN,JPFUK,JPOIT,JPKIS,JPSKI,KRULS,KRINC,JPNAG,JPCBA,JPYOK,KRPYT,KRBUS,JPMIZ,JPKMA,JPOSK,AUGLE,AUMEL,AUNTL,AUADE,AUBRI"
OFFFOGAKK,"BRPDM,SARTA,KWMAA,IQMAB,AERUW,AEFUJ,CNHUI,CNLSN,CNNBO,CNZOS,CNJIN,CNTJN,CNLYG,CNYAN,CNMEZ,CNDAL,CNYPG,TWKAO,CNSLH,CNDJK,CNSDG,SGSGP,CNZHA,CNQIZ,CNQIN,CNCFD,KRGWA,JPKII,JPSKI,KRULS,KRINC,JPCBA"
OARCOSKKK,"USSEA,USLSA,CAVCR,USOAK,MXLCS,MXMAN,PECAL,PABAL,USSAV,USCHA,USNYK,COBUE,CLSAN,CLTAL,UYULA,BRTUB,BRPDM,ARBNA,BRPAR,BRRDJ,UYMON,BRSTS,BRITA,BRRGR,GBSOU,FRLEH,BEZEE,FRFOS,SIKOP,ITGOA,DEHAM,ESBAR,MTMAL,ESCAR,BEANT,PLGDA,ESGIJ,NLROT,TRMER,TRYAR,TRALI,EGPSA,UAODS,JOAQA,ROCON,EGALE,EGDAM,SAJUB,SADMA,SAJED,QARAS,KWMAA,AEJAL,AEABU,AERUW,OMSOH,AEFUJ,PKQAS,PKKAR,INMUN,THLCB,THKSI,VNHPG,VNCAM,CNHUI,CNPAN,MY3182,CNLSN,HKHKG,CNFAN,CNNBO,CNZOS,CNGUA,CNFUN,CNJIN,CNHUA,CNTAI,CNTJN,MYPKE,MYPAG,CNYSN,CNWGQ,CNCJK,CNJIT,CNYZH,CNNSA,CNDSN,CNYTN,CNJIA,CNLYG,CNYAN,AUESP,CNMEZ,CNDAL,CNYPG,TWKAO,CNZJG,CNSLH,CNDJK,CNBYQ,CNLKU,CN9878,CNSDG,CNMWN,CNCGM,CNXIA,CN2039,CNRIZ,CNSHE,SGSGP,MY2243,TWTAP,CNZHA,CNZHE,CNDDG,CNQIZ,CNLYW,CNQHD,CNBAO,CNQIN,CNCFD,CNGLA,CNWEI,CNMJS,JPKAW,KRPOH,KRGWA,KRDAN,JPFUK,JPOIT,JPKIS,JPSKI,KRULS,KRINC,JPNAG,JPCBA,JPYOK,KRPYT,KRBUS,JPMIZ,JPKMA,KRYOS,AUGLE,AUNTL,AUBRI,AUSYD,AUHAY,RUNJK"
OARASAKKK,"USSEA,USLSA,CAVCR,USOAK,MXLCS,MXMAN,PECAL,PABAL,USSAV,USCHA,USNYK,COBUE,CLSAN,CLTAL,UYULA,BRTUB,BRPDM,ARBNA,BRPAR,BRRDJ,UYMON,BRSTS,BRITA,BRRGR,GBSOU,FRLEH,BEZEE,FRFOS,SIKOP,ITGOA,DEHAM,ESBAR,MTMAL,ESCAR,BEANT,PLGDA,ESGIJ,NLROT,TRMER,TRYAR,TRALI,EGPSA,UAODS,JOAQA,ROCON,EGALE,EGDAM,SAJUB,SADMA,SAJED,SARTA,QARAS,KWMAA,IQMAB,AEJAL,AEABU,AERUW,OMSOH,AEFUJ,PKKAR,INMUN,THLCB,THKSI,VNHPG,VNCAM,CNHUI,CNPAN,MY3182,CNLSN,HKHKG,CNFAN,CNNBO,CNZOS,CNGUA,CNFUN,CNJIN,CNHUA,CNTAI,CNTJN,MYPKE,MYPAG,CNYSN,CNWGQ,CNCJK,CNJIT,CNYZH,CNNSA,CNDSN,CNYTN,CNJIA,CNLYG,CNYAN,AUESP,CNMEZ,CNDAL,CNYPG,TWKAO,CNZJG,CNSLH,CNDJK,CNBYQ,CNLKU,CN9878,CNSDG,CNMWN,CNCGM,CNXIA,CN2039,CNRIZ,CNSHE,SGSGP,MY2243,TWTAP,CNZHA,CNZHE,CNDDG,CNQIZ,CNLYW,CNQHD,CNBAO,CNQIN,CNCFD,CNGLA,CNWEI,CNMJS,JPKAW,KRPOH,KRGWA,KRDAN,JPFUK,JPOIT,JPKIS,JPSKI,KRULS,KRINC,JPNAG,JPCBA,JPYOK,KRPYT,KRBUS,JPMIZ,JPKMA,KRYOS,AUGLE,AUNTL,AUBRI,AUHAY,RUNJK"
RNNSYYKKK,"USSEA,USLSA,CAVCR,USOAK,MXLCS,MXMAN,PECAL,PABAL,USNPN,USSAV,USCHA,CAPCA,USNYK,COBUE,CLSAN,CLTAL,UYULA,BRPEC,BRTUB,BRPDM,ARBNA,BRPAR,BRRDJ,UYMON,BRSTS,BRITA,BRRGR,GBSOU,FRLEH,BEZEE,FRFOS,NLAMS,SIKOP,ITGOA,FRDKK,DEHAM,ESBAR,MTMAL,ESCAR,BEANT,PLGDA,ESGIJ,NLROT,TRMER,ZACPT,TRYAR,GRELE,GRAGT,TRALI,ZARIB,EGPSA,UAODS,JOAQA,ROCON,EGALE,EGDAM,SAJUB,BHBAH,KEMOM,SADMA,QAUMS,SAJED,SAYAN,KWMAA,AEJAL,AEABU,AERUW,OMSOH,AEFUJ,RUULG,PKKAR,INMUN,THLCB,THKSI,VNHPG,VNCAM,VNSOD,CNHUI,CNPAN,MY3182,CNLSN,HKHKG,AUGER,CNFAN,CNNBO,CNZOS,CNGUA,CNFUN,CNJIN,CNHUA,CNTAI,CNTJN,MYPKE,MYPAG,IDBAH,CNSTO,CNYSN,CNWGQ,CNCJK,CNJIT,CNYZH,CNNSA,CNDSN,CNLAZ,CNYTN,CNJIA,CNLYG,CNYAN,AUESP,CNMEZ,IDTBR,CNDAL,CNYPG,CNRUG,CNZZU,CNSWE,TWKAO,CNZJG,CNSLH,CNDJK,CNBYQ,CNLKU,MYTBS,CNSDG,CNMWN,CNCGM,CNXIA,CN2039,TWMAI,CNRIZ,CNSHE,SGSGP,MY2243,TWTAP,CNZHA,CNZHE,CNDDG,CNWEN,CNQIZ,CNLYW,CNBAO,CNQIN,CNCFD,CNGLA,MYPGG,IDSAM,CNMJS,JPKAW,KRPOH,KRGWA,KRDAN,JPFUK,JPOIT,JPKIS,JPSKI,KRULS,KRINC,JPNAG,JPCBA,JPYOK,KRPYT,KRBUS,JPMIZ,JPKMA,KRYOS,AUGLE,AUNTL,AUBRI,AUHAY,RUNJK"
OAROFAYNK,"USLUA,USNYK,UYULA,CLMEJ,GBBEL,PTLXS,IEDUB,FRLEH,ESHUE,ITTAR,ESTAR,DZDJE,DEHAM,FRROU,MTMAL,BEANT,ESGIJ,NLROT,TRGEB,TRYAR,GRAGT,TRDER,JOAQA,LTKLJ,ROCON,EGALE,SADMA,SAJED,SAYAN,AEJAL,AEABU,PKQAS,INKAK,THLCB,IDCXP,IDJAK,VNHCM,VNHPG,VNQUN,THRAY,CNHUM,CNCJN,CNHUI,CNCZH,HKHKG,CNNTG,CNFAN,CNYJG,CNNBO,CNZOS,CNGUA,CNFUN,CNJIN,CNHKO,CNHPU,CNDYI,CNTAI,CNTJN,MYPKE,MYPAG,CNSTO,CNYSN,CNWGQ,CNCJK,CNJIT,CNYZH,CNSHA,CNNSA,CNDSN,CNTAX,CNFUZ,CNJIA,TWHLN,CNLYG,CNYAN,CNWEF,CNCHS,CNMEZ,CNDAL,CNYPG,CNRUG,CNZZU,TWKAO,CNZJG,AUFRE,CNBAS,CNDJK,CNBYQ,CNYIZ,CNSHS,CNSDG,CNCGM,CNXIA,CNBHI,PHBAT,TWMAI,CNRIZ,SGSGP,TWTCH,CNJIJ,CNZHA,CNZPU,CNQUA,CNZHE,CNWEN,CNCHZ,CNQIZ,CNQHD,CNBAO,CNQIN,CNLVS,CNNJG,CNGLA,CNDNG,CNWEI,CNNDE,KRPOH,KRGWA,KRDAN,JPFUK,JPKIS,JPHHR,JPSKI,JPTOK,KRULS,KRINC,JPNAG,JPYOK,KRPYT,KRBUS,JPMIZ,JPMOJ,JPKMA,JPOSK,AUMEL,AUNTL,AUPKE,AUWHY,AUADE,AUPLD,AUGEE,NZNAP"
RNCGRAKKK,"USLGB,USLSA,PABAL,USNFK,USSAV,USCHA,USNYK,BRPDM,GBLGP,MATAN,FRLEH,BEZEE,FRFOS,ITGOA,DEHAM,BEANT,PLGDA,ESVAL,NLROT,EGSOK,GRPIR,JOAQA,SADMA,QAHMD,SAJED,AEJAL,AEKHA,PKKAR,INNSA,INMUN,VNCMP,HKHKG,CNNBO,CNZOS,CNFUN,CNTJN,MYPKE,CNYSN,CNNSA,CNYTN,CNLYG,CNMEZ,CNDAL,TWKAO,CNSLH,CNDJK,CNXIA,CNSHE,SGSGP,TWTAP,CNQIN,KRGWA,KRBUS"
OAOFFFKKK,"USLSA,CAVCR,USOAK,MXLCS,MXMAN,PECAL,ECGYL,USNYK,COBUE,UYULA,BRPEC,BRTUB,BRPAR,BRRDJ,UYMON,BRSTS,BRRGR,GBSOU,FRLEH,BEZEE,NLAMS,SIKOP,ITGOA,DEHAM,MTMAL,ESCAR,BEANT,PLGDA,ESGIJ,NLROT,TRYAR,GRAGT,ZARIB,JOAQA,ROCON,EGALE,SAJUB,BHBAH,KEMOM,SADMA,QAUMS,SAJED,SAYAN,KWMAA,AEJAL,AEABU,OMSOH,AEFUJ,PKQAS,PKKAR,INKNP,INMUN,THLCB,VNHPG,VNCAM,CNHUI,CNPAN,CNTAZ,CNLSN,HKHKG,AUGER,CNNTG,CNFAN,CNNBO,CNZOS,CNGUA,CNFUN,CNJIN,CNHUA,CNTAI,CNDCB,CNTJN,MYPKE,MYPAG,IDBAH,CNSTO,CNYSN,CNWGQ,CNCJK,CNJIT,CNYZH,CNNSA,CNDSN,CNLAZ,CNYTN,CNJIA,CNLYG,CNYAN,AUESP,CNCHS,CNMEZ,CNDAL,CNYPG,CNRUG,CNZZU,TWKAO,CNZJG,AUFRE,CNDJK,CNBYQ,CNLKU,CNSDG,CNPLI,CNCGM,CNXIA,CNBHI,TWMAI,CNRIZ,CNSHE,SGSGP,CNJIJ,TWTAP,CNZHA,CNQUA,CNZHE,CNDDG,CNWEN,CNCHZ,CNQIZ,CNQHD,CNBAO,CNQIN,CNCFD,CNNJG,CNGLA,CNWEI,IDSAM,KRPOH,KRGWA,KRDAN,JPFUK,JPOIT,JPKIS,JPSKI,KRULS,KRINC,JPNAG,JPYOK,KRPYT,KRBUS,JPMIZ,JPKMA,JPOSK,AUGLE,AUMEL,AUNTL,AUADE,AUBRI"
OFFOGOOKK,"USSEA,CAPRR,USLSA,CAVCR,USOAK,MXLCS,MXMAN,PECAL,PABAL,ECGYL,USSAV,USNYK,COBUE,CLSAN,CLTAL,UYULA,BRTUB,BRPAR,BRRDJ,UYMON,BRIOA,BRSTS,BRIJI,BRITA,BRRGR,GBSOU,FRLEH,BEZEE,SIKOP,ITGOA,DEHAM,MTMAL,ESCAR,BEANT,PLGDA,ESGIJ,NLROT,TRYAR,EGSOK,JOAQA,ROCON,EGALE,SAJUB,SADMA,SAJED,KWMAA,AEJAL,AEABU,OMSOH,AEFUJ,PKQAS,PKKAR,INNSA,INCHN,LKCOL,INKNP,INMUN,INKUP,THLCB,VNHPG,VNCAM,CNHUI,CNPAN,MY3182,CNLSN,HKHKG,CNFAN,CNNBO,CNZOS,CNGUA,CNFUN,CNJIN,CNHUA,CNTAI,CNDCB,CNTJN,MYPKE,MYPAG,CNYSN,CNWGQ,CNCJK,CNJIT,CNYZH,CNNSA,CNDSN,CNYTN,CNJIA,CNLYG,CNYAN,AUESP,CNMEZ,CNDAL,CNYPG,CNZZU,TWKAO,CNZJG,AUFRE,CNDJK,CNBYQ,MYPEN,CNSDG,CNMWN,CNCGM,CNXIA,CNRIZ,CNSHE,SGSGP,TWTAP,CNZHA,CNQUA,CNZHE,CNDDG,CNQIZ,CNQHD,CNBAO,CNQIN,CNCFD,CNGLA,CNWEI,JPKAW,KRPOH,KRGWA,KRDAN,JPFUK,JPOIT,JPKIS,JPSKI,KRULS,KRINC,JPNAG,JPCBA,JPYOK,KRBUS,JPMIZ,JPKMA,KRYOS,JPOSK,AUGLE,AUMEL,AUNTL,AUADE,AUBRI"
OAOCKSKKK,"BRPDM,XZKMN,SAJUT,QAASN,SARTA,KWMAA,IQMAB,AERUW,OMMAF,AEZUR,AEFUJ,AEDAS,MMMIO,CNHUI,CNLSN,CNNBO,CNZOS,CNJIN,CNTJN,CNYAN,CNMEZ,CNDAL,CNYPG,TWKAO,CNSLH,CNDJK,CNSDG,SGSGP,CNZHA,CNQIZ,CNQIN,CNCFD,KRGWA,JPKII,JPSKI,JPCBA"
OARRSYFCK,"USLSA,CAVCR,USOAK,GTSTC,USBEA,USBTR,MXLCS,USLUA,MXMAN,PECAL,ECGYL,USNYK,COBAR,COBUE,UYULA,BRVIT,BRRDJ,UYMON,BRSTS,BRRGR,GBBEL,PTLXS,MACAS,GBSOU,GHTEM,GNCON,IEDUB,CIABI,FRLEH,BEZEE,NLAMS,SIKOP,ITGOA,NLVSG,ESHUE,ITTAR,ESTAR,DZDJE,DEHAM,ITRAV,FRROU,MTMAL,BEANT,PLGDA,ESSAN,ESGIJ,NLROT,ESSAG,ESBIL,TRGEB,LVRIX,TRYAR,ZADUR,GRAGT,TRLMA,TRDER,ZARIB,JOAQA,LTKLJ,FIKOT,ROCON,ZAPLZ,UACHO,EGALE,SAJUB,BHBAH,KEMOM,TZDRS,SADMA,QAUMS,SAJED,SAYAN,KWMAA,AEJAL,AEABU,AERAK,RUSPG,OMSOH,AEFUJ,PKQAS,PKKAR,INKAN,INKNP,INMUN,THLCB,VNPHU,VNNGH,IDJAK,VNHCM,VNHPG,VNCAM,VNQUN,IDSUR,CNHUM,CNCJN,CNHUI,CNCZH,CNPAN,CNSHD,CNLSN,HKHKG,AUGER,CNNTG,CNFAN,CNDAF,CNYJG,CNNBO,CNPYU,CNZOS,CNGUA,CNFUN,CNJIN,CNHKO,CNHPU,CNDYI,CNHUA,CNTAI,CNDCB,CNTJN,MYKUA,MYPKE,MYPAG,IDBAH,CNSTO,CNYSN,CNWGQ,CNCJK,CNJIT,CN9873,CNYZH,CNNSA,CNDSN,CNTAX,CNLAZ,CNFUZ,CNYTN,CNJIA,CN1087,TWHLN,CNLYG,CNYAN,TWKEE,AUESP,CNCHS,CNMEZ,CNDAL,CNYPG,CNRUG,CNZZU,TWKAO,CNZJG,AUFRE,CNBAS,CNSIZ,CNDJK,CNBYQ,CNLKU,CNSDG,MYTPP,CNPLI,CNCGM,CNXIA,CNBHI,TWMAI,CNRIZ,CNSHE,SGSGP,TWTCH,MY2243,CNJIJ,CNZHA,CNZPU,CNQUA,CNZHE,CNDDG,CNWEN,CNCHZ,CNQIZ,CNQHD,CNBAO,CNQIN,CNLVS,CNCFD,CNNJG,CNGLA,CNDNG,CNWEI,IDSAM,CNNDE,KRPOH,KRKUN,KRGWA,JPHIB,KRDAN,JPFUK,JPOIT,JPKIS,JPSKI,JPTOK,KRULS,KRINC,JPNAG,JPYOK,KRPYT,KRBUS,JPMIZ,JPKMA,JPOSK,AUGLE,AUMEL,AUNTL,AUPKE,AUADE,AUBRI,AUBNE,NZAKL,NZTAU,NZNAP"
OFFSAKFKK,"USNYK,UYULA,FRLEH,DEHAM,MTMAL,BEANT,ESGIJ,NLROT,TRYAR,GRAGT,EGALE,VNHPG,CNHUI,CNFAN,CNNBO,CNZOS,CNGUA,CNFUN,CNJIN,CNTAI,CNTJN,CNSTO,CNYSN,CNWGQ,CNCJK,CNJIT,CNDSN,CNJIA,CNLYG,CNYAN,CNMEZ,CNDAL,CNYPG,CNRUG,CNZZU,TWKAO,CNZJG,CNDJK,CNBYQ,CNSDG,CNPLI,CNXIA,SGSGP,CNZHA,CNZHE,CNWEN,CNQIZ,CNQIN,CNGLA,KRGWA,KRDAN,KRULS,JPNAG"
OFFCAROKK,"USLGB,GBFEL,BEZEE,DEHAM,BEANT,PLGDA,NLROT,GRPIR,SADMA,AEJAL,AEKHA,VNCMP,HKHKG,CNNBO,CNTJN,MYPKE,CNYSN,CNNSA,CNYTN,CNDAL,TWKAO,CNXIA,SGSGP,CNQIN,KRGWA"
OAROYAASK,"USLUA,PECAL,USNYK,UYULA,CLMEJ,UYFBS,BRVIT,BRSTS,GBBEL,PTLXS,IEDUB,FRLEH,BEZEE,ESHUE,ITTAR,ESTAR,DZDJE,DEHAM,FRROU,MTMAL,BEANT,ESGIJ,NLROT,ESBIL,TRGEB,TRYAR,ZADUR,GRAGT,TRDER,JOAQA,LTKLJ,FIKOT,ROCON,EGALE,SADMA,SAJED,SAYAN,AEJAL,AEABU,RUSPG,OMSOH,PKQAS,PKKAR,INKAN,INKAK,THLCB,IDCXP,IDJAK,VNHCM,VNHPG,VNQUN,THRAY,CNHUM,CNCJN,CNHUI,CNCZH,HKHKG,AUGER,CNNTG,CNFAN,CNDAF,CNYJG,CNNBO,CNZOS,CNGUA,CNFUN,CNJIN,CNHKO,CNHPU,CNDYI,CNTAI,CNTJN,MYPKE,MYPAG,CNSTO,CNYSN,CNWGQ,CNCJK,CNJIT,CNYZH,CNSHA,CNNSA,CNDSN,CNTAX,CNFUZ,CNJIA,TWHLN,CNLYG,CNYAN,CNWEF,CNCHS,CNMEZ,CNDAL,CNYPG,CNRUG,CNZZU,TWKAO,CNZJG,AUFRE,CNBAS,CNDJK,CNBYQ,CNYIZ,CNSHS,CNSDG,AUBUN,CNPLI,CNCGM,CNXIA,CNBHI,PHBAT,TWMAI,CNRIZ,SGSGP,TWTCH,CNJIJ,CNZHA,CNZPU,CNQUA,CNZHE,CNWEN,CNCHZ,CNQIZ,CNQHD,CNBAO,CNQIN,CNLVS,CNCFD,CNNJG,CNGLA,CNDNG,CNWEI,CNNDE,KRPOH,KRGWA,KRDAN,JPFUK,JPKIS,JPHHR,KRMAS,JPSKI,JPTOK,KRULS,KRINC,JPNAG,JPYOK,KRPYT,KRBUS,JPMIZ,JPMOJ,JPKMA,JPOSK,AUGLE,AUMEL,AUNTL,AUPKE,AUWHY,AUADE,AUPLD,AUGEE,NZNAP"
OARCRRGRK,"CNHUI,CNCZH,CNFAN,CNYJG,CNGUA,CNHKO,CNSTO,CNYAN,CNDAL,CNYPG,CNSDG,CNBHI,CNZHA,CNDNG"
OACROSKKK,"USLSA,CAVCR,USOAK,MXLCS,MXMAN,PECAL,ECGYL,USNPN,USSAV,USNYK,COBUE,UYULA,BRPEC,BRTUB,BRPAR,BRRDJ,UYMON,BRSTS,BRRGR,GBSOU,FRLEH,BEZEE,NLAMS,SIKOP,ITGOA,DEHAM,ESBAR,MTMAL,ESCAR,BEANT,PLGDA,ESGIJ,NLROT,TRMER,ZACPT,TRYAR,GRELE,GRAGT,TRALI,ZARIB,EGPSA,JOAQA,ROCON,EGALE,SAJUB,BHBAH,KEMOM,SADMA,QAUMS,SAJED,SAYAN,KWMAA,AEJAL,AEABU,OMSOH,AEFUJ,RUULG,PKQAS,PKKAR,INKNP,INMUN,INVIS,THLCB,THKSI,VNHPG,VNCAM,CNHUI,CNPAN,CNTAZ,CNLSN,HKHKG,AUGER,CNNTG,CNFAN,CNNBO,CNPYU,CNZOS,CNGUA,CNFUN,CNJIN,CNHUA,CNTAI,CNDCB,CNTJN,MYPKE,MYPAG,IDBAH,CNSTO,CNYSN,CNWGQ,CNCJK,CNJIT,CN9873,CNYZH,CNNSA,CNDSN,CNLAZ,CNYTN,CNJIA,CN1087,CNLYG,CNYAN,AUESP,CNCHS,CNMEZ,CNDAL,CNYPG,CNRUG,CNZZU,TWKAO,CNZJG,CNSLH,AUFRE,CNDJK,CNBYQ,CNLKU,CNSDG,MYTPP,CNPLI,CNCGM,CNXIA,CNBHI,TWMAI,CNRIZ,CNSHE,SGSGP,MY2243,CNJIJ,TWTAP,CNZHA,CNQUA,CNZHE,CNDDG,CNWEN,CNCHZ,CNQIZ,CNQHD,CNBAO,CNQIN,CNCFD,CNNJG,CNGLA,CNWEI,IDSAM,KRPOH,KRGWA,KRDAN,JPFUK,JPOIT,JPKIS,JPSKI,KRULS,KRINC,JPNAG,JPCBA,JPYOK,KRPYT,KRBUS,JPMIZ,JPKMA,JPOSK,AUGLE,AUMEL,AUNTL,AUADE,AUBRI,AUHAY"
OARCGKNRK,"USLSA,CAVCR,USOAK,MXLCS,MXMAN,PECAL,ECGYL,USNYK,COBUE,CLTAL,UYULA,BRPEC,BRTUB,BRPAR,BRRDJ,UYMON,BRSTS,BRRGR,GBSOU,FRLEH,BEZEE,NLAMS,SIKOP,ITGOA,DEHAM,MTMAL,ESCAR,BEANT,PLGDA,ESGIJ,NLROT,TRYAR,GRAGT,ZARIB,JOAQA,ROCON,EGALE,SAJUB,BHBAH,KEMOM,SADMA,QAUMS,SAJED,SAYAN,KWMAA,AEJAL,AEABU,OMSOH,AEFUJ,PKQAS,PKKAR,INKNP,INMUN,THLCB,THKSI,VNHPG,VNCAM,CNHUI,CNPAN,CNTAZ,CNLSN,HKHKG,AUGER,CNNTG,CNFAN,CNNBO,CNPYU,CNZOS,CNGUA,CNFUN,CNJIN,CNHUA,CNTAI,CNDCB,CNTJN,MYPKE,MYPAG,IDBAH,CNSTO,CNYSN,CNWGQ,CNCJK,CNJIT,CN9873,CNYZH,CNNSA,CNDSN,CNLAZ,CNYTN,CNJIA,CN1087,CNLYG,CNYAN,AUESP,CNCHS,CNMEZ,CNDAL,CNYPG,CNRUG,CNZZU,TWKAO,CNZJG,AUFRE,CNDJK,CNBYQ,CNLKU,CNSDG,MYTPP,CNPLI,CNCGM,CNXIA,CNBHI,TWMAI,CNRIZ,CNSHE,SGSGP,MY2243,CNJIJ,TWTAP,CNZHA,CNQUA,CNZHE,CNDDG,CNWEN,CNCHZ,CNQIZ,CNQHD,CNBAO,CNQIN,CNCFD,CNNJG,CNGLA,CNWEI,IDSAM,JPKAW,KRPOH,KRGWA,KRDAN,JPFUK,JPOIT,JPKIS,JPSKI,KRULS,KRINC,JPNAG,JPCBA,JPYOK,KRPYT,KRBUS,JPMIZ,JPKMA,JPOSK,AUGLE,AUMEL,AUNTL,AUADE,AUBRI"
OFFOCOGKK,"USLGB,BEZEE,DEHAM,BEANT,PLGDA,NLROT,GRPIR,SADMA,AEJAL,AEKHA,VNCMP,HKHKG,CNNBO,CNTJN,MYPKE,CNYSN,CNNSA,CNYTN,CNDAL,TWKAO,CNXIA,SGSGP,CNQIN,KRGWA"
OACYNKKKK,"USLSA,CAVCR,USOAK,GTPQL,MXLCS,MXMAN,PECAL,PABAL,ECGYL,USNPN,USSAV,USCHA,USNYK,COBUE,CLTAL,UYULA,BRPEC,BRTUB,BRPDM,BRPAR,BRRDJ,UYMON,BRSTS,BRITA,BRRGR,GBSOU,FRLEH,BEZEE,NLAMS,SIKOP,ITGOA,DEHAM,ESBAR,MTMAL,ESCAR,BEANT,PLGDA,ESGIJ,NLROT,TRMER,ZACPT,TRYAR,GRELE,GRAGT,TRALI,ZARIB,EGPSA,UAODS,JOAQA,ROCON,EGALE,EGDAM,SAJUB,BHBAH,KEMOM,SADMA,QAUMS,SAJED,SAYAN,KWMAA,AEJAL,AEABU,AERUW,OMSOH,AEFUJ,RUULG,PKQAS,PKKAR,INCHN,INKNP,INMUN,INVIS,THLCB,THKSI,VNHPG,VNCAM,VNSOD,CN9014,CNHUI,CNPAN,CNTAZ,MY3182,CNLSN,HKHKG,AUGER,CNFAN,CNNBO,CNPYU,CNZOS,CNGUA,CNFUN,CNJIN,CNHUA,CNTAI,CNDCB,CN9862,CNTJN,MYPKE,MYPAG,IDBAH,CNSTO,CNYSN,CNWGQ,CNCJK,CNJIT,CN9873,CNYZH,CNNSA,CNDSN,CNLAZ,CNYTN,CNJIA,CN1087,CNLYG,CNYAN,CN2032,AUESP,CNMEZ,CNDAL,CNYPG,CNRUG,CNZZU,CNSWE,TWKAO,CNZJG,CNSLH,AUFRE,CNDJK,CNBYQ,CNLKU,MYTBS,CNSDG,MYTPP,CNMWN,CNCGM,CNXIA,CN2039,CNBHI,TWMAI,CNRIZ,CNSHE,SGSGP,MY2243,TWTAP,CNZHA,CNQUA,CNZHE,CNDDG,CNWEN,CNQIZ,CNLYW,CNBAO,CNQIN,CNCFD,CNGLA,MYPGG,CNWEI,IDSAM,CNMJS,JPKAW,KRPOH,KRGWA,KRDAN,JPFUK,JPOIT,JPKIS,JPSKI,KRULS,KRINC,JPNAG,JPCBA,JPYOK,KRPYT,KRBUS,JPMIZ,JPKMA,KRYOS,JPOSK,AUGLE,AUMEL,AUNTL,AUADE,AUBRI,AUHAY,RUNJK"
OFFCFOOKK,"USLGB,BEZEE,DEHAM,BEANT,PLGDA,NLROT,GRPIR,SADMA,AEJAL,AEKHA,VNCMP,HKHKG,CNNBO,CNTJN,MYPKE,CNYSN,CNNSA,CNYTN,CNDAL,TWKAO,CNXIA,SGSGP,CNQIN,KRGWA"
RFAAACKKK,"CAPRR,CANWE,BRPDM,GNBFF,DEHAM,SARTA,KWMAA,IQMAB,AERUW,OMSOH,AEFUJ,CNHUI,MY3182,CNLSN,CNFAN,CNNBO,CNZOS,CNJIN,CNHUA,CNTAI,CNTJN,CNJIT,MY3173,CNJIA,CNLYG,CNYAN,CNMEZ,CNDAL,CNYPG,TWKAO,CNSLH,CNDJK,CNBYQ,CNSDG,AUPHE,CNRIZ,SGSGP,AUPWA,CNZHA,CNDDG,CNQIZ,CNLYW,CNQIN,CNCFD,AUDPR,CNMJS,KRPOH,KRGWA,JPFUK,JPKII,JPKIS,JPSKI,KRULS,KRINC,JPNAG,JPCBA,JPMIZ,JPKMA,KRYOS,AUNTL,AUHAY"
OARROYGNK,"USLSA,CAVCR,USOAK,MXLCS,MXMAN,PECAL,ECGYL,USNYK,COBUE,UYULA,BRPAR,BRRDJ,UYMON,BRSTS,BRRGR,GBSOU,FRLEH,BEZEE,NLAMS,SIKOP,ITGOA,DEHAM,MTMAL,BEANT,PLGDA,ESGIJ,NLROT,TRYAR,GRAGT,ZARIB,JOAQA,ROCON,EGALE,SAJUB,BHBAH,KEMOM,SADMA,QAUMS,SAJED,SAYAN,KWMAA,AEJAL,AEABU,OMSOH,AEFUJ,PKQAS,PKKAR,INKNP,INMUN,THLCB,VNHPG,VNCAM,CNHUI,CNPAN,CNTAZ,CNLSN,HKHKG,AUGER,CNNTG,CNFAN,CNNBO,CNZOS,CNGUA,CNFUN,CNJIN,CNHUA,CNTAI,CNDCB,CNTJN,MYPKE,MYPAG,IDBAH,CNSTO,CNYSN,CNWGQ,CNCJK,CNJIT,CN9873,CNYZH,CNNSA,CNDSN,CNLAZ,CNYTN,CNJIA,CNLYG,CNYAN,AUESP,CNCHS,CNMEZ,CNDAL,CNYPG,CNRUG,CNZZU,TWKAO,CNZJG,AUFRE,CNDJK,CNBYQ,CNLKU,CNSDG,MYTPP,CNCGM,CNXIA,CNBHI,TWMAI,CNRIZ,CNSHE,SGSGP,CNJIJ,TWTAP,CNZHA,CNQUA,CNZHE,CNDDG,CNWEN,CNQIZ,CNQHD,CNBAO,CNQIN,CNCFD,CNNJG,CNGLA,MYPGG,CNWEI,IDSAM,KRPOH,KRGWA,KRDAN,JPFUK,JPOIT,JPKIS,JPSKI,KRULS,KRINC,JPNAG,JPCBA,JPYOK,KRPYT,KRBUS,JPMIZ,JPKMA,KRYOS,JPOSK,AUGLE,AUMEL,AUNTL,AUADE,AUBRI"
OACFOGKKK,"USSEA,CAPRR,USLSA,CAVCR,USOAK,MXESE,MXLCS,MXMAN,PECAL,PABAL,USSAV,USNYK,COBUE,CLSAN,CLTAL,UYULA,CLLIR,BRPDM,ARBNA,BRPAR,BRRDJ,UYMON,BRSTS,BRIJI,BRRGR,FRLEH,BEZEE,SIKOP,ITGOA,DEHAM,ESBAR,MTMAL,BEANT,PLGDA,NLROT,TRMER,TRYAR,EGSOK,TRALI,EGPSA,JOAQA,ROCON,EGALE,EGDAM,SAJUB,SADMA,SAJED,KWMAA,AEJAL,AEABU,AERUW,OMSOH,AEKHA,AEFUJ,PKKAR,INNSA,LKCOL,INMUN,THLCB,VNHPG,VNCAM,CNHUI,MY3182,CNLSN,HKHKG,CNFAN,CNNBO,CNZOS,CNGUA,CNFUN,CNJIN,CNHUA,CNTAI,CNDCB,CNTJN,MYPKE,CNYSN,CNWGQ,CNCJK,CNJIT,CNNSA,CNYTN,CNJIA,CNLYG,CNYAN,AUESP,CNMEZ,CNDAL,CNYPG,TWKAO,CNZJG,CNSLH,CNDJK,CNBYQ,CNSDG,CNMWN,CNCGM,CNXIA,CNRIZ,CNSHE,SGSGP,TWTAP,CNZHA,CNQUA,CNZHE,CNDDG,CNQIZ,CNLYW,CNQHD,CNBAO,CNQIN,CNCFD,CNGLA,CNMJS,JPKAW,KRPOH,KRGWA,JPFUK,JPOIT,JPKIS,JPSKI,KRULS,KRINC,JPNAG,JPCBA,JPYOK,KRBUS,JPMIZ,JPKMA,KRYOS,AUGLE,AUNTL,AUHAY"
OFFROKOKK,"USSEA,USLSA,CAVCR,USOAK,MXLCS,MXMAN,PECAL,PABAL,USSAV,USCHA,USNYK,COBUE,CLSAN,CLTAL,UYULA,BRTUB,BRPDM,ARBNA,BRPAR,BRRDJ,UYMON,BRSTS,BRITA,BRRGR,GBSOU,FRLEH,BEZEE,FRFOS,SIKOP,ITGOA,DEHAM,ESBAR,MTMAL,ESCAR,BEANT,PLGDA,ESGIJ,NLROT,TRMER,TRYAR,TRALI,EGPSA,UAODS,JOAQA,ROCON,EGALE,EGDAM,SAJUB,SADMA,SAJED,QARAS,KWMAA,IQMAB,AEJAL,AEABU,AERUW,OMSOH,AEFUJ,PKQAS,PKKAR,INMUN,THLCB,THKSI,VNHPG,VNCAM,CNHUI,CNPAN,MY3182,CNLSN,HKHKG,CNFAN,CNNBO,CNZOS,CNGUA,CNFUN,CNJIN,CNHUA,CNTAI,CNTJN,MYPKE,MYPAG,CNYSN,CNWGQ,CNCJK,CNJIT,CNYZH,CNNSA,CNDSN,CNYTN,CNJIA,CNLYG,CNYAN,AUESP,CNMEZ,CNDAL,CNYPG,TWKAO,CNZJG,CNSLH,CNDJK,CNBYQ,CNLKU,CN9878,CNSDG,CNMWN,CNCGM,CNXIA,CN2039,CNRIZ,CNSHE,SGSGP,MY2243,TWTAP,CNZHA,CNZHE,CNDDG,CNQIZ,CNLYW,CNQHD,CNBAO,CNQIN,CNCFD,CNGLA,CNWEI,CNMJS,JPKAW,KRPOH,KRGWA,KRDAN,JPFUK,JPOIT,JPKIS,JPSKI,KRULS,KRINC,JPNAG,JPCBA,JPYOK,KRPYT,KRBUS,JPMIZ,JPKMA,KRYOS,AUGLE,AUNTL,AUBRI,AUSYD,AUHAY,RUNJK"
OFFKFFFKK,"USSEA,CAPRR,USLSA,CAVCR,USOAK,MXLCS,MXMAN,PECAL,PABAL,ECGYL,USSAV,USNYK,COBUE,CLSAN,CLTAL,UYULA,BRTUB,BRPAR,BRRDJ,UYMON,BRIOA,BRSTS,BRIJI,BRITA,BRRGR,GBSOU,FRLEH,BEZEE,SIKOP,ITGOA,DEHAM,MTMAL,ESCAR,BEANT,PLGDA,ESGIJ,NLROT,TRYAR,EGSOK,JOAQA,ROCON,EGALE,SAJUB,SADMA,SAJED,KWMAA,AEJAL,AEABU,OMSOH,AEFUJ,PKQAS,PKKAR,INNSA,INCHN,LKCOL,INKNP,INMUN,INKUP,THLCB,VNHPG,VNCAM,CNHUI,CNPAN,MY3182,CNLSN,HKHKG,CNFAN,CNNBO,CNZOS,CNGUA,CNFUN,CNJIN,CNHUA,CNTAI,CNDCB,CNTJN,MYPKE,MYPAG,CNYSN,CNWGQ,CNCJK,CNJIT,CNYZH,CNNSA,CNDSN,CNYTN,CNJIA,CNLYG,CNYAN,AUESP,CNMEZ,CNDAL,CNYPG,CNZZU,TWKAO,CNZJG,AUFRE,CNDJK,CNBYQ,MYPEN,CNSDG,CNMWN,CNCGM,CNXIA,CNRIZ,CNSHE,SGSGP,TWTAP,CNZHA,CNQUA,CNZHE,CNDDG,CNQIZ,CNQHD,CNBAO,CNQIN,CNCFD,CNGLA,CNWEI,JPKAW,KRPOH,KRGWA,KRDAN,JPFUK,JPOIT,JPKIS,JPSKI,KRULS,KRINC,JPNAG,JPCBA,JPYOK,KRBUS,JPMIZ,JPKMA,KRYOS,JPOSK,AUGLE,AUMEL,AUNTL,AUADE,AUBRI"
OFFAFORKK,"USLUA,PECAL,USNYK,UYULA,CLMEJ,UYFBS,GBBEL,PTLXS,IEDUB,FRLEH,BEZEE,ESHUE,ITTAR,ESTAR,DZDJE,DEHAM,FRROU,MTMAL,BEANT,ESGIJ,NLROT,ESBIL,TRGEB,TRYAR,GRAGT,LTKLJ,FIKOT,EGALE,AEJAL,OMSOH,PKQAS,PKKAR,INKAN,THLCB,IDCXP,IDJAK,VNHCM,VNHPG,VNQUN,THRAY,CNHUM,CNCJN,CNHUI,CNCZH,AUGER,CNNTG,CNFAN,CNDAF,CNYJG,CNNBO,CNZOS,CNGUA,CNFUN,CNJIN,CNHKO,CNHPU,CNDYI,CNTAI,CNTJN,MYPKE,MYPAG,CNSTO,CNYSN,CNWGQ,CNCJK,CNSHA,CNDSN,CNTAX,CNFUZ,CNJIA,TWHLN,CNLYG,CNYAN,CNWEF,CNCHS,CNMEZ,CNDAL,CNYPG,CNRUG,CNZZU,TWKAO,CNZJG,AUFRE,CNBAS,CNDJK,CNBYQ,CNYIZ,CNSHS,CNSDG,AUBUN,CNPLI,CNCGM,CNXIA,CNBHI,PHBAT,TWMAI,CNRIZ,SGSGP,TWTCH,CNJIJ,CNZHA,CNZPU,CNQUA,CNZHE,CNWEN,CNCHZ,CNQIZ,CNBAO,CNQIN,CNNJG,CNGLA,CNDNG,CNWEI,CNNDE,KRPOH,KRGWA,KRDAN,JPFUK,JPKIS,JPSKI,JPTOK,KRULS,KRINC,JPNAG,JPYOK,KRPYT,JPMIZ,JPMOJ,JPOSK,AUGLE,AUMEL,AUNTL,AUPKE,AUWHY,AUADE,AUPLD,AUGEE"
OARAGCKKK,"USLSA,CAVCR,USOAK,MXLCS,MXMAN,PECAL,ECGYL,USNYK,COBUE,UYULA,BRPAR,BRRDJ,UYMON,BRSTS,BRRGR,GBSOU,FRLEH,BEZEE,NLAMS,SIKOP,ITGOA,DEHAM,MTMAL,BEANT,PLGDA,ESGIJ,NLROT,TRYAR,GRAGT,ZARIB,JOAQA,ROCON,EGALE,SAJUB,BHBAH,KEMOM,SADMA,QAUMS,SAJED,SAYAN,KWMAA,AEJAL,AEABU,OMSOH,AEFUJ,PKQAS,PKKAR,INKNP,INMUN,THLCB,THKSI,VNHPG,VNCAM,CNHUI,CNPAN,CNTAZ,MY3182,CNLSN,HKHKG,AUGER,CNNTG,CNFAN,CNNBO,CNPYU,CNZOS,CNGUA,CNFUN,CNJIN,CNHUA,CNTAI,CNDCB,CN9862,CNTJN,MYPKE,MYPAG,IDBAH,CNSTO,CNYSN,CNWGQ,CNCJK,CNJIT,CN9873,CNYZH,CNNSA,CNDSN,CNLAZ,CNYTN,CNJIA,CN1087,CNLYG,CNYAN,AUESP,CNCHS,CNMEZ,CNDAL,CNYPG,CNRUG,CNZZU,TWKAO,CNZJG,CNSLH,AUFRE,CNDJK,CNBYQ,CNLKU,MYTBS,CNSDG,MYTPP,CNMWN,CNCGM,CNXIA,CNBHI,TWMAI,CNRIZ,CNSHE,SGSGP,CNJIJ,TWTAP,CNZHA,CNQUA,CNZHE,CNDDG,CNWEN,CNQIZ,CNQHD,CNBAO,CNQIN,CNCFD,CNNJG,CNGLA,MYPGG,CNWEI,IDSAM,KRPOH,KRGWA,KRDAN,JPFUK,JPOIT,JPKIS,JPSKI,KRULS,KRINC,JPNAG,JPCBA,JPYOK,KRPYT,KRBUS,JPMIZ,JPKMA,KRYOS,JPOSK,AUGLE,AUMEL,AUNTL,AUADE,AUBRI,RUNJK"
OARNCGKGK,"USLUA,USNYK,CLARI,UYULA,CLMEJ,GBBEL,PTLXS,IEDUB,FRLEH,ESHUE,ITTAR,ESTAR,DZDJE,DEHAM,FRROU,MTMAL,BEANT,ESGIJ,NLROT,TRGEB,TRYAR,GRAGT,LTKLJ,EGALE,VNHPG,THRAY,CNHUM,CNCJN,CNHUI,CNCZH,CNNTG,CNFAN,CNYJG,CNNBO,CNZOS,CNGUA,CNFUN,CNJIN,CNHKO,CNHPU,CNDYI,CNTAI,CNTJN,CNSTO,CNYSN,CNWGQ,CNCJK,CNSHA,CNDSN,CNTAX,CNFUZ,CNJIA,CNLYG,CNYAN,CNWEF,CNCHS,CNMEZ,CNDAL,CNYPG,CNRUG,CNZZU,TWKAO,CNZJG,AUFRE,CNBAS,CNDJK,CNYIZ,CNSHS,CNSDG,CNBHI,TWMAI,SGSGP,CNJIJ,CNZHA,CNZPU,CNQUA,CNZHE,CNWEN,CNCHZ,CNQIZ,CNQIN,CNNJG,CNGLA,CNDNG,CNWEI,CNNDE,JPKOB,KRGWA,KRDAN,JPTOK,KRULS,JPNAG,JPYOK,JPOSK,AUADE,AUGEE"
GRGKAGYYK,"USNYK,UYULA,FRLEH,DEHAM,MTMAL,BEANT,ESGIJ,NLROT,TRYAR,GRAGT,EGALE,VNHPG,CNHUI,CNFAN,CNNBO,CNZOS,CNGUA,CNFUN,CNJIN,CNTAI,CNTJN,CNSTO,CNYSN,CNWGQ,CNCJK,CNJIT,CNDSN,CNJIA,CNLYG,CNYAN,CNMEZ,CNDAL,CNYPG,CNRUG,CNZZU,TWKAO,CNZJG,CNDJK,CNBYQ,CNSDG,CNPLI,CNXIA,SGSGP,CNZHA,CNZHE,CNWEN,CNQIZ,CNQIN,CNGLA,KRGWA,KRDAN,KRULS,JPNAG"
OARCNYFSK,"USLSA,CAVCR,USOAK,MXLCS,MXMAN,PECAL,ECGYL,USNYK,COBUE,CLTAL,UYULA,BRPAR,BRRDJ,UYMON,BRSTS,BRRGR,GBSOU,FRLEH,BEZEE,NLAMS,SIKOP,ITGOA,DEHAM,MTMAL,BEANT,PLGDA,ESGIJ,NLROT,TRYAR,GRAGT,ZARIB,JOAQA,ROCON,EGALE,SAJUB,BHBAH,KEMOM,SADMA,QAUMS,SAJED,SAYAN,KWMAA,AEJAL,AEABU,OMSOH,AEFUJ,PKQAS,PKKAR,INKNP,INMUN,THLCB,VNHPG,VNCAM,CNHUI,CNPAN,CNTAZ,CNLSN,HKHKG,AUGER,CNNTG,CNFAN,CNNBO,CNZOS,CNGUA,CNFUN,CNJIN,CNHUA,CNTAI,CNDCB,CNTJN,MYPKE,MYPAG,IDBAH,CNSTO,CNYSN,CNWGQ,CNCJK,CNJIT,CNYZH,CNNSA,CNDSN,CNLAZ,CNYTN,CNJIA,CNLYG,CNYAN,AUESP,CNCHS,CNMEZ,CNDAL,CNYPG,CNRUG,CNZZU,TWKAO,CNZJG,AUFRE,CNDJK,CNBYQ,CNLKU,CNSDG,CNPLI,CNCGM,CNXIA,CNBHI,TWMAI,CNRIZ,CNSHE,SGSGP,CNJIJ,TWTAP,CNZHA,CNQUA,CNZHE,CNDDG,CNWEN,CNCHZ,CNQIZ,CNQHD,CNBAO,CNQIN,CNCFD,CNNJG,CNGLA,CNWEI,IDSAM,JPKAW,KRPOH,KRGWA,KRDAN,JPFUK,JPOIT,JPKIS,JPSKI,KRULS,KRINC,JPNAG,JPYOK,KRPYT,KRBUS,JPMIZ,JPKMA,JPOSK,AUGLE,AUMEL,AUNTL,AUADE,AUBRI"
OACKRNKKK,"USLSA,CAVCR,USOAK,GTPQL,MXLCS,MXMAN,PECAL,PABAL,ECGYL,USNPN,USSAV,USNYK,COBUE,CLTAL,UYULA,BRPEC,BRTUB,BRPDM,BRPAR,BRRDJ,UYMON,BRSTS,BRITA,BRRGR,GBSOU,FRLEH,BEZEE,NLAMS,SIKOP,ITGOA,DEHAM,ESBAR,MTMAL,ESCAR,BEANT,PLGDA,ESGIJ,NLROT,TRMER,ZACPT,TRYAR,GRELE,GRAGT,TRALI,ZARIB,EGPSA,JOAQA,ROCON,EGALE,EGDAM,SAJUB,BHBAH,KEMOM,SADMA,QAUMS,SAJED,SAYAN,KWMAA,AEJAL,AEABU,AERUW,OMSOH,AEFUJ,RUULG,PKQAS,PKKAR,INCHN,INKNP,INMUN,INVIS,THLCB,THKSI,VNHPG,VNCAM,VNSOD,CNHUI,CNPAN,CNTAZ,MY3182,CNLSN,HKHKG,AUGER,CNNTG,CNFAN,CNNBO,CNPYU,CNZOS,CNGUA,CNFUN,CNJIN,CNHUA,CNTAI,CNDCB,CN9862,CNTJN,MYPKE,MYPAG,IDBAH,CNSTO,CNYSN,CNWGQ,CNCJK,CNJIT,CN9873,CNYZH,CNNSA,CNDSN,CNLAZ,CNYTN,CNJIA,CN1087,CNLYG,CNYAN,AUESP,CNCHS,CNMEZ,CNDAL,CNYPG,CNRUG,CNZZU,TWKAO,CNZJG,CNSLH,AUFRE,CNDJK,CNBYQ,CNLKU,MYTBS,CNSDG,MYTPP,CNMWN,CNCGM,CNXIA,CNBHI,TWMAI,CNRIZ,CNSHE,SGSGP,MY2243,CNJIJ,TWTAP,CNZHA,CNQUA,CNZHE,CNDDG,CNWEN,CNCHZ,CNQIZ,CNLYW,CNQHD,CNBAO,CNQIN,CNCFD,CNNJG,CNGLA,MYPGG,CNWEI,IDSAM,CNMJS,JPKAW,KRPOH,KRGWA,KRDAN,JPFUK,JPOIT,JPKIS,JPSKI,KRULS,KRINC,JPNAG,JPCBA,JPYOK,KRPYT,KRBUS,JPMIZ,JPKMA,KRYOS,JPOSK,AUGLE,AUMEL,AUNTL,AUADE,AUBRI,AUHAY,RUNJK"
OARCRAKRK,"CNHUI,CNCZH,CNHKO,CNSTO,CNBHI,CNZHA,CNDNG"
OACCGKKKK,"USLSA,CAVCR,USOAK,GTPQL,MXLCS,MXMAN,PECAL,PABAL,ECGYL,USNPN,USSAV,USNYK,COBUE,CLSAN,CLTAL,UYULA,BRPEC,BRTUB,BRPDM,ARBNA,BRPAR,BRRDJ,UYMON,BRIOA,BRSTS,BRITA,BRRGR,GBSOU,FRLEH,BEZEE,NLAMS,SIKOP,ITGOA,DEHAM,ESBAR,MTMAL,ESCAR,BEANT,PLGDA,ESGIJ,NLROT,TRMER,ZACPT,TRYAR,GRELE,GRAGT,TRALI,ZARIB,EGPSA,JOAQA,ROCON,EGALE,EGDAM,SAJUB,BHBAH,KEMOM,SADMA,QAUMS,SAJED,SAYAN,KWMAA,AEJAL,AEABU,AERUW,OMSOH,AEFUJ,RUULG,PKQAS,PKKAR,INCHN,INKNP,INMUN,INVIS,THLCB,THKSI,VNHPG,VNCAM,VNSOD,CNHUI,CNPAN,CNTAZ,MY3182,CNLSN,HKHKG,AUGER,CNFAN,CNNBO,CNPYU,CNZOS,CNGUA,CNFUN,CNJIN,CNHUA,CNTAI,CNDCB,CN9862,CNTJN,MYPKE,MYPAG,IDBAH,CNSTO,CNYSN,CNWGQ,CNCJK,CNJIT,CN9873,CNYZH,CNNSA,CNDSN,CNLAZ,CNYTN,CNJIA,CN1087,CNLYG,CNYAN,AUESP,CNMEZ,CNDAL,CNYPG,CNRUG,CNZZU,CNSWE,TWKAO,CNZJG,CNSLH,AUFRE,CNDJK,CNBYQ,CNLKU,MYTBS,CNSDG,MYTPP,CNMWN,CNCGM,CNXIA,CNBHI,TWMAI,CNRIZ,CNSHE,SGSGP,MY2243,TWTAP,CNZHA,CNQUA,CNZHE,CNDDG,CNWEN,CNQIZ,CNLYW,CNQHD,CNBAO,CNQIN,CNCFD,CNGLA,MYPGG,CNWEI,IDSAM,CNMJS,JPKAW,KRPOH,KRGWA,KRDAN,JPFUK,JPOIT,JPKIS,JPSKI,KRULS,KRINC,JPNAG,JPCBA,JPYOK,KRPYT,KRBUS,JPMIZ,JPKMA,KRYOS,JPOSK,AUGLE,AUMEL,AUNTL,AUADE,AUBRI,AUHAY,RUNJK"
OARASOKKK,"USLSA,CAVCR,USOAK,GTPQL,MXLCS,MXMAN,PECAL,PABAL,ECGYL,USNPN,USSAV,USNYK,COBUE,CLTAL,UYULA,BRPEC,BRTUB,BRPDM,BRPAR,BRRDJ,UYMON,BRSTS,BRITA,BRRGR,GBSOU,FRLEH,BEZEE,NLAMS,SIKOP,ITGOA,DEHAM,ESBAR,MTMAL,ESCAR,BEANT,PLGDA,ESGIJ,NLROT,TRMER,ZACPT,TRYAR,GRELE,GRAGT,TRALI,ZARIB,EGPSA,JOAQA,ROCON,EGALE,EGDAM,SAJUB,BHBAH,KEMOM,SADMA,QAUMS,SAJED,SAYAN,KWMAA,AEJAL,AEABU,AERUW,OMSOH,AEFUJ,RUULG,PKQAS,PKKAR,INCHN,INKNP,INMUN,INVIS,THLCB,THKSI,VNHPG,VNCAM,VNSOD,CNHUI,CNPAN,CNTAZ,MY3182,CNLSN,HKHKG,AUGER,CNNTG,CNFAN,CNNBO,CNPYU,CNZOS,CNGUA,CNFUN,CNJIN,CNHUA,CNTAI,CNDCB,CN9862,CNTJN,MYPKE,MYPAG,IDBAH,CNSTO,CNYSN,CNWGQ,CNCJK,CNJIT,CN9873,CNYZH,CNNSA,CNDSN,CNLAZ,CNYTN,CNJIA,CN1087,CNLYG,CNYAN,AUESP,CNCHS,CNMEZ,CNDAL,CNYPG,CNRUG,CNZZU,CNSWE,TWKAO,CNZJG,CNSLH,AUFRE,CNDJK,CNBYQ,CNLKU,MYTBS,CNSDG,MYTPP,CNMWN,CNCGM,CNXIA,CNBHI,TWMAI,CNRIZ,CNSHE,SGSGP,MY2243,CNJIJ,TWTAP,CNZHA,CNQUA,CNZHE,CNDDG,CNWEN,CNCHZ,CNQIZ,CNLYW,CNQHD,CNBAO,CNQIN,CNCFD,CNNJG,CNGLA,MYPGG,CNWEI,IDSAM,CNMJS,JPKAW,KRPOH,KRGWA,KRDAN,JPFUK,JPOIT,JPKIS,JPSKI,KRULS,KRINC,JPNAG,JPCBA,JPYOK,KRPYT,KRBUS,JPMIZ,JPKMA,KRYOS,JPOSK,AUGLE,AUMEL,AUNTL,AUADE,AUBRI,AUHAY,RUNJK"
RNOYKSKKK,"CAPRR,CAVCR,CANWE,BRPDM,GNBFF,DEHAM,SARTA,KWMAA,IQMAB,AERUW,OMSOH,AEFUJ,CNHUI,MY3182,CNLSN,CNFAN,CNNBO,CNZOS,CNJIN,CNHUA,CNTAI,CNTJN,CNJIT,MY3173,CNJIA,CNLYG,CNYAN,CNMEZ,CNDAL,CNYPG,TWKAO,CNSLH,CNDJK,CNBYQ,CNSDG,AUPHE,CNRIZ,SGSGP,AUPWA,CNZHA,CNDDG,CNQIZ,CNLYW,CNQIN,CNCFD,AUDPR,CNMJS,KRPOH,KRGWA,JPFUK,JPKII,JPKIS,JPSKI,KRULS,KRINC,JPNAG,JPCBA,JPMIZ,JPKMA,KRYOS,AUNTL,AUHAY"
OARSYRKKK,"USLSA,CAVCR,USOAK,GTPQL,MXLCS,MXMAN,PECAL,PABAL,ECGYL,USNPN,USSAV,USNYK,COBUE,CLTAL,UYULA,BRPEC,BRTUB,BRPDM,BRPAR,BRRDJ,UYMON,BRSTS,BRITA,BRRGR,GBSOU,FRLEH,BEZEE,NLAMS,SIKOP,ITGOA,DEHAM,ESBAR,MTMAL,ESCAR,BEANT,PLGDA,ESGIJ,NLROT,TRMER,ZACPT,TRYAR,GRELE,GRAGT,TRALI,ZARIB,EGPSA,JOAQA,ROCON,EGALE,EGDAM,SAJUB,BHBAH,KEMOM,SADMA,QAUMS,SAJED,SAYAN,KWMAA,AEJAL,AEABU,AERUW,OMSOH,AEFUJ,RUULG,PKQAS,PKKAR,INCHN,INKNP,INMUN,INVIS,THLCB,THKSI,VNHPG,VNCAM,VNSOD,CNHUI,CNPAN,CNTAZ,MY3182,CNLSN,HKHKG,AUGER,CNNTG,CNFAN,CNNBO,CNPYU,CNZOS,CNGUA,CNFUN,CNJIN,CNHUA,CNTAI,CNDCB,CN9862,CNTJN,MYPKE,MYPAG,IDBAH,CNSTO,CNYSN,CNWGQ,CNCJK,CNJIT,CN9873,CNYZH,CNNSA,CNDSN,CNLAZ,CNYTN,CNJIA,CN1087,CNLYG,CNYAN,AUESP,CNCHS,CNMEZ,CNDAL,CNYPG,CNRUG,CNZZU,CNSWE,TWKAO,CNZJG,CNSLH,AUFRE,CNDJK,CNBYQ,CNLKU,MYTBS,CNSDG,MYTPP,CNMWN,CNCGM,CNXIA,CNBHI,TWMAI,CNRIZ,CNSHE,SGSGP,MY2243,CNJIJ,TWTAP,CNZHA,CNQUA,CNZHE,CNDDG,CNWEN,CNCHZ,CNQIZ,CNLYW,CNQHD,CNBAO,CNQIN,CNCFD,CNNJG,CNGLA,MYPGG,CNWEI,IDSAM,CNMJS,JPKAW,KRPOH,KRGWA,KRDAN,JPFUK,JPOIT,JPKIS,JPSKI,KRULS,KRINC,JPNAG,JPCBA,JPYOK,KRPYT,KRBUS,JPMIZ,JPKMA,KRYOS,JPOSK,AUGLE,AUMEL,AUNTL,AUADE,AUBRI,AUHAY,RUNJK"
OAOFRGKKK,"USSEA,USLSA,CAVCR,USOAK,GTPQL,MXLCS,MXMAN,PECAL,PABAL,ECGYL,USSAV,USCHA,USNYK,COBUE,CLSAN,CLTAL,UYULA,BRTUB,BRPDM,ARBNA,BRPAR,BRRDJ,UYMON,BRIOA,BRSTS,BRITA,BRRGR,GBSOU,FRLEH,BEZEE,SIKOP,ITGOA,DEHAM,ESBAR,MTMAL,ESCAR,BEANT,PLGDA,ESGIJ,NLROT,TRMER,ZACPT,TRYAR,EGSOK,TRALI,EGPSA,UAODS,JOAQA,ROCON,EGALE,EGDAM,SAJUB,SADMA,SAJED,KWMAA,AEJAL,AEABU,AERUW,OMSOH,AEFUJ,PKQAS,PKKAR,INCHN,INKNP,INMUN,INVIS,INKUP,THLCB,VNHPG,VNCAM,CNHUI,CNPAN,MY3182,CNLSN,HKHKG,CNFAN,CNNBO,CNZOS,CNGUA,CNFUN,CNJIN,CNHUA,CNTAI,CNDCB,CNTJN,MYPKE,MYPAG,CNYSN,CNWGQ,CNCJK,CNJIT,CNYZH,CNNSA,CNDSN,CNYTN,CNJIA,CNLYG,CNYAN,AUESP,CNMEZ,CNDAL,CNYPG,CNZZU,TWKAO,CNZJG,CNSLH,AUFRE,CNDJK,CNBYQ,MYPEN,CNSDG,CNMWN,CNCGM,CNXIA,CNRIZ,CNSHE,SGSGP,TWTAP,CNZHA,CNZHE,CNDDG,CNQIZ,CNLYW,CNBAO,CNQIN,CNCFD,CNGLA,CNWEI,CNMJS,JPKAW,KRPOH,KRGWA,KRDAN,JPFUK,JPOIT,JPKIS,JPSKI,KRULS,KRINC,JPNAG,JPCBA,JPYOK,KRBUS,JPMIZ,JPKMA,KRYOS,JPOSK,AUGLE,AUMEL,AUNTL,AUADE,AUBRI,AUHAY"
RNASGFKKK,"USLSA,CAVCR,USOAK,GTPQL,MXLCS,MXMAN,PECAL,PABAL,ECGYL,USNPN,USSAV,USNYK,COBUE,CLTAL,UYULA,BRPEC,BRTUB,BRPDM,BRPAR,BRRDJ,UYMON,BRSTS,BRITA,BRRGR,GBSOU,FRLEH,BEZEE,NLAMS,SIKOP,ITGOA,DEHAM,ESBAR,MTMAL,ESCAR,BEANT,PLGDA,ESGIJ,NLROT,TRMER,ZACPT,TRYAR,GRELE,GRAGT,TRALI,ZARIB,EGPSA,JOAQA,ROCON,EGALE,EGDAM,SAJUB,BHBAH,KEMOM,SADMA,QAUMS,SAJED,SAYAN,KWMAA,AEJAL,AEABU,AERUW,OMSOH,AEFUJ,RUULG,PKQAS,PKKAR,INCHN,INKNP,INMUN,INVIS,THLCB,THKSI,VNHPG,VNCAM,VNSOD,CNHUI,CNPAN,CNTAZ,MY3182,CNLSN,HKHKG,AUGER,CNNTG,CNFAN,CNNBO,CNPYU,CNZOS,CNGUA,CNFUN,CNJIN,CNHUA,CNTAI,CNDCB,CN9862,CNTJN,MYPKE,MYPAG,IDBAH,CNSTO,CNYSN,CNWGQ,CNCJK,CNJIT,CN9873,CNYZH,CNNSA,CNDSN,CNLAZ,CNYTN,CNJIA,CN1087,CNLYG,CNYAN,AUESP,CNCHS,CNMEZ,CNDAL,CNYPG,CNRUG,CNZZU,TWKAO,CNZJG,CNSLH,AUFRE,CNDJK,CNBYQ,CNLKU,MYTBS,CNSDG,MYTPP,CNPLI,CNMWN,CNCGM,CNXIA,CNBHI,TWMAI,CNRIZ,CNSHE,SGSGP,MY2243,CNJIJ,TWTAP,CNZHA,CNQUA,CNZHE,CNDDG,CNWEN,CNCHZ,CNQIZ,CNLYW,CNQHD,CNBAO,CNQIN,CNCFD,CNNJG,CNGLA,MYPGG,CNWEI,IDSAM,JPKAW,KRPOH,KRGWA,KRDAN,JPFUK,JPOIT,JPKIS,JPSKI,KRULS,KRINC,JPNAG,JPCBA,JPYOK,KRPYT,KRBUS,JPMIZ,JPKMA,KRYOS,JPOSK,AUGLE,AUMEL,AUNTL,AUADE,AUBRI,AUHAY,RUNJK"
OFFAGGGKK,"BEZEE,DEHAM,BEANT,PLGDA,NLROT,GRPIR,SADMA,AEJAL,AEKHA,CNNBO,CNZOS,CNTJN,MYPKE,CNYSN,CNNSA,CNYTN,CNLYG,CNDAL,CNXIA,SGSGP,CNQIN,KRGWA"
OAROFYYFK,"CAVCR,USLUA,PECAL,USNYK,UYULA,CLMEJ,UYFBS,BRVIT,BRSTS,GBBEL,PTLXS,GNCON,IEDUB,FRLEH,BEZEE,ESHUE,ITTAR,ESTAR,DZDJE,DEHAM,FRROU,MTMAL,BEANT,PLGDA,ESGIJ,NLROT,ESBIL,TRGEB,TRYAR,ZADUR,GRAGT,TRLMA,TRDER,FIRAU,JOAQA,LTKLJ,FIKOT,ROCON,UACHO,EGALE,BHBAH,SADMA,SAJED,SAYAN,KWMAA,AEJAL,AEABU,AERAK,RUSPG,OMSOH,AEFUJ,PKQAS,PKKAR,INKAN,INKAK,INMUN,THLCB,IDCXP,IDJAK,VNHCM,VNHPG,VNQUN,THRAY,CNHUM,CNCJN,CNHUI,CNCZH,CNLSN,HKHKG,AUGER,CNNTG,CNFAN,CNDAF,CNYJG,CNNBO,CNZOS,CNGUA,CNFUN,CNJIN,CNHKO,CNHPU,CNDYI,CNTAI,CNTJN,MYPKE,MYPAG,CNSTO,CNYSN,CNWGQ,CNCJK,CNJIT,CNYZH,CNSHA,CNNSA,CNDSN,CNTAX,CNFUZ,CNJIA,TWHLN,CNLYG,CNYAN,CNWEF,CNCHS,CNMEZ,CNDAL,CNYPG,CNRUG,CNZZU,TWKAO,CNZJG,AUFRE,CNBAS,CNDJK,CNBYQ,CNYIZ,CNSHS,CNSDG,AUBUN,CNPLI,CNCGM,CNXIA,CNBHI,PHBAT,TWMAI,CNRIZ,SGSGP,TWTCH,CNJIJ,CNZHA,CNZPU,CNQUA,CNZHE,CNWEN,CNCHZ,CNQIZ,CNQHD,CNBAO,CNQIN,CNLVS,CNCFD,CNNJG,CNGLA,CNDNG,CNWEI,CNNDE,KRPOH,KRKUN,KRGWA,KRDAN,JPFUK,JPKIS,JPHHR,KRMAS,JPSKI,JPTOK,KRULS,KRINC,JPNAG,JPYOK,KRPYT,KRBUS,JPMIZ,JPMOJ,JPKMA,JPOSK,AUGLE,AUMEL,AUNTL,AUPKE,AUWHY,AUADE,AUPLD,AUGEE,NZNAP"
OAOAFNKKK,"USLSA,CAVCR,USOAK,GTPQL,MXLCS,MXMAN,PECAL,PABAL,ECGYL,USNPN,USSAV,USNYK,COBUE,CLTAL,UYULA,BRPEC,BRTUB,BRPDM,BRPAR,BRRDJ,UYMON,BRSTS,BRITA,BRRGR,GBSOU,FRLEH,BEZEE,NLAMS,SIKOP,ITGOA,DEHAM,ESBAR,MTMAL,ESCAR,BEANT,PLGDA,ESGIJ,NLROT,TRMER,ZACPT,TRYAR,GRELE,GRAGT,TRALI,ZARIB,EGPSA,JOAQA,ROCON,EGALE,EGDAM,SAJUB,BHBAH,KEMOM,SADMA,QAUMS,SAJED,SAYAN,KWMAA,AEJAL,AEABU,AERUW,OMSOH,AEFUJ,RUULG,PKQAS,PKKAR,INCHN,INKNP,INMUN,INVIS,THLCB,THKSI,VNHPG,VNCAM,VNSOD,CNHUI,CNPAN,CNTAZ,MY3182,CNLSN,HKHKG,AUGER,CNNTG,CNFAN,CNNBO,CNPYU,CNZOS,CNGUA,CNFUN,CNJIN,CNHUA,CNTAI,CNDCB,CN9862,CNTJN,MYPKE,MYPAG,IDBAH,CNSTO,CNYSN,CNWGQ,CNCJK,CNJIT,CN9873,CNYZH,CNNSA,CNDSN,CNLAZ,CNYTN,CNJIA,CN1087,CNLYG,CNYAN,AUESP,CNCHS,CNMEZ,CNDAL,CNYPG,CNRUG,CNZZU,TWKAO,CNZJG,CNSLH,AUFRE,CNDJK,CNBYQ,CNLKU,MYTBS,CNSDG,MYTPP,CNPLI,CNMWN,CNCGM,CNXIA,CNBHI,TWMAI,CNRIZ,CNSHE,SGSGP,MY2243,CNJIJ,TWTAP,CNZHA,CNQUA,CNZHE,CNDDG,CNWEN,CNCHZ,CNQIZ,CNLYW,CNQHD,CNBAO,CNQIN,CNCFD,CNNJG,CNGLA,MYPGG,CNWEI,IDSAM,JPKAW,KRPOH,KRGWA,KRDAN,JPFUK,JPOIT,JPKIS,JPSKI,KRULS,KRINC,JPNAG,JPCBA,JPYOK,KRPYT,KRBUS,JPMIZ,JPKMA,KRYOS,JPOSK,AUGLE,AUMEL,AUNTL,AUADE,AUBRI,AUHAY,RUNJK"
OACRFSFOK,"USLSA,CAVCR,USOAK,MXLCS,MXMAN,PECAL,ECGYL,USNYK,COBUE,CLTAL,UYULA,BRPAR,BRRDJ,UYMON,BRSTS,BRRGR,GBSOU,FRLEH,BEZEE,NLAMS,SIKOP,ITGOA,DEHAM,MTMAL,BEANT,PLGDA,ESGIJ,NLROT,TRYAR,GRAGT,ZARIB,JOAQA,ROCON,EGALE,SAJUB,BHBAH,KEMOM,SADMA,QAUMS,SAJED,SAYAN,KWMAA,AEJAL,AEABU,OMSOH,AEFUJ,PKQAS,PKKAR,INKNP,INMUN,THLCB,VNHPG,VNCAM,CNHUI,CNPAN,CNTAZ,CNLSN,HKHKG,AUGER,CNNTG,CNFAN,CNNBO,CNZOS,CNGUA,CNFUN,CNJIN,CNHUA,CNTAI,CNDCB,CNTJN,MYPKE,MYPAG,IDBAH,CNSTO,CNYSN,CNWGQ,CNCJK,CNJIT,CNYZH,CNNSA,CNDSN,CNLAZ,CNYTN,CNJIA,CNLYG,CNYAN,AUESP,CNCHS,CNMEZ,CNDAL,CNYPG,CNRUG,CNZZU,TWKAO,CNZJG,AUFRE,CNDJK,CNBYQ,CNLKU,CNSDG,CNPLI,CNCGM,CNXIA,CNBHI,TWMAI,CNRIZ,CNSHE,SGSGP,CNJIJ,TWTAP,CNZHA,CNQUA,CNZHE,CNDDG,CNWEN,CNCHZ,CNQIZ,CNQHD,CNBAO,CNQIN,CNCFD,CNNJG,CNGLA,CNWEI,IDSAM,JPKAW,KRPOH,KRGWA,KRDAN,JPFUK,JPOIT,JPKIS,JPSKI,KRULS,KRINC,JPNAG,JPYOK,KRPYT,KRBUS,JPMIZ,JPKMA,JPOSK,AUGLE,AUMEL,AUNTL,AUADE,AUBRI"
OFFYARAKK,"USVAN,CAVCR,USLUA,MXMAN,PECAL,ECGYL,USNYK,COBUE,UYULA,ARROS,BRVIT,BRRDJ,UYMON,BRSTS,BRRGR,GBBEL,PTLXS,MACAS,GHTEM,GNCON,IEDUB,FRLEH,BEZEE,SIKOP,ITGOA,NLVSG,ESHUE,ITTAR,ESTAR,DZDJE,DEHAM,ITRAV,FRROU,MTMAL,BEANT,PLGDA,ITVEN,ESGIJ,NLROT,ESBIL,TRGEB,LVRIX,TRYAR,ZADUR,GRAGT,TRLMA,TRDER,ZARIB,JOAQA,LTKLJ,FIKOT,ROCON,ZAPLZ,UACHO,EGALE,BHBAH,KEMOM,TZDRS,SADMA,SAJED,SAYAN,KWMAA,AEJAL,AEABU,AERAK,RUNVS,RUSPG,OMSOH,AEFUJ,PKQAS,PKKAR,INKAN,INKNP,INMUN,THLCB,VNNGH,IDJAK,VNHCM,VNHPG,VNCAM,VNQUN,IDSUR,CNHUM,CNCJN,CNHUI,CNCZH,CNLSN,HKHKG,AUGER,CNNTG,CNFAN,CNDAF,CNYJG,CNNBO,CNZOS,CNGUA,CNFUN,CNJIN,CNHKO,CNHPU,CNDYI,CNHUA,CNTAI,CNTJN,MYPKE,MYPAG,IDBAH,CNSTO,CNYSN,CNWGQ,CNCJK,CNJIT,CNYZH,CNSHA,CNNSA,CNDSN,CNTAX,CNLAZ,CNFUZ,CNJIA,TWHLN,CNLYG,CNYAN,CNCHS,CNMEZ,CNDAL,CNYPG,CNRUG,CNZZU,TWKAO,CNZJG,AUFRE,CNBAS,CNDJK,CNBYQ,CNLKU,CNYIZ,CNSDG,CNPLI,CNCGM,CNXIA,CNBHI,PHBAT,TWMAI,CNRIZ,SGSGP,TWTCH,CNJIJ,TWTAP,CNZHA,CNZPU,CNQUA,CNZHE,CNDDG,CNWEN,CNCHZ,CNQIZ,CNQHD,CNBAO,CNQIN,CNLVS,CNCFD,CNNJG,CNGLA,CNDNG,CNWEI,IDSAM,CNNDE,KRPOH,KRKUN,KRGWA,JPHIB,KRDAN,JPFUK,JPOIT,JPKIS,JPHHR,JPSKI,JPTOK,KRULS,KRINC,JPNAG,JPYOK,KRPYT,KRBUS,JPMIZ,JPMOJ,JPKMA,JPOSK,AUGLE,AUMEL,AUNTL,AUPKE,AUADE,AUBRI,AUBNE,AUGEE,RUVYP,NZAKL,NZTAU,NZNAP"
OFFCRCCKK,"BEZEE,DEHAM,BEANT,PLGDA,NLROT,GRPIR,SADMA,AEJAL,AEKHA,CNNBO,CNZOS,CNTJN,MYPKE,CNYSN,CNNSA,CNYTN,CNLYG,CNDAL,CNXIA,SGSGP,CNQIN,KRGWA"
OAROYRNOK,"GBBEL,PTLXS,IEDUB,FRLEH,ESHUE,ITTAR,ESTAR,DZDJE,DEHAM,FRROU,BEANT,NLROT,TRGEB,TRYAR,LTKLJ,CNCJN,CNHUI,CNCZH,CNNTG,CNFAN,CNYJG,CNNBO,CNZOS,CNGUA,CNFUN,CNJIN,CNHKO,CNHPU,CNDYI,CNTAI,CNTJN,CNSTO,CNYSN,CNWGQ,CNCJK,CNSHA,CNDSN,CNTAX,CNFUZ,CNJIA,CNLYG,CNYAN,CNWEF,CNCHS,CNMEZ,CNDAL,CNYPG,CNRUG,TWKAO,CNZJG,CNBAS,CNDJK,CNYIZ,CNSHS,CNSDG,CNBHI,TWMAI,SGSGP,CNJIJ,CNZHA,CNZPU,CNQUA,CNZHE,CNWEN,CNCHZ,CNQIN,CNNJG,CNGLA,CNDNG,CNNDE,KRGWA,KRDAN,KRULS"
OFFGRGAKK,"CAPRR,CAVCR,CANWE,BRPDM,DEHAM,SARTA,KWMAA,IQMAB,AERUW,OMSOH,AEFUJ,CNHUI,MY3182,CNLSN,CNFAN,CNNBO,CNZOS,CNJIN,CNHUA,CNTAI,CNTJN,CNJIT,MY3173,CNJIA,CNLYG,CNYAN,CNMEZ,CNDAL,CNYPG,TWKAO,CNSLH,CNDJK,CNBYQ,CNSDG,AUPHE,CNRIZ,SGSGP,AUPWA,CNZHA,CNDDG,CNQIZ,CNLYW,CNQIN,CNCFD,AUDPR,CNMJS,KRPOH,KRGWA,JPFUK,JPKII,JPKIS,JPSKI,KRULS,KRINC,JPNAG,JPCBA,JPMIZ,JPKMA,KRYOS,AUNTL,AUHAY"
OAOFACKKK,"USLSA,CAVCR,USOAK,MXLCS,MXMAN,PECAL,PABAL,ECGYL,USNPN,USSAV,USNYK,COBUE,CLTAL,UYULA,BRPEC,BRTUB,BRPDM,BRPAR,BRRDJ,UYMON,BRSTS,BRITA,BRRGR,GBSOU,FRLEH,BEZEE,NLAMS,SIKOP,ITGOA,DEHAM,ESBAR,MTMAL,ESCAR,BEANT,PLGDA,ESGIJ,NLROT,TRMER,ZACPT,TRYAR,GRELE,GRAGT,TRALI,ZARIB,EGPSA,JOAQA,ROCON,EGALE,EGDAM,SAJUB,BHBAH,KEMOM,SADMA,QAUMS,SAJED,SAYAN,KWMAA,AEJAL,AEABU,AERUW,OMSOH,AEFUJ,RUULG,PKQAS,PKKAR,INCHN,INKNP,INMUN,INVIS,THLCB,THKSI,VNHPG,VNCAM,VNSOD,CNHUI,CNPAN,CNTAZ,MY3182,CNLSN,HKHKG,AUGER,CNNTG,CNFAN,CNNBO,CNPYU,CNZOS,CNGUA,CNFUN,CNJIN,CNHUA,CNTAI,CNDCB,CN9862,CNTJN,MYPKE,MYPAG,IDBAH,CNSTO,CNYSN,CNWGQ,CNCJK,CNJIT,CN9873,CNYZH,CNNSA,CNDSN,CNLAZ,CNYTN,CNJIA,CN1087,CNLYG,CNYAN,AUESP,CNCHS,CNMEZ,CNDAL,CNYPG,CNRUG,CNZZU,TWKAO,CNZJG,CNSLH,AUFRE,CNDJK,CNBYQ,CNLKU,MYTBS,CNSDG,MYTPP,CNPLI,CNMWN,CNCGM,CNXIA,CNBHI,TWMAI,CNRIZ,CNSHE,SGSGP,MY2243,CNJIJ,TWTAP,CNZHA,CNQUA,CNZHE,CNDDG,CNWEN,CNCHZ,CNQIZ,CNLYW,CNQHD,CNBAO,CNQIN,CNCFD,CNNJG,CNGLA,MYPGG,CNWEI,IDSAM,JPKAW,KRPOH,KRGWA,KRDAN,JPFUK,JPOIT,JPKIS,JPSKI,KRULS,KRINC,JPNAG,JPCBA,JPYOK,KRPYT,KRBUS,JPMIZ,JPKMA,KRYOS,JPOSK,AUGLE,AUMEL,AUNTL,AUADE,AUBRI,AUHAY,RUNJK"
OFFRSFFKK,"USLUA,USNYK,UYULA,CLMEJ,GBBEL,PTLXS,IEDUB,FRLEH,ESHUE,ITTAR,ESTAR,DZDJE,DEHAM,FRROU,MTMAL,BEANT,ESGIJ,NLROT,TRGEB,TRYAR,GRAGT,LTKLJ,EGALE,AEJAL,OMSOH,PKQAS,THLCB,IDCXP,IDJAK,VNHCM,VNHPG,VNQUN,THRAY,CNHUM,CNCJN,CNHUI,CNCZH,AUGER,CNNTG,CNFAN,CNDAF,CNYJG,CNNBO,CNZOS,CNGUA,CNFUN,CNJIN,CNHKO,CNHPU,CNDYI,CNTAI,CNTJN,MYPKE,MYPAG,CNSTO,CNYSN,CNWGQ,CNCJK,CNSHA,CNDSN,CNTAX,CNFUZ,CNJIA,TWHLN,CNLYG,CNYAN,CNWEF,CNCHS,CNMEZ,CNDAL,CNYPG,CNRUG,CNZZU,TWKAO,CNZJG,AUFRE,CNBAS,CNDJK,CNBYQ,CNYIZ,CNSHS,CNSDG,AUBUN,CNPLI,CNCGM,CNXIA,CNBHI,PHBAT,TWMAI,CNRIZ,SGSGP,TWTCH,CNJIJ,CNZHA,CNZPU,CNQUA,CNZHE,CNWEN,CNCHZ,CNQIZ,CNBAO,CNQIN,CNNJG,CNGLA,CNDNG,CNWEI,CNNDE,KRPOH,KRGWA,KRDAN,JPFUK,JPKIS,JPSKI,JPTOK,KRULS,KRINC,JPNAG,JPYOK,KRPYT,JPMIZ,JPMOJ,JPOSK,AUGLE,AUMEL,AUNTL,AUPKE,AUWHY,AUADE,AUPLD,AUGEE"
RNRSKAKKK,"CAPRR,CANWE,BRPDM,GNBFF,DEHAM,SARTA,KWMAA,IQMAB,AERUW,OMSOH,AEFUJ,CNHUI,MY3182,CNLSN,CNFAN,CNNBO,CNZOS,CNJIN,CNHUA,CNTAI,CNTJN,CNJIT,MY3173,CNJIA,CNLYG,CNYAN,CNMEZ,CNDAL,CNYPG,TWKAO,CNSLH,CNDJK,CNBYQ,CNSDG,AUPHE,CNRIZ,SGSGP,AUPWA,CNZHA,CNDDG,CNQIZ,CNLYW,CNQIN,CNCFD,AUDPR,CNMJS,KRPOH,KRGWA,JPFUK,JPKII,JPKIS,JPSKI,KRULS,KRINC,JPNAG,JPCBA,JPMIZ,JPKMA,KRYOS,AUNTL,AUHAY"
OFFAYCCKK,"BRPDM,SARTA,KWMAA,IQMAB,AERUW,AEFUJ,CNHUI,CNLSN,CNNBO,CNZOS,CNJIN,CNTJN,CNLYG,CNYAN,CNMEZ,CNDAL,CNYPG,TWKAO,CNSLH,CNDJK,CNSDG,SGSGP,CNZHA,CNQIZ,CNQIN,CNCFD,KRGWA,JPKII,JPSKI,KRULS,KRINC,JPCBA"
OARRKCKSK,"USLSA,CAVCR,USOAK,MXLCS,MXMAN,PECAL,ECGYL,USSAV,USNYK,COBUE,CLTAL,UYULA,BRPEC,BRTUB,BRPAR,BRRDJ,UYMON,BRSTS,BRRGR,GBSOU,FRLEH,BEZEE,NLAMS,SIKOP,ITGOA,DEHAM,MTMAL,ESCAR,BEANT,PLGDA,ESGIJ,NLROT,ZACPT,TRYAR,GRAGT,TRALI,ZARIB,EGPSA,JOAQA,ROCON,EGALE,SAJUB,BHBAH,KEMOM,SADMA,QAUMS,SAJED,SAYAN,KWMAA,AEJAL,AEABU,AERUW,OMSOH,AEFUJ,PKQAS,PKKAR,INKNP,INMUN,THLCB,THKSI,VNHPG,VNCAM,CNHUI,CNPAN,CNTAZ,CNLSN,HKHKG,AUGER,CNNTG,CNFAN,CNNBO,CNPYU,CNZOS,CNGUA,CNFUN,CNJIN,CNHUA,CNTAI,CNDCB,CNTJN,MYPKE,MYPAG,IDBAH,CNSTO,CNYSN,CNWGQ,CNCJK,CNJIT,CN9873,CNYZH,CNNSA,CNDSN,CNLAZ,CNYTN,CNJIA,CN1087,CNLYG,CNYAN,AUESP,CNCHS,CNMEZ,CNDAL,CNYPG,CNRUG,CNZZU,TWKAO,CNZJG,CNSLH,AUFRE,CNDJK,CNBYQ,CNLKU,CNSDG,MYTPP,CNPLI,CNCGM,CNXIA,CNBHI,TWMAI,CNRIZ,CNSHE,SGSGP,MY2243,CNJIJ,TWTAP,CNZHA,CNQUA,CNZHE,CNDDG,CNWEN,CNCHZ,CNQIZ,CNLYW,CNQHD,CNBAO,CNQIN,CNCFD,CNNJG,CNGLA,CNWEI,IDSAM,JPKAW,KRPOH,KRGWA,KRDAN,JPFUK,JPOIT,JPKIS,JPSKI,KRULS,KRINC,JPNAG,JPCBA,JPYOK,KRPYT,KRBUS,JPMIZ,JPKMA,JPOSK,AUGLE,AUMEL,AUNTL,AUADE,AUBRI"
OFFNYNYKK,"USSEA,USLSA,CAVCR,USOAK,MXLCS,MXMAN,PECAL,PABAL,USNPN,USSAV,USCHA,USNYK,COBUE,CLSAN,CLTAL,UYULA,BRPEC,BRTUB,BRPDM,ARBNA,BRPAR,BRRDJ,UYMON,BRSTS,BRITA,BRRGR,GBSOU,FRLEH,BEZEE,FRFOS,NLAMS,SIKOP,ITGOA,FRDKK,DEHAM,ESBAR,MTMAL,ESCAR,BEANT,PLGDA,ESGIJ,NLROT,TRMER,ZACPT,TRYAR,GRELE,GRAGT,TRALI,ZARIB,EGPSA,UAODS,JOAQA,ROCON,EGALE,EGDAM,SAJUB,BHBAH,KEMOM,SADMA,QAUMS,SAJED,SAYAN,KWMAA,AEJAL,AEABU,AERUW,OMSOH,AEFUJ,RUULG,PKKAR,INMUN,THLCB,THKSI,VNHPG,VNCAM,VNSOD,CNHUI,CNPAN,MY3182,CNLSN,HKHKG,AUGER,CNFAN,CNNBO,CNZOS,CNGUA,CNFUN,CNJIN,CNHUA,CNTAI,CNTJN,MYPKE,MYPAG,IDBAH,CNSTO,CNYSN,CNWGQ,CNCJK,CNJIT,CNYZH,CNNSA,CNDSN,CNLAZ,CNYTN,CNJIA,CNLYG,CNYAN,AUESP,CNMEZ,IDTBR,CNDAL,CNYPG,CNRUG,CNZZU,CNSWE,TWKAO,CNZJG,CNSLH,CNDJK,CNBYQ,CNLKU,MYTBS,CNSDG,CNMWN,CNCGM,CNXIA,CN2039,TWMAI,CNRIZ,CNSHE,SGSGP,MY2243,TWTAP,CNZHA,CNZHE,CNDDG,CNWEN,CNQIZ,CNLYW,CNQHD,CNBAO,CNQIN,CNCFD,CNGLA,MYPGG,CNWEI,IDSAM,CNMJS,JPKAW,KRPOH,KRGWA,KRDAN,JPFUK,JPOIT,JPKIS,JPSKI,KRULS,KRINC,JPNAG,JPCBA,JPYOK,KRPYT,KRBUS,JPMIZ,JPKMA,KRYOS,AUGLE,AUNTL,AUBRI,AUHAY,RUNJK"
OARNCRCCK,"CNHUI,CNCZH,CNFAN,CNYJG,CNGUA,CNHKO,CNSTO,CNYPG,CNBHI,CNZHA,CNDNG"
OFFAFCFKK,"CNNBO,CNTJN,CNDAL,SGSGP,CNQIN,KRGWA"
NGRKCRGKK,"USLSA,CAVCR,USOAK,MXLCS,MXMAN,PECAL,ECGYL,USSAV,USNYK,COBUE,CLTAL,UYULA,BRPEC,BRTUB,BRPAR,BRRDJ,UYMON,BRSTS,BRRGR,GBSOU,FRLEH,BEZEE,NLAMS,SIKOP,ITGOA,DEHAM,MTMAL,ESCAR,BEANT,PLGDA,ESGIJ,NLROT,ZACPT,TRYAR,GRAGT,ZARIB,JOAQA,ROCON,EGALE,SAJUB,BHBAH,KEMOM,SADMA,QAUMS,SAJED,SAYAN,KWMAA,AEJAL,AEABU,OMSOH,AEFUJ,PKQAS,PKKAR,INKNP,INMUN,THLCB,THKSI,VNHPG,VNCAM,CNHUI,CNPAN,CNTAZ,CNLSN,HKHKG,AUGER,CNNTG,CNFAN,CNNBO,CNPYU,CNZOS,CNGUA,CNFUN,CNJIN,CNHUA,CNTAI,CNDCB,CNTJN,MYPKE,MYPAG,IDBAH,CNSTO,CNYSN,CNWGQ,CNCJK,CNJIT,CN9873,CNYZH,CNNSA,CNDSN,CNLAZ,CNYTN,CNJIA,CN1087,CNLYG,CNYAN,AUESP,CNCHS,CNMEZ,CNDAL,CNYPG,CNRUG,CNZZU,TWKAO,CNZJG,AUFRE,CNDJK,CNBYQ,CNLKU,CNSDG,MYTPP,CNPLI,CNCGM,CNXIA,CNBHI,TWMAI,CNRIZ,CNSHE,SGSGP,MY2243,CNJIJ,TWTAP,CNZHA,CNQUA,CNZHE,CNDDG,CNWEN,CNCHZ,CNQIZ,CNLYW,CNQHD,CNBAO,CNQIN,CNCFD,CNNJG,CNGLA,CNWEI,IDSAM,JPKAW,KRPOH,KRGWA,KRDAN,JPFUK,JPOIT,JPKIS,JPSKI,KRULS,KRINC,JPNAG,JPCBA,JPYOK,KRPYT,KRBUS,JPMIZ,JPKMA,JPOSK,AUGLE,AUMEL,AUNTL,AUADE,AUBRI"
OAOAYYKKK,"USLSA,CAVCR,USOAK,GTPQL,MXLCS,MXMAN,PECAL,PABAL,ECGYL,USNPN,USSAV,USNYK,COBUE,CLTAL,UYULA,BRPEC,BRTUB,BRPDM,BRPAR,BRRDJ,UYMON,BRSTS,BRITA,BRRGR,GBSOU,FRLEH,BEZEE,NLAMS,SIKOP,ITGOA,DEHAM,ESBAR,MTMAL,ESCAR,BEANT,PLGDA,ESGIJ,NLROT,TRMER,ZACPT,TRYAR,GRELE,GRAGT,TRALI,ZARIB,EGPSA,JOAQA,ROCON,EGALE,EGDAM,SAJUB,BHBAH,KEMOM,SADMA,QAUMS,SAJED,SAYAN,KWMAA,AEJAL,AEABU,AERUW,OMSOH,AEFUJ,RUULG,PKQAS,PKKAR,INCHN,INKNP,INMUN,INVIS,THLCB,THKSI,VNHPG,VNCAM,VNSOD,CNHUI,CNPAN,CNTAZ,MY3182,CNLSN,HKHKG,AUGER,CNNTG,CNFAN,CNNBO,CNPYU,CNZOS,CNGUA,CNFUN,CNJIN,CNHUA,CNTAI,CNDCB,CN9862,CNTJN,MYPKE,MYPAG,IDBAH,CNSTO,CNYSN,CNWGQ,CNCJK,CNJIT,CN9873,CNYZH,CNNSA,CNDSN,CNLAZ,CNYTN,CNJIA,CN1087,CNLYG,CNYAN,AUESP,CNCHS,CNMEZ,CNDAL,CNYPG,CNRUG,CNZZU,TWKAO,CNZJG,CNSLH,AUFRE,CNDJK,CNBYQ,CNLKU,MYTBS,CNSDG,MYTPP,CNPLI,CNMWN,CNCGM,CNXIA,CNBHI,TWMAI,CNRIZ,CNSHE,SGSGP,MY2243,CNJIJ,TWTAP,CNZHA,CNQUA,CNZHE,CNDDG,CNWEN,CNCHZ,CNQIZ,CNLYW,CNQHD,CNBAO,CNQIN,CNCFD,CNNJG,CNGLA,MYPGG,CNWEI,IDSAM,JPKAW,KRPOH,KRGWA,KRDAN,JPFUK,JPOIT,JPKIS,JPSKI,KRULS,KRINC,JPNAG,JPCBA,JPYOK,KRPYT,KRBUS,JPMIZ,JPKMA,KRYOS,JPOSK,AUGLE,AUMEL,AUNTL,AUADE,AUBRI,AUHAY,RUNJK"
OAOOFOKKK,"CNNBO,CNZOS,CNDAL,SGSGP"
OARAGNKKK,"USSEA,USLGB,CAPRR,USLSA,CAVCR,USOAK,MXESE,MXMAN,PECAL,PABAL,USSAV,USCHA,USNYK,COBUE,CLSAN,CLLIR,BRPDM,GBLGP,MATAN,FRLEH,BEZEE,FRFOS,SIKOP,ITGOA,DEHAM,ESBAR,MTMAL,BEANT,PLGDA,ESVAL,NLROT,TRMER,TRISK,TRYAR,EGSOK,TRALI,TRIST,GRPIR,EGPSA,JOAQA,EGDAM,SAJUB,SADMA,QAHMD,SAJED,AEJAL,OMSOH,AEKHA,PKKAR,INNSA,LKCOL,INMUN,VNCMP,THLCB,VNHPG,HKHKG,CNNBO,CNZOS,CNFUN,CNTJN,MYPKE,CNYSN,CNWGQ,CNCJK,CNJIT,CNNSA,CNYTN,CNLYG,CNMEZ,CNDAL,TWKAO,CNSLH,CNDJK,CNMWN,CNXIA,CNSHE,SGSGP,TWTAP,CNQIN,KRGWA,KRBUS"
OACKSOKKK,"USSEA,USLSA,CAVCR,USOAK,MXLCS,MXMAN,PECAL,PABAL,USNPN,USSAV,USCHA,USNYK,COBUE,CLSAN,CLTAL,UYULA,BRPEC,BRTUB,BRPDM,ARBNA,BRPAR,BRRDJ,UYMON,BRSTS,BRITA,BRRGR,GBSOU,FRLEH,BEZEE,FRFOS,NLAMS,SIKOP,ITGOA,DEHAM,ESBAR,MTMAL,ESCAR,BEANT,PLGDA,ESGIJ,NLROT,TRMER,ZACPT,TRYAR,GRELE,GRAGT,TRALI,ZARIB,EGPSA,UAODS,JOAQA,ROCON,EGALE,EGDAM,SAJUB,BHBAH,KEMOM,SADMA,QAUMS,SAJED,SAYAN,KWMAA,AEJAL,AEABU,AERUW,OMSOH,AEFUJ,RUULG,PKQAS,PKKAR,INMUN,THLCB,THKSI,VNHPG,VNCAM,VNSOD,CN9014,CNHUI,CNPAN,MY3182,CNLSN,HKHKG,AUGER,CNFAN,CNNBO,CNPYU,CNZOS,CNGUA,CNFUN,CNJIN,CNHUA,CNTAI,CN9862,CNTJN,MYPKE,MYPAG,IDBAH,CNSTO,CNYSN,CNWGQ,CNCJK,CNJIT,CN9873,CNYZH,CNNSA,CNDSN,CNLAZ,CNYTN,CNJIA,CN1087,CNLYG,CNYAN,AUESP,CNMEZ,CNDAL,CNYPG,CNRUG,CNZZU,CNSWE,TWKAO,CNZJG,CNSLH,CNDJK,CNBYQ,CNLKU,MYTBS,CNSDG,MYTPP,CNMWN,CNCGM,CNXIA,CN2039,CNBHI,TWMAI,CNRIZ,CNSHE,SGSGP,MY2243,TWTAP,CNZHA,CNQUA,CNZHE,CNDDG,CNWEN,CNQIZ,CNLYW,CNQHD,CNBAO,CNQIN,CNCFD,CNGLA,MYPGG,CNWEI,IDSAM,CNMJS,JPKAW,KRPOH,KRGWA,KRDAN,JPFUK,JPOIT,JPKIS,JPSKI,KRULS,KRINC,JPNAG,JPCBA,JPYOK,KRPYT,KRBUS,JPMIZ,JPKMA,KRYOS,AUGLE,AUNTL,AUBRI,AUHAY,RUNJK"
OFFAYOSKK,"BEZEE,DEHAM,BEANT,PLGDA,NLROT,GRPIR,SADMA,AEJAL,AEKHA,CNNBO,CNZOS,CNTJN,MYPKE,CNYSN,CNNSA,CNYTN,CNLYG,CNDAL,CNXIA,SGSGP,CNQIN,KRGWA"
OFFARNSKK,"USSEA,USLSA,CAVCR,USOAK,MXLCS,MXMAN,PECAL,PABAL,USSAV,USCHA,USNYK,COBUE,CLSAN,CLTAL,UYULA,BRTUB,BRPDM,ARBNA,BRPAR,BRRDJ,UYMON,BRSTS,BRITA,BRRGR,GBSOU,FRLEH,BEZEE,FRFOS,NLAMS,SIKOP,ITGOA,DEHAM,ESBAR,MTMAL,ESCAR,BEANT,PLGDA,ESGIJ,NLROT,TRMER,ZACPT,TRYAR,GRELE,GRAGT,TRALI,EGPSA,UAODS,JOAQA,ROCON,EGALE,EGDAM,SAJUB,BHBAH,KEMOM,SADMA,QAUMS,SAJED,SAYAN,QARAS,KWMAA,AEJAL,AEABU,AERUW,OMSOH,AEFUJ,RUULG,PKKAR,INMUN,THLCB,THKSI,VNHPG,VNCAM,CNHUI,CNPAN,MY3182,CNLSN,HKHKG,CNFAN,CNNBO,CNZOS,CNGUA,MY3177,CNFUN,CNJIN,AUCPN,CNHUA,CNTAI,CNTJN,MYPKE,MYPAG,CNYSN,CNWGQ,CNCJK,CNJIT,CNYZH,CNNSA,CNDSN,CNYTN,CNJIA,CNLYG,CNYAN,CN2032,AUESP,CNMEZ,CNDAL,CNYPG,TWKAO,CNZJG,CNSLH,CNDJK,CNBYQ,CNLKU,MYTBS,CNSDG,CNMWN,CNCGM,AUPHE,CNXIA,CN2039,TWMAI,CNRIZ,CNSHE,SGSGP,MY2243,TWTAP,CNZHA,CNZHE,CNDDG,CNQIZ,CNLYW,CNBAO,CNQIN,CNCFD,CNGLA,MYPGG,CNMJS,JPKAW,KRPOH,KRGWA,KRDAN,JPFUK,JPOIT,JPKIS,JPSKI,KRULS,KRINC,JPNAG,JPCBA,JPYOK,KRPYT,KRBUS,JPMIZ,JPKMA,KRYOS,AUGLE,AUAPT,AUNTL,AUBRI,AUHAY,RUNJK"
OFFYKCGKK,"USLSA,CAVCR,USOAK,MXLCS,MXMAN,PECAL,PABAL,ECGYL,USNPN,USSAV,USNYK,COBUE,CLTAL,UYULA,BRPEC,BRTUB,BRPAR,BRRDJ,UYMON,BRSTS,BRITA,BRRGR,GBSOU,FRLEH,BEZEE,NLAMS,SIKOP,ITGOA,DEHAM,ESBAR,MTMAL,ESCAR,BEANT,PLGDA,ESGIJ,NLROT,TRMER,ZACPT,TRYAR,GRELE,GRAGT,TRALI,ZARIB,EGPSA,JOAQA,ROCON,EGALE,SAJUB,BHBAH,KEMOM,SADMA,QAUMS,SAJED,SAYAN,KWMAA,AEJAL,AEABU,AERUW,OMSOH,AEFUJ,RUULG,PKQAS,PKKAR,INCHN,INKNP,INMUN,INVIS,THLCB,THKSI,VNHPG,VNCAM,VNSOD,CNHUI,CNPAN,CNTAZ,MY3182,CNLSN,HKHKG,AUGER,CNNTG,CNFAN,CNNBO,CNPYU,CNZOS,CNGUA,CNFUN,CNJIN,CNHUA,CNTAI,CNDCB,CN9862,CNTJN,MYPKE,MYPAG,IDBAH,CNSTO,CNYSN,CNWGQ,CNCJK,CNJIT,CN9873,CNYZH,CNNSA,CNDSN,CNLAZ,CNYTN,CNJIA,CN1087,CNLYG,CNYAN,AUESP,CNCHS,CNMEZ,CNDAL,CNYPG,CNRUG,CNZZU,TWKAO,CNZJG,CNSLH,AUFRE,CNDJK,CNBYQ,CNLKU,MYTBS,CNSDG,MYTPP,CNPLI,CNMWN,CNCGM,CNXIA,CNBHI,TWMAI,CNRIZ,CNSHE,SGSGP,MY2243,CNJIJ,TWTAP,CNZHA,CNQUA,CNZHE,CNDDG,CNWEN,CNCHZ,CNQIZ,CNLYW,CNQHD,CNBAO,CNQIN,CNCFD,CNNJG,CNGLA,MYPGG,CNWEI,IDSAM,JPKAW,KRPOH,KRGWA,KRDAN,JPFUK,JPOIT,JPKIS,JPSKI,KRULS,KRINC,JPNAG,JPCBA,JPYOK,KRPYT,KRBUS,JPMIZ,JPKMA,KRYOS,JPOSK,AUGLE,AUMEL,AUNTL,AUADE,AUBRI,AUHAY,RUNJK"
OARNCFYSK,"USLUA,GBBEL,PTLXS,IEDUB,FRLEH,ESHUE,ITTAR,ESTAR,DZDJE,DEHAM,FRROU,BEANT,ESGIJ,NLROT,TRGEB,TRYAR,LTKLJ,EGALE,VNHPG,THRAY,CNHUM,CNCJN,CNHUI,CNCZH,CNNTG,CNFAN,CNYJG,CNNBO,CNZOS,CNGUA,CNFUN,CNJIN,CNHKO,CNHPU,CNDYI,CNTJN,CNSTO,CNWGQ,CNCJK,CNSHA,CNDSN,CNTAX,CNFUZ,CNJIA,CNLYG,CNYAN,CNWEF,CNCHS,CNMEZ,CNDAL,CNYPG,TWKAO,CNBAS,CNDJK,CNYIZ,CNSDG,CNBHI,SGSGP,CNJIJ,CNZHA,CNZPU,CNQUA,CNZHE,CNWEN,CNCHZ,CNQIZ,CNQIN,CNNJG,CNDNG,KRGWA,KRDAN,KRULS"
OARCAYGAK,"USLSA,CAVCR,USOAK,MXLCS,MXMAN,PECAL,ECGYL,USSAV,USNYK,COBUE,CLTAL,UYULA,BRPEC,BRTUB,BRPAR,BRRDJ,UYMON,BRSTS,BRRGR,GBSOU,FRLEH,BEZEE,NLAMS,SIKOP,ITGOA,DEHAM,MTMAL,ESCAR,BEANT,PLGDA,ESGIJ,NLROT,ZACPT,TRYAR,GRAGT,ZARIB,JOAQA,ROCON,EGALE,SAJUB,BHBAH,KEMOM,SADMA,QAUMS,SAJED,SAYAN,KWMAA,AEJAL,AEABU,AERUW,OMSOH,AEFUJ,PKQAS,PKKAR,INKNP,INMUN,THLCB,THKSI,VNHPG,VNCAM,CNHUI,CNPAN,CNTAZ,CNLSN,HKHKG,AUGER,CNNTG,CNFAN,CNNBO,CNPYU,CNZOS,CNGUA,CNFUN,CNJIN,CNHUA,CNTAI,CNDCB,CNTJN,MYPKE,MYPAG,IDBAH,CNSTO,CNYSN,CNWGQ,CNCJK,CNJIT,CN9873,CNYZH,CNNSA,CNDSN,CNLAZ,CNYTN,CNJIA,CN1087,CNLYG,CNYAN,AUESP,CNCHS,CNMEZ,CNDAL,CNYPG,CNRUG,CNZZU,TWKAO,CNZJG,CNSLH,AUFRE,CNDJK,CNBYQ,CNLKU,CNSDG,MYTPP,CNPLI,CNCGM,CNXIA,CNBHI,TWMAI,CNRIZ,CNSHE,SGSGP,MY2243,CNJIJ,TWTAP,CNZHA,CNQUA,CNZHE,CNDDG,CNWEN,CNCHZ,CNQIZ,CNLYW,CNQHD,CNBAO,CNQIN,CNCFD,CNNJG,CNGLA,CNWEI,IDSAM,JPKAW,KRPOH,KRGWA,KRDAN,JPFUK,JPOIT,JPKIS,JPSKI,KRULS,KRINC,JPNAG,JPCBA,JPYOK,KRPYT,KRBUS,JPMIZ,JPKMA,JPOSK,AUGLE,AUMEL,AUNTL,AUADE,AUBRI"
OFFGRFGKK,"USLGB,USLSA,USNFK,USSAV,USNYK,BRPDM,GBLGP,MATAN,FRLEH,BEZEE,FRFOS,ITGOA,DEHAM,BEANT,PLGDA,ESVAL,NLROT,EGSOK,GRPIR,JOAQA,SADMA,QAHMD,SAJED,AEJAL,OMSOH,AEKHA,PKKAR,INNSA,INMUN,VNCMP,HKHKG,CNNBO,CNZOS,CNFUN,CNTJN,MYPKE,CNYSN,CNJIT,CNNSA,CNYTN,CNLYG,CNMEZ,CNDAL,TWKAO,CNSLH,CNDJK,CNXIA,CNSHE,SGSGP,TWTAP,CNQIN,KRGWA"
OARKGRKKK,"USSEA,CAPRR,USLSA,CAVCR,USOAK,MXESE,MXLCS,MXMAN,PECAL,PABAL,ECGYL,USSAV,USNYK,COBUE,CLSAN,CLTAL,UYULA,CLLIR,BRTUB,BRPAR,BRRDJ,UYMON,BRIOA,BRSTS,BRIJI,BRITA,BRRGR,GBSOU,FRLEH,BEZEE,SIKOP,ITGOA,DEHAM,MTMAL,ESCAR,BEANT,PLGDA,ESGIJ,NLROT,TRYAR,EGSOK,JOAQA,ROCON,EGALE,SAJUB,SADMA,SAJED,KWMAA,AEJAL,AEABU,OMSOH,AEKHA,AEFUJ,PKQAS,PKKAR,INNSA,INCHN,LKCOL,INKNP,INMUN,INKUP,THLCB,VNHPG,VNCAM,CNHUI,MY3182,CNLSN,HKHKG,CNFAN,CNNBO,CNZOS,CNGUA,CNFUN,CNJIN,CNHUA,CNTAI,CNDCB,CNTJN,MYPKE,CNYSN,CNWGQ,CNCJK,CNJIT,CNYZH,CNNSA,CNDSN,CNYTN,CNJIA,CNLYG,CNYAN,AUESP,CNMEZ,CNDAL,CNYPG,TWKAO,CNZJG,AUFRE,CNDJK,CNBYQ,MYPEN,CNSDG,CNMWN,CNCGM,CNXIA,CNRIZ,CNSHE,SGSGP,TWTAP,CNZHA,CNQUA,CNZHE,CNDDG,CNQIZ,CNQHD,CNBAO,CNQIN,CNCFD,CNGLA,CNWEI,JPKAW,KRPOH,KRGWA,KRDAN,JPFUK,JPOIT,JPKIS,JPSKI,KRULS,KRINC,JPNAG,JPCBA,JPYOK,KRBUS,JPMIZ,JPKMA,KRYOS,JPOSK,AUGLE,AUMEL,AUNTL,AUADE,AUBRI"
NGRKASOKK,"BRPDM,FRFEC,EGSKR,SAJUT,QAASN,SARTA,KWMAA,IQMAB,AERUW,OMMAF,AEZUR,AEFUJ,MMMIO,CNHUI,CNLSN,CNNBO,CNZOS,CNTJN,CNYAN,CNMEZ,CNDAL,CNYPG,TWKAO,CNSLH,CNDJK,CNSDG,SGSGP,CNZHA,CNQIZ,CNQIN,CNCFD,KRGWA,JPKII,JPSKI,JPCBA"
OARCRORYK,"CNHUI,CNCZH,CNFAN,CNYJG,CNGUA,CNHKO,CNSTO,CNYPG,CNSDG,CNBHI,CNZHA,CNDNG"
OARRRYKKK,"USLSA,CAVCR,USOAK,GTPQL,MXLCS,MXMAN,PECAL,PABAL,ECGYL,USNPN,USSAV,USNYK,COBUE,CLTAL,UYULA,BRPEC,BRTUB,BRPDM,BRPAR,BRRDJ,UYMON,BRSTS,BRITA,BRRGR,GBSOU,FRLEH,BEZEE,NLAMS,SIKOP,ITGOA,DEHAM,ESBAR,MTMAL,ESCAR,BEANT,PLGDA,ESGIJ,NLROT,TRMER,ZACPT,TRYAR,GRELE,GRAGT,TRALI,ZARIB,EGPSA,JOAQA,ROCON,EGALE,EGDAM,SAJUB,BHBAH,KEMOM,SADMA,QAUMS,SAJED,SAYAN,KWMAA,AEJAL,AEABU,AERUW,OMSOH,AEFUJ,RUULG,PKQAS,PKKAR,INCHN,INKNP,INMUN,INVIS,THLCB,THKSI,VNHPG,VNCAM,VNSOD,CNHUI,CNPAN,CNTAZ,MY3182,CNLSN,HKHKG,AUGER,CNNTG,CNFAN,CNNBO,CNPYU,CNZOS,CNGUA,CNFUN,CNJIN,CNHUA,CNTAI,CNDCB,CN9862,CNTJN,MYPKE,MYPAG,IDBAH,CNSTO,CNYSN,CNWGQ,CNCJK,CNJIT,CN9873,CNYZH,CNNSA,CNDSN,CNLAZ,CNYTN,CNJIA,CN1087,CNLYG,CNYAN,AUESP,CNCHS,CNMEZ,CNDAL,CNYPG,CNRUG,CNZZU,CNSWE,TWKAO,CNZJG,CNSLH,AUFRE,CNDJK,CNBYQ,CNLKU,MYTBS,CNSDG,MYTPP,CNMWN,CNCGM,CNXIA,CNBHI,TWMAI,CNRIZ,CNSHE,SGSGP,MY2243,CNJIJ,TWTAP,CNZHA,CNQUA,CNZHE,CNDDG,CNWEN,CNCHZ,CNQIZ,CNLYW,CNQHD,CNBAO,CNQIN,CNCFD,CNNJG,CNGLA,MYPGG,CNWEI,IDSAM,CNMJS,JPKAW,KRPOH,KRGWA,KRDAN,JPFUK,JPOIT,JPKIS,JPSKI,KRULS,KRINC,JPNAG,JPCBA,JPYOK,KRPYT,KRBUS,JPMIZ,JPKMA,KRYOS,JPOSK,AUGLE,AUMEL,AUNTL,AUADE,AUBRI,AUHAY,RUNJK"
OACFFNKKK,"USLSA,CAVCR,USOAK,GTPQL,MXLCS,MXMAN,PECAL,PABAL,ECGYL,USNPN,USSAV,USNYK,COBUE,CLTAL,UYULA,BRPEC,BRTUB,BRPDM,BRPAR,BRRDJ,UYMON,BRSTS,BRITA,BRRGR,GBSOU,FRLEH,BEZEE,NLAMS,SIKOP,ITGOA,DEHAM,ESBAR,MTMAL,ESCAR,BEANT,PLGDA,ESGIJ,NLROT,TRMER,ZACPT,TRYAR,GRELE,GRAGT,TRALI,ZARIB,EGPSA,JOAQA,ROCON,EGALE,EGDAM,SAJUB,BHBAH,KEMOM,SADMA,QAUMS,SAJED,SAYAN,KWMAA,AEJAL,AEABU,AERUW,OMSOH,AEFUJ,RUULG,PKQAS,PKKAR,INCHN,INKNP,INMUN,INVIS,THLCB,THKSI,VNHPG,VNCAM,VNSOD,CNHUI,CNPAN,CNTAZ,MY3182,CNLSN,HKHKG,AUGER,CNNTG,CNFAN,CNNBO,CNPYU,CNZOS,CNGUA,CNFUN,CNJIN,CNHUA,CNTAI,CNDCB,CN9862,CNTJN,MYPKE,MYPAG,IDBAH,CNSTO,CNYSN,CNWGQ,CNCJK,CNJIT,CN9873,CNYZH,CNNSA,CNDSN,CNLAZ,CNYTN,CNJIA,CN1087,CNLYG,CNYAN,AUESP,CNCHS,CNMEZ,CNDAL,CNYPG,CNRUG,CNZZU,TWKAO,CNZJG,CNSLH,AUFRE,CNDJK,CNBYQ,CNLKU,MYTBS,CNSDG,MYTPP,CNMWN,CNCGM,CNXIA,CNBHI,TWMAI,CNRIZ,CNSHE,SGSGP,MY2243,CNJIJ,TWTAP,CNZHA,CNQUA,CNZHE,CNDDG,CNWEN,CNCHZ,CNQIZ,CNLYW,CNQHD,CNBAO,CNQIN,CNCFD,CNNJG,CNGLA,MYPGG,CNWEI,IDSAM,CNMJS,JPKAW,KRPOH,KRGWA,KRDAN,JPFUK,JPOIT,JPKIS,JPSKI,KRULS,KRINC,JPNAG,JPCBA,JPYOK,KRPYT,KRBUS,JPMIZ,JPKMA,KRYOS,JPOSK,AUGLE,AUMEL,AUNTL,AUADE,AUBRI,AUHAY,RUNJK"
NGRARNOKK,"BRPDM,CNMEZ,CNSLH,CNDJK"
NGRARORKK,"BRPDM,CNMEZ,CNSLH,CNDJK"
RNGFYAKKK,"USSEA,USLSA,CAVCR,USOAK,MXLCS,MXMAN,PECAL,PABAL,USNPN,USSAV,USCHA,CAPCA,USNYK,COBUE,CLSAN,CLTAL,UYULA,BRPEC,BRTUB,BRPDM,ARBNA,BRPAR,BRRDJ,UYMON,BRSTS,BRITA,BRRGR,GBSOU,FRLEH,BEZEE,FRFOS,NLAMS,SIKOP,ITGOA,FRDKK,DEHAM,ESBAR,MTMAL,ESCAR,BEANT,PLGDA,ESGIJ,NLROT,TRMER,ZACPT,TRYAR,GRELE,GRAGT,TRALI,ZARIB,EGPSA,UAODS,JOAQA,ROCON,EGALE,EGDAM,SAJUB,BHBAH,KEMOM,SADMA,QAUMS,SAJED,SAYAN,KWMAA,AEJAL,AEABU,AERUW,OMSOH,AEFUJ,RUULG,PKKAR,INMUN,THLCB,THKSI,VNHPG,VNCAM,VNSOD,CNHUI,CNPAN,MY3182,CNLSN,HKHKG,AUGER,CNFAN,CNNBO,CNZOS,CNGUA,CNFUN,CNJIN,CNHUA,CNTAI,CNTJN,MYPKE,MYPAG,IDBAH,CNSTO,CNYSN,CNWGQ,CNCJK,CNJIT,CNYZH,CNNSA,CNDSN,CNLAZ,CNYTN,CNJIA,CNLYG,CNYAN,AUESP,CNMEZ,IDTBR,CNDAL,CNYPG,CNRUG,CNZZU,CNSWE,TWKAO,CNZJG,CNSLH,CNDJK,CNBYQ,CNLKU,MYTBS,CNSDG,CNMWN,CNCGM,CNXIA,CN2039,TWMAI,CNRIZ,CNSHE,SGSGP,MY2243,TWTAP,CNZHA,CNZHE,CNDDG,CNWEN,CNQIZ,CNLYW,CNBAO,CNQIN,CNCFD,CNGLA,MYPGG,IDSAM,CNMJS,JPKAW,KRPOH,KRGWA,KRDAN,JPFUK,JPOIT,JPKIS,JPSKI,KRULS,KRINC,JPNAG,JPCBA,JPYOK,KRPYT,KRBUS,JPMIZ,JPKMA,KRYOS,AUGLE,AUNTL,AUBRI,AUHAY,RUNJK"
OFFFFGCKK,"USLGB,BEZEE,DEHAM,BEANT,PLGDA,NLROT,GRPIR,SADMA,AEJAL,AEKHA,VNCMP,HKHKG,CNNBO,CNZOS,CNTJN,MYPKE,CNYSN,CNNSA,CNYTN,CNLYG,CNDAL,TWKAO,CNXIA,SGSGP,CNQIN,KRGWA"
OFFFCCCKK,"CAPRR,BRPDM,SARTA,KWMAA,IQMAB,AERUW,OMSOH,AEFUJ,CNHUI,MY3182,CNLSN,CNNBO,CNZOS,CNJIN,CNTJN,CNJIT,MY3173,CNLYG,CNYAN,CNMEZ,CNDAL,CNYPG,TWKAO,CNSLH,CNDJK,CNSDG,AUPHE,CNRIZ,SGSGP,CNZHA,CNQIZ,CNQIN,CNCFD,CNMJS,KRGWA,JPKII,JPSKI,KRULS,KRINC,JPCBA,KRYOS"
OARKNRKKK,"USSEA,CAPRR,USLSA,CAVCR,USOAK,MXESE,CANWE,MXLCS,MXMAN,PECAL,PABAL,USSAV,USCHA,USNYK,COBUE,CLSAN,CLLIR,BRPDM,GBLGP,MATAN,FRLEH,BEZEE,FRFOS,SIKOP,ITGOA,DEHAM,ESBAR,MTMAL,BEANT,PLGDA,ESVAL,NLROT,TRMER,TRISK,TRYAR,EGSOK,TRALI,TRIST,GRPIR,EGPSA,JOAQA,EGDAM,SAJUB,SADMA,QAHMD,SAJED,KWMAA,AEJAL,AERUW,OMSOH,AEKHA,AEFUJ,PKKAR,INNSA,LKCOL,INMUN,THLCB,VNHPG,CNHUI,MY3182,CNLSN,HKHKG,CNFAN,CNNBO,CNZOS,CNGUA,CNFUN,CNJIN,CNHUA,CNTAI,CNTJN,MYPKE,CNYSN,CNWGQ,CNCJK,CNJIT,CNNSA,CNYTN,CNJIA,CNLYG,CNYAN,CNMEZ,CNDAL,CNYPG,TWKAO,CNSLH,CNDJK,CNBYQ,CNSDG,CNMWN,CNXIA,CNRIZ,CNSHE,SGSGP,TWTAP,CNZHA,CNDDG,CNQIZ,CNLYW,CNQIN,CNCFD,CNMJS,KRPOH,KRGWA,JPFUK,JPOIT,JPKIS,JPSKI,KRULS,KRINC,JPNAG,JPCBA,KRBUS,JPMIZ,JPKMA,KRYOS,AUNTL,AUHAY"
OFFGRKRKK,"BRPDM,GNBFF,SARTA,KWMAA,IQMAB,AERUW,OMSOH,AEFUJ,CNHUI,MY3182,CNLSN,CNFAN,CNNBO,CNZOS,CNJIN,CNHUA,CNTAI,CNTJN,CNJIT,MY3173,CNJIA,CNLYG,CNYAN,CNMEZ,CNDAL,CNYPG,TWKAO,CNSLH,CNDJK,CNBYQ,CNSDG,AUPHE,CNRIZ,SGSGP,AUPWA,CNZHA,CNDDG,CNQIZ,CNLYW,CNQIN,CNCFD,AUDPR,CNMJS,KRGWA,JPFUK,JPKII,JPSKI,KRULS,KRINC,JPCBA,KRYOS"
OARCGARFK,"USLSA,CAVCR,USOAK,MXLCS,MXMAN,PECAL,ECGYL,USNYK,COBUE,CLTAL,UYULA,BRPAR,BRRDJ,UYMON,BRSTS,BRRGR,GBSOU,FRLEH,BEZEE,NLAMS,SIKOP,ITGOA,DEHAM,MTMAL,BEANT,PLGDA,ESGIJ,NLROT,TRYAR,GRAGT,ZARIB,JOAQA,ROCON,EGALE,SAJUB,BHBAH,KEMOM,SADMA,QAUMS,SAJED,SAYAN,KWMAA,AEJAL,AEABU,OMSOH,AEFUJ,PKQAS,PKKAR,INKNP,INMUN,THLCB,THKSI,VNHPG,VNCAM,CNHUI,CNPAN,CNLSN,HKHKG,AUGER,CNNTG,CNFAN,CNNBO,CNPYU,CNZOS,CNGUA,CNFUN,CNJIN,CNHUA,CNTAI,CNDCB,CNTJN,MYPKE,MYPAG,IDBAH,CNSTO,CNYSN,CNWGQ,CNCJK,CNJIT,CN9873,CNYZH,CNNSA,CNDSN,CNLAZ,CNYTN,CNJIA,CN1087,CNLYG,CNYAN,AUESP,CNCHS,CNMEZ,CNDAL,CNYPG,CNRUG,CNZZU,TWKAO,CNZJG,AUFRE,CNDJK,CNBYQ,CNLKU,CNSDG,MYTPP,CNPLI,CNCGM,CNXIA,CNBHI,TWMAI,CNRIZ,CNSHE,SGSGP,MY2243,CNJIJ,TWTAP,CNZHA,CNQUA,CNZHE,CNDDG,CNWEN,CNCHZ,CNQIZ,CNQHD,CNBAO,CNQIN,CNCFD,CNNJG,CNGLA,CNWEI,IDSAM,JPKAW,KRPOH,KRGWA,KRDAN,JPFUK,JPOIT,JPKIS,JPSKI,KRULS,KRINC,JPNAG,JPCBA,JPYOK,KRPYT,KRBUS,JPMIZ,JPKMA,JPOSK,AUGLE,AUMEL,AUNTL,AUADE,AUBRI"
OACKYAKKK,"USLUA,GBBEL,PTLXS,IEDUB,FRLEH,ESHUE,ITTAR,ESTAR,DZDJE,DEHAM,FRROU,BEANT,ESGIJ,NLROT,TRGEB,TRYAR,LTKLJ,EGALE,VNHPG,THRAY,CNHUM,CNCJN,CNHUI,CNCZH,CNNTG,CNFAN,CNYJG,CNNBO,CNZOS,CNGUA,CNFUN,CNJIN,CNHKO,CNHPU,CNDYI,CNTJN,CNSTO,CNWGQ,CNCJK,CNSHA,CNDSN,CNTAX,CNFUZ,CNJIA,CNLYG,CNYAN,CNWEF,CNCHS,CNMEZ,CNDAL,CNYPG,CNZZU,TWKAO,AUFRE,CNBAS,CNDJK,CNBYQ,CNYIZ,CNSDG,CNXIA,CNBHI,SGSGP,CNJIJ,CNZHA,CNZPU,CNQUA,CNZHE,CNWEN,CNCHZ,CNQIZ,CNQIN,CNNJG,CNDNG,CNWEI,KRGWA,KRDAN,KRULS,AUADE,AUGEE"
RFKARSKKK,"CAPRR,BRPDM,GNBFF,DEHAM,SARTA,KWMAA,IQMAB,AERUW,OMSOH,AEFUJ,CNHUI,MY3182,CNLSN,CNFAN,CNNBO,CNZOS,CNJIN,CNHUA,CNTAI,CNTJN,CNJIT,MY3173,CNJIA,CNLYG,CNYAN,CNMEZ,CNDAL,CNYPG,TWKAO,CNSLH,CNDJK,CNBYQ,CNSDG,AUPHE,CNRIZ,SGSGP,AUPWA,CNZHA,CNDDG,CNQIZ,CNLYW,CNQIN,CNCFD,AUDPR,CNMJS,KRPOH,KRGWA,JPFUK,JPKII,JPSKI,KRULS,KRINC,JPNAG,JPCBA,JPKMA,KRYOS,AUNTL,AUHAY"
OACFKGKKK,"USSEA,USLSA,CAVCR,USOAK,MXMAN,PECAL,PABAL,USSAV,USCHA,USNYK,COBUE,CLSAN,UYULA,BRTUB,BRPDM,ARBNA,BRPAR,BRRDJ,UYMON,BRSTS,BRITA,BRRGR,GBSOU,FRLEH,BEZEE,FRFOS,SIKOP,ITGOA,DEHAM,ESBAR,MTMAL,ESCAR,BEANT,PLGDA,ESGIJ,NLROT,TRMER,TRYAR,TRALI,EGPSA,UAODS,JOAQA,ROCON,EGALE,EGDAM,SAJUB,SADMA,SAJED,SARTA,QARAS,KWMAA,IQMAB,AEJAL,AEABU,AERUW,OMSOH,AEFUJ,PKKAR,INMUN,THLCB,VNHPG,VNCAM,CNHUI,CNPAN,MY3182,CNLSN,HKHKG,CNFAN,CNNBO,CNZOS,CNGUA,CNFUN,CNJIN,AUCPN,CNHUA,CNTAI,CNTJN,MYPKE,CNYSN,CNWGQ,CNCJK,CNJIT,CNYZH,CNNSA,CNDSN,CNYTN,CNJIA,CNLYG,CNYAN,AUESP,CNMEZ,CNDAL,CNYPG,CN8965,TWKAO,CNZJG,CNSLH,CNDJK,CNBYQ,CNLKU,CNSDG,CNMWN,CNCGM,AUPHE,CNXIA,CNRIZ,CNSHE,SGSGP,MY2243,TWTAP,CNZHA,CNZHE,CNDDG,CNQIZ,CNLYW,CNBAO,CNQIN,CNCFD,CNMJS,JPKAW,KRPOH,KRGWA,KRDAN,JPFUK,JPOIT,JPKIS,JPSKI,KRULS,KRINC,JPIWA,JPNAG,JPCBA,KRBUS,JPMIZ,JPKMA,KRYOS,AUGLE,AUAPT,AUNTL,AUBRI,AUHAY,RUKZM,NCNOA"
OARKGOKKK,"USSEA,CAPRR,USLSA,CAVCR,USOAK,MXESE,CANWE,MXLCS,MXMAN,PECAL,PABAL,USSAV,USCHA,USNYK,COBUE,CLSAN,CLLIR,BRPDM,FRLEH,BEZEE,FRFOS,SIKOP,ITGOA,DEHAM,ESBAR,MTMAL,BEANT,PLGDA,ESVAL,NLROT,TRMER,TRISK,TRYAR,EGSOK,TRALI,GRPIR,EGPSA,JOAQA,EGDAM,SAJUB,SADMA,SAJED,KWMAA,AEJAL,AERUW,OMSOH,AEKHA,AEFUJ,PKKAR,INNSA,LKCOL,INMUN,THLCB,VNHPG,CNHUI,MY3182,CNLSN,HKHKG,CNFAN,CNNBO,CNZOS,CNGUA,CNFUN,CNJIN,CNHUA,CNTAI,CNTJN,MYPKE,CNYSN,CNWGQ,CNCJK,CNJIT,CNNSA,CNYTN,CNJIA,CNLYG,CNYAN,CNMEZ,CNDAL,CNYPG,TWKAO,CNSLH,CNDJK,CNBYQ,CNSDG,CNMWN,CNXIA,CNRIZ,CNSHE,SGSGP,TWTAP,CNZHA,CNDDG,CNQIZ,CNLYW,CNQIN,CNCFD,CNMJS,KRPOH,KRGWA,JPFUK,JPOIT,JPKIS,JPSKI,KRULS,KRINC,JPNAG,JPCBA,KRBUS,JPMIZ,JPKMA,KRYOS,AUNTL,AUHAY"
OACGKOKKK,"USLSA,CAVCR,USOAK,GTPQL,MXLCS,MXMAN,PECAL,PABAL,ECGYL,USNPN,USSAV,USNYK,COBUE,CLTAL,UYULA,BRPEC,BRTUB,BRPDM,BRPAR,BRRDJ,UYMON,BRSTS,BRITA,BRRGR,GBSOU,FRLEH,BEZEE,NLAMS,SIKOP,ITGOA,DEHAM,ESBAR,MTMAL,ESCAR,BEANT,PLGDA,ESGIJ,NLROT,TRMER,ZACPT,TRYAR,GRELE,GRAGT,TRALI,ZARIB,EGPSA,JOAQA,ROCON,EGALE,EGDAM,SAJUB,BHBAH,KEMOM,SADMA,QAUMS,SAJED,SAYAN,KWMAA,AEJAL,AEABU,AERUW,OMSOH,AEFUJ,RUULG,PKQAS,PKKAR,INCHN,INKNP,INMUN,INVIS,THLCB,THKSI,VNHPG,VNCAM,VNSOD,CNHUI,CNPAN,CNTAZ,MY3182,CNLSN,HKHKG,AUGER,CNNTG,CNFAN,CNNBO,CNPYU,CNZOS,CNGUA,CNFUN,CNJIN,CNHUA,CNTAI,CNDCB,CN9862,CNTJN,MYPKE,MYPAG,IDBAH,CNSTO,CNYSN,CNWGQ,CNCJK,CNJIT,CN9873,CNYZH,CNNSA,CNDSN,CNLAZ,CNYTN,CNJIA,CN1087,CNLYG,CNYAN,AUESP,CNCHS,CNMEZ,CNDAL,CNYPG,CNRUG,CNZZU,CNSWE,TWKAO,CNZJG,CNSLH,AUFRE,CNDJK,CNBYQ,CNLKU,MYTBS,CNSDG,MYTPP,CNMWN,CNCGM,CNXIA,CNBHI,TWMAI,CNRIZ,CNSHE,SGSGP,MY2243,CNJIJ,TWTAP,CNZHA,CNQUA,CNZHE,CNDDG,CNWEN,CNCHZ,CNQIZ,CNLYW,CNQHD,CNBAO,CNQIN,CNCFD,CNNJG,CNGLA,MYPGG,CNWEI,IDSAM,CNMJS,JPKAW,KRPOH,KRGWA,KRDAN,JPFUK,JPOIT,JPKIS,JPSKI,KRULS,KRINC,JPNAG,JPCBA,JPYOK,KRPYT,KRBUS,JPMIZ,JPKMA,KRYOS,JPOSK,AUGLE,AUMEL,AUNTL,AUADE,AUBRI,AUHAY,RUNJK"
OFFCRROKK,"USLSA,CAVCR,USOAK,MXLCS,MXMAN,PECAL,PABAL,USNPN,USSAV,USCHA,USNYK,COBUE,CLSAN,CLTAL,UYULA,BRPEC,BRTUB,BRPDM,ARBNA,BRPAR,BRRDJ,UYMON,BRSTS,BRITA,BRRGR,GBSOU,FRLEH,BEZEE,NLAMS,SIKOP,ITGOA,DEHAM,ESBAR,MTMAL,ESCAR,BEANT,PLGDA,ESGIJ,NLROT,TRMER,ZACPT,TRYAR,GRELE,GRAGT,TRALI,ZARIB,EGPSA,UAODS,JOAQA,ROCON,EGALE,EGDAM,SAJUB,BHBAH,KEMOM,SADMA,QAUMS,KWMIB,SAJED,SAYAN,QARAS,KWMAA,AEJAL,AEABU,AERUW,OMSOH,AEFUJ,RUULG,PKQAS,PKKAR,INMUN,THLCB,THKSI,VNHPG,VNCAM,VNSOD,CNHUI,CNPAN,MY3182,CNLSN,HKHKG,AUGER,CNFAN,CNNBO,CNZOS,CNGUA,CNFUN,CNJIN,CNHUA,CNTAI,CNTJN,MYPKE,MYPAG,IDBAH,CNSTO,CNYSN,CNWGQ,CNCJK,CNJIT,CNYZH,CNNSA,CNDSN,CNYTN,CNJIA,CNLYG,CNYAN,AUESP,CNMEZ,CNDAL,CNYPG,CNRUG,CNZZU,CNSWE,TWKAO,CNZJG,CNSLH,CNDJK,CNBYQ,CNLKU,MYTBS,CNSDG,MYTPP,CNMWN,CNCGM,CNXIA,TWMAI,CNRIZ,CNSHE,SGSGP,MY2243,TWTAP,CNZHA,CNQUA,CNZHE,CNDDG,CNWEN,CNQIZ,CNLYW,CNBAO,CNQIN,CNCFD,CNGLA,MYPGG,CNWEI,IDSAM,CNMJS,JPKAW,KRPOH,KRGWA,KRDAN,JPFUK,JPOIT,JPKIS,JPSKI,KRULS,KRINC,JPNAG,JPCBA,JPYOK,KRPYT,KRBUS,JPMIZ,JPKMA,KRYOS,AUGLE,AUNTL,AUBRI,AUSYD,AUHAY,RUNJK"
OARYFNKKK,"USSEA,USBNC,USLSA,CAVCR,USOAK,MXMAN,PECAL,PABAL,USSAV,USCHA,USNYK,COBUE,CLSAN,UYULA,BRTUB,BRPDM,ARBNA,BRPAR,BRRDJ,UYMON,BRSTS,BRITA,BRRGR,GBSOU,FRLEH,BEZEE,FRFOS,SIKOP,ITGOA,DEHAM,ESBAR,MTMAL,ESCAR,BEANT,PLGDA,ESGIJ,NLROT,TRMER,TRYAR,TRALI,EGPSA,UAODS,JOAQA,ROCON,EGALE,EGDAM,SAJUB,SADMA,SAJED,SARTA,QARAS,KWMAA,IQMAB,AEJAL,AEABU,AERUW,OMSOH,AEFUJ,PKKAR,INMUN,THLCB,VNHPG,VNCAM,CNHUI,MY3182,CNLSN,HKHKG,CNFAN,CNNBO,CNZOS,CNGUA,CNFUN,CNJIN,AUCPN,CNHUA,CNTAI,CNTJN,MYPKE,CNYSN,CNWGQ,CNCJK,CNJIT,CNYZH,CNNSA,CNDSN,CNYTN,MY3173,CNJIA,CNLYG,CNYAN,AUESP,CNMEZ,CNDAL,CNYPG,TWKAO,CNZJG,CNSLH,CNDJK,CNBYQ,CNSDG,CNMWN,CNCGM,AUPHE,CNXIA,CNRIZ,CNSHE,SGSGP,TWTAP,CNZHA,CNZHE,CNDDG,CNQIZ,CNLYW,CNBAO,CNQIN,CNCFD,CNMJS,JPKAW,KRPOH,KRGWA,KRDAN,JPFUK,JPKII,JPOIT,JPKIS,JPSKI,KRULS,KRINC,JPNAG,JPCBA,KRPYT,KRBUS,JPMIZ,JPKMA,KRYOS,AUGLE,AUAPT,AUNTL,AUBRI,AUHAY"
RNCONGKKK,"MXLCS,USLUA,USNYK,UYULA,GBBEL,PTLXS,IEDUB,FRLEH,ESHUE,ITTAR,ESTAR,DZDJE,DEHAM,FRROU,MTMAL,BEANT,ESGIJ,NLROT,TRGEB,TRYAR,GRAGT,LTKLJ,EGALE,THLCB,IDCXP,IDJAK,VNHCM,VNHPG,VNQUN,THRAY,CNHUM,CNCJN,CNHUI,CNCZH,HKHKG,CNNTG,CNFAN,CNYJG,CNNBO,CNZOS,CNGUA,CNFUN,CNJIN,CNHKO,CNHPU,CNDYI,CNTAI,CNTJN,MYPKE,MYPAG,CNSTO,CNYSN,CNWGQ,CNCJK,CNJIT,CNSHA,CNNSA,CNDSN,CNTAX,CNFUZ,CNYTN,CNJIA,TWHLN,CNLYG,CNYAN,CNWEF,CNCHS,CNMEZ,CNDAL,CNYPG,CNRUG,CNZZU,TWKAO,CNZJG,AUFRE,CNBAS,CNDJK,CNBYQ,CNYIZ,CNSHS,CNSDG,CNCGM,CNXIA,CNBHI,PHBAT,TWMAI,CNRIZ,CNSHE,SGSGP,TWTCH,CNJIJ,CNZHA,CNZPU,CNQUA,CNZHE,CNWEN,CNCHZ,CNQIZ,CNQHD,CNBAO,CNQIN,CNNJG,CNGLA,CNDNG,CNWEI,CNNDE,KRPOH,KRGWA,KRDAN,JPFUK,JPKIS,JPSKI,JPTOK,KRULS,KRINC,JPNAG,JPYOK,KRPYT,KRBUS,JPMIZ,JPOSK,AUADE,AUGEE"
OARKNNKKK,"USSEA,CAPRR,USLSA,CAVCR,USOAK,MXESE,MXLCS,MXMAN,PECAL,PABAL,ECGYL,USSAV,USNYK,COBUE,CLSAN,CLTAL,UYULA,CLLIR,BRTUB,BRPAR,BRRDJ,UYMON,BRIOA,BRSTS,BRIJI,BRITA,BRRGR,GBSOU,FRLEH,BEZEE,SIKOP,ITGOA,DEHAM,MTMAL,ESCAR,BEANT,PLGDA,ESGIJ,NLROT,TRYAR,EGSOK,JOAQA,ROCON,EGALE,SAJUB,SADMA,SAJED,KWMAA,AEJAL,AEABU,OMSOH,AEKHA,AEFUJ,PKQAS,PKKAR,INNSA,INCHN,LKCOL,INKNP,INMUN,INKUP,THLCB,VNHPG,VNCAM,CNHUI,MY3182,CNLSN,HKHKG,CNFAN,CNNBO,CNZOS,CNGUA,CNFUN,CNJIN,CNHUA,CNTAI,CNDCB,CNTJN,MYPKE,CNYSN,CNWGQ,CNCJK,CNJIT,CNYZH,CNNSA,CNDSN,CNYTN,CNJIA,CNLYG,CNYAN,AUESP,CNMEZ,CNDAL,CNYPG,TWKAO,CNZJG,AUFRE,CNDJK,CNBYQ,MYPEN,CNSDG,CNMWN,CNCGM,CNXIA,CNRIZ,CNSHE,SGSGP,TWTAP,CNZHA,CNQUA,CNZHE,CNDDG,CNQIZ,CNQHD,CNBAO,CNQIN,CNCFD,CNGLA,CNWEI,JPKAW,KRPOH,KRGWA,KRDAN,JPFUK,JPOIT,JPKIS,JPSKI,KRULS,KRINC,JPNAG,JPCBA,JPYOK,KRBUS,JPMIZ,JPKMA,KRYOS,JPOSK,AUGLE,AUMEL,AUNTL,AUADE,AUBRI"
OFFCGYRKK,"CNNBO,CNTJN,CNDAL,KRGWA"
OARSRFKKK,"USLSA,CAVCR,USOAK,GTPQL,MXLCS,MXMAN,PECAL,PABAL,ECGYL,USNPN,USSAV,USNYK,COBUE,CLTAL,UYULA,BRPEC,BRTUB,BRPDM,BRPAR,BRRDJ,UYMON,BRSTS,BRITA,BRRGR,GBSOU,FRLEH,BEZEE,NLAMS,SIKOP,ITGOA,DEHAM,ESBAR,MTMAL,ESCAR,BEANT,PLGDA,ESGIJ,NLROT,TRMER,ZACPT,TRYAR,GRELE,GRAGT,TRALI,ZARIB,EGPSA,JOAQA,ROCON,EGALE,EGDAM,SAJUB,BHBAH,KEMOM,SADMA,QAUMS,SAJED,SAYAN,KWMAA,AEJAL,AEABU,AERUW,OMSOH,AEFUJ,RUULG,PKQAS,PKKAR,INCHN,INKNP,INMUN,INVIS,THLCB,THKSI,VNHPG,VNCAM,VNSOD,CNHUI,CNPAN,CNTAZ,MY3182,CNLSN,HKHKG,AUGER,CNNTG,CNFAN,CNNBO,CNPYU,CNZOS,CNGUA,CNFUN,CNJIN,CNHUA,CNTAI,CNDCB,CN9862,CNTJN,MYPKE,MYPAG,IDBAH,CNSTO,CNYSN,CNWGQ,CNCJK,CNJIT,CN9873,CNYZH,CNNSA,CNDSN,CNLAZ,CNYTN,CNJIA,CN1087,CNLYG,CNYAN,AUESP,CNCHS,CNMEZ,CNDAL,CNYPG,CNRUG,CNZZU,CNSWE,TWKAO,CNZJG,CNSLH,AUFRE,CNDJK,CNBYQ,CNLKU,MYTBS,CNSDG,MYTPP,CNMWN,CNCGM,CNXIA,CNBHI,TWMAI,CNRIZ,CNSHE,SGSGP,MY2243,CNJIJ,TWTAP,CNZHA,CNQUA,CNZHE,CNDDG,CNWEN,CNCHZ,CNQIZ,CNLYW,CNQHD,CNBAO,CNQIN,CNCFD,CNNJG,CNGLA,MYPGG,CNWEI,IDSAM,CNMJS,JPKAW,KRPOH,KRGWA,KRDAN,JPFUK,JPOIT,JPKIS,JPSKI,KRULS,KRINC,JPNAG,JPCBA,JPYOK,KRPYT,KRBUS,JPMIZ,JPKMA,KRYOS,JPOSK,AUGLE,AUMEL,AUNTL,AUADE,AUBRI,AUHAY,RUNJK"
OARRYSOOK,"CNCJN,CNHUI,CNCZH,CNNTG,CNFAN,CNYJG,CNNBO,CNZOS,CNGUA,CNFUN,CNHKO,CNDYI,CNTAI,CNTJN,CNSTO,CNYSN,CNWGQ,CNCJK,CNDSN,CNTAX,CNFUZ,CNJIA,CNLYG,CNYAN,CNWEF,CNCHS,CNMEZ,CNDAL,CNYPG,CNRUG,TWKAO,CNZJG,CNBAS,CNDJK,CNYIZ,CNSDG,CNBHI,TWMAI,CNJIJ,CNZHA,CNZPU,CNQUA,CNZHE,CNWEN,CNCHZ,CNNJG,CNDNG,KRDAN,KRULS"
GRGKCKFYK,"USSEA,USLSA,CAVCR,USOAK,MXLCS,MXMAN,PECAL,PABAL,USSAV,USCHA,USNYK,COBUE,CLSAN,CLTAL,UYULA,BRTUB,BRPDM,ARBNA,BRPAR,BRRDJ,UYMON,BRSTS,BRITA,BRRGR,GBSOU,FRLEH,BEZEE,FRFOS,NLAMS,SIKOP,ITGOA,DEHAM,ESBAR,MTMAL,ESCAR,BEANT,PLGDA,ESGIJ,NLROT,TRMER,ZACPT,TRYAR,GRELE,GRAGT,TRALI,EGPSA,UAODS,JOAQA,ROCON,EGALE,EGDAM,SAJUB,BHBAH,KEMOM,SADMA,QAUMS,SAJED,SAYAN,QARAS,KWMAA,AEJAL,AEABU,AERUW,OMSOH,AEFUJ,RUULG,PKKAR,INMUN,THLCB,THKSI,VNHPG,VNCAM,CNHUI,CNPAN,MY3182,CNLSN,HKHKG,CNFAN,CNNBO,CNZOS,CNGUA,MY3177,CNFUN,CNJIN,CNHUA,CNTAI,CNTJN,MYPKE,MYPAG,CNYSN,CNWGQ,CNCJK,CNJIT,CNYZH,CNNSA,CNDSN,CNYTN,CNJIA,CNLYG,CNYAN,CN2032,AUESP,CNMEZ,CNDAL,CNYPG,TWKAO,CNZJG,CNSLH,CNDJK,CNBYQ,CNLKU,MYTBS,CNSDG,CNMWN,CNCGM,CNXIA,CN2039,TWMAI,CNRIZ,CNSHE,SGSGP,MY2243,TWTAP,CNZHA,CNZHE,CNDDG,CNQIZ,CNLYW,CNBAO,CNQIN,CNCFD,CNGLA,MYPGG,CNMJS,JPKAW,KRPOH,KRGWA,KRDAN,JPFUK,JPOIT,JPKIS,JPSKI,KRULS,KRINC,JPNAG,JPCBA,JPYOK,KRPYT,KRBUS,JPMIZ,JPKMA,KRYOS,AUGLE,AUAPT,AUNTL,AUBRI,AUHAY,RUNJK"
OAOFFNKKK,"USLSA,CAVCR,USOAK,MXLCS,MXMAN,PECAL,ECGYL,USNYK,COBUE,UYULA,BRPEC,BRTUB,BRPAR,BRRDJ,UYMON,BRSTS,BRRGR,GBSOU,FRLEH,BEZEE,NLAMS,SIKOP,ITGOA,DEHAM,MTMAL,ESCAR,BEANT,PLGDA,ESGIJ,NLROT,TRYAR,GRAGT,ZARIB,JOAQA,ROCON,EGALE,SAJUB,BHBAH,KEMOM,SADMA,QAUMS,SAJED,SAYAN,KWMAA,AEJAL,AEABU,OMSOH,AEFUJ,PKQAS,PKKAR,INKNP,INMUN,THLCB,VNHPG,VNCAM,CNHUI,CNPAN,CNTAZ,CNLSN,HKHKG,AUGER,CNNTG,CNFAN,CNNBO,CNZOS,CNGUA,CNFUN,CNJIN,CNHUA,CNTAI,CNDCB,CNTJN,MYPKE,MYPAG,IDBAH,CNSTO,CNYSN,CNWGQ,CNCJK,CNJIT,CNYZH,CNNSA,CNDSN,CNLAZ,CNYTN,CNJIA,CNLYG,CNYAN,AUESP,CNCHS,CNMEZ,CNDAL,CNYPG,CNRUG,CNZZU,TWKAO,CNZJG,AUFRE,CNDJK,CNBYQ,CNLKU,CNSDG,CNPLI,CNCGM,CNXIA,CNBHI,TWMAI,CNRIZ,CNSHE,SGSGP,CNJIJ,TWTAP,CNZHA,CNQUA,CNZHE,CNDDG,CNWEN,CNCHZ,CNQIZ,CNQHD,CNBAO,CNQIN,CNCFD,CNNJG,CNGLA,CNWEI,IDSAM,KRPOH,KRGWA,KRDAN,JPFUK,JPOIT,JPKIS,JPSKI,KRULS,KRINC,JPNAG,JPYOK,KRPYT,KRBUS,JPMIZ,JPKMA,JPOSK,AUGLE,AUMEL,AUNTL,AUADE,AUBRI"
OAOONNKKK,"USLSA,CAVCR,USOAK,GTPQL,MXLCS,MXMAN,PECAL,PABAL,ECGYL,USNPN,USSAV,USNYK,COBUE,CLSAN,CLTAL,UYULA,BRPEC,BRTUB,BRPDM,ARBNA,BRPAR,BRRDJ,UYMON,BRIOA,BRSTS,BRITA,BRRGR,GBSOU,FRLEH,BEZEE,NLAMS,SIKOP,ITGOA,DEHAM,ESBAR,MTMAL,ESCAR,BEANT,PLGDA,ESGIJ,NLROT,TRMER,ZACPT,TRYAR,GRELE,GRAGT,TRALI,ZARIB,EGPSA,JOAQA,ROCON,EGALE,EGDAM,SAJUB,BHBAH,KEMOM,SADMA,QAUMS,SAJED,SAYAN,KWMAA,AEJAL,AEABU,AERUW,OMSOH,AEFUJ,RUULG,PKQAS,PKKAR,INCHN,INKNP,INMUN,INVIS,THLCB,THKSI,VNHPG,VNCAM,VNSOD,CNHUI,CNPAN,CNTAZ,MY3182,CNLSN,HKHKG,AUGER,CNFAN,CNNBO,CNPYU,CNZOS,CNGUA,CNFUN,CNJIN,CNHUA,CNTAI,CNDCB,CN9862,CNTJN,MYPKE,MYPAG,IDBAH,CNSTO,CNYSN,CNWGQ,CNCJK,CNJIT,CN9873,CNYZH,CNNSA,CNDSN,CNLAZ,CNYTN,CNJIA,CN1087,CNLYG,CNYAN,AUESP,CNMEZ,CNDAL,CNYPG,CNRUG,CNZZU,CNSWE,TWKAO,CNZJG,CNSLH,AUFRE,CNDJK,CNBYQ,CNLKU,MYTBS,CNSDG,MYTPP,CNMWN,CNCGM,CNXIA,CNBHI,TWMAI,CNRIZ,CNSHE,SGSGP,MY2243,TWTAP,CNZHA,CNQUA,CNZHE,CNDDG,CNWEN,CNQIZ,CNLYW,CNQHD,CNBAO,CNQIN,CNCFD,CNGLA,MYPGG,CNWEI,IDSAM,CNMJS,JPKAW,KRPOH,KRGWA,KRDAN,JPFUK,JPOIT,JPKIS,JPSKI,KRULS,KRINC,JPNAG,JPCBA,JPYOK,KRPYT,KRBUS,JPMIZ,JPKMA,KRYOS,JPOSK,AUGLE,AUMEL,AUNTL,AUADE,AUBRI,AUHAY,RUNJK"
OARSYKKKK,"USLSA,CAVCR,USOAK,MXLCS,MXMAN,PECAL,ECGYL,USSAV,USNYK,COBUE,CLTAL,UYULA,BRPEC,BRTUB,BRPAR,BRRDJ,UYMON,BRSTS,BRRGR,GBSOU,FRLEH,BEZEE,NLAMS,SIKOP,ITGOA,DEHAM,MTMAL,ESCAR,BEANT,PLGDA,ESGIJ,NLROT,ZACPT,TRYAR,GRAGT,TRALI,ZARIB,EGPSA,JOAQA,ROCON,EGALE,SAJUB,BHBAH,KEMOM,SADMA,QAUMS,SAJED,SAYAN,KWMAA,AEJAL,AEABU,AERUW,OMSOH,AEFUJ,PKQAS,PKKAR,INKNP,INMUN,THLCB,THKSI,VNHPG,VNCAM,CNHUI,CNPAN,CNTAZ,CNLSN,HKHKG,AUGER,CNNTG,CNFAN,CNNBO,CNPYU,CNZOS,CNGUA,CNFUN,CNJIN,CNHUA,CNTAI,CNDCB,CNTJN,MYPKE,MYPAG,IDBAH,CNSTO,CNYSN,CNWGQ,CNCJK,CNJIT,CN9873,CNYZH,CNNSA,CNDSN,CNLAZ,CNYTN,CNJIA,CN1087,CNLYG,CNYAN,AUESP,CNCHS,CNMEZ,CNDAL,CNYPG,CNRUG,CNZZU,TWKAO,CNZJG,CNSLH,AUFRE,CNDJK,CNBYQ,CNLKU,CNSDG,MYTPP,CNPLI,CNCGM,CNXIA,CNBHI,TWMAI,CNRIZ,CNSHE,SGSGP,MY2243,CNJIJ,TWTAP,CNZHA,CNQUA,CNZHE,CNDDG,CNWEN,CNCHZ,CNQIZ,CNLYW,CNQHD,CNBAO,CNQIN,CNCFD,CNNJG,CNGLA,CNWEI,IDSAM,JPKAW,KRPOH,KRGWA,KRDAN,JPFUK,JPOIT,JPKIS,JPSKI,KRULS,KRINC,JPNAG,JPCBA,JPYOK,KRPYT,KRBUS,JPMIZ,JPKMA,JPOSK,AUGLE,AUMEL,AUNTL,AUADE,AUBRI"
OARAYGKKK,"USSEA,USLSA,CAVCR,USOAK,MXLCS,MXMAN,PECAL,PABAL,USNPN,USSAV,USCHA,USNYK,COBUE,CLSAN,CLTAL,UYULA,BRPEC,BRTUB,BRPDM,ARBNA,BRPAR,BRRDJ,UYMON,BRSTS,BRITA,BRRGR,GBSOU,FRLEH,BEZEE,FRFOS,NLAMS,SIKOP,ITGOA,DEHAM,ESBAR,MTMAL,ESCAR,BEANT,PLGDA,ESGIJ,NLROT,TRMER,ZACPT,TRYAR,GRELE,GRAGT,TRALI,ZARIB,EGPSA,UAODS,JOAQA,ROCON,EGALE,EGDAM,SAJUB,BHBAH,KEMOM,SADMA,QAUMS,SAJED,SAYAN,KWMAA,AEJAL,AEABU,AERUW,OMSOH,AEFUJ,RUULG,PKQAS,PKKAR,INMUN,THLCB,THKSI,VNHPG,VNCAM,VNSOD,CN9014,CNHUI,CNPAN,MY3182,CNLSN,HKHKG,AUGER,CNFAN,CNNBO,CNPYU,CNZOS,CNGUA,CNFUN,CNJIN,CNHUA,CNTAI,CN9862,CNTJN,MYPKE,MYPAG,IDBAH,CNSTO,CNYSN,CNWGQ,CNCJK,CNJIT,CN9873,CNYZH,CNNSA,CNDSN,CNLAZ,CNYTN,CNJIA,CN1087,CNLYG,CNYAN,AUESP,CNMEZ,IDTBR,CNDAL,CNYPG,CNRUG,CNZZU,CNSWE,TWKAO,CNZJG,CNSLH,CNDJK,CNBYQ,CNLKU,MYTBS,CNSDG,MYTPP,CNMWN,CNCGM,CNXIA,CN2039,CNBHI,TWMAI,CNRIZ,CNSHE,SGSGP,MY2243,TWTAP,CNZHA,CNZHE,CNDDG,CNWEN,CNQIZ,CNLYW,CNQHD,CNBAO,CNQIN,CNCFD,CNGLA,MYPGG,CNWEI,IDSAM,CNMJS,JPKAW,KRPOH,KRGWA,KRDAN,JPFUK,JPOIT,JPKIS,JPSKI,KRULS,KRINC,JPNAG,JPCBA,JPYOK,KRPYT,KRBUS,JPMIZ,JPKMA,KRYOS,AUGLE,AUNTL,AUBRI,AUHAY,RUNJK"
OFFSNKGKK,"BRPDM,FRFEC,EGSKR,SAJUT,SARTA,KWMAA,IQMAB,AERUW,OMMAF,AEFUJ,CNHUI,CNLSN,CNNBO,CNZOS,CNMEZ,CNDAL,CNYPG,TWKAO,CNSLH,CNDJK,CNSDG,SGSGP,CNZHA,CNQIZ,CNCFD,JPKII,JPSKI,JPCBA"
OAOFFCKKK,"CAVCR,USLUA,PECAL,ECGYL,USNYK,PEMAT,ECPBO,UYULA,CLMEJ,BRVIT,BRRDJ,UYMON,BRSTS,BRRGR,GBBEL,PTLXS,MACAS,GHTEM,GNCON,IEDUB,FRLEH,BEZEE,SIKOP,ITGOA,NLVSG,ESHUE,ITTAR,ESTAR,DZDJE,DEHAM,ITRAV,FRROU,MTMAL,BEANT,PLGDA,ESGIJ,NLROT,ESBIL,TRGEB,LVRIX,TRYAR,ZADUR,GRAGT,TRLMA,TRDER,ZARIB,JOAQA,LTKLJ,FIKOT,ROCON,ZAPLZ,UACHO,EGALE,BHBAH,KEMOM,TZDRS,SADMA,SAJED,SAYAN,KWMAA,AEJAL,AEABU,AERAK,RUNVS,RUSPG,OMSOH,AEFUJ,PKQAS,PKKAR,INKAN,INKNP,INMUN,THLCB,IDCXP,VNNGH,IDJAK,VNHCM,VNHPG,VNQUN,THRAY,IDSUR,CNHUM,CNCJN,CNHUI,CNCZH,CNLSN,HKHKG,AUGER,CNNTG,CNFAN,CNDAF,CNYJG,CNNBO,CNZOS,CNGUA,CNFUN,CNJIN,CNHKO,CNHPU,CNDYI,CNHUA,CNTAI,CNTJN,MYPKE,MYPAG,IDBAH,CNSTO,CNYSN,CNWGQ,CNCJK,CNJIT,CNYZH,CNSHA,CNNSA,CNDSN,CNTAX,CNLAZ,CNFUZ,CNJIA,TWHLN,CNLYG,CNYAN,CNWEF,CNCHS,CNMEZ,CNDAL,CNYPG,CNRUG,CNZZU,TWKAO,CNZJG,AUFRE,CNBAS,CNDJK,CNBYQ,CNLKU,CNYIZ,CNSHS,CNSDG,AUBUN,CNPLI,CNCGM,CNXIA,CNBHI,PHBAT,TWMAI,CNRIZ,SGSGP,TWTCH,CNJIJ,CNZHA,CNZPU,CNQUA,CNZHE,CNWEN,CNCHZ,CNQIZ,CNQHD,CNBAO,CNQIN,CNLVS,CNCFD,CNNJG,CNGLA,CNDNG,CNWEI,CNNDE,KRPOH,KRKUN,KRGWA,KRDAN,JPFUK,JPOIT,JPKIS,JPHHR,KRMAS,JPSKI,JPTOK,KRULS,KRINC,JPNAG,JPYOK,KRPYT,KRBUS,JPMIZ,JPMOJ,JPKMA,JPOSK,AUGLE,AUMEL,AUNTL,AUPKE,AUADE,AUBRI,AUGEE,NZAKL,NZTAU,NZNAP"
OAORNKKKK,"USSEA,CAPRR,USLSA,CAVCR,USOAK,MXESE,MXLCS,MXMAN,PECAL,PABAL,USSAV,USCHA,USNYK,COBUE,CLSAN,CLTAL,UYULA,CLLIR,BRPDM,ARBNA,BRPAR,BRRDJ,UYMON,BRSTS,BRIJI,BRRGR,FRLEH,BEZEE,SIKOP,ITGOA,DEHAM,ESBAR,MTMAL,BEANT,PLGDA,NLROT,TRMER,TRYAR,EGSOK,TRALI,EGPSA,UAODS,JOAQA,ROCON,EGALE,EGDAM,SAJUB,SADMA,SAJED,KWMAA,AEJAL,AEABU,AERUW,OMSOH,AEKHA,AEFUJ,PKKAR,INNSA,LKCOL,INMUN,THLCB,VNHPG,VNCAM,CNHUI,MY3182,CNLSN,HKHKG,CNFAN,CNNBO,CNZOS,CNFUN,CNJIN,CNHUA,CNTAI,CNTJN,MYPKE,CNYSN,CNWGQ,CNCJK,CNJIT,CNNSA,CNYTN,CNJIA,CNLYG,CNYAN,AUESP,CNMEZ,CNDAL,CNYPG,TWKAO,CNZJG,CNSLH,CNDJK,CNBYQ,CNSDG,CNMWN,CNCGM,CNXIA,CNRIZ,CNSHE,SGSGP,TWTAP,CNZHA,CNZHE,CNDDG,CNQIZ,CNLYW,CNBAO,CNQIN,CNCFD,CNMJS,JPKAW,KRPOH,KRGWA,JPFUK,JPOIT,JPKIS,JPSKI,KRULS,KRINC,JPNAG,JPCBA,JPYOK,KRBUS,JPMIZ,JPKMA,KRYOS,AUGLE,AUNTL,AUHAY"
RFAGCKKKK,"BRPDM,SARTA,KWMAA,IQMAB,AERUW,OMSOH,AEFUJ,CNHUI,MY3182,CNLSN,CNNBO,CNZOS,CNJIN,CNTJN,CNJIT,MY3173,CNLYG,CNYAN,CNMEZ,CNDAL,CNYPG,TWKAO,CNSLH,CNDJK,CNSDG,SGSGP,CNZHA,CNQIZ,CNQIN,CNCFD,KRGWA,JPKII,JPSKI,KRULS,KRINC,JPCBA,KRYOS"
OFFGNCCKK,"BRPDM,SAJUT,SARTA,KWMAA,IQMAB,AERUW,AEFUJ,CNHUI,CNLSN,CNNBO,CNZOS,CNJIN,CNTJN,CNYAN,CNMEZ,CNDAL,CNYPG,TWKAO,CNSLH,CNDJK,CNSDG,SGSGP,CNZHA,CNQIZ,CNQIN,CNCFD,KRGWA,JPKII,JPSKI,KRULS,KRINC,JPCBA"
OFFAKRAKK,"CAPRR,CAVCR,CANWE,BRPDM,BEZEE,DEHAM,BEANT,PLGDA,NLROT,GRPIR,SADMA,SARTA,KWMAA,IQMAB,AEJAL,AERUW,OMSOH,AEKHA,AEFUJ,CNHUI,MY3182,CNLSN,HKHKG,CNFAN,CNNBO,CNZOS,CNJIN,CNHUA,CNTAI,CNTJN,MYPKE,CNYSN,CNCJK,CNJIT,CNNSA,CNYTN,MY3173,CNJIA,CNLYG,CNYAN,CNMEZ,CNDAL,CNYPG,TWKAO,CNSLH,CNDJK,CNBYQ,CNSDG,AUPHE,CNXIA,CNRIZ,SGSGP,AUPWA,CNZHA,CNDDG,CNQIZ,CNLYW,CNQIN,CNCFD,AUDPR,CNMJS,KRPOH,KRGWA,JPFUK,JPKII,JPOIT,JPKIS,JPSKI,KRULS,KRINC,JPNAG,JPCBA,JPMIZ,JPKMA,KRYOS,AUNTL,AUHAY"
OFFGCSRKK,"BRPDM,SARTA,KWMAA,IQMAB,AERUW,OMSOH,AEFUJ,CNHUI,MY3182,CNLSN,CNNBO,CNZOS,CNJIN,CNTJN,CNJIT,MY3173,CNLYG,CNYAN,CNMEZ,CNDAL,CNYPG,TWKAO,CNSLH,CNDJK,CNSDG,AUPHE,CNRIZ,SGSGP,CNZHA,CNQIZ,CNQIN,CNCFD,CNMJS,KRGWA,JPKII,JPSKI,KRULS,KRINC,JPCBA,KRYOS"
OARKFSKKK,"USLSA,CAVCR,USOAK,GTPQL,MXLCS,MXMAN,PECAL,PABAL,ECGYL,USNPN,USSAV,USNYK,COBUE,CLTAL,UYULA,BRPEC,BRTUB,BRPDM,BRPAR,BRRDJ,UYMON,BRSTS,BRITA,BRRGR,GBSOU,FRLEH,BEZEE,NLAMS,SIKOP,ITGOA,DEHAM,ESBAR,MTMAL,ESCAR,BEANT,PLGDA,ESGIJ,NLROT,TRMER,ZACPT,TRYAR,GRELE,GRAGT,TRALI,ZARIB,EGPSA,JOAQA,ROCON,EGALE,EGDAM,SAJUB,BHBAH,KEMOM,SADMA,QAUMS,SAJED,SAYAN,KWMAA,AEJAL,AEABU,AERUW,OMSOH,AEFUJ,RUULG,PKQAS,PKKAR,INCHN,INKNP,INMUN,INVIS,THLCB,THKSI,VNHPG,VNCAM,VNSOD,CNHUI,CNPAN,CNTAZ,MY3182,CNLSN,HKHKG,AUGER,CNNTG,CNFAN,CNNBO,CNPYU,CNZOS,CNGUA,CNFUN,CNJIN,CNHUA,CNTAI,CNDCB,CN9862,CNTJN,MYPKE,MYPAG,IDBAH,CNSTO,CNYSN,CNWGQ,CNCJK,CNJIT,CN9873,CNYZH,CNNSA,CNDSN,CNLAZ,CNYTN,CNJIA,CN1087,CNLYG,CNYAN,AUESP,CNCHS,CNMEZ,CNDAL,CNYPG,CNRUG,CNZZU,CNSWE,TWKAO,CNZJG,CNSLH,AUFRE,CNDJK,CNBYQ,CNLKU,MYTBS,CNSDG,MYTPP,CNMWN,CNCGM,CNXIA,CNBHI,TWMAI,CNRIZ,CNSHE,SGSGP,MY2243,CNJIJ,TWTAP,CNZHA,CNQUA,CNZHE,CNDDG,CNWEN,CNCHZ,CNQIZ,CNLYW,CNQHD,CNBAO,CNQIN,CNCFD,CNNJG,CNGLA,MYPGG,CNWEI,IDSAM,CNMJS,JPKAW,KRPOH,KRGWA,KRDAN,JPFUK,JPOIT,JPKIS,JPSKI,KRULS,KRINC,JPNAG,JPCBA,JPYOK,KRPYT,KRBUS,JPMIZ,JPKMA,KRYOS,JPOSK,AUGLE,AUMEL,AUNTL,AUADE,AUBRI,AUHAY,RUNJK"
OFFAKKRKK,"BEZEE,DEHAM,BEANT,PLGDA,NLROT,GRPIR,SADMA,AEJAL,AEKHA,CNNBO,CNZOS,CNTJN,MYPKE,CNYSN,CNNSA,CNYTN,CNLYG,CNDAL,CNXIA,SGSGP,CNQIN,KRGWA"
OACFNKKKK,"USSEA,CAPRR,USLSA,CAVCR,USOAK,MXESE,MXLCS,MXMAN,PECAL,PABAL,USSAV,USNYK,COBUE,CLSAN,CLTAL,UYULA,CLLIR,BRPDM,ARBNA,BRPAR,BRRDJ,UYMON,BRSTS,BRIJI,BRRGR,FRLEH,BEZEE,SIKOP,ITGOA,DEHAM,ESBAR,MTMAL,BEANT,PLGDA,NLROT,TRMER,TRYAR,EGSOK,TRALI,EGPSA,JOAQA,ROCON,EGALE,EGDAM,SAJUB,SADMA,SAJED,KWMAA,AEJAL,AEABU,AERUW,OMSOH,AEKHA,AEFUJ,PKKAR,INNSA,LKCOL,INMUN,THLCB,VNHPG,VNCAM,CNHUI,MY3182,CNLSN,HKHKG,CNFAN,CNNBO,CNZOS,CNGUA,CNFUN,CNJIN,CNHUA,CNTAI,CNDCB,CNTJN,MYPKE,CNYSN,CNWGQ,CNCJK,CNJIT,CNNSA,CNYTN,CNJIA,CNLYG,CNYAN,AUESP,CNMEZ,CNDAL,CNYPG,TWKAO,CNZJG,CNSLH,CNDJK,CNBYQ,CNSDG,CNMWN,CNCGM,CNXIA,CNRIZ,CNSHE,SGSGP,TWTAP,CNZHA,CNQUA,CNZHE,CNDDG,CNQIZ,CNLYW,CNQHD,CNBAO,CNQIN,CNCFD,CNGLA,CNMJS,JPKAW,KRPOH,KRGWA,JPFUK,JPOIT,JPKIS,JPSKI,KRULS,KRINC,JPNAG,JPCBA,JPYOK,KRBUS,JPMIZ,JPKMA,KRYOS,AUGLE,AUNTL,AUHAY"
OARCYRCOK,"USLSA,CAVCR,USOAK,GTSTC,USBEA,USBTR,MXLCS,USLUA,MXMAN,PECAL,ECGYL,USNYK,COBAR,COBUE,UYULA,BRVIT,BRRDJ,UYMON,BRSTS,BRRGR,GBBEL,PTLXS,MACAS,GBSOU,GHTEM,GNCON,IEDUB,CIABI,FRLEH,BEZEE,NLAMS,SIKOP,ITGOA,NLVSG,ESHUE,ITTAR,ESTAR,DZDJE,DEHAM,ITRAV,FRROU,MTMAL,BEANT,PLGDA,ESSAN,ESGIJ,NLROT,ESSAG,ESBIL,TRGEB,LVRIX,TRYAR,ZADUR,GRAGT,TRLMA,TRDER,ZARIB,JOAQA,LTKLJ,FIKOT,ROCON,ZAPLZ,UACHO,EGALE,SAJUB,BHBAH,KEMOM,TZDRS,SADMA,QAUMS,SAJED,SAYAN,KWMAA,AEJAL,AEABU,AERAK,RUSPG,OMSOH,AEFUJ,PKQAS,PKKAR,INKAN,INKNP,INMUN,THLCB,VNPHU,VNNGH,IDJAK,VNHCM,VNHPG,VNCAM,VNQUN,IDSUR,CNHUM,CNCJN,CNHUI,CNCZH,CNSHD,CNLSN,HKHKG,AUGER,CNNTG,CNFAN,CNDAF,CNYJG,CNNBO,CNZOS,CNGUA,CNFUN,CNJIN,CNHKO,CNHPU,CNDYI,CNHUA,CNTAI,CNDCB,CNTJN,MYKUA,MYPKE,MYPAG,IDBAH,CNSTO,CNYSN,CNWGQ,CNCJK,CNJIT,CNYZH,CNNSA,CNDSN,CNTAX,CNLAZ,CNFUZ,CNYTN,CNJIA,TWHLN,CNLYG,CNYAN,TWKEE,AUESP,CNCHS,CNMEZ,CNDAL,CNYPG,CNRUG,CNZZU,TWKAO,CNZJG,AUFRE,CNBAS,CNSIZ,CNDJK,CNBYQ,CNLKU,CNSDG,CNPLI,CNCGM,CNXIA,CNBHI,TWMAI,CNRIZ,CNSHE,SGSGP,TWTCH,CNJIJ,CNZHA,CNZPU,CNQUA,CNZHE,CNDDG,CNWEN,CNCHZ,CNQIZ,CNQHD,CNBAO,CNQIN,CNLVS,CNCFD,CNNJG,CNGLA,CNDNG,CNWEI,IDSAM,CNNDE,KRPOH,KRKUN,KRGWA,JPHIB,KRDAN,JPFUK,JPOIT,JPKIS,JPSKI,JPTOK,KRULS,KRINC,JPNAG,JPYOK,KRPYT,KRBUS,JPMIZ,JPKMA,JPOSK,AUGLE,AUMEL,AUNTL,AUPKE,AUADE,AUBRI,AUBNE,NZAKL,NZTAU,NZNAP"
OARNORKKK,"CAPRR,CAVCR,CANWE,BRPDM,BEZEE,DEHAM,MTMAL,BEANT,PLGDA,NLROT,GRPIR,SADMA,SARTA,KWMAA,IQMAB,AEJAL,AERUW,OMSOH,AEKHA,AEFUJ,CNHUI,MY3182,CNLSN,HKHKG,CNFAN,CNNBO,CNZOS,CNJIN,CNHUA,CNTAI,CNTJN,MYPKE,CNYSN,CNCJK,CNJIT,CNNSA,CNYTN,MY3173,CNJIA,CNLYG,CNYAN,CNMEZ,CNDAL,CNYPG,TWKAO,CNSLH,CNDJK,CNBYQ,CNSDG,AUPHE,CNXIA,CNRIZ,SGSGP,AUPWA,CNZHA,CNDDG,CNQIZ,CNLYW,CNQIN,CNCFD,AUDPR,CNMJS,KRPOH,KRGWA,JPFUK,JPKII,JPOIT,JPKIS,JPSKI,KRULS,KRINC,JPNAG,JPCBA,JPMIZ,JPKMA,KRYOS,AUNTL,AUHAY"
OFFSRCRKK,"USSEA,CAPRR,USLSA,CAVCR,USOAK,MXLCS,MXMAN,PECAL,PABAL,ECGYL,USSAV,USNYK,COBUE,CLSAN,CLTAL,UYULA,BRTUB,BRPAR,BRRDJ,UYMON,BRIOA,BRSTS,BRIJI,BRITA,BRRGR,GBSOU,FRLEH,BEZEE,SIKOP,ITGOA,DEHAM,MTMAL,ESCAR,BEANT,PLGDA,ESGIJ,NLROT,TRYAR,EGSOK,JOAQA,ROCON,EGALE,SAJUB,SADMA,SAJED,KWMAA,AEJAL,AEABU,OMSOH,AEFUJ,PKQAS,PKKAR,INNSA,INCHN,LKCOL,INKNP,INMUN,INKUP,THLCB,VNHPG,VNCAM,CNHUI,CNPAN,MY3182,CNLSN,HKHKG,CNFAN,CNNBO,CNZOS,CNGUA,CNFUN,CNJIN,CNHUA,CNTAI,CNDCB,CNTJN,MYPKE,MYPAG,CNYSN,CNWGQ,CNCJK,CNJIT,CNYZH,CNNSA,CNDSN,CNYTN,CNJIA,CNLYG,CNYAN,AUESP,CNMEZ,CNDAL,CNYPG,CNZZU,TWKAO,CNZJG,AUFRE,CNDJK,CNBYQ,MYPEN,CNSDG,CNMWN,CNCGM,CNXIA,CNRIZ,CNSHE,SGSGP,TWTAP,CNZHA,CNQUA,CNZHE,CNDDG,CNQIZ,CNQHD,CNBAO,CNQIN,CNCFD,CNGLA,CNWEI,JPKAW,KRPOH,KRGWA,KRDAN,JPFUK,JPOIT,JPKIS,JPSKI,KRULS,KRINC,JPNAG,JPCBA,JPYOK,KRBUS,JPMIZ,JPKMA,KRYOS,JPOSK,AUGLE,AUMEL,AUNTL,AUADE,AUBRI"
OFFAKKCKK,"USLSA,CAVCR,USOAK,MXLCS,MXMAN,PECAL,ECGYL,USNYK,COBUE,UYULA,BRPAR,BRRDJ,UYMON,BRSTS,BRRGR,GBSOU,FRLEH,BEZEE,NLAMS,SIKOP,ITGOA,DEHAM,MTMAL,BEANT,PLGDA,ESGIJ,NLROT,TRYAR,GRAGT,ZARIB,JOAQA,ROCON,EGALE,SAJUB,BHBAH,KEMOM,SADMA,QAUMS,SAJED,SAYAN,KWMAA,AEJAL,AEABU,OMSOH,AEFUJ,PKQAS,PKKAR,INKNP,INMUN,THLCB,VNHPG,VNCAM,CNHUI,CNPAN,CNTAZ,CNLSN,HKHKG,AUGER,CNNTG,CNFAN,CNNBO,CNZOS,CNGUA,CNFUN,CNJIN,CNHUA,CNTAI,CNDCB,CNTJN,MYPKE,MYPAG,IDBAH,CNSTO,CNYSN,CNWGQ,CNCJK,CNJIT,CN9873,CNYZH,CNNSA,CNDSN,CNLAZ,CNYTN,CNJIA,CNLYG,CNYAN,AUESP,CNCHS,CNMEZ,CNDAL,CNYPG,CNRUG,CNZZU,TWKAO,CNZJG,AUFRE,CNDJK,CNBYQ,CNLKU,CNSDG,MYTPP,CNCGM,CNXIA,CNBHI,TWMAI,CNRIZ,CNSHE,SGSGP,CNJIJ,TWTAP,CNZHA,CNQUA,CNZHE,CNDDG,CNWEN,CNQIZ,CNQHD,CNBAO,CNQIN,CNCFD,CNNJG,CNGLA,MYPGG,CNWEI,IDSAM,KRPOH,KRGWA,KRDAN,JPFUK,JPOIT,JPKIS,JPSKI,KRULS,KRINC,JPNAG,JPCBA,JPYOK,KRPYT,KRBUS,JPMIZ,JPKMA,KRYOS,JPOSK,AUGLE,AUMEL,AUNTL,AUADE,AUBRI"
OAORAKKKK,"USSEA,CAPRR,USLSA,CAVCR,USOAK,MXESE,CANWE,GTPQL,MXLCS,MXMAN,PECAL,PABAL,ECGYL,USSAV,USCHA,USNYK,COBUE,CLSAN,CLTAL,UYULA,CLLIR,BRTUB,BRPDM,ARBNA,BRPAR,BRRDJ,UYMON,BRIOA,BRSTS,BRIJI,BRITA,BRRGR,GBSOU,FRLEH,BEZEE,SIKOP,ITGOA,DEBHN,DEHAM,ESBAR,MTMAL,BEANT,PLGDA,ESGIJ,NLROT,TRMER,TRYAR,EGSOK,TRALI,EGPSA,UAODS,JOAQA,ROCON,EGALE,EGDAM,SAJUB,SADMA,SAJED,KWMAA,AEJAL,AEABU,AERUW,OMSOH,AEKHA,AEFUJ,PKQAS,PKKAR,INNSA,INCHN,LKCOL,INKNP,INMUN,INVIS,INKUP,THLCB,VNHPG,VNCAM,CNHUI,MY3182,CNLSN,HKHKG,CNFAN,CNNBO,CNZOS,CNGUA,CNFUN,CNJIN,CNHUA,CNTAI,CNDCB,CNTJN,MYPKE,CNYSN,CNWGQ,CNCJK,CNJIT,CNYZH,CNNSA,CNYTN,CNJIA,CNLYG,CNYAN,AUESP,CNMEZ,CNDAL,CNYPG,TWKAO,CNZJG,CNSLH,AUFRE,CNDJK,CNBYQ,CNSDG,CNMWN,CNCGM,CNXIA,CNRIZ,CNSHE,SGSGP,TWTAP,CNZHA,CNZHE,CNDDG,CNQIZ,CNLYW,CNBAO,CNQIN,CNCFD,CNWEI,CNMJS,JPKAW,KRPOH,KRGWA,KRDAN,JPFUK,JPOIT,JPKIS,JPSKI,KRULS,KRINC,JPNAG,JPCBA,JPYOK,KRBUS,JPMIZ,JPKMA,KRYOS,JPOSK,AUGLE,AUMEL,AUNTL,AUBRI,AUSYD,AUHAY"
OFFGANFKK,"BRPDM,FRFEC,EGSKR,SAJUT,SARTA,KWMAA,IQMAB,AERUW,OMMAF,AEFUJ,CNHUI,CNLSN,CNNBO,CNZOS,CNTJN,CNMEZ,CNDAL,CNYPG,TWKAO,CNSLH,CNDJK,CNSDG,SGSGP,CNZHA,CNQIZ,CNQIN,CNCFD,JPKII,JPSKI,JPCBA"
OFFAGCNKK,"CNNBO,CNZOS,CNDAL,SGSGP"
OACFGSKKK,"USSEA,USLSA,CAVCR,USOAK,MXLCS,MXMAN,PECAL,PABAL,USNPN,USSAV,USCHA,USNYK,COBUE,CLSAN,CLTAL,UYULA,BRPEC,BRTUB,BRPDM,ARBNA,BRPAR,BRRDJ,UYMON,BRSTS,BRITA,BRRGR,GBSOU,FRLEH,BEZEE,FRFOS,NLAMS,SIKOP,ITGOA,FRDKK,DEHAM,ESBAR,MTMAL,ESCAR,BEANT,PLGDA,ESGIJ,NLROT,TRMER,ZACPT,TRYAR,GRELE,GRAGT,TRALI,ZARIB,EGPSA,UAODS,JOAQA,ROCON,EGALE,EGDAM,SAJUB,BHBAH,KEMOM,SADMA,QAUMS,SAJED,SAYAN,KWMAA,AEJAL,AEABU,AERUW,OMSOH,AEFUJ,RUULG,PKQAS,PKKAR,INMUN,THLCB,THKSI,VNHPG,VNCAM,VNSOD,CN9014,CNHUI,CNPAN,MY3182,CNLSN,HKHKG,AUGER,CNFAN,CNNBO,CNPYU,CNZOS,CNGUA,CNFUN,CNJIN,CNHUA,CNTAI,CN9862,CNTJN,MYPKE,MYPAG,IDBAH,CNSTO,CNYSN,CNWGQ,CNCJK,CNJIT,CN9873,CNYZH,CNNSA,CNDSN,CNLAZ,CNYTN,CNJIA,CN1087,CNLYG,CNYAN,AUESP,CNMEZ,IDTBR,CNDAL,CNYPG,CNRUG,CNZZU,CNSWE,TWKAO,CNZJG,CNSLH,CNDJK,CNBYQ,CNLKU,MYTBS,CNSDG,MYTPP,CNMWN,CNCGM,CNXIA,CN2039,CNBHI,TWMAI,CNRIZ,CNSHE,SGSGP,MY2243,TWTAP,CNZHA,CNZHE,CNDDG,CNWEN,CNQIZ,CNLYW,CNQHD,CNBAO,CNQIN,CNCFD,CNGLA,MYPGG,CNWEI,IDSAM,CNMJS,JPKAW,KRPOH,KRGWA,KRDAN,JPFUK,JPOIT,JPKIS,JPSKI,KRULS,KRINC,JPNAG,JPCBA,JPYOK,KRPYT,KRBUS,JPMIZ,JPKMA,KRYOS,AUGLE,AUNTL,AUBRI,AUHAY,RUNJK"
OARAASKKK,"USSEA,USLSA,CAVCR,USOAK,MXLCS,MXMAN,PECAL,PABAL,USSAV,USCHA,USNYK,COBUE,CLSAN,CLTAL,UYULA,BRTUB,BRPDM,ARBNA,BRPAR,BRRDJ,UYMON,BRSTS,BRITA,BRRGR,GBSOU,FRLEH,BEZEE,FRFOS,SIKOP,ITGOA,DEHAM,ESBAR,MTMAL,ESCAR,BEANT,PLGDA,ESGIJ,NLROT,TRMER,TRYAR,TRALI,EGPSA,UAODS,JOAQA,ROCON,EGALE,EGDAM,SAJUB,SADMA,SAJED,QARAS,KWMAA,AEJAL,AEABU,AERUW,OMSOH,AEFUJ,PKQAS,PKKAR,INMUN,THLCB,THKSI,VNHPG,VNCAM,CNHUI,CNPAN,MY3182,CNLSN,HKHKG,CNFAN,CNNBO,CNZOS,CNGUA,CNFUN,CNJIN,CNHUA,CNTAI,CNTJN,MYPKE,MYPAG,CNYSN,CNWGQ,CNCJK,CNJIT,CNYZH,CNNSA,CNDSN,CNYTN,CNJIA,CNLYG,CNYAN,AUESP,CNMEZ,CNDAL,CNYPG,TWKAO,CNZJG,CNSLH,CNDJK,CNBYQ,CNLKU,CN9878,CNSDG,CNMWN,CNCGM,CNXIA,CN2039,CNRIZ,CNSHE,SGSGP,MY2243,TWTAP,CNZHA,CNZHE,CNDDG,CNQIZ,CNLYW,CNQHD,CNBAO,CNQIN,CNCFD,CNGLA,CNWEI,CNMJS,JPKAW,KRPOH,KRGWA,KRDAN,JPFUK,JPOIT,JPKIS,JPSKI,KRULS,KRINC,JPNAG,JPCBA,JPYOK,KRPYT,KRBUS,JPMIZ,JPKMA,KRYOS,AUGLE,AUNTL,AUBRI,AUSYD,AUHAY,RUNJK"
OARCRRRGK,"CNHKO,CNZHH,CNSYA,CNBHI,CNZHA,CNHAA,CNDNG"
OAOFNCKKK,"USSEA,USLSA,CAVCR,USOAK,GTPQL,MXLCS,MXMAN,PECAL,PABAL,ECGYL,USSAV,USCHA,USNYK,COBUE,CLSAN,CLTAL,UYULA,BRTUB,BRPDM,ARBNA,BRPAR,BRRDJ,UYMON,BRIOA,BRSTS,BRITA,BRRGR,GBSOU,FRLEH,BEZEE,SIKOP,ITGOA,DEHAM,ESBAR,MTMAL,ESCAR,BEANT,PLGDA,ESGIJ,NLROT,TRMER,ZACPT,TRYAR,EGSOK,TRALI,EGPSA,UAODS,JOAQA,ROCON,EGALE,EGDAM,SAJUB,SADMA,SAJED,KWMAA,AEJAL,AEABU,AERUW,OMSOH,AEFUJ,PKQAS,PKKAR,INCHN,INKNP,INMUN,INVIS,INKUP,THLCB,VNHPG,VNCAM,CNHUI,CNPAN,MY3182,CNLSN,HKHKG,CNFAN,CNNBO,CNZOS,CNGUA,CNFUN,CNJIN,CNHUA,CNTAI,CNDCB,CNTJN,MYPKE,MYPAG,CNYSN,CNWGQ,CNCJK,CNJIT,CNYZH,CNNSA,CNDSN,CNYTN,CNJIA,CNLYG,CNYAN,AUESP,CNMEZ,CNDAL,CNYPG,CNZZU,TWKAO,CNZJG,CNSLH,AUFRE,CNDJK,CNBYQ,MYPEN,CNSDG,CNMWN,CNCGM,CNXIA,CNRIZ,CNSHE,SGSGP,TWTAP,CNZHA,CNZHE,CNDDG,CNQIZ,CNLYW,CNBAO,CNQIN,CNCFD,CNGLA,CNWEI,CNMJS,JPKAW,KRPOH,KRGWA,KRDAN,JPFUK,JPOIT,JPKIS,JPSKI,KRULS,KRINC,JPNAG,JPCBA,JPYOK,KRBUS,JPMIZ,JPKMA,KRYOS,JPOSK,AUGLE,AUMEL,AUNTL,AUADE,AUBRI,AUHAY"
OARASGKKK,"USLSA,CAVCR,USOAK,GTPQL,MXLCS,MXMAN,PECAL,PABAL,ECGYL,USNPN,USSAV,USNYK,COBUE,CLTAL,UYULA,BRPEC,BRTUB,BRPDM,BRPAR,BRRDJ,UYMON,BRSTS,BRITA,BRRGR,GBSOU,FRLEH,BEZEE,NLAMS,SIKOP,ITGOA,DEHAM,ESBAR,MTMAL,ESCAR,BEANT,PLGDA,ESGIJ,NLROT,TRMER,ZACPT,TRYAR,GRELE,GRAGT,TRALI,ZARIB,EGPSA,JOAQA,ROCON,EGALE,EGDAM,SAJUB,BHBAH,KEMOM,SADMA,QAUMS,SAJED,SAYAN,KWMAA,AEJAL,AEABU,AERUW,OMSOH,AEFUJ,RUULG,PKQAS,PKKAR,INCHN,INKNP,INMUN,INVIS,THLCB,THKSI,VNHPG,VNCAM,VNSOD,CNHUI,CNPAN,CNTAZ,MY3182,CNLSN,HKHKG,AUGER,CNNTG,CNFAN,CNNBO,CNPYU,CNZOS,CNGUA,CNFUN,CNJIN,CNHUA,CNTAI,CNDCB,CN9862,CNTJN,MYPKE,MYPAG,IDBAH,CNSTO,CNYSN,CNWGQ,CNCJK,CNJIT,CN9873,CNYZH,CNNSA,CNDSN,CNLAZ,CNYTN,CNJIA,CN1087,CNLYG,CNYAN,AUESP,CNCHS,CNMEZ,CNDAL,CNYPG,CNRUG,CNZZU,CNSWE,TWKAO,CNZJG,CNSLH,AUFRE,CNDJK,CNBYQ,CNLKU,MYTBS,CNSDG,MYTPP,CNMWN,CNCGM,CNXIA,CNBHI,TWMAI,CNRIZ,CNSHE,SGSGP,MY2243,CNJIJ,TWTAP,CNZHA,CNQUA,CNZHE,CNDDG,CNWEN,CNCHZ,CNQIZ,CNLYW,CNQHD,CNBAO,CNQIN,CNCFD,CNNJG,CNGLA,MYPGG,CNWEI,IDSAM,CNMJS,JPKAW,KRPOH,KRGWA,KRDAN,JPFUK,JPOIT,JPKIS,JPSKI,KRULS,KRINC,JPNAG,JPCBA,JPYOK,KRPYT,KRBUS,JPMIZ,JPKMA,KRYOS,JPOSK,AUGLE,AUMEL,AUNTL,AUADE,AUBRI,AUHAY,RUNJK"
RNGNSAKKK,"USLGB,USLSA,PABAL,USNFK,USSAV,USCHA,USNYK,BRPDM,GBLGP,MATAN,FRLEH,BEZEE,FRFOS,ITGOA,DEHAM,BEANT,PLGDA,ESVAL,NLROT,EGSOK,GRPIR,JOAQA,SADMA,QAHMD,SAJED,AEJAL,AEKHA,PKKAR,INNSA,INMUN,VNCMP,HKHKG,CNNBO,CNZOS,CNFUN,CNTJN,MYPKE,CNYSN,CNNSA,CNYTN,CNLYG,CNMEZ,CNDAL,TWKAO,CNSLH,CNDJK,CNXIA,CNSHE,SGSGP,TWTAP,CNQIN,KRGWA,KRBUS"
RNGFGKKKK,"USLSA,CAVCR,USOAK,GTPQL,MXLCS,MXMAN,PECAL,PABAL,ECGYL,USNPN,USSAV,USNYK,COBUE,CLTAL,UYULA,BRPEC,BRTUB,BRPDM,BRPAR,BRRDJ,UYMON,BRSTS,BRITA,BRRGR,GBSOU,FRLEH,BEZEE,NLAMS,SIKOP,ITGOA,DEHAM,ESBAR,MTMAL,ESCAR,BEANT,PLGDA,ESGIJ,NLROT,TRMER,ZACPT,TRYAR,GRELE,GRAGT,TRALI,ZARIB,EGPSA,JOAQA,ROCON,EGALE,EGDAM,SAJUB,BHBAH,KEMOM,SADMA,QAUMS,SAJED,SAYAN,KWMAA,AEJAL,AEABU,AERUW,OMSOH,AEFUJ,RUULG,PKQAS,PKKAR,INCHN,INKNP,INMUN,INVIS,THLCB,THKSI,VNHPG,VNCAM,VNSOD,CNHUI,CNPAN,CNTAZ,MY3182,CNLSN,HKHKG,AUGER,CNNTG,CNFAN,CNNBO,CNPYU,CNZOS,CNGUA,CNFUN,CNJIN,CNHUA,CNTAI,CNDCB,CN9862,CNTJN,MYPKE,MYPAG,IDBAH,CNSTO,CNYSN,CNWGQ,CNCJK,CNJIT,CN9873,CNYZH,CNNSA,CNDSN,CNLAZ,CNYTN,CNJIA,CN1087,CNLYG,CNYAN,AUESP,CNCHS,CNMEZ,CNDAL,CNYPG,CNRUG,CNZZU,TWKAO,CNZJG,CNSLH,AUFRE,CNDJK,CNBYQ,CNLKU,MYTBS,CNSDG,MYTPP,CNPLI,CNMWN,CNCGM,CNXIA,CNBHI,TWMAI,CNRIZ,CNSHE,SGSGP,MY2243,CNJIJ,TWTAP,CNZHA,CNQUA,CNZHE,CNDDG,CNWEN,CNCHZ,CNQIZ,CNLYW,CNQHD,CNBAO,CNQIN,CNCFD,CNNJG,CNGLA,MYPGG,CNWEI,IDSAM,JPKAW,KRPOH,KRGWA,KRDAN,JPFUK,JPOIT,JPKIS,JPSKI,KRULS,KRINC,JPNAG,JPCBA,JPYOK,KRPYT,KRBUS,JPMIZ,JPKMA,KRYOS,JPOSK,AUGLE,AUMEL,AUNTL,AUADE,AUBRI,AUHAY,RUNJK"
OARNCFGGK,"USLUA,GBBEL,PTLXS,IEDUB,FRLEH,ESHUE,ITTAR,ESTAR,DZDJE,DEHAM,FRROU,BEANT,ESGIJ,NLROT,TRGEB,TRYAR,LTKLJ,EGALE,CNCJN,CNHUI,CNCZH,CNNTG,CNFAN,CNYJG,CNNBO,CNZOS,CNGUA,CNFUN,CNJIN,CNHKO,CNHPU,CNDYI,CNTJN,CNSTO,CNWGQ,CNCJK,CNSHA,CNDSN,CNTAX,CNFUZ,CNJIA,CNLYG,CNYAN,CNWEF,CNCHS,CNMEZ,CNDAL,CNYPG,TWKAO,CNBAS,CNDJK,CNYIZ,CNSDG,CNBHI,SGSGP,CNJIJ,CNZHA,CNZPU,CNQUA,CNZHE,CNWEN,CNCHZ,CNQIN,CNNJG,CNDNG,KRGWA,KRDAN,KRULS"
RNCANRKKK,"MXLCS,USLUA,USNYK,UYULA,GBBEL,PTLXS,IEDUB,FRLEH,ESHUE,ITTAR,ESTAR,DZDJE,DEHAM,FRROU,MTMAL,BEANT,ESGIJ,NLROT,TRGEB,TRYAR,GRAGT,LTKLJ,EGALE,THLCB,IDCXP,IDJAK,VNHCM,VNHPG,VNQUN,THRAY,CNHUM,CNCJN,CNHUI,CNCZH,HKHKG,CNNTG,CNFAN,CNYJG,CNNBO,CNZOS,CNGUA,CNFUN,CNJIN,CNHKO,CNHPU,CNDYI,CNTAI,CNTJN,MYPKE,MYPAG,CNSTO,CNYSN,CNWGQ,CNCJK,CNJIT,CNSHA,CNDSN,CNTAX,CNFUZ,CNJIA,TWHLN,CNLYG,CNYAN,CNWEF,CNCHS,CNMEZ,CNDAL,CNYPG,CNRUG,CNZZU,TWKAO,CNZJG,AUFRE,CNBAS,CNDJK,CNBYQ,CNYIZ,CNSHS,CNSDG,CNCGM,CNXIA,CNBHI,PHBAT,TWMAI,CNRIZ,SGSGP,TWTCH,CNJIJ,CNZHA,CNZPU,CNQUA,CNZHE,CNWEN,CNCHZ,CNQIZ,CNQHD,CNBAO,CNQIN,CNNJG,CNGLA,CNDNG,CNWEI,CNNDE,KRPOH,KRGWA,KRDAN,JPFUK,JPKIS,JPSKI,JPTOK,KRULS,KRINC,JPNAG,JPYOK,KRPYT,KRBUS,JPMIZ,JPOSK,AUADE,AUGEE"
