ship_mmsi,start_port,end_port
OFFYARAKK,AEABU,AEJAL
OFFFGGCKK,AEABU,SADMA
OAROYCONK,AEFUJ,AEABU
RFCCNAKKK,AEFUJ,AEZUR
OARACAKKK,AEFUJ,AEZUR
OAOCAOKKK,AEFUJ,JPCBA
OFFSNKGKK,AEFUJ,JPKII
OFFGSGAKK,AEFUJ,JPOIT
OAOFCSKKK,AEFUJ,KEMOM
OFFAKSCKK,AEFUJ,KRGWA
OAOOFGKKK,AEFUJ,MY3176
OAOCARKKK,AEFUJ,OMMAF
OFFSNKGKK,AEFUJ,SAJUT
OFFNYNNKK,AEFUJ,SAJUT
NGGAFNKKK,AEFUJ,TWMAI
OFFROKOKK,AEHAM,BHBAH
OFFYARAKK,AEJAL,AEABU
OAROFAYFK,AEJAL,AEABU
OARARRKKK,AEJAL,AEKHA
OFFNYSOKK,AEJAL,AEKHA
OFFNYSOKK,AEJAL,AEKHA
OFFFACOKK,AEJAL,AEKHA
OFFNYSOKK,AEJAL,AEKHA
OARKGRKKK,AEJAL,AEKHA
OFFFACOKK,AEJAL,AEKHA
OFFRKSAKK,AEJAL,AEKHA
OFFCCYOKK,AEJAL,AEKHA
OFFRKSAKK,AEJAL,AEKHA
OFFCCYOKK,AEJAL,AEKHA
OFFFACSKK,AEJAL,AEKHA
OFFAGSYKK,AEJAL,AEKHA
OFFRKSAKK,AEJAL,AEKHA
OFFCCYOKK,AEJAL,AEKHA
OFFAGSYKK,AEJAL,AEKHA
OFFRONYKK,AEJAL,AEKHA
OFFOFGSKK,AEJAL,AEKHA
OFFCCYOKK,AEJAL,AEKHA
OFFRONYKK,AEJAL,AEKHA
OARARRKKK,AEJAL,AEKHA
OFFOFGSKK,AEJAL,AEKHA
OFFCFOOKK,AEJAL,AEKHA
OFFCCYOKK,AEJAL,AEKHA
OFFAKKRKK,AEJAL,AEKHA
OFFCFOOKK,AEJAL,AEKHA
OFFRONYKK,AEJAL,AEKHA
OFFCCYOKK,AEJAL,AEKHA
OFFOFGSKK,AEJAL,AEKHA
OFFOFGSKK,AEJAL,AEKHA
OFFOFGSKK,AEJAL,AEKHA
OFFOFGSKK,AEJAL,AEKHA
OFFAKKRKK,AEJAL,AEKHA
OFFOFGSKK,AEJAL,AEKHA
OFFRONYKK,AEJAL,AEKHA
OFFRKCYKK,AEJAL,AEKHA
OFFRKCYKK,AEJAL,AEKHA
OFFRONYKK,AEJAL,AEKHA
OFFGNCRKK,AEJAL,AEKHA
OFFRKCYKK,AEJAL,AEKHA
OFFRKCYKK,AEJAL,AEKHA
OFFOCFNKK,AEJAL,AEKHA
RNGFYAKKK,AEJAL,BRTUB
OARKGNKKK,AEJAL,CNNBO
OFFKFFSKK,AEJAL,CNNSA
OAROYKOAK,AEJAL,INMUN
OARARRKKK,AEJAL,INNSA
OARARRKKK,AEJAL,INNSA
OARKGOKKK,AEJAL,INNSA
OARARRKKK,AEJAL,INNSA
OAROFSCRK,AEJAL,KWMAA
OFFOFGSKK,AEJAL,MYPKE
OFFGOAYKK,AEJAL,OMSOH
OAROYCONK,AEJAL,OMSOH
OFFCSCYKK,AEJAL,PKKAR
OFFFGNYKK,AEJAL,PKKAR
OARKGOKKK,AEJAL,PKKAR
OARKGKKKK,AEJAL,PKKAR
OFFFGNYKK,AEJAL,PKKAR
OARKGKKKK,AEJAL,PKKAR
OFFOCFNKK,AEJAL,PKKAR
OFFFGNYKK,AEJAL,PKKAR
OARKGOKKK,AEJAL,PKKAR
OFFFGNYKK,AEJAL,PKKAR
OFFFGNYKK,AEJAL,PKKAR
OARKGKKKK,AEJAL,PKKAR
OFFFGNYKK,AEJAL,PKKAR
OFFFGNYKK,AEJAL,PKKAR
OARARSKKK,AEJAL,PKKAR
OFFGRSSKK,AEJAL,PKKAR
OARARRKKK,AEJAL,PKQAS
OFFANSFKK,AEJAL,QAHMD
OFFCSCYKK,AEJAL,QAHMD
OFFANSFKK,AEJAL,QAHMD
OFFANSFKK,AEJAL,QAHMD
OFFNYSOKK,AEJAL,QAHMD
OFFCSCYKK,AEJAL,QAHMD
OARARRKKK,AEJAL,QAHMD
OAOFOAKKK,AEJAL,QARAS
NGNAKAKKK,AEJAL,QAUMS
OFFGNCRKK,AEJAL,SADMA
OAROFAYFK,AEJAL,SADMA
OFFAGSYKK,AEJAL,SADMA
OFFCSCYKK,AEJAL,SADMA
OFFRKSAKK,AEJAL,SADMA
OFFRONYKK,AEJAL,SADMA
OFFRONYKK,AEJAL,SADMA
OFFSNKOKK,AEJAL,SADMA
OFFRKSAKK,AEJAL,SADMA
OFFANSFKK,AEJAL,SAJED
OFFCSCYKK,AEJAL,SAJED
OARKGOKKK,AEJAL,SAJED
OFFANSFKK,AEJAL,SAJED
OFFCSCYKK,AEJAL,SAJED
OFFANSFKK,AEJAL,SAJED
OFFANSFKK,AEJAL,SAJED
OFFANSFKK,AEJAL,SAJUB
OFFROFNKK,AEJAL,SAJUB
OFFCAFSKK,AEJAL,SGSGP
OFFAGSYKK,AEKHA,AEJAL
OFFKFFSKK,AEKHA,AEJAL
OARKGNKKK,AEKHA,AEJAL
OFFAGSYKK,AEKHA,MYPKE
OFFGNCRKK,AEKHA,MYPKE
OFFRKCYKK,AEKHA,MYPKE
OFFGNCRKK,AEKHA,MYPKE
OFFRONYKK,AEKHA,MYPKE
OFFRKCYKK,AEKHA,MYPKE
OFFAKKRKK,AEKHA,MYPKE
OFFRKCYKK,AEKHA,MYPKE
OFFRONYKK,AEKHA,MYPKE
OFFRKCYKK,AEKHA,MYPKE
OFFOFGSKK,AEKHA,MYPKE
OFFOFGSKK,AEKHA,MYPKE
OFFOFGSKK,AEKHA,MYPKE
OFFAKKRKK,AEKHA,MYPKE
OFFRONYKK,AEKHA,MYPKE
OFFCCYOKK,AEKHA,MYPKE
OFFCFOOKK,AEKHA,MYPKE
OFFCFOOKK,AEKHA,MYPKE
OFFOFGSKK,AEKHA,MYPKE
OFFRONYKK,AEKHA,MYPKE
OFFCCYOKK,AEKHA,MYPKE
OFFRONYKK,AEKHA,MYPKE
OFFCCYOKK,AEKHA,MYPKE
OFFAGSYKK,AEKHA,MYPKE
OFFRONYKK,AEKHA,MYPKE
OFFRKSAKK,AEKHA,MYPKE
OFFCCYOKK,AEKHA,MYPKE
OFFAGSYKK,AEKHA,MYPKE
OFFRKSAKK,AEKHA,MYPKE
OFFCCYOKK,AEKHA,MYPKE
OFFRKSAKK,AEKHA,MYPKE
OFFFACSKK,AEKHA,MYPKE
OFFRKSAKK,AEKHA,MYPKE
OFFRKSAKK,AEKHA,MYPKE
OFFFACOKK,AEKHA,MYPKE
OFFNYSOKK,AEKHA,MYPKE
OFFFACOKK,AEKHA,MYPKE
OFFNYSOKK,AEKHA,MYPKE
OARARRKKK,AEKHA,PKQAS
OARARRKKK,AEKHA,PKQAS
OFFRONYKK,AEKHA,SADMA
OFFRKCYKK,AEKHA,SADMA
OFFOFGSKK,AEKHA,SADMA
OFFOFGSKK,AEKHA,SADMA
OFFOFGSKK,AEKHA,SADMA
OFFFACSKK,AEKHA,SADMA
OFFOFGSKK,AEKHA,SADMA
OFFRKSAKK,AEKHA,SADMA
OFFAKKRKK,AEKHA,SADMA
OFFRONYKK,AEKHA,SADMA
OFFNYSOKK,AEKHA,SADMA
OFFCFOOKK,AEKHA,SADMA
OFFCFOOKK,AEKHA,SADMA
OFFCCYOKK,AEKHA,SADMA
OFFCCYOKK,AEKHA,SADMA
OFFRKSAKK,AEKHA,SADMA
OFFRONYKK,AEKHA,SADMA
OFFCCYOKK,AEKHA,SADMA
OFFAGSYKK,AEKHA,SADMA
OFFFACOKK,AEKHA,SADMA
OFFGNCRKK,AEKHA,SADMA
OFFRKCYKK,AEKHA,SADMA
OFFNYSOKK,AEKHA,SADMA
OFFRKSAKK,AEKHA,SADMA
OFFRONYKK,AEKHA,SADMA
OFFOFGSKK,AEKHA,SADMA
OFFRKCYKK,AEKHA,SADMA
OFFAGSYKK,AEKHA,SADMA
OFFNYSOKK,AEKHA,SADMA
OFFRKCYKK,AEKHA,SADMA
OFFRONYKK,AEKHA,SADMA
OFFAKKRKK,AEKHA,SADMA
OFFFACOKK,AEKHA,SADMA
OFFOFGSKK,AEKHA,SADMA
OFFCCYOKK,AEKHA,SADMA
OFFOFGSKK,AEKHA,SADMA
OFFNYSOKK,AEKHA,SGSGP
OAROYCONK,AERAK,AEJAL
OACRORKKK,AERAK,IDMEU
OACRORKKK,AERAK,IDMEU
OFFAGCAKK,AERAK,INDHM
OFFGSOAKK,AERAK,INDHM
OAOFACKKK,AERAK,INPAR
OARRRKKKK,AERAK,TZDRS
OAOCKSKKK,AERUW,AEDAS
OFFCRROKK,AERUW,INMUN
OFFKCRCKK,AERUW,MAJOL
OARASSKKK,AERUW,SAJUT
OAOOSKKKK,AERUW,SAJUT
RFCCNAKKK,AERUW,SAJUT
NGGAFNKKK,AERUW,SGSGP
OAOFRAKKK,AERUW,TWMAI
OFFFARRKK,AESJH,QAUMS
OFFROFNKK,AESJH,SAJUB
OARACSKKK,AEZUR,AEFUJ
OARANFKKK,AEZUR,AEFUJ
OAOCKSKKK,AEZUR,CNDAL
OARASRKKK,AEZUR,CNZHA
NGRKGAFKK,AEZUR,CNZOS
OARASKKKK,AEZUR,KWMAA
OARANFKKK,AEZUR,QAASN
RFCCNAKKK,AEZUR,SAJUT
OARASSKKK,AEZUR,SGSGP
OFFCNCAKK,AO8668,CNHUI
OAOOGOKKK,AO8668,CNHUI
OFFGNCAKK,AO9001,XZKMN
OAOCANKKK,AO9992,CNHUI
OAOOFOKKK,AO9992,CNHUI
NGRKASOKK,AO9992,CNLSN
OFFAOCAKK,AODLA,AOPAZ
OACKGYKKK,ARARS,ARSLO
OFFKKCSKK,ARARS,EGALE
OAOFNRKKK,ARARS,EGDAM
OFFKKCSKK,ARARS,MACAS
OARAYCKKK,ARARS,UYNPA
OFFRRRYKK,ARBNA,BRIJI
OARAFAKKK,ARBNA,BRIJI
OFFRRRYKK,ARBNA,BRIJI
OARAFAKKK,ARBNA,BRPAR
OFFAASGKK,ARBNA,BRPAR
OFFRRRYKK,ARBNA,BRPAR
OFFKORCKK,ARBNA,BRRGR
OFFKORCKK,ARBNA,BRRGR
OFFKORCKK,ARBNA,BRRGR
OFFRRRYKK,ARBNA,UYMON
OAOKACKKK,ARBNA,UYPTP
OFFGOSGKK,ARBNA,UYPTP
OAONSSKKK,ARBNA,UYPTP
OACOGYKKK,ARBNA,UYPTP
OAOONNKKK,ARBNA,UYPTP
OFFGOSGKK,ARBNA,UYPTP
OFFGRCNKK,ARBNA,UYPTP
OACKRCKKK,ARCAM,ARSLO
OARNCGKNK,ARCAM,USLUA
OFFCCCAKK,ARQUE,IDPJG
OFFAAONKK,ARQUE,VNPHU
OFFCCCAKK,ARRAM,ARQUE
OARAYCKKK,ARSLO,ARARS
OFFAAONKK,ARSLO,ARQUE
OACKGSKKK,ARSLO,ARQUE
OFFCCCAKK,ARSLO,ARRAM
OFFYARAKK,ARSLO,ARROS
OACKRCKKK,ARSLO,BRPAR
RNOGORKKK,ARSLO,GBBEL
OARGSGKKK,ARSLO,GBBEL
OARRFGKKK,ARSLO,UYNPA
OFFAGCAKK,ARSNS,ARROS
OFFCCCAKK,ARSNS,ARSLO
OFFRKAAKK,ARVCO,ARSLO
OAROSYYCK,AUADE,AUBNE
CRNKGSKRC,AUADE,AUFRE
CRNKGSKRC,AUADE,AUFRE
CRNKGSKCN,AUADE,AUFRE
CRNKGSKRC,AUADE,AUFRE
CRNKGSKRC,AUADE,AUFRE
CRNKGSKCN,AUADE,AUMEL
CRNKGSKCN,AUADE,AUMEL
CRNKGSKCN,AUADE,AUMEL
CRNKGSKRC,AUADE,AUSYD
CRNKGSKRC,AUADE,AUSYD
CRNKGSKRC,AUADE,AUSYD
CRNKGSKRC,AUADE,AUSYD
OACOFSFCK,AUADE,AUWHY
OARNCFGGK,AUADE,SGSGP
CRNKGSKCN,AUADE,SGSGP
OARNCFYAK,AUADE,SGSGP
CRNKGSKCN,AUADE,SGSGP
NGNAKAKKK,AUALB,KRPYT
RFAAACKKK,AUAPT,AUGLE
OFFKAGRKK,AUAPT,IDBAH
OFFCYRNKK,AUAPT,TWKAO
OFFAKKCKK,AUBNE,AUDEV
OFFAKKCKK,AUBNE,AUGEE
OFFAKKCKK,AUBRI,AUMKY
OARAYCKKK,AUBRI,AUPKE
OARACNKKK,AUBRI,CNSHE
CRNKGSKCY,AUBRI,CNXIA
CRNKGSKCY,AUBRI,CNXIA
CRNKGSKCY,AUBRI,CNXIA
CRNKGSKRA,AUBRI,CNXIA
CRNKGSKCY,AUBRI,CNXIA
CRNKGSKRA,AUBRI,CNXIA
CRNKGSKCY,AUBRI,CNXIA
CRNKGSKCY,AUBRI,CNXIA
CRNKGSKRA,AUBRI,CNXIA
CRNKGSKRA,AUBRI,CNXIA
CRNKGSKRA,AUBRI,CNXIA
CRNKGSKRA,AUBRI,CNXIA
CRNKGSKRA,AUBRI,CNXIA
CRNKGSKRA,AUBRI,CNXIA
OARACNKKK,AUBRI,CNXIA
OARACNKKK,AUBRI,CNXIA
OARACNKKK,AUBRI,CNXIA
OARACNKKK,AUBRI,CNXIA
OARACNKKK,AUBRI,CNXIA
OARACNKKK,AUBRI,CNXIA
OARACNKKK,AUBRI,CNXIA
OARKNKKKK,AUBRI,JPYOK
OARKNKKKK,AUBRI,JPYOK
OARKNKKKK,AUBRI,JPYOK
OARKNKKKK,AUBRI,JPYOK
OARKNKKKK,AUBRI,JPYOK
OARKNKKKK,AUBRI,JPYOK
OARKNKKKK,AUBRI,JPYOK
OARAFKKKK,AUBRI,NZAKL
OARAFKKKK,AUBRI,NZAKL
OARAFKKKK,AUBRI,NZAKL
OARAFKKKK,AUBRI,NZAKL
OARNCFYSK,AUBRI,SGSGP
OARNCFKSK,AUBRI,SGSGP
OAORKOKKK,AUBRI,TWKAO
OAORKOKKK,AUBRI,TWKAO
OAORKOKKK,AUBRI,TWKAO
OFFRSFFKK,AUBUN,AUGER
OFFAKKCKK,AUCNS,AUTOW
RFKKFAKKK,AUCPN,CNGLA
OFFFFGNKK,AUCPN,CNJIT
OAOKFRKKK,AUCPN,CNJIT
OACNRRKKK,AUCPN,CNLSN
OFFARAGKK,AUCPN,CNLSN
OACNROKKK,AUCPN,CNNBO
OAOKFKKKK,AUCPN,CNNBO
OARYSOKKK,AUCPN,CNNBO
RFKKFAKKK,AUCPN,CNZOS
OACNROKKK,AUCPN,CNZOS
RNGKFFKKK,AUCPN,CNZOS
OFFNNCNKK,AUCPN,CNZOS
RFKKFAKKK,AUCPN,CNZOS
OFFAKKCKK,AUDEV,AUBNE
OFFFARRKK,AUDEV,AUNTL
OFFGNCYKK,AUDPR,CNCFD
OFFGGNAKK,AUDPR,CNCFD
OFFOCOYKK,AUDPR,CNCFD
OFFFRKAKK,AUDPR,CNCJN
OFFOOACKK,AUDPR,CNDDG
OFFGGNAKK,AUDPR,CNJIT
OFFGGOCKK,AUDPR,CNJIT
OFFRAYCKK,AUDPR,CNMJS
OFFGNCYKK,AUDPR,CNMJS
OFFGNCYKK,AUDPR,CNMJS
OFFGGOCKK,AUDPR,CNNBO
OFFOOACKK,AUDPR,CNNBO
OFFGGNAKK,AUDPR,CNQIN
OFFGGNFKK,AUDPR,CNRIZ
OFFKYYNKK,AUDPR,CNZOS
OACOASKKK,AUDPR,IDTBN
NGRKCRGKK,AUDWN,CNQIZ
NGNAKKKKK,AUDWN,CNQIZ
NGNAKAKKK,AUDWN,CNQIZ
NGRKCRGKK,AUDWN,CNTJN
NGRKCRGKK,AUDWN,CNTJN
NGNAKKKKK,AUDWN,CNTJN
NGRKCRGKK,AUDWN,MYSAM
NGRKCRGKK,AUDWN,MYSAM
OFFROFNKK,AUESP,AUGER
OFFKCRAKK,AUESP,CNNBO
OFFGRFSKK,AUESP,CNRIZ
CRNKGSKRC,AUFRE,AUADE
CRNKGSKRC,AUFRE,AUADE
OFFSANNKK,AUFRE,AUADE
CRNKGSKCN,AUFRE,AUADE
CRNKGSKCN,AUFRE,AUADE
CRNKGSKRC,AUFRE,AUADE
CRNKGSKCN,AUFRE,AUADE
CRNKGSKRC,AUFRE,AUADE
CRNKGSKCN,AUFRE,AUADE
OFFRSFFKK,AUFRE,AUBUN
GRGKANAAK,AUFRE,AUBUN
CRNKGSKCN,AUFRE,AUMEL
CRNKGSKRC,AUFRE,AUMEL
CRNKGSKRC,AUFRE,AUMEL
CRNKGSKCN,AUFRE,AUMEL
CRNKGSKCN,AUFRE,AUSYD
CRNKGSKCN,AUFRE,AUSYD
CRNKGSKRC,AUFRE,AUSYD
CRNKGSKRC,AUFRE,SGSGP
CRNKGSKCN,AUFRE,SGSGP
OARNCFKSK,AUFRE,SGSGP
OARNCFKSK,AUFRE,SGSGP
CRNKGSKCN,AUFRE,SGSGP
CRNKGSKRC,AUFRE,SGSGP
CRNKGSKRC,AUFRE,SGSGP
CRNKGSKRC,AUFRE,SGSGP
CRNKGSKRC,AUFRE,SGSGP
CRNKGSKRC,AUFRE,SGSGP
CRNKGSKRC,AUFRE,SGSGP
OARNCFYAK,AUGEE,AUADE
OFFFARRKK,AUGEE,AUDEV
OFFCARFKK,AUGEE,AUGLE
OFFAKKCKK,AUGEE,AUHBT
OFFAKKCKK,AUGEE,AUHBT
OARNCFYSK,AUGEE,SGSGP
OARNCFYAK,AUGEE,SGSGP
OARNCFYAK,AUGEE,SGSGP
OARNCFKSK,AUGEE,SGSGP
OFFROFNKK,AUGER,AUBUN
OARGSFKKK,AUGER,CNBYQ
OFFNNCGKK,AUGER,CNBYQ
OFFKNKYKK,AUGER,CNBYQ
OFFNNCGKK,AUGER,CNCFD
OFFNYNYKK,AUGER,CNJIT
OFFKNKYKK,AUGER,CNJIT
OFFNYNYKK,AUGER,CNJIT
OFFKAGRKK,AUGER,CNLYG
OFFKAGRKK,AUGER,CNLYG
OFFKNKYKK,AUGER,CNLYG
OFFNNCGKK,AUGER,CNLYW
OFFKNKYKK,AUGER,CNLYW
OFFCYROKK,AUGER,CNLYW
OAOFCOKKK,AUGER,CNNBO
OAOFANKKK,AUGER,CNNBO
OFFNNCNKK,AUGER,CNNBO
OFFKNKOKK,AUGER,CNZHE
OFFNNCGKK,AUGER,CNZHE
OFFAKKCKK,AUGLE,AUCNS
OACNROKKK,AUGLE,IDBAH
RFAAACKKK,AUGLE,JPMIZ
OFFARAGKK,AUGLE,KRDAN
OAROFSCRK,AUGLE,KRINC
OACSNYKKK,AUGLE,KRPOH
OARNORKKK,AUHAY,AUAPT
OFFCYRNKK,AUHAY,AUAPT
OFFNNCNKK,AUHAY,IDBAH
OFFGYGFKK,AUHAY,JPKMA
OFFAAONKK,AUHAY,KRPYT
NGNAKAKKK,AUHAY,TWKAO
OFFAAONKK,AUHAY,TWTAP
OFFORNYKK,AUHAY,VNSOD
OFFFARRKK,AUHBT,AUADE
OFFAKKCKK,AUHBT,AUBNE
CRNKGSKRC,AUMEL,AUADE
CRNKGSKCN,AUMEL,AUADE
CRNKGSKCN,AUMEL,AUADE
CRNKGSKCN,AUMEL,AUADE
CRNKGSKRC,AUMEL,AUADE
CRNKGSKRA,AUMEL,AUBRI
OARACNKKK,AUMEL,AUBRI
OARACNKKK,AUMEL,AUBRI
CRNKGSKRA,AUMEL,AUBRI
CRNKGSKRA,AUMEL,AUBRI
CRNKGSKRA,AUMEL,AUBRI
CRNKGSKRA,AUMEL,AUBRI
CRNKGSKRA,AUMEL,AUBRI
CRNKGSKRA,AUMEL,AUBRI
CRNKGSKCY,AUMEL,AUBRI
CRNKGSKCY,AUMEL,AUBRI
CRNKGSKCY,AUMEL,AUBRI
CRNKGSKCY,AUMEL,AUBRI
CRNKGSKCY,AUMEL,AUBRI
CRNKGSKCY,AUMEL,AUBRI
OARKNKKKK,AUMEL,AUBRI
CRNKGSKCN,AUMEL,AUFRE
CRNKGSKRC,AUMEL,AUFRE
CRNKGSKRC,AUMEL,AUFRE
CRNKGSKRC,AUMEL,AUFRE
OAROFAYNK,AUMEL,AUPKE
OFFRSFFKK,AUMEL,AUPLD
CRNKGSKCY,AUMEL,AUSYD
OAORKOKKK,AUMEL,AUSYD
OARACNKKK,AUMEL,AUSYD
CRNKGSKRA,AUMEL,AUSYD
OARACNKKK,AUMEL,AUSYD
OAORKOKKK,AUMEL,AUSYD
OAORKOKKK,AUMEL,AUSYD
CRNKGSKCY,AUMEL,AUSYD
OAORKOKKK,AUMEL,AUSYD
CRNKGSKCY,AUMEL,AUSYD
OARACNKKK,AUMEL,AUSYD
OARKNKKKK,AUMEL,AUSYD
CRNKGSKRC,AUMEL,AUSYD
OARKNKKKK,AUMEL,AUSYD
OARACNKKK,AUMEL,AUSYD
OARACNKKK,AUMEL,AUSYD
CRNKGSKRA,AUMEL,AUSYD
OARKNKKKK,AUMEL,AUSYD
OARKNKKKK,AUMEL,AUSYD
CRNKGSKCN,AUMEL,AUSYD
OARACNKKK,AUMEL,AUSYD
CRNKGSKRC,AUMEL,AUSYD
OARKNKKKK,AUMEL,AUSYD
CRNKGSKCN,AUMEL,SGSGP
CRNKGSKCN,AUMEL,SGSGP
OFFKARRKK,AUMIB,CNTJN
OFFYKCGKK,AUMIB,CNTJN
OAOFFSKKK,AUMIB,JPHHR
OFFAKKCKK,AUMKY,AUGLE
OFFROFNKK,AUNTL,AUBNE
OAROFAYNK,AUNTL,AUPLD
OFFKCFNKK,AUNTL,AUTOW
RNRSKAKKK,AUNTL,JPKMA
OFFKAKCKK,AUNTL,JPOIT
OFFORNYKK,AUNTL,KRGWA
OFFNNCNKK,AUNTL,KRGWA
OACOFSFCK,AUNTL,NZLYT
OFFCYROKK,AUNTL,TWHLN
OAOKFKKKK,AUPHE,CNBYQ
OFFGNNOKK,AUPHE,CNBYQ
OACNRRKKK,AUPHE,CNBYQ
OACNRRKKK,AUPHE,CNBYQ
RNRSKAKKK,AUPHE,CNBYQ
OFFYCNGKK,AUPHE,CNBYQ
OARNORKKK,AUPHE,CNCFD
OFFFKGOKK,AUPHE,CNCFD
OFFAYCCKK,AUPHE,CNCFD
OFFYCNGKK,AUPHE,CNCFD
OFFKCRAKK,AUPHE,CNCFD
OFFGNNOKK,AUPHE,CNCFD
OFFGNNOKK,AUPHE,CNCFD
OAOKFRKKK,AUPHE,CNDAL
OFFGNNOKK,AUPHE,CNDAL
OFFKAKCKK,AUPHE,CNDAL
RNGKFFKKK,AUPHE,CNDAL
OFFFFGNKK,AUPHE,CNDAL
OARNORKKK,AUPHE,CNDDG
OAOKFKKKK,AUPHE,CNDJK
OARYSRKKK,AUPHE,CNDJK
RFKKFAKKK,AUPHE,CNDJK
OAOKFRKKK,AUPHE,CNDJK
OFFGRGAKK,AUPHE,CNDJK
OFFOOACKK,AUPHE,CNDJK
OFFRAYCKK,AUPHE,CNDJK
RFKKFAKKK,AUPHE,CNDJK
OFFGYGNKK,AUPHE,CNFAN
OARSCFKKK,AUPHE,CNHUA
OFFKAKCKK,AUPHE,CNHUA
OFFRNACKK,AUPHE,CNHUA
OFFKCRAKK,AUPHE,CNHUA
OFFFKSSKK,AUPHE,CNHUA
OFFKSFSKK,AUPHE,CNHUA
OFFGYGNKK,AUPHE,CNHUA
OFFGRFSKK,AUPHE,CNHUA
OFFFKSSKK,AUPHE,CNHUA
OFFKYYNKK,AUPHE,CNHUA
RFKARSKKK,AUPHE,CNJIT
OFFGRFSKK,AUPHE,CNJIT
OFFKSFSKK,AUPHE,CNJIT
OFFKAKCKK,AUPHE,CNJIT
OFFNNKRKK,AUPHE,CNJIT
OFFYCNGKK,AUPHE,CNJIT
OFFSNACKK,AUPHE,CNJIT
OFFAKKGKK,AUPHE,CNJIT
OFFNNKRKK,AUPHE,CNJIT
OFFAYCCKK,AUPHE,CNJIT
OFFRNACKK,AUPHE,CNJIT
OFFGGOCKK,AUPHE,CNLSN
OFFAKKGKK,AUPHE,CNLSN
OFFFAFAKK,AUPHE,CNLSN
OFFGYGNKK,AUPHE,CNLSN
OFFRNANKK,AUPHE,CNLSN
RNFCKRKKK,AUPHE,CNLSN
OARYSOKKK,AUPHE,CNLSN
OARYSOKKK,AUPHE,CNLSN
OFFKSFSKK,AUPHE,CNLYG
OFFAYCCKK,AUPHE,CNLYG
OFFFFGNKK,AUPHE,CNLYG
OFFFKSSKK,AUPHE,CNLYG
OFFKSFSKK,AUPHE,CNLYG
OFFOOACKK,AUPHE,CNLYG
OFFRNANKK,AUPHE,CNLYG
OFFFKSSKK,AUPHE,CNLYG
OFFAKKGKK,AUPHE,CNLYG
OARYSRKKK,AUPHE,CNLYG
OFFKCRAKK,AUPHE,CNLYG
RNFCKRKKK,AUPHE,CNLYG
RNGKFFKKK,AUPHE,CNLYG
RNRSKAKKK,AUPHE,CNLYG
OFFNNKRKK,AUPHE,CNLYG
OFFFKGOKK,AUPHE,CNLYG
OFFGYOFKK,AUPHE,CNLYW
OFFARAGKK,AUPHE,CNLYW
OFFGYGNKK,AUPHE,CNLYW
OARSCSKKK,AUPHE,CNMEZ
OFFRAYCKK,AUPHE,CNMJS
OFFFFYFKK,AUPHE,CNMJS
OFFGCSRKK,AUPHE,CNMJS
OFFFFYFKK,AUPHE,CNMJS
OFFGNCYKK,AUPHE,CNMJS
OFFGNCYKK,AUPHE,CNMJS
OFFRAYCKK,AUPHE,CNMJS
OFFRAYCKK,AUPHE,CNMJS
OFFGCSRKK,AUPHE,CNMJS
OARSCSKKK,AUPHE,CNMJS
OAROCOKKK,AUPHE,CNNBO
OFFKCRAKK,AUPHE,CNNBO
RNFCKRKKK,AUPHE,CNNBO
RNFCKRKKK,AUPHE,CNNBO
OFFYNKNKK,AUPHE,CNNBO
OFFFKGOKK,AUPHE,CNNBO
OARNORKKK,AUPHE,CNNBO
OAOKFRKKK,AUPHE,CNNBO
OFFFFGNKK,AUPHE,CNNBO
OFFRNANKK,AUPHE,CNNBO
OFFGNCYKK,AUPHE,CNNBO
OAOKFKKKK,AUPHE,CNNBO
OFFORNYKK,AUPHE,CNNBO
RNFCKRKKK,AUPHE,CNQIN
OFFNNKRKK,AUPHE,CNQIN
OFFNNKRKK,AUPHE,CNQIN
OFFGNNOKK,AUPHE,CNQIN
RNFCKRKKK,AUPHE,CNQIN
OFFAYCCKK,AUPHE,CNQIN
OFFFAFAKK,AUPHE,CNRIZ
OFFFAFAKK,AUPHE,CNRIZ
OFFAYCCKK,AUPHE,CNRIZ
RFKARSKKK,AUPHE,CNRIZ
OACNRRKKK,AUPHE,CNRIZ
OARYSRKKK,AUPHE,CNRIZ
OFFGNNOKK,AUPHE,CNRIZ
OFFARAGKK,AUPHE,CNRIZ
OFFRSFRKK,AUPHE,CNRIZ
OFFGCSRKK,AUPHE,CNRIZ
OFFKCRAKK,AUPHE,CNRIZ
OFFFKSSKK,AUPHE,CNRIZ
OFFAKRAKK,AUPHE,CNRIZ
OFFYCNGKK,AUPHE,CNRIZ
OFFSNACKK,AUPHE,CNRIZ
OARYSOKKK,AUPHE,CNRIZ
OFFFFGNKK,AUPHE,CNSLH
OFFOOACKK,AUPHE,CNSLH
OARSCSKKK,AUPHE,CNSLH
OARNORKKK,AUPHE,CNTJN
OACNRRKKK,AUPHE,CNTJN
OARSCSKKK,AUPHE,CNTJN
OFFAKRAKK,AUPHE,CNTJN
RFAAACKKK,AUPHE,CNTJN
OFFGGNFKK,AUPHE,CNTJN
OFFGYGFKK,AUPHE,CNTJN
OFFRNANKK,AUPHE,CNTJN
RFKKFAKKK,AUPHE,CNTJN
OFFYCNGKK,AUPHE,CNTJN
OFFYNKNKK,AUPHE,CNTJN
OFFNNKRKK,AUPHE,CNTJN
OARYSOKKK,AUPHE,CNTJN
OFFGGOCKK,AUPHE,CNTJN
OFFFFGNKK,AUPHE,CNTJN
OFFNNKRKK,AUPHE,CNTJN
OFFNNKRKK,AUPHE,CNTJN
RNGKFFKKK,AUPHE,CNTJN
OFFGNNOKK,AUPHE,CNTJN
OFFNNKRKK,AUPHE,CNTJN
OFFRYYCKK,AUPHE,CNZHA
OFFRAYCKK,AUPHE,CNZHA
OFFRYYCKK,AUPHE,CNZHA
OFFRYYCKK,AUPHE,CNZHA
OFFFRYCKK,AUPHE,CNZHA
OFFFRYCKK,AUPHE,CNZHA
OFFRAYCKK,AUPHE,CNZHA
OFFFFYFKK,AUPHE,CNZHA
OFFAYCCKK,AUPHE,CNZHA
OFFRYYCKK,AUPHE,CNZHA
OAROYCONK,AUPHE,CNZJG
OFFKCRAKK,AUPHE,CNZOS
OARSCSKKK,AUPHE,CNZOS
OFFGRGAKK,AUPHE,CNZOS
OARYSRKKK,AUPHE,CNZZU
OARYSRKKK,AUPHE,CNZZU
OARYSRKKK,AUPHE,CNZZU
OAOAONKKK,AUPHE,CNZZU
OACNROKKK,AUPHE,CNZZU
RFAAACKKK,AUPHE,JPCBA
OFFCFGSKK,AUPHE,JPKIS
OFFKAKCKK,AUPHE,JPMIZ
RNRSKAKKK,AUPHE,JPMIZ
OFFSNACKK,AUPHE,KRGWA
OFFGYGFKK,AUPHE,KRGWA
OFFRYFYKK,AUPHE,KRGWA
OFFSNACKK,AUPHE,KRPOH
OFFCFGSKK,AUPHE,KRPOH
OFFRNANKK,AUPHE,KRPOH
OFFGYGFKK,AUPHE,KRPOH
OAROFAYNK,AUPKE,AUNTL
OARCAKKNK,AUPKE,AUNTL
OFFSANNKK,AUPKE,NZAKL
OFFRSFFKK,AUPLD,AUFRE
OAROFSCRK,AUPLD,AUGLE
OARCAKKNK,AUPLD,AUPKE
OAROYRKSK,AUPLD,AUWHY
OARCAKKNK,AUPLD,NZBLF
OFFGGNAKK,AUPWA,CNBYQ
OFFOCOYKK,AUPWA,CNCFD
OFFGGNAKK,AUPWA,CNCFD
OFFGGNAKK,AUPWA,CNDDG
OARNORKKK,AUPWA,CNDJK
OFFOCOYKK,AUPWA,CNLYG
OFFGGNAKK,AUPWA,CNLYG
OFFFFYFKK,AUPWA,CNMJS
OFFGCSRKK,AUPWA,CNMJS
OFFGCSRKK,AUPWA,CNMJS
OFFFFYFKK,AUPWA,CNMJS
OFFFFYFKK,AUPWA,CNMJS
OFFFRYCKK,AUPWA,CNMJS
OFFGNCYKK,AUPWA,CNMJS
OFFFFYFKK,AUPWA,CNMJS
OFFGNCYKK,AUPWA,CNMJS
OFFFFYFKK,AUPWA,CNZHA
OFFOCOYKK,AUPWA,CNZHA
OFFRAYCKK,AUPWA,CNZHA
OFFOCOYKK,AUPWA,CNZHA
OFFRAYCKK,AUPWA,CNZHA
OFFGNCYKK,AUPWA,CNZOS
OFFOOACKK,AUPWA,CNZOS
OFFGGOCKK,AUPWA,JPFUK
RNOYKSKKK,AUPWA,JPKMA
OFFKAKCKK,AUPWA,JPMIZ
OFFAKKGKK,AUPWA,JPOIT
CRNKGSKRC,AUSYD,AUADE
CRNKGSKRC,AUSYD,AUADE
OARKNKKKK,AUSYD,AUBRI
OARKNKKKK,AUSYD,AUBRI
OARACNKKK,AUSYD,AUBRI
OARACNKKK,AUSYD,AUBRI
CRNKGSKCY,AUSYD,AUBRI
CRNKGSKCY,AUSYD,AUBRI
OARKNKKKK,AUSYD,AUBRI
CRNKGSKRA,AUSYD,AUBRI
OARKNKKKK,AUSYD,AUBRI
OAORKOKKK,AUSYD,AUBRI
OARACNKKK,AUSYD,AUBRI
CRNKGSKRA,AUSYD,AUBRI
OARKNKKKK,AUSYD,AUBRI
OARACNKKK,AUSYD,AUBRI
OAORKOKKK,AUSYD,AUBRI
OAORKOKKK,AUSYD,AUBRI
OARACNKKK,AUSYD,AUBRI
OARACNKKK,AUSYD,AUBRI
CRNKGSKCY,AUSYD,AUBRI
OARACNKKK,AUSYD,AUMEL
OARKNKKKK,AUSYD,AUMEL
CRNKGSKRC,AUSYD,AUMEL
CRNKGSKRA,AUSYD,AUMEL
CRNKGSKCY,AUSYD,AUMEL
CRNKGSKCY,AUSYD,AUMEL
CRNKGSKCN,AUSYD,AUMEL
CRNKGSKRA,AUSYD,AUMEL
CRNKGSKRA,AUSYD,AUMEL
OARACNKKK,AUSYD,AUMEL
CRNKGSKRC,AUSYD,AUMEL
CRNKGSKCY,AUSYD,AUMEL
CRNKGSKCY,AUSYD,AUMEL
CRNKGSKRA,AUSYD,AUMEL
CRNKGSKRC,AUSYD,AUMEL
CRNKGSKRA,AUSYD,AUMEL
CRNKGSKCN,AUSYD,AUMEL
CRNKGSKRA,AUSYD,AUMEL
CRNKGSKRC,AUSYD,AUMEL
CRNKGSKCY,AUSYD,AUMEL
CRNKGSKCY,AUSYD,AUMEL
CRNKGSKRC,AUSYD,AUMEL
CRNKGSKRA,AUSYD,AUMEL
CRNKGSKRC,AUSYD,SGSGP
CRNKGSKCN,AUSYD,SGSGP
NGOOCKKKK,AUSYD,SGSGP
OFFFARRKK,AUTOW,AUHBT
OFFKCFNKK,AUTOW,KRULS
OFFROFNKK,AUWHY,AUGER
OFFRSFFKK,AUWHY,AUMEL
OAROFAYNK,AUWHY,AUMEL
OACOFSFCK,AUWHY,AUNTL
OFFCYROKK,AUWPA,CNLAZ
OAROFAYFK,BDCTG,BDMON
OFFCAFSKK,BDCTG,INCHN
OACACKKKK,BDCTG,INKAK
OACAAYKKK,BDCTG,INKAK
OACAAYKKK,BDCTG,MYKUA
OFFGCARKK,BDCTG,MYTBS
OFFKFAYKK,BDCTG,MYTBS
OACAAYKKK,BDMON,INKAK
OFFGRSSKK,BEANT,BEZEE
OFFARYAKK,BEANT,BEZEE
OFFSNKRKK,BEANT,BRREC
OFFAYOAKK,BEANT,CNTJN
OFFANFOKK,BEANT,CNTJN
OFFAOSSKK,BEANT,CNTJN
OFFAFCFKK,BEANT,CNYSN
OFFAYOOKK,BEANT,CNYSN
OFFAYOOKK,BEANT,CNYSN
OFFARYAKK,BEANT,CNYSN
OFFAGGNKK,BEANT,CNYSN
OFFANFSKK,BEANT,CNYSN
OFFAYOOKK,BEANT,CNYSN
OFFANFOKK,BEANT,CNYSN
OFFASRSKK,BEANT,CNYSN
OFFASRSKK,BEANT,CNYSN
OFFAFCFKK,BEANT,CNYSN
OFFASRSKK,BEANT,CNYSN
OFFANOFKK,BEANT,CNYSN
OFFANFSKK,BEANT,CNYSN
OFFAYOAKK,BEANT,CNYSN
OFFANFOKK,BEANT,CNYSN
OFFARYAKK,BEANT,CNYSN
OFFAYOAKK,BEANT,CNYSN
OFFAOSSKK,BEANT,CNYSN
OFFAOSSKK,BEANT,CNYSN
OFFAGGNKK,BEANT,CNYSN
OFFANFOKK,BEANT,CNYSN
OFFAOSSKK,BEANT,CNYSN
OFFAGSYKK,BEANT,CNYSN
OFFGYSGKK,BEANT,CNYSN
OFFANFSKK,BEANT,CNYSN
OFFAGGNKK,BEANT,CNYSN
OFFAYOAKK,BEANT,CNYSN
OFFAFCFKK,BEANT,CNYSN
OFFAGGNKK,BEANT,CNYSN
OFFANFSKK,BEANT,CNYSN
OFFSNSSKK,BEANT,COCTA
OFFSNSSKK,BEANT,COCTA
OFFSNSSKK,BEANT,COCTA
OFFKORCKK,BEANT,DOCUC
OFFSNSSKK,BEANT,DOCUC
OARKNRKKK,BEANT,EGDAM
OARARRKKK,BEANT,ESALG
OAROYCSNK,BEANT,FIHEL
OAROSYYCK,BEANT,FIKOT
OARARRKKK,BEANT,FRLEH
OARKNSKKK,BEANT,FRLEH
OARKNRKKK,BEANT,FRLEH
OFFOCFNKK,BEANT,FRLEH
OARKNRKKK,BEANT,FRLEH
OARARRKKK,BEANT,FRLEH
OARARRKKK,BEANT,FRLEH
OARKNRKKK,BEANT,FRLEH
RNGNKRKKK,BEANT,FRROU
RNGNKCKKK,BEANT,FRROU
RFCFCFKKK,BEANT,GBSOU
NGRKCGCKK,BEANT,GBTEE
OFFKKCSKK,BEANT,LTKLJ
OACROSKKK,BEANT,NLAMS
OAROYOFAK,BEANT,PLGDY
GRGKAYRNC,BEANT,RUSPG
OARARRKKK,BEANT,SAJED
RNOOKNKKK,BEANT,TRICD
OARRCOKKK,BEANT,TRICD
OACROYKKK,BEANT,USPHI
OFFCCCAKK,BEGHE,DEHAM
OFFSOFNKK,BEGHE,RUSPG
OFFNYNYKK,BEGHE,RUULG
OFFSNOYKK,BEGHE,TRMMK
OFFAGGNKK,BEZEE,DEHAM
OFFCAROKK,BEZEE,DEHAM
OFFKRKFKK,BEZEE,DEHAM
OFFCGYRKK,BEZEE,GBFEL
OFFRASCKK,BEZEE,GBFEL
OFFYGFFKK,BEZEE,GBFEL
OFFOCFNKK,BEZEE,GRPIR
OFFRASCKK,BEZEE,GRPIR
OFFYGFSKK,BEZEE,GRPIR
OFFYGFSKK,BEZEE,GRPIR
OFFGYSGKK,BEZEE,GRPIR
OFFOCFNKK,BEZEE,GRPIR
OFFCRRRKK,BEZEE,GRPIR
OFFOCRSKK,BEZEE,GRPIR
OFFOCOGKK,BEZEE,GRPIR
OFFCRCSKK,BEZEE,GRPIR
OFFOCRSKK,BEZEE,GRPIR
OAROYKOAK,BEZEE,LTKLJ
OFFOCFNKK,BEZEE,NLROT
OFFOCOGKK,BEZEE,NLROT
OAOKACKKK,BEZEE,NLROT
OFFCRRRKK,BEZEE,NLROT
OFFOCOGKK,BEZEE,NLROT
OFFCGYRKK,BEZEE,PLGDA
OFFCGYRKK,BEZEE,PLGDA
OFFCGYRKK,BEZEE,PLGDA
OFFCRCSKK,BEZEE,PLGDA
OFFCRCSKK,BEZEE,PLGDA
OFFYGFFKK,BEZEE,PLGDA
OFFYGFFKK,BEZEE,PLGDA
OFFYGFSKK,BEZEE,PLGDA
OFFFACSKK,BEZEE,SGSGP
OFFCGYRKK,BEZEE,SGSGP
OFFGYSGKK,BEZEE,SGSGP
OFFYGFSKK,BEZEE,SGSGP
OFFYGFSKK,BEZEE,SGSGP
OFFFACOKK,BEZEE,SGSGP
OFFYGFFKK,BEZEE,SGSGP
OFFYGFFKK,BEZEE,SGSGP
OFFYGRSKK,BEZEE,SGSGP
OFFYGRSKK,BEZEE,SGSGP
OFFYGRSKK,BEZEE,SGSGP
OFFCCYOKK,BEZEE,SGSGP
OFFCRRRKK,BEZEE,SGSGP
OFFCRCSKK,BEZEE,SGSGP
OFFCRCSKK,BEZEE,SGSGP
OFFCAROKK,BEZEE,SGSGP
OFFRASCKK,BEZEE,SGSGP
OFFKRKFKK,BEZEE,SGSGP
OFFKRKFKK,BEZEE,SGSGP
OFFAKKRKK,BEZEE,SGSGP
OFFOCRSKK,BEZEE,SGSGP
OFFSOFNKK,BGBGS,PKQAS
OFFSOFNKK,BGVAR,BGBGS
OFFKKCSKK,BGVAR,RUNVS
OFFGRSSKK,BHBAH,AEJAL
OAROYCONK,BHBAH,AERAK
OFFGSGAKK,BHBAH,JPOIT
OFFGSGAKK,BHBAH,JPOIT
OFFCRROKK,BHBAH,OMSOH
OFFYCNOKK,BJCOT,NGLAG
OFFCAFSKK,BNMUR,SGSGP
OAOOFGKKK,BNSER,AUBRI
RNOSFYKKK,BRACX,BRSTS
OFFSNKRKK,BRATU,BRRDJ
OFFRRRYKK,BRIJI,ARBNA
OFFKORCKK,BRIJI,BRPAR
OFFRRRYKK,BRIJI,BRPAR
OFFRRRYKK,BRIJI,BRPAR
OARKGSKKK,BRIJI,BRRDJ
OARKFCKKK,BRIJI,BRSTS
OAORKRKKK,BRIJI,BRSTS
OARAFAKKK,BRIJI,BRSTS
OARKFCKKK,BRIJI,BRSTS
OARKFCKKK,BRIJI,BRSTS
OAORKRKKK,BRIJI,BRSTS
OFFSRCCKK,BRIJI,BRSTS
OFFSRCCKK,BRIJI,MYPKE
OFFSRCCKK,BRIJI,MYPKE
OFFRRRYKK,BRIJI,UYMON
OFFRRRYKK,BRIJI,UYMON
OFFRRRYKK,BRIJI,UYMON
OFFKORCKK,BRIJI,UYMON
OFFKORCKK,BRIJI,UYMON
OARAFAKKK,BRIJI,UYMON
OARAFAKKK,BRIJI,UYMON
OFFAASGKK,BRIJI,UYULA
OACRORKKK,BRIMB,BRRGR
OAROYAASK,BRIMB,BRVIT
OAONSSKKK,BRIOA,ARBNA
OAOONNKKK,BRIOA,ARBNA
OFFGOSGKK,BRIOA,ARBNA
OAOKACKKK,BRIOA,ARBNA
OFFGOSGKK,BRIOA,ARBNA
OFFGRCNKK,BRIOA,ARBNA
OACOGYKKK,BRIOA,ARBNA
OARKFCKKK,BRIOA,BRIJI
OFFSRCCKK,BRIOA,BRIJI
OAORKRKKK,BRIOA,BRIJI
OAORKRKKK,BRIOA,BRIJI
OARKGSKKK,BRIOA,BRIJI
OARKFCKKK,BRIOA,BRIJI
OARKFCKKK,BRIOA,BRIJI
OFFSRCCKK,BRITA,BRSTS
OARKFCKKK,BRITA,BRSTS
OARKFCKKK,BRITA,BRSTS
OARYSNKKK,BRITA,BRTUB
OFFKOROKK,BRITA,USBRO
OFFSNKRKK,BRMAC,BRATU
OFFKFSNKK,BRMUC,BRCAB
OFFSRCCKK,BRPAR,BRIJI
OFFSRCCKK,BRPAR,BRIJI
OARKFCKKK,BRPAR,BRIOA
OARKFCKKK,BRPAR,BRIOA
OARKFCKKK,BRPAR,BRIOA
OAORKRKKK,BRPAR,BRIOA
OAORKRKKK,BRPAR,BRIOA
OFFSRCCKK,BRPAR,BRIOA
OARKFCKKK,BRPAR,BRIOA
OARKGSKKK,BRPAR,BRIOA
RNGFGKKKK,BRPAR,BRITA
OFFKOROKK,BRPAR,BRITA
OACCGKKKK,BRPAR,BRSAF
OACGNOKKK,BRPAR,BRSAF
GRGKAYRNC,BRPAR,BRSTS
OFFRRRYKK,BRPAR,BRSTS
OFFKORCKK,BRPAR,BRSTS
OFFAASGKK,BRPAR,BRSTS
OFFKORCKK,BRPAR,BRSTS
RNOOKNKKK,BRPAR,BRSTS
RNASGFKKK,BRPAR,BRSTS
OFFKORCKK,BRPAR,BRSTS
OFFRRRYKK,BRPAR,BRSTS
OARAFAKKK,BRPAR,BRSTS
OFFRRRYKK,BRPAR,BRSTS
OARCKYFNK,BRPAR,BRSTS
OFFRRRYKK,BRPAR,BRSTS
OFFSNKOKK,BRPAR,BRTUB
OAOFACKKK,BRPAR,EGDAM
OFFRKAOKK,BRPAR,FRLOR
OFFKCAYKK,BRPAR,NLAMS
OFFKCAGKK,BRPAR,UYULA
OFFKKCSKK,BRPAR,UYULA
OFFKOROKK,BRPDM,BRRDJ
OFFCCCAKK,BRPDM,BRSTM
OARSCFKKK,BRPDM,BRTUB
OFFCNCYKK,BRPDM,BRTUB
NGRKONCKK,BRPDM,MYTLR
NGRKSYRKK,BRPDM,MYTLR
NGRKYFOKK,BRPDM,MYTLR
NGRKSYRKK,BRPDM,MYTLR
NGRAKACKK,BRPDM,MYTLR
OARYSNKKK,BRPDM,PTLIS
OAOFFSKKK,BRPEC,BRSAL
OFFGCOYKK,BRPOR,BRSTS
OFFGOSGKK,BRPOR,BRSTS
OARCKYFNK,BRPOR,BRSTS
OACCGKKKK,BRPOR,BRSTS
OAONSSKKK,BRPOR,BRSTS
OACGNOKKK,BRPOR,BRSTS
OACCGKKKK,BRPOR,BRTUB
OFFGCOYKK,BRPOR,CNGUA
OACRYSKKK,BRPOR,CNGUA
OAONSSKKK,BRPOR,ESTAR
OACRYSKKK,BRPOR,ESTAR
OAOONNKKK,BRPOR,ESTAR
OACCGKKKK,BRPOR,FRLPA
OACOGYKKK,BRPOR,ITLIV
OAONSSKKK,BRPOR,ITLIV
OAOONNKKK,BRPOR,ITSVN
OFFGCOYKK,BRPOR,TRLMA
OFFRRRYKK,BRRDJ,BRSTS
OFFRRRYKK,BRRDJ,BRSTS
OFFRRRYKK,BRRDJ,BRSTS
OARAFAKKK,BRRDJ,BRSTS
OFFKORCKK,BRRDJ,BRSTS
OFFRRRYKK,BRRDJ,BRSTS
OFFKORCKK,BRRDJ,BRSTS
OARAFAKKK,BRRDJ,BRSTS
OFFAASGKK,BRRDJ,BRSTS
OARKGSKKK,BRRDJ,SGSGP
OFFKARCKK,BRRDJ,UYMON
OFFSNKRKK,BRREC,BRMAC
OFFKORCKK,BRRGR,BRIJI
OFFKORCKK,BRRGR,BRPAR
OFFKORCKK,BRRGR,BRPAR
OACRORKKK,BRRGR,BRSTS
OAOFOCKKK,BRRGR,SIKOP
OARCKYFNK,BRRGR,UYPTP
RNOOKNKKK,BRRGR,UYULA
OFFSNKOKK,BRSAF,BRPAR
RFAYAAKKK,BRSAF,BRRDJ
OFFKCFRKK,BRSAF,BRSTS
OAOFFSKKK,BRSAF,BRSTS
OAONSSKKK,BRSAF,UYPTP
OFFGCOYKK,BRSAF,UYPTP
OFFGRCNKK,BRSAF,UYPTP
OFFSNKRKK,BRSAF,UYULA
OACGNOKKK,BRSAF,UYULA
OACRYSKKK,BRSAF,UYULA
GRGKAYRNC,BRSAL,BRVIT
RNOOKNKKK,BRSAL,NLROT
OACROYKKK,BRSAL,NLROT
OFFCCCAKK,BRSTM,BRVDC
OFFYARAKK,BRSTM,ITVEN
OFFSNKRKK,BRSTM,ITVEN
RNGFYAKKK,BRSTS,AEJAL
OFFKORCKK,BRSTS,BRIJI
OFFRRRYKK,BRSTS,BRIJI
OFFRRRYKK,BRSTS,BRIJI
OFFRRRYKK,BRSTS,BRIJI
OARAFAKKK,BRSTS,BRIJI
OARAFAKKK,BRSTS,BRIJI
OFFAASGKK,BRSTS,BRIJI
OFFRRRYKK,BRSTS,BRIJI
OFFKORCKK,BRSTS,BRIJI
OACOGYKKK,BRSTS,BRIOA
OFFGOSGKK,BRSTS,BRIOA
OAONSSKKK,BRSTS,BRIOA
OAOKACKKK,BRSTS,BRIOA
OAOONNKKK,BRSTS,BRIOA
OFFGOSGKK,BRSTS,BRIOA
OFFGRCNKK,BRSTS,BRIOA
OACGNOKKK,BRSTS,BRPAR
OFFSRCCKK,BRSTS,BRPAR
OFFSRCCKK,BRSTS,BRPAR
OARKGSKKK,BRSTS,BRPAR
OFFSRCCKK,BRSTS,BRPAR
OARKFCKKK,BRSTS,BRPAR
OACCGKKKK,BRSTS,BRPAR
OARKFCKKK,BRSTS,BRPAR
OAONSSKKK,BRSTS,BRPAR
OARKFCKKK,BRSTS,BRPAR
RNASGFKKK,BRSTS,BRPAR
OARKFCKKK,BRSTS,BRPAR
OAORKRKKK,BRSTS,BRPAR
OAORKRKKK,BRSTS,BRPAR
OACGNOKKK,BRSTS,BRPAR
OACCGKKKK,BRSTS,BRPOR
OAOONNKKK,BRSTS,BRPOR
OAONSSKKK,BRSTS,BRPOR
OFFGOSGKK,BRSTS,BRPOR
OAOONNKKK,BRSTS,BRPOR
OACRYSKKK,BRSTS,BRPOR
OACRYSKKK,BRSTS,BRPOR
OFFGCOYKK,BRSTS,BRPOR
OAOONNKKK,BRSTS,BRPOR
OFFSNOSKK,BRSTS,BRRDJ
OFFGCOYKK,BRSTS,BRSAF
OAOAFNKKK,BRSTS,BRSAF
OFFGRCNKK,BRSTS,BRSAF
OAOFFSKKK,BRSTS,BRTUB
OAONSSKKK,BRSTS,CNDCB
OARCKYFNK,BRSTS,ESTAR
OAOONNKKK,BRSTS,GBBTL
OAOKACKKK,BRSTS,ITSVN
OARCKYFNK,BRSTS,NLVSG
OACOGYKKK,BRSTS,NLVSG
OARRFYAFK,BRSTS,NLVSG
OFFGOSGKK,BRSTS,NLVSG
OFFRRRYKK,BRSTS,SGSGP
OFFRRRYKK,BRSTS,SGSGP
OFFKORCKK,BRSTS,SGSGP
OFFKORCKK,BRSTS,SGSGP
OFFKORCKK,BRSTS,SGSGP
OFFAASGKK,BRSTS,SGSGP
OARAFAKKK,BRSTS,SGSGP
OFFSRCCKK,BRSTS,SGSGP
OAORKRKKK,BRSTS,SGSGP
OARKFCKKK,BRSTS,SGSGP
OARKFCKKK,BRSTS,SGSGP
OARKFCKKK,BRSTS,SGSGP
OFFRRRYKK,BRSTS,SGSGP
RNOOKNKKK,BRSTS,UYULA
OACOGYKKK,BRSTS,UYULA
OFFSNKRKK,BRSUA,BRSAF
OAONSSKKK,BRSUA,BRSTS
RNAFKKKKK,BRTRO,BRVDC
RNAFKKKKK,BRTRO,BRVDC
RNAFKKKKK,BRTRO,BRVDC
OACROFKKK,BRTRO,IESNN
OARSCFKKK,BRTUB,BRITA
OFFCNCYKK,BRTUB,BRPAR
OAOFFSKKK,BRTUB,BRPEC
OARYSNKKK,BRTUB,BRPEC
OAOAONKKK,BRTUB,BRPEC
OACCGKKKK,BRTUB,BRSTS
NGGSGRKKK,BRTUB,MYTLR
NGRAASOKK,BRTUB,OMSOH
OFFSNKOKK,BRTUB,USMOB
RNAFKKKKK,BRVDC,BRSTA
RNAFKKKKK,BRVDC,BRTRO
RNAFKKKKK,BRVDC,BRTRO
OFFCCCAKK,BRVDC,EGALE
OFFGRCNKK,BRVIT,BRPOR
OFFGCOYKK,BRVIT,BRPOR
OAROFAKNK,BRVIT,BRSTS
OAROFYAAK,CAKIT,CAVCR
RNNNASKKK,CANWE,KRMOK
RNNNASKKK,CANWE,KRPYT
RFCFCFKKK,CANWE,USPHU
RFCFCFKKK,CANWE,USPTD
RNRAORKKK,CAPCA,ESGIJ
OAOAONKKK,CAPCA,FRDKK
OFFRKAAKK,CAPCA,FRDKK
OARGSGKKK,CAPCA,FRDKK
RNOGORKKK,CAPCA,FRFOS
OFFKCAGKK,CAPHA,USHOU
OFFAAFOKK,CAPRR,CAVCR
RFCYROKKK,CAPRR,CAVCR
OFFFGSAKK,CAPRR,CAVCR
OARAFRKKK,CAPRR,CAVCR
OFFFGSAKK,CAPRR,CAVCR
OFFFGSAKK,CAPRR,CAVCR
OFFAAFOKK,CAPRR,CAVCR
OFFFGSAKK,CAPRR,CAVCR
OARAGGKKK,CAPRR,CAVCR
OFFFGSAKK,CAPRR,CAVCR
OARKGRKKK,CAPRR,CNNBO
OARAGFKKK,CAPRR,CNNBO
OARAGGKKK,CAPRR,CNNBO
OARKGRKKK,CAPRR,CNQIN
OFFRAYRKK,CAPRR,CNQIN
OARAOSKKK,CAPRR,CNQIN
OARAGGKKK,CAPRR,CNQIN
OARAOSKKK,CAPRR,CNQIN
OARAOFKKK,CAPRR,CNQIN
OFFKFFSKK,CAPRR,CNQIN
OARAGGKKK,CAPRR,CNTJN
OARKGRKKK,CAPRR,CNTJN
OFFCYRYKK,CAPRR,CNTJN
OARAFRKKK,CAPRR,CNWGQ
OARKNNKKK,CAPRR,CNWGQ
OARAGGKKK,CAPRR,CNYSN
OARAOYKKK,CAPRR,CNYSN
OARAGGKKK,CAPRR,CNYSN
OARAOYKKK,CAPRR,CNYSN
OFFAAFOKK,CAPRR,CNYSN
OFFOGONKK,CAPRR,CNYSN
OARKNNKKK,CAPRR,CNYSN
OFFFGSAKK,CAPRR,CNYTN
OARAOFKKK,CAPRR,CNYTN
OFFFGSAKK,CAPRR,CNYTN
OARAGGKKK,CAPRR,CNYTN
OFFAAFOKK,CAPRR,CNYTN
OARKNNKKK,CAPRR,CNYTN
OFFFGSAKK,CAPRR,CNYTN
OFFGRFSKK,CAPRR,KRGWA
OFFCNFAKK,CAPRR,USLGB
OFFGRFGKK,CAPRR,USLGB
OFFSOSFKK,CAPRR,USLGB
OFFSOSFKK,CAPRR,USLGB
OFFGRFGKK,CAPRR,USLGB
OFFAAFYKK,CAPRR,USLGB
RFCYROKKK,CAPRR,USLGB
OFFCYRYKK,CAPRR,USLGB
OFFCYRYKK,CAPRR,USLGB
OFFCYRYKK,CAPRR,USLGB
OFFCYRYKK,CAPRR,USLGB
OFFAAFYKK,CAPRR,USLGB
OFFCFARKK,CAPRR,USLGB
OFFCNFAKK,CAPRR,USLGB
OFFCFARKK,CAPRR,USLSA
OFFAAFYKK,CAPRR,USLSA
OFFSOSFKK,CAPRR,USLSA
OFFSOSFKK,CAPRR,USLSA
OFFGRFGKK,CAPRR,USLSA
OFFCFARKK,CAPRR,USLSA
OFFCFARKK,CAPRR,USLSA
OFFAAFYKK,CAPRR,USLSA
OFFGRFGKK,CAPRR,USLSA
RNASGFKKK,CAQBC,PTLIS
RNASGFKKK,CASAG,CATHR
RNGFGKKKK,CASJH,BRPAR
OFFKOROKK,CASJH,BRPAR
OACFGSKKK,CASVI,DEHAM
RNASGFKKK,CATHR,CAQBC
OARAGGKKK,CAVCR,CAPRR
OFFFGSAKK,CAVCR,CAPRR
OFFFGSAKK,CAVCR,CAPRR
OFFFGSAKK,CAVCR,CAPRR
OFFAAFOKK,CAVCR,CAPRR
OAROFYAAK,CAVCR,CNCJK
OARAYGKKK,CAVCR,CNDAF
OARASFKKK,CAVCR,CNDAF
OAOFKAKKK,CAVCR,CNFAN
OFFORNYKK,CAVCR,CNFAN
OFFFGSAKK,CAVCR,CNNSA
OARASFKKK,CAVCR,CNQIN
OARANRKKK,CAVCR,CNQIN
OARYFNKKK,CAVCR,CNQIN
OFFAAFOKK,CAVCR,CNYSN
RFCYROKKK,CAVCR,CNYSN
OFFFGSAKK,CAVCR,CNYSN
OARAFRKKK,CAVCR,CNYSN
OFFOGOOKK,CAVCR,CNYSN
OARKGSKKK,CAVCR,CNYSN
OARKNNKKK,CAVCR,CNYSN
OARANAKKK,CAVCR,CNYTN
OARAOFKKK,CAVCR,CNYTN
OARAGGKKK,CAVCR,CNYTN
OFFFGSAKK,CAVCR,CNYTN
OARKGSKKK,CAVCR,HKHKG
OARAOFKKK,CAVCR,HKHKG
OFFKCFNKK,CAVCR,KRULS
OFFKCFNKK,CAVCR,MXMAN
OFFYGANKK,CAVCR,SVAQJ
OFFAAFOKK,CAVCR,USLSA
NGRKOGGKK,CGDJT,AODLA
OFFAOCAKK,CGDJT,XZCLV
OFFAOCAKK,CGDJT,XZKMN
OFFYCNOKK,CGPNO,AOLUA
OFFYNYOKK,CGPNO,CNJIJ
OAROYKOAK,CGPNO,GAOWE
OACROFKKK,CIABI,BRTRO
OARCAYGRK,CIABI,CISPE
OACROSKKK,CIABI,CISPE
OFFSNKCKK,CIABI,GNBKJ
OACACAKKK,CIABI,GNCON
OARCAYGAK,CIABI,GRTHE
OAOFCNKKK,CIABI,GRTHE
OFFYKCGKK,CIABI,UYULA
OFFSOFNKK,CISPE,GNBKJ
OACROFKKK,CISPE,GNBKJ
OARCAYNYK,CISPE,GRTHE
OACROFKKK,CISPE,GRTHE
OACROSKKK,CISPE,GRTHE
OARCAYGRK,CISPE,MTMAL
OACROSKKK,CISPE,MTMAL
OARCAYGRK,CISPE,MTMAL
OARFKCKRK,CLANT,CLMEJ
OFFAFORKK,CLARI,CLMEJ
OARNCGKNK,CLARI,USLUA
OACOFSFRK,CLCOR,CLTAL
OACOFSFRK,CLCOR,CLTAL
OARFKCKRK,CLIQU,CLANT
OACOFSFRK,CLLIR,CLCOR
OACOFSFRK,CLLIR,CLCOR
OAORKRKKK,CLLIR,CLSAN
OARANYKKK,CLLIR,CLSAN
OARANYKKK,CLLIR,CLSAN
OARANYKKK,CLLIR,CLSAN
OARAFAKKK,CLLIR,CLSAN
RNNSKSKKK,CLLIR,CLSAN
RNNSKSKKK,CLLIR,CLSAN
RNNSKSKKK,CLLIR,CLSAN
RNNSKSKKK,CLLIR,CLSAN
RNNSKSKKK,CLLIR,CLSAN
OARAGNKKK,CLLIR,CLSAN
OFFANSFKK,CLLIR,CLSAN
OARAGNKKK,CLLIR,CLSAN
OARAGNKKK,CLLIR,CLSAN
OFFRGKSKK,CLLIR,CLSAN
OARAGFKKK,CLLIR,CLSAN
OACOFSFRK,CLLIR,JPKAW
OARKGRKKK,CLLIR,MXMAN
OFFSNSSKK,CLLIR,MXMAN
OARFKCKRK,CLMEJ,CLANT
OFFAFORKK,CLMEJ,CLARI
OARNCGKNK,CLMEJ,CLQUI
OAROFSCRK,CLMEJ,PECAL
OFFAFORKK,CLMEJ,PECAL
OARNCGKNK,CLQUI,CLARI
OARNCGKNK,CLQUI,CLARI
OARAGAKKK,CLSAN,CLLIR
OFFSNSSKK,CLSAN,CLLIR
OACAGRKKK,CLSAN,CNCJK
OACAGRKKK,CLSAN,CNWGQ
RNNSKSKKK,CLSAN,CNWGQ
RFCFCFKKK,CLSAN,CNWGQ
OARAGAKKK,CLSAN,HKHKG
OFFRGKSKK,CLSAN,HKHKG
OFFRGKSKK,CLSAN,HKHKG
OFFRGKSKK,CLSAN,HKHKG
OARAGAKKK,CLSAN,HKHKG
OARAGAKKK,CLSAN,HKHKG
OARAGAKKK,CLSAN,HKHKG
RNNNASKKK,CLSAN,MXLCS
RNNNASKKK,CLSAN,MXLCS
OARAGFKKK,CLSAN,MXLCS
OFFRGKSKK,CLSAN,MXLCS
OARAGFKKK,CLSAN,MXLCS
OARAGNKKK,CLSAN,MXMAN
OARAFAKKK,CLSAN,MXMAN
RNNSKSKKK,CLSAN,MXMAN
RNNSKSKKK,CLSAN,MXMAN
OARANYKKK,CLSAN,MXMAN
RNNSKSKKK,CLSAN,MXMAN
OARAGNKKK,CLSAN,MXMAN
OFFANSFKK,CLSAN,MXMAN
OARAGNKKK,CLSAN,MXMAN
OARAGNKKK,CLSAN,MXMAN
OAORKRKKK,CLSAN,MXMAN
OARANYKKK,CLSAN,MXMAN
OFFKORCKK,CLSAN,PECAL
OFFSNSSKK,CLSAN,PECAL
OFFSNSSKK,CLSAN,PECAL
OFFSNSSKK,CLSAN,PECAL
OFFSNSSKK,CLSAN,PECAL
OARAGFKKK,CLTAL,CLSAN
OARKGRKKK,CLVAL,CLTAL
OARFKCKRK,CLVAL,PEMAT
OFFSANOKK,CMDUA,CGPNO
OFFSANOKK,CMDUA,CGPNO
OFFYCNOKK,CMDUA,CGPNO
OFFRSFOKK,CMDUA,CMKBI
OFFYNYRKK,CMDUA,CMKBI
OFFRSFNKK,CMDUA,CMKBI
OFFYNYOKK,CMDUA,CMKBI
OAROFAKNK,CMDUA,CMKBI
OARCAKKNK,CMDUA,GAOWE
OFFSANNKK,CMDUA,GQBAT
OFFCARFKK,CMDUA,NGLAG
OARANCKKK,CN1087,CNNBO
OARCOFKKK,CN1087,CNNBO
OARCOFKKK,CN1087,CNNBO
OARANOKKK,CN1087,CNNBO
OAOFSOKKK,CN1087,CNNBO
OAOFSYKKK,CN1087,CNNBO
OACOFRKKK,CN1087,CNNBO
OAOFSYKKK,CN1087,CNNBO
OARCAYKYK,CN1087,CNTJN
OARANGKKK,CN1087,CNTJN
OARANCKKK,CN1087,CNTJN
OARCYRNNK,CN1087,CNTJN
OARANGKKK,CN1087,CNTJN
OAOFSOKKK,CN1087,CNTJN
OARAFFKKK,CN1087,CNTJN
OAOFSOKKK,CN1087,CNTJN
OAOFSYKKK,CN1087,CNZOS
OACOFRKKK,CN1087,CNZOS
OAOFSOKKK,CN1087,CNZOS
OAOFOSKKK,CN1087,SGSGP
OAOFOSKKK,CN1087,SGSGP
OARACKKKK,CN2032,CNPAN
OAOFSOKKK,CN2032,CNPAN
OARKGYKKK,CN2032,CNPAN
OACOFRKKK,CN2032,CNPAN
OAOFSFKKK,CN2039,CNDYI
OARARFKKK,CN2039,CNDYI
OARANCKKK,CN2039,CNDYI
OAOFSYKKK,CN2039,CNDYI
OARACKKKK,CN2039,CNHUI
OARACKKKK,CN2039,CNHUI
OAOFSFKKK,CN2039,CNLYG
OARARFKKK,CN2039,CNPAN
OARAFFKKK,CN2039,CNPAN
OARARFKKK,CN2039,CNPAN
OAOFSYKKK,CN2039,CNPAN
OARKGYKKK,CN2039,CNQIN
OARARFKKK,CN2039,CNQIN
OARKFOKKK,CN2039,CNQIN
OACOFRKKK,CN6083,CNHUI
OARARFKKK,CN6083,CNHUI
OARSOSKKK,CN8965,CNHUI
OARKGYKKK,CN8965,CNHUI
OARKFOKKK,CN8965,CNHUI
OARKFOKKK,CN8965,CNHUI
OARKFOKKK,CN8965,CNHUI
OARKFOKKK,CN8965,CNHUI
OARACKKKK,CN8965,CNHUI
OACOFAKKK,CN8965,MY2243
OARSNSKKK,CN8965,MY2243
OARARFKKK,CN9014,CNHUA
OARCOSKKK,CN9014,CNHUA
OARARGKKK,CN9014,CNHUA
OARAFFKKK,CN9014,CNNBO
OARAFFKKK,CN9014,CNNBO
OARARFKKK,CN9014,CNNBO
OARAFSKKK,CN9014,CNNBO
OACOFRKKK,CN9014,CNNBO
OARAFFKKK,CN9014,CNNBO
OARCOSKKK,CN9014,CNNBO
OACOFRKKK,CN9014,CNNBO
OARARFKKK,CN9014,CNNBO
OARARGKKK,CN9014,CNNBO
OARANGKKK,CN9014,CNNBO
OAOFSYKKK,CN9014,CNNBO
OARARFKKK,CN9014,CNNBO
OARAFSKKK,CN9014,CNNBO
OARANCKKK,CN9862,CNHUA
OARANGKKK,CN9862,CNHUA
OARANGKKK,CN9862,CNHUA
OARANGKKK,CN9862,CNHUA
OAOFCYKKK,CN9862,CNHUA
OARANGKKK,CN9862,CNHUA
OARARGKKK,CN9862,CNHUA
OAOFSYKKK,CN9862,CNNBO
OARANGKKK,CN9862,CNNBO
OACOFRKKK,CN9862,CNNBO
OARARFKKK,CN9862,CNNBO
OARANCKKK,CN9862,CNNBO
OARANCKKK,CN9862,CNNBO
OARAFSKKK,CN9862,CNNBO
OARCOSKKK,CN9862,CNNBO
OAOFSOKKK,CN9862,CNNBO
OARAFSKKK,CN9862,CNNBO
OARAFSKKK,CN9862,CNNBO
OACOFRKKK,CN9862,CNNBO
OAOFSFKKK,CN9862,CNNBO
OARAFFKKK,CN9862,CNNBO
OARAFSKKK,CN9862,CNNBO
OARKFOKKK,CN9863,CNHUI
OARKFOKKK,CN9863,CNHUI
OARACKKKK,CN9863,CNHUI
OARKGYKKK,CN9863,CNLKU
OARANSKKK,CN9873,CNBAS
OAOFSFKKK,CN9873,CNBAS
OAOFSYKKK,CN9873,CNBAS
OARANSKKK,CN9873,CNBAS
OARANSKKK,CN9873,CNBAS
OAOFCKKKK,CN9873,CNBAS
OAOFSFKKK,CN9873,CNBAS
OAOFSFKKK,CN9873,CNBAS
OAOFCYKKK,CN9873,CNBAS
OAOFCYKKK,CN9873,CNBAS
OAOFCKKKK,CN9873,CNBAS
OAOFSOKKK,CN9873,CNBAS
OARANOKKK,CN9873,CNBAS
OARAGKKKK,CN9873,CNBAS
OARAGKKKK,CN9873,CNBAS
OARAGCKKK,CN9873,CNBAS
OARAGCKKK,CN9873,CNBAS
OARAFSKKK,CN9873,CNLAZ
OACOFRKKK,CN9873,CNLAZ
OARAFSKKK,CN9873,CNNBO
OAOFCKKKK,CN9873,CNNBO
OACOFRKKK,CN9873,CNTAZ
OARANSKKK,CN9873,CNTAZ
OAOFSFKKK,CN9873,CNTAZ
OARANOKKK,CN9873,CNTAZ
OARACKKKK,CN9878,CNHUI
OARAFSKKK,CN9878,CNLKU
OARKFOKKK,CN9878,CNLKU
OFFFFYFKK,CNBAO,AUPHE
OFFGNCYKK,CNBAO,AUPWA
OFFFFYFKK,CNBAO,AUPWA
OFFRAYCKK,CNBAO,AUPWA
OFFGCSRKK,CNBAO,AUPWA
OFFFFYFKK,CNBAO,AUPWA
OFFFFYFKK,CNBAO,AUPWA
OFFFRYCKK,CNBAO,AUPWA
OFFARFSKK,CNBAO,CNBYQ
OACGKOKKK,CNBAO,CNCFD
OACRKCSOK,CNBAO,CNCFD
OAOFFOKKK,CNBAO,CNCFD
OARACYKKK,CNBAO,CNCFD
OARRRKKKK,CNBAO,CNCFD
OARFRGKKK,CNBAO,CNCFD
OAOAFNKKK,CNBAO,CNCFD
OARKKRKKK,CNBAO,CNCFD
OARCYGNRK,CNBAO,CNCFD
OARACYKKK,CNBAO,CNCFD
OARASGKKK,CNBAO,CNCFD
OACRKCSOK,CNBAO,CNCFD
OFFGCSRKK,CNBAO,CNCGM
OARRRFKKK,CNBAO,CNCGM
OAONSSKKK,CNBAO,CNCHS
OARFRGKKK,CNBAO,CNCJK
OACRKCSOK,CNBAO,CNCJK
OACKROKKK,CNBAO,CNCJK
OARFRGKKK,CNBAO,CNCJK
OAOFOOKKK,CNBAO,CNDAL
OACOFSFCK,CNBAO,CNDAL
OAOFFNKKK,CNBAO,CNHUA
OAOFFNKKK,CNBAO,CNHUA
OAOFFNKKK,CNBAO,CNHUA
OAOFFNKKK,CNBAO,CNHUA
OAOFFNKKK,CNBAO,CNHUA
OARFRGKKK,CNBAO,CNHUA
OARFRGKKK,CNBAO,CNHUA
OACFGNKKK,CNBAO,CNHUA
OARYFYKKK,CNBAO,CNHUA
OAOFFNKKK,CNBAO,CNHUA
OAOFFNKKK,CNBAO,CNHUA
OARASNKKK,CNBAO,CNHUA
OAOFFNKKK,CNBAO,CNHUA
OAOFFNKKK,CNBAO,CNHUA
OAOFFNKKK,CNBAO,CNHUA
OAOFFNKKK,CNBAO,CNHUA
OAOFFNKKK,CNBAO,CNHUA
OAOFFNKKK,CNBAO,CNHUA
OAOFFNKKK,CNBAO,CNHUA
OAOFFNKKK,CNBAO,CNHUA
OACNGFKKK,CNBAO,CNJIJ
OARAYNKKK,CNBAO,CNJIJ
OARAYOKKK,CNBAO,CNJIJ
OAOFSKKKK,CNBAO,CNJIT
OARFRGKKK,CNBAO,CNJIT
OARSYRKKK,CNBAO,CNJIT
OARCKKKKK,CNBAO,CNLYG
OACKROKKK,CNBAO,CNQHD
OACFGNKKK,CNBAO,CNQHD
RNCFFRKKK,CNBAO,CNSHA
OACRNRKKK,CNBAO,CNSLH
OAROFYAAK,CNBAO,CNTJN
OFFYGANKK,CNBAO,CNTJN
OFFFRKRKK,CNBAO,CNTJN
OFFRSFNKK,CNBAO,CNTJN
OAROFAYGK,CNBAO,CNTJN
OAOKKYKKK,CNBAO,CNTJN
OAOAYYKKK,CNBAO,CNTJN
OAOAYYKKK,CNBAO,CNXIA
OARCAYNYK,CNBAO,CNZHA
OAOFCNKKK,CNBAO,CNZHA
OFFYGANKK,CNBAO,CNZHA
OAOFFNKKK,CNBAO,CNZHA
RNCGRNKKK,CNBAO,CNZHA
OACNCRSYK,CNBAO,CNZHA
OAOFFCKKK,CNBAO,CNZHA
OACFGKKKK,CNBAO,CNZHA
OAROYCSNK,CNBAO,CNZJG
OAROSYYCK,CNBAO,CNZJG
NGNAKKKKK,CNBAO,IDKLR
OARRRGKKK,CNBAO,IDSAM
OFFYNYOKK,CNBAO,KRBUS
OARCAKKNK,CNBAO,KRINC
OFFGYGYKK,CNBAO,KRKUN
OACAAYKKK,CNBAO,KRULS
OFFFARRKK,CNBAO,KRULS
OARANSKKK,CNBAS,CN9873
OARANOKKK,CNBAS,CN9873
OARANSKKK,CNBAS,CN9873
OARCYOSNK,CNBAS,CN9873
OARCYOSNK,CNBAS,CN9873
OARAGKKKK,CNBAS,CN9873
OAOFSFKKK,CNBAS,CN9873
OAOFCYKKK,CNBAS,CNBHI
OAOFSFKKK,CNBAS,CNBHI
OAOFCYKKK,CNBAS,CNBHI
OAOFSYKKK,CNBAS,CNBHI
OAOFSFKKK,CNBAS,CNBHI
OARAGKKKK,CNBAS,CNBHI
OARASOKKK,CNBAS,CNCFD
OARFRGKKK,CNBAS,CNCFD
OARFRGKKK,CNBAS,CNCFD
OACOFFFOK,CNBAS,CNCJK
OACOFFFOK,CNBAS,CNCJK
OACOFGOCK,CNBAS,CNCJK
OACOFFFOK,CNBAS,CNCJK
OACOFFFOK,CNBAS,CNDNG
OAOKFGKKK,CNBAS,CNHKO
OAOFSFKKK,CNBAS,CNHPU
OACNFKKKK,CNBAS,CNHUA
OACNFKKKK,CNBAS,CNHUA
OACFFNKKK,CNBAS,CNHUA
OACNNGKKK,CNBAS,CNHUA
OARGGKKKK,CNBAS,CNHUA
OARRRKKKK,CNBAS,CNHUA
OAOFCYKKK,CNBAS,CNNBO
OARCSFCFK,CNBAS,CNPYU
OAOFCKKKK,CNBAS,CNPYU
OARAGCKKK,CNBAS,CNQIZ
OACFNAKKK,CNBAS,CNRUG
OACOFFFOK,CNBAS,CNTAX
OACOFGOCK,CNBAS,CNTAX
OACOFFFOK,CNBAS,CNYIZ
OACOFFFOK,CNBAS,CNYIZ
OACOFGOCK,CNBAS,CNYIZ
OAOFCYKKK,CNBAS,CNYPG
OARAGCKKK,CNBAS,CNZHA
OAOFSYKKK,CNBAS,CNZHA
OAROONGSK,CNBAS,CNZHA
OARAGKKKK,CNBAS,CNZHA
OAOFCGKKK,CNBAS,CNZHE
OACNFKKKK,CNBAS,CNZHE
OARASOKKK,CNBAS,CNZHE
OARAYOKKK,CNBAS,CNZHE
OARARNKKK,CNBAS,CNZHE
OARYRSKKK,CNBAS,CNZHE
OAOFSGKKK,CNBAS,CNZHE
OAOKKYKKK,CNBAS,CNZHE
OARAYAKKK,CNBAS,CNZHE
OARAYNKKK,CNBAS,CNZHE
OACNYYKKK,CNBAS,CNZHE
OACOFFFOK,CNBAS,CNZOS
OACRONKKK,CNBAS,VNCAM
OARRKCKYK,CNBAS,VNCAM
OAOFSFKKK,CNBHI,CNBAS
OARAGKKKK,CNBHI,CNBAS
OAOFCKKKK,CNBHI,CNBAS
OAOFSFKKK,CNBHI,CNBAS
OACNCCCSK,CNBHI,CNHKO
OACNCCCSK,CNBHI,CNHKO
OACNCCCSK,CNBHI,CNHKO
OACNCCCSK,CNBHI,CNHKO
OACNCCCSK,CNBHI,CNHKO
OACNCCCSK,CNBHI,CNHKO
OACNCCCSK,CNBHI,CNHKO
OACNCCCSK,CNBHI,CNHKO
OACNCCCSK,CNBHI,CNHKO
OACNCCCSK,CNBHI,CNHKO
OACNCCCSK,CNBHI,CNHKO
OACNCCCSK,CNBHI,CNHKO
OACNCCCSK,CNBHI,CNHKO
OACNCCCSK,CNBHI,CNHKO
OACNCCCSK,CNBHI,CNHKO
OACNCCCSK,CNBHI,CNHKO
OACNCCCSK,CNBHI,CNHKO
OACNCCCSK,CNBHI,CNHKO
OACNCCCSK,CNBHI,CNHKO
OACNCCCSK,CNBHI,CNHKO
OACNCCCSK,CNBHI,CNHKO
OACNCCCSK,CNBHI,CNHKO
OACNCCCSK,CNBHI,CNHKO
OACNCCCSK,CNBHI,CNHKO
OACNCCCSK,CNBHI,CNHKO
OACNCCCSK,CNBHI,CNHKO
OACNCCCSK,CNBHI,CNHKO
OACNCCCSK,CNBHI,CNHKO
OACNCCCSK,CNBHI,CNHKO
OACNCCCSK,CNBHI,CNHKO
OACNCCCSK,CNBHI,CNHKO
OACNCCCSK,CNBHI,CNHKO
OACNCCCSK,CNBHI,CNHKO
OACNCCCSK,CNBHI,CNHKO
OACNCCCSK,CNBHI,CNHKO
OACNCCCSK,CNBHI,CNHKO
OACNCCCSK,CNBHI,CNHKO
OACNCCCSK,CNBHI,CNHKO
OACNCCCSK,CNBHI,CNHKO
OACNCCCSK,CNBHI,CNHKO
OACNCCCSK,CNBHI,CNHKO
OACNCCCSK,CNBHI,CNHKO
OACNCCCSK,CNBHI,CNHKO
OACNCCCSK,CNBHI,CNHKO
OACNCCCSK,CNBHI,CNHKO
OACNCCCSK,CNBHI,CNHKO
OACNCCCSK,CNBHI,CNHKO
OACNCCCSK,CNBHI,CNHKO
OACNCCCSK,CNBHI,CNHKO
OACNCCCSK,CNBHI,CNHKO
OACNCCCSK,CNBHI,CNHKO
OACNCCCSK,CNBHI,CNHKO
OACNCCCSK,CNBHI,CNHKO
OACNCCCSK,CNBHI,CNHKO
OACNCCCSK,CNBHI,CNHKO
OACNCCCSK,CNBHI,CNHKO
OACNCCCSK,CNBHI,CNHKO
OACNCCCSK,CNBHI,CNHKO
OACNCCCSK,CNBHI,CNHKO
OACNCCCSK,CNBHI,CNHKO
OACNCCCSK,CNBHI,CNHKO
OACNCCCSK,CNBHI,CNHKO
OACNCCCSK,CNBHI,CNHKO
OACNCCCSK,CNBHI,CNHKO
OACNCCCSK,CNBHI,CNHKO
OACNCCCSK,CNBHI,CNHKO
OACNCCCSK,CNBHI,CNHKO
OACNCCCSK,CNBHI,CNHKO
OACNCCCSK,CNBHI,CNHKO
OACNCCCSK,CNBHI,CNHKO
OACNCCCSK,CNBHI,CNHKO
OACNCCCSK,CNBHI,CNHKO
OACNCCCSK,CNBHI,CNHKO
OACNCCCSK,CNBHI,CNHKO
OACNCCCSK,CNBHI,CNHKO
OACNCCCSK,CNBHI,CNHKO
OACNCCCSK,CNBHI,CNHKO
OACNCCCSK,CNBHI,CNHKO
OACNCCCSK,CNBHI,CNHKO
OACNCCCSK,CNBHI,CNHKO
OACNCCCSK,CNBHI,CNHKO
OACNCCCSK,CNBHI,CNHKO
OACNCCCSK,CNBHI,CNHKO
OACNCCCSK,CNBHI,CNHKO
OACNCCCSK,CNBHI,CNHKO
OACNCCCSK,CNBHI,CNHKO
OACNCCCSK,CNBHI,CNHKO
OACNCCCSK,CNBHI,CNHKO
OACNCCCSK,CNBHI,CNHKO
OACNCCCSK,CNBHI,CNHKO
OACNCCCSK,CNBHI,CNHKO
OACNCCCSK,CNBHI,CNHKO
OACNCCCSK,CNBHI,CNHKO
OACNCCCSK,CNBHI,CNHKO
OACNCCCSK,CNBHI,CNHKO
OACNCCCSK,CNBHI,CNHKO
OACNCCCSK,CNBHI,CNHKO
OACNCCCSK,CNBHI,CNHKO
OACNCCCSK,CNBHI,CNHKO
OACNCCCSK,CNBHI,CNHKO
OACNCCCSK,CNBHI,CNHKO
OACNCCCSK,CNBHI,CNHKO
OACNCCCSK,CNBHI,CNHKO
OACNCCCSK,CNBHI,CNHKO
OACNCCCSK,CNBHI,CNHKO
OACNCCCSK,CNBHI,CNHKO
OACNCCCSK,CNBHI,CNHKO
OACNCCCSK,CNBHI,CNHKO
OACNCCCSK,CNBHI,CNHKO
OACNCCCSK,CNBHI,CNHKO
OACNCCCSK,CNBHI,CNHKO
OACAOYKKK,CNBHI,CNHUA
OARANOKKK,CNBHI,CNLAZ
OAOFCKKKK,CNBHI,CNLAZ
OARAGCKKK,CNBHI,CNLAZ
OACOFRKKK,CNBHI,CNTAZ
OAOFCKKKK,CNBHI,CNTAZ
OAOFSOKKK,CNBHI,CNTAZ
OAOFCKKKK,CNBHI,CNTAZ
OACNCRYAK,CNBHI,CNYJG
OACNCRYAK,CNBHI,CNYJG
OACNCRYAK,CNBHI,CNYJG
OACNCRYAK,CNBHI,CNYJG
OACNCRYAK,CNBHI,CNYJG
OACNCRYAK,CNBHI,CNYJG
OARANOKKK,CNBHI,CNZHA
OAOFSYKKK,CNBHI,CNZHA
OAOFCKKKK,CNBHI,CNZHA
OAOFSYKKK,CNBHI,CNZHA
OAOFSFKKK,CNBHI,CNZHA
OAOFCYKKK,CNBHI,CNZHA
OAOFCYKKK,CNBHI,CNZHA
OAOFCKKKK,CNBHI,CNZHA
OACOFRKKK,CNBHI,CNZHA
OARAGKKKK,CNBHI,CNZHA
OARCYOSNK,CNBHI,CNZHA
OAOFCKKKK,CNBHI,CNZHA
OARAGCKKK,CNBHI,CNZHA
OARANSKKK,CNBHI,CNZHA
OARANSKKK,CNBHI,CNZHA
OAOFCKKKK,CNBHI,CNZHA
OARNCFKSK,CNBHI,SGSGP
OARNCFGGK,CNBHI,SGSGP
OARNCFKSK,CNBHI,SGSGP
OARNCFKSK,CNBHI,SGSGP
OARCNFOSK,CNBHX,CNCFD
OARCNFOSK,CNBHX,CNCFD
OARCNFOSK,CNBHX,CNCFD
OARCNYFSK,CNBHX,CNJIN
OAOFOOKKK,CNBHX,CNJIT
OARCNFOSK,CNBHX,CNQHD
OACNRRKKK,CNBYQ,AUCPN
OACNRRKKK,CNBYQ,AUCPN
OARNORKKK,CNBYQ,AUDPR
OFFGGNAKK,CNBYQ,AUDPR
OFFKNKYKK,CNBYQ,AUGLE
OFFYCNGKK,CNBYQ,AUPHE
OFFGNNOKK,CNBYQ,AUPHE
OFFYCNGKK,CNBYQ,AUPHE
OFFKAKCKK,CNBYQ,AUPHE
OAOKFKKKK,CNBYQ,AUPHE
OARRRYKKK,CNBYQ,CNCFD
OACKROKKK,CNBYQ,CNCFD
OARAYGKKK,CNBYQ,CNCFD
OARSYRKKK,CNBYQ,CNCFD
OARYFYKKK,CNBYQ,CNCFD
OARYFYKKK,CNBYQ,CNCFD
OARSYRKKK,CNBYQ,CNCFD
OARYNGKKK,CNBYQ,CNCFD
OAOFFSKKK,CNBYQ,CNCFD
OAOONNKKK,CNBYQ,CNCHS
NGNAKKKKK,CNBYQ,CNCHS
OAOARYKKK,CNBYQ,CNCHZ
OAOFCRKKK,CNBYQ,CNCJK
OARARAKKK,CNBYQ,CNDAL
OACFAOKKK,CNBYQ,CNDAL
OACFAOKKK,CNBYQ,CNDAL
OACFAOKKK,CNBYQ,CNDAL
OACFAOKKK,CNBYQ,CNDAL
OARANSKKK,CNBYQ,CNDAL
OARANSKKK,CNBYQ,CNDAL
OACGRRKKK,CNBYQ,CNDAL
OARAGCKKK,CNBYQ,CNDAL
OACGRRKKK,CNBYQ,CNDAL
OARFGCKKK,CNBYQ,CNDAL
OARFGCKKK,CNBYQ,CNDAL
OARFGCKKK,CNBYQ,CNDAL
OACGRRKKK,CNBYQ,CNDAL
OARFGCKKK,CNBYQ,CNDAL
OARFGCKKK,CNBYQ,CNDAL
OACGRRKKK,CNBYQ,CNDAL
OAOFFCKKK,CNBYQ,CNDAL
OACONKKKK,CNBYQ,CNDAL
OARARAKKK,CNBYQ,CNDAL
OACGRRKKK,CNBYQ,CNDAL
OARARAKKK,CNBYQ,CNDAL
OARARAKKK,CNBYQ,CNDAL
OARARAKKK,CNBYQ,CNDAL
OARARAKKK,CNBYQ,CNDAL
OARYGNKKK,CNBYQ,CNDAL
OARYGNKKK,CNBYQ,CNDAL
OARAOOKKK,CNBYQ,CNDAL
OARAOOKKK,CNBYQ,CNDAL
OARAOOKKK,CNBYQ,CNDAL
OARAOOKKK,CNBYQ,CNDAL
OARANRKKK,CNBYQ,CNDAL
OARAOOKKK,CNBYQ,CNDAL
OARAOOKKK,CNBYQ,CNDAL
OFFARFSKK,CNBYQ,CNDAL
OARYGNKKK,CNBYQ,CNDAL
OARAONKKK,CNBYQ,CNDAL
OARAONKKK,CNBYQ,CNDAL
OARYGNKKK,CNBYQ,CNDAL
OARAONKKK,CNBYQ,CNDAL
OARAONKKK,CNBYQ,CNDAL
OARANRKKK,CNBYQ,CNDAL
OARYGNKKK,CNBYQ,CNDAL
OARANRKKK,CNBYQ,CNDAL
OARANRKKK,CNBYQ,CNDAL
OARAOGKKK,CNBYQ,CNDAL
OARANRKKK,CNBYQ,CNDAL
OARYGNKKK,CNBYQ,CNDAL
OARYGNKKK,CNBYQ,CNDAL
OARYGNKKK,CNBYQ,CNDAL
OACFARKKK,CNBYQ,CNDCB
OARYGNKKK,CNBYQ,CNDCB
OARAOCKKK,CNBYQ,CNDJK
OAOAFOKKK,CNBYQ,CNDNG
OAOFKNKKK,CNBYQ,CNDYI
OAOFKNKKK,CNBYQ,CNDYI
OAOFCYKKK,CNBYQ,CNDYI
OAOFCYKKK,CNBYQ,CNDYI
OARAONKKK,CNBYQ,CNFUN
OARAONKKK,CNBYQ,CNFUN
OARAONKKK,CNBYQ,CNFUN
OARAONKKK,CNBYQ,CNFUN
OARANRKKK,CNBYQ,CNFUN
OARYGNKKK,CNBYQ,CNFUN
OARYGNKKK,CNBYQ,CNFUN
OACFAOKKK,CNBYQ,CNFUN
OARYGNKKK,CNBYQ,CNFUN
OACFAOKKK,CNBYQ,CNFUN
OARYGNKKK,CNBYQ,CNFUN
OARANRKKK,CNBYQ,CNFUN
OARANRKKK,CNBYQ,CNFUN
OARYGNKKK,CNBYQ,CNFUN
OARAONKKK,CNBYQ,CNFUN
OARYGNKKK,CNBYQ,CNFUN
OARAONKKK,CNBYQ,CNFUN
OARAONKKK,CNBYQ,CNFUN
OARAONKKK,CNBYQ,CNFUN
OARAONKKK,CNBYQ,CNFUN
OARAOOKKK,CNBYQ,CNFUN
OARYGNKKK,CNBYQ,CNFUN
OARYGNKKK,CNBYQ,CNFUN
OARAOOKKK,CNBYQ,CNFUN
OARAOOKKK,CNBYQ,CNFUN
OARAOOKKK,CNBYQ,CNFUN
OARARAKKK,CNBYQ,CNFUN
OARARAKKK,CNBYQ,CNFUN
OARARAKKK,CNBYQ,CNFUN
OARANRKKK,CNBYQ,CNFUN
OARARAKKK,CNBYQ,CNFUN
OARAOGKKK,CNBYQ,CNFUN
OACGRRKKK,CNBYQ,CNFUN
OACGRRKKK,CNBYQ,CNFUN
OARARAKKK,CNBYQ,CNFUN
OARARAKKK,CNBYQ,CNFUN
OARARAKKK,CNBYQ,CNFUN
OARFGCKKK,CNBYQ,CNFUN
OARFGCKKK,CNBYQ,CNFUN
OARARAKKK,CNBYQ,CNFUN
OARARAKKK,CNBYQ,CNFUN
OARFGCKKK,CNBYQ,CNFUN
OARAOGKKK,CNBYQ,CNFUN
OARAOGKKK,CNBYQ,CNFUN
OARFGCKKK,CNBYQ,CNFUN
OACGRRKKK,CNBYQ,CNFUN
OARFGCKKK,CNBYQ,CNFUN
OARFGCKKK,CNBYQ,CNFUN
OARAOGKKK,CNBYQ,CNFUN
OACFAOKKK,CNBYQ,CNFUN
OARYGNKKK,CNBYQ,CNFUN
OACGRRKKK,CNBYQ,CNFUN
OACGRRKKK,CNBYQ,CNFUN
OACFAOKKK,CNBYQ,CNFUN
OACFAOKKK,CNBYQ,CNFUN
OACFAOKKK,CNBYQ,CNFUN
OACFAOKKK,CNBYQ,CNFUN
OACFAOKKK,CNBYQ,CNFUN
OACFAOKKK,CNBYQ,CNFUN
OACFAOKKK,CNBYQ,CNFUN
OACFAOKKK,CNBYQ,CNFUN
OACFAOKKK,CNBYQ,CNFUN
OARAONKKK,CNBYQ,CNFUN
OAOFSNKKK,CNBYQ,CNHPU
OARRRGKKK,CNBYQ,CNHPU
OACROOKKK,CNBYQ,CNHUA
OARYNGKKK,CNBYQ,CNHUA
OARYFYKKK,CNBYQ,CNHUA
OARYNGKKK,CNBYQ,CNHUA
OAOAFOKKK,CNBYQ,CNJIA
OAOFCRKKK,CNBYQ,CNJIA
OARCOSKKK,CNBYQ,CNJIN
OAOAFNKKK,CNBYQ,CNJIN
OARAOAKKK,CNBYQ,CNJIN
OARAONKKK,CNBYQ,CNJIN
OARFGRKKK,CNBYQ,CNJIN
OAOAYYKKK,CNBYQ,CNJIN
OARAOCKKK,CNBYQ,CNJIN
OACFARKKK,CNBYQ,CNJIN
OARYGNKKK,CNBYQ,CNJIN
OARAOCKKK,CNBYQ,CNJIN
OACGRRKKK,CNBYQ,CNJIN
OARAOOKKK,CNBYQ,CNJIN
OARAOCKKK,CNBYQ,CNJIN
OARFGCKKK,CNBYQ,CNJIT
OFFKARRKK,CNBYQ,CNJIT
OARRRYKKK,CNBYQ,CNJIT
OACFOGKKK,CNBYQ,CNJIT
OFFNCOYKK,CNBYQ,CNJIT
OARKNYKKK,CNBYQ,CNLYG
OARFGKKKK,CNBYQ,CNLYG
OACGRRKKK,CNBYQ,CNNBO
OARAOOKKK,CNBYQ,CNNBO
OARAOGKKK,CNBYQ,CNNBO
OARFGCKKK,CNBYQ,CNNBO
OARAONKKK,CNBYQ,CNNBO
OARYGNKKK,CNBYQ,CNNBO
OACGRRKKK,CNBYQ,CNNBO
OARAOGKKK,CNBYQ,CNNBO
OARARAKKK,CNBYQ,CNNBO
OARFGCKKK,CNBYQ,CNNBO
OARAOGKKK,CNBYQ,CNNBO
OARAONKKK,CNBYQ,CNNBO
OACGRRKKK,CNBYQ,CNNBO
OACGRRKKK,CNBYQ,CNNBO
OACGRRKKK,CNBYQ,CNNBO
OACGRRKKK,CNBYQ,CNNBO
OACFAOKKK,CNBYQ,CNNBO
OARAONKKK,CNBYQ,CNNBO
OARAONKKK,CNBYQ,CNNBO
OARARAKKK,CNBYQ,CNNBO
OARFGCKKK,CNBYQ,CNNBO
OARARAKKK,CNBYQ,CNNBO
OARYGNKKK,CNBYQ,CNNBO
OARFGCKKK,CNBYQ,CNNBO
OARFGCKKK,CNBYQ,CNNBO
OARAOGKKK,CNBYQ,CNNBO
OARFGCKKK,CNBYQ,CNNBO
OARARAKKK,CNBYQ,CNNBO
OARYGNKKK,CNBYQ,CNNBO
OARANRKKK,CNBYQ,CNNBO
OARANRKKK,CNBYQ,CNNBO
OARAOGKKK,CNBYQ,CNNBO
OARFGCKKK,CNBYQ,CNNBO
OARFGCKKK,CNBYQ,CNNBO
OARAONKKK,CNBYQ,CNNBO
OARANRKKK,CNBYQ,CNNBO
OARYGNKKK,CNBYQ,CNNBO
OAOROCKKK,CNBYQ,CNNBO
OACGRRKKK,CNBYQ,CNNBO
OARANRKKK,CNBYQ,CNNBO
OACFAOKKK,CNBYQ,CNNBO
OARARAKKK,CNBYQ,CNNBO
OARANRKKK,CNBYQ,CNNBO
OACGRRKKK,CNBYQ,CNNBO
OARYGNKKK,CNBYQ,CNNBO
OACFAOKKK,CNBYQ,CNNBO
OARAOGKKK,CNBYQ,CNNBO
OACGRRKKK,CNBYQ,CNNBO
OACFAOKKK,CNBYQ,CNNBO
OARFGCKKK,CNBYQ,CNNBO
OARFGCKKK,CNBYQ,CNNBO
OACFAOKKK,CNBYQ,CNNBO
OACFAOKKK,CNBYQ,CNNBO
OARARAKKK,CNBYQ,CNNBO
OACGRRKKK,CNBYQ,CNNBO
OARAONKKK,CNBYQ,CNNBO
OARAONKKK,CNBYQ,CNNBO
OAOFARKKK,CNBYQ,CNNSA
OAOFCAKKK,CNBYQ,CNNSA
OARAONKKK,CNBYQ,CNNSA
OACGRRKKK,CNBYQ,CNNSA
OARAONKKK,CNBYQ,CNNSA
OAOFCAKKK,CNBYQ,CNNSA
OACGRRKKK,CNBYQ,CNNSA
OARFGCKKK,CNBYQ,CNNSA
OAOFRGKKK,CNBYQ,CNNSA
OARANRKKK,CNBYQ,CNNSA
OAOFARKKK,CNBYQ,CNNSA
OACFOGKKK,CNBYQ,CNNSA
OAOFGKKKK,CNBYQ,CNNSA
OAOFNCKKK,CNBYQ,CNNSA
OACACOKKK,CNBYQ,CNNTG
OARAGKKKK,CNBYQ,CNPAN
OARANOKKK,CNBYQ,CNPAN
OARAGKKKK,CNBYQ,CNPAN
OARANSKKK,CNBYQ,CNPAN
OARANSKKK,CNBYQ,CNPAN
OARAFSKKK,CNBYQ,CNPAN
OARAGKKKK,CNBYQ,CNPAN
OARAYNKKK,CNBYQ,CNPAN
OARARFKKK,CNBYQ,CNPAN
OARANGKKK,CNBYQ,CNPAN
OARANOKKK,CNBYQ,CNPAN
OARAGKKKK,CNBYQ,CNPAN
OARAGKKKK,CNBYQ,CNPAN
OARAOGKKK,CNBYQ,CNPAN
OARARFKKK,CNBYQ,CNPAN
OARANSKKK,CNBYQ,CNPAN
OARRRYKKK,CNBYQ,CNQHD
OARRRYKKK,CNBYQ,CNQHD
OAOFCYKKK,CNBYQ,CNQHD
OARSYRKKK,CNBYQ,CNQHD
OARKGRKKK,CNBYQ,CNQIN
OAOFCAKKK,CNBYQ,CNQIZ
OARAOCKKK,CNBYQ,CNQIZ
OARAOCKKK,CNBYQ,CNQUA
OARFRGKKK,CNBYQ,CNRIZ
OARRFGRYK,CNBYQ,CNRUG
OACNFKKKK,CNBYQ,CNRUG
OARRFGRYK,CNBYQ,CNRUG
OAOFSNKKK,CNBYQ,CNSDG
OARGSFKKK,CNBYQ,CNSHD
OACNYYKKK,CNBYQ,CNSHE
OAOFCYKKK,CNBYQ,CNSIZ
OFFYKCGKK,CNBYQ,CNTJN
RNNSYYKKK,CNBYQ,CNTJN
OFFKFSNKK,CNBYQ,CNTJN
OAOFARKKK,CNBYQ,CNTJN
OFFFGGCKK,CNBYQ,CNTJN
OFFRKAAKK,CNBYQ,CNTJN
OARAGGKKK,CNBYQ,CNTJN
OAOFCAKKK,CNBYQ,CNTJN
OARYNGKKK,CNBYQ,CNTJN
OACSNYKKK,CNBYQ,CNTJN
OFFGRSSKK,CNBYQ,CNTJN
OFFKARRKK,CNBYQ,CNTJN
OFFFGGCKK,CNBYQ,CNTJN
NGRKCRGKK,CNBYQ,CNTJN
OAROFYAAK,CNBYQ,CNTJN
OARAOAKKK,CNBYQ,CNTJN
RNRAORKKK,CNBYQ,CNTJN
OFFFGFRKK,CNBYQ,CNTJN
OFFKARRKK,CNBYQ,CNWEI
OAOFSGKKK,CNBYQ,CNXIA
OACFARKKK,CNBYQ,CNYAN
OARKNYKKK,CNBYQ,CNYAN
OACFOGKKK,CNBYQ,CNYAN
OAOFCAKKK,CNBYQ,CNZHA
OARKGSKKK,CNBYQ,CNZHA
OARAOCKKK,CNBYQ,CNZHA
OARAOCKKK,CNBYQ,CNZHA
OAORNKKKK,CNBYQ,CNZHA
OARAOCKKK,CNBYQ,CNZHA
OAOFCAKKK,CNBYQ,CNZHA
OARAOCKKK,CNBYQ,CNZHA
OARFGRKKK,CNBYQ,CNZHA
OAORNKKKK,CNBYQ,CNZHA
OARAOCKKK,CNBYQ,CNZHA
OARAOCKKK,CNBYQ,CNZHA
OARFGRKKK,CNBYQ,CNZHA
OARAOCKKK,CNBYQ,CNZHA
RNRSKAKKK,CNBYQ,CNZOS
OARAOAKKK,CNBYQ,CNZZU
OARAOCKKK,CNBYQ,CNZZU
OARAOAKKK,CNBYQ,CNZZU
OARAOCKKK,CNBYQ,CNZZU
OARAOCKKK,CNBYQ,CNZZU
OAOAYYKKK,CNBYQ,CNZZU
OAOFNRKKK,CNBYQ,IDKEN
OARSNSKKK,CNBYQ,KRYOS
OARAFCKKK,CNBYQ,SGSGP
OAORGKKKK,CNBYQ,SGSGP
OARRRFKKK,CNBYQ,VNHPG
OFFGGNAKK,CNCFD,AUDPR
OFFOCOYKK,CNCFD,AUDPR
OFFFCAOKK,CNCFD,AUDPR
OARNORKKK,CNCFD,AUHAY
RFAAACKKK,CNCFD,AUPHE
OFFGNNOKK,CNCFD,AUPHE
OFFAKKGKK,CNCFD,AUPHE
OFFRYFYKK,CNCFD,AUPHE
OFFAYCCKK,CNCFD,AUPHE
OFFKCRAKK,CNCFD,AUPHE
OFFAYCCKK,CNCFD,AUPHE
OFFRNACKK,CNCFD,AUPHE
OFFAYCCKK,CNCFD,AUPHE
OFFFKGOKK,CNCFD,AUPHE
OFFYCNGKK,CNCFD,AUPHE
OFFOOACKK,CNCFD,AUPHE
OFFGNCYKK,CNCFD,AUPHE
OFFGCSRKK,CNCFD,AUPWA
OFFOCOYKK,CNCFD,AUPWA
OFFGGNAKK,CNCFD,AUPWA
OACRKCSOK,CNCFD,CNBAO
OACFGNKKK,CNCFD,CNBAO
OARFRGKKK,CNCFD,CNBAO
OAOAYYKKK,CNCFD,CNBAO
OARYNGKKK,CNCFD,CNBAO
OAOKFGKKK,CNCFD,CNBAS
OACRKCSOK,CNCFD,CNBAS
OARFRGKKK,CNCFD,CNBAS
OARCNYFSK,CNCFD,CNBHX
OARCNFOSK,CNCFD,CNBHX
OARCNFOSK,CNCFD,CNBHX
OARYNGKKK,CNCFD,CNBYQ
OARRRYKKK,CNCFD,CNBYQ
OAOFNRKKK,CNCFD,CNBYQ
OFFFGFRKK,CNCFD,CNBYQ
OARYFYKKK,CNCFD,CNBYQ
OARYFYKKK,CNCFD,CNBYQ
OACROOKKK,CNCFD,CNBYQ
OACNFKKKK,CNCFD,CNCHS
OARCRSANK,CNCFD,CNCHS
OARCRSANK,CNCFD,CNCHS
OAOACRKKK,CNCFD,CNCHS
OAOACRKKK,CNCFD,CNCHS
OARCRSANK,CNCFD,CNCHS
OAOFFOKKK,CNCFD,CNCHS
OARCNFOSK,CNCFD,CNCHS
OARCNFOSK,CNCFD,CNCHS
OAOFFOKKK,CNCFD,CNCHS
OARCRSANK,CNCFD,CNCHS
OARCRSANK,CNCFD,CNCHS
OARCNFOSK,CNCFD,CNCHS
OAOAOGKKK,CNCFD,CNCHS
OAOACRKKK,CNCFD,CNCHS
OARYFYKKK,CNCFD,CNCJK
OARCRSANK,CNCFD,CNCJK
OAOAGGKKK,CNCFD,CNCJK
OARYFYKKK,CNCFD,CNCJK
OAOAOGKKK,CNCFD,CNCJK
OARRKCKCK,CNCFD,CNCJK
OACFGNKKK,CNCFD,CNCJK
OAOAOGKKK,CNCFD,CNCJK
OARCRSANK,CNCFD,CNCJK
OAOFCRKKK,CNCFD,CNCJK
OARCRSANK,CNCFD,CNCJK
OARCNYFSK,CNCFD,CNCJK
OAOFOOKKK,CNCFD,CNCJK
OAOACRKKK,CNCFD,CNCJK
OARSRFKKK,CNCFD,CNCJK
OARSRFKKK,CNCFD,CNCJK
OAOFFYKKK,CNCFD,CNCJK
OAOFNAKKK,CNCFD,CNCJK
OARCNYFSK,CNCFD,CNCJN
OARCNYFSK,CNCFD,CNCJN
OARCNYFSK,CNCFD,CNCJN
OARACCKKK,CNCFD,CNDAL
OARRRYKKK,CNCFD,CNDAL
OARRRYKKK,CNCFD,CNDAL
OARCYRNNK,CNCFD,CNDAL
OFFCKCCKK,CNCFD,CNDAL
OARKFFKKK,CNCFD,CNDAL
OARKFFKKK,CNCFD,CNDAL
OARKFFKKK,CNCFD,CNDAL
OARKFFKKK,CNCFD,CNDAL
OARKFFKKK,CNCFD,CNDAL
OARKFFKKK,CNCFD,CNDAL
OARKFFKKK,CNCFD,CNDAL
OARKFFKKK,CNCFD,CNDAL
OARACCKKK,CNCFD,CNDAL
OARACCKKK,CNCFD,CNDAL
OARACCKKK,CNCFD,CNDAL
OARACCKKK,CNCFD,CNDAL
OFFOCOYKK,CNCFD,CNDAL
OFFGCCFKK,CNCFD,CNDAL
OARARKKKK,CNCFD,CNDAL
OARARKKKK,CNCFD,CNDAL
OARARKKKK,CNCFD,CNDAL
OARARKKKK,CNCFD,CNDAL
OARARKKKK,CNCFD,CNDAL
OARARKKKK,CNCFD,CNDAL
OARARKKKK,CNCFD,CNDAL
OARARKKKK,CNCFD,CNDAL
OARARKKKK,CNCFD,CNDAL
OARARKKKK,CNCFD,CNDAL
OARARKKKK,CNCFD,CNDAL
OARARKKKK,CNCFD,CNDAL
OARARKKKK,CNCFD,CNDAL
OARARKKKK,CNCFD,CNDAL
OARARKKKK,CNCFD,CNDAL
OARARKKKK,CNCFD,CNDAL
OARARKKKK,CNCFD,CNDAL
OARARKKKK,CNCFD,CNDAL
OARARKKKK,CNCFD,CNDAL
OARARKKKK,CNCFD,CNDAL
OARARKKKK,CNCFD,CNDAL
OARARKKKK,CNCFD,CNDAL
OARARKKKK,CNCFD,CNDAL
OARARNKKK,CNCFD,CNDAL
OARARNKKK,CNCFD,CNDAL
OARARNKKK,CNCFD,CNDAL
OARARNKKK,CNCFD,CNDAL
OARCAYKYK,CNCFD,CNDAL
OARCAYKYK,CNCFD,CNDAL
OARCAYKYK,CNCFD,CNDAL
OARCAYKYK,CNCFD,CNDAL
OARCAYKYK,CNCFD,CNDAL
OARCAYKYK,CNCFD,CNDAL
OARCAYKYK,CNCFD,CNDAL
OARCAYKYK,CNCFD,CNDAL
OARSYRKKK,CNCFD,CNDAL
OARYFYKKK,CNCFD,CNDAL
OARYFYKKK,CNCFD,CNDAL
OFFYANOKK,CNCFD,CNDAL
OARCSSAAK,CNCFD,CNDAL
OARNFYKKK,CNCFD,CNDAL
OARCGORSK,CNCFD,CNDAL
OARCGORSK,CNCFD,CNDAL
OARCGORSK,CNCFD,CNDAL
OARCGORSK,CNCFD,CNDAL
OARCGORSK,CNCFD,CNDAL
OARCGORSK,CNCFD,CNDAL
OARCGORSK,CNCFD,CNDAL
OARYFYKKK,CNCFD,CNDDG
OARRRYKKK,CNCFD,CNDDG
OARRKCNAK,CNCFD,CNDDG
OARYNGKKK,CNCFD,CNDDG
OARYNGKKK,CNCFD,CNDDG
OARARNKKK,CNCFD,CNDNG
OARGGKKKK,CNCFD,CNDNG
OARASNKKK,CNCFD,CNFUZ
OARAAYKKK,CNCFD,CNGLA
OARGGKKKK,CNCFD,CNGUA
OARAANKKK,CNCFD,CNGUA
OARSRFKKK,CNCFD,CNGUA
OARGGKKKK,CNCFD,CNGUA
OACACOKKK,CNCFD,CNGUA
OACFOCKKK,CNCFD,CNGUA
OAOFCCKKK,CNCFD,CNGUA
OARGGKKKK,CNCFD,CNGUA
OAOAFOKKK,CNCFD,CNGUA
OARGGKKKK,CNCFD,CNGUA
OAOFSGKKK,CNCFD,CNGUA
OARGGKKKK,CNCFD,CNGUA
OARGGKKKK,CNCFD,CNGUA
OACNGFKKK,CNCFD,CNGUA
OARYRSKKK,CNCFD,CNHPU
OARACCKKK,CNCFD,CNHPU
OARRRGKKK,CNCFD,CNHPU
OARAYNKKK,CNCFD,CNHPU
OARAANKKK,CNCFD,CNHPU
OAOAYYKKK,CNCFD,CNHPU
OARACRKKK,CNCFD,CNHPU
OARACYKKK,CNCFD,CNHUA
OARAOKKKK,CNCFD,CNHUA
OARAYAKKK,CNCFD,CNHUA
OAROCOKKK,CNCFD,CNHUA
OARAARKKK,CNCFD,CNHUI
OARAAAKKK,CNCFD,CNHUI
OAOKFYKKK,CNCFD,CNHUI
OARAARKKK,CNCFD,CNHUI
OARASGKKK,CNCFD,CNHUI
OAOOOSKKK,CNCFD,CNHUI
OACNGFKKK,CNCFD,CNHUI
OARASGKKK,CNCFD,CNHUI
OAOKKYKKK,CNCFD,CNHUI
OARASGKKK,CNCFD,CNHUI
OAOFSNKKK,CNCFD,CNHUI
OACNFKKKK,CNCFD,CNHUI
OARGSFKKK,CNCFD,CNHUI
OARAARKKK,CNCFD,CNHUI
OAOFORKKK,CNCFD,CNJIA
OAOFFRKKK,CNCFD,CNJIA
OARSRFKKK,CNCFD,CNJIA
OACACOKKK,CNCFD,CNJIA
OAOCNSKKK,CNCFD,CNJIA
OACFGNKKK,CNCFD,CNJIA
OAOFCGKKK,CNCFD,CNJIA
OARCNFOSK,CNCFD,CNJIA
OAOAGGKKK,CNCFD,CNJIA
OAOFFRKKK,CNCFD,CNJIA
OARAYYKKK,CNCFD,CNJIA
OAOANGKKK,CNCFD,CNJIJ
OAOFFRKKK,CNCFD,CNJIJ
OARRKCKYK,CNCFD,CNJIJ
OARCNYFSK,CNCFD,CNJIJ
OAOFFOKKK,CNCFD,CNJIJ
OAOAGGKKK,CNCFD,CNJIJ
OAOFORKKK,CNCFD,CNJIJ
OAOAGGKKK,CNCFD,CNJIJ
OAOFSKKKK,CNCFD,CNJIJ
OAOFFOKKK,CNCFD,CNJIJ
OAOANGKKK,CNCFD,CNJIJ
OAOFFYKKK,CNCFD,CNJIJ
RFKARSKKK,CNCFD,CNJIT
OFFRSFRKK,CNCFD,CNJIT
OARASOKKK,CNCFD,CNJIT
OARYSRKKK,CNCFD,CNJIT
OARAYAKKK,CNCFD,CNJIT
OAOFSRKKK,CNCFD,CNJIT
OARRKCKCK,CNCFD,CNJIT
OARKKRKKK,CNCFD,CNJIT
OFFGOAGKK,CNCFD,CNJIT
OFFYOFRKK,CNCFD,CNJIT
OARCNYFSK,CNCFD,CNLAZ
OARRKCKCK,CNCFD,CNLAZ
OARRKCKCK,CNCFD,CNLAZ
OARRKCKCK,CNCFD,CNLAZ
OAOFSCKKK,CNCFD,CNLKU
OACAYYKKK,CNCFD,CNLKU
OACCSSKKK,CNCFD,CNLKU
OACAYYKKK,CNCFD,CNLKU
OARCGARFK,CNCFD,CNLKU
OACOFRKAK,CNCFD,CNLKU
OACAYYKKK,CNCFD,CNLKU
OARCGAOFK,CNCFD,CNLKU
OARRKCNCK,CNCFD,CNLVS
OACRFSFOK,CNCFD,CNLVS
OARRKCNCK,CNCFD,CNLVS
OARRKCNCK,CNCFD,CNLVS
OAOANGKKK,CNCFD,CNLYG
OACROOKKK,CNCFD,CNLYG
OAOCCRKKK,CNCFD,CNLYG
OARRKCKKK,CNCFD,CNLYG
OARNFYKKK,CNCFD,CNLYG
OARNFYKKK,CNCFD,CNLYG
OARRKCKYK,CNCFD,CNLYW
OARFRGKKK,CNCFD,CNLYW
OARRKCKSK,CNCFD,CNLYW
OARAARKKK,CNCFD,CNMEZ
OAOCCRKKK,CNCFD,CNMEZ
OARAAYKKK,CNCFD,CNMEZ
OAOFNNKKK,CNCFD,CNMEZ
OARACRKKK,CNCFD,CNMEZ
OARYSYKKK,CNCFD,CNMEZ
OAOFRRKKK,CNCFD,CNMEZ
OARAAAKKK,CNCFD,CNMWN
OARAARKKK,CNCFD,CNMWN
OARAARKKK,CNCFD,CNMWN
OFFCNFCKK,CNCFD,CNNBO
OACGKOKKK,CNCFD,CNNBO
OACFNAKKK,CNCFD,CNNBO
OARCGAYNK,CNCFD,CNNBO
OARACAKKK,CNCFD,CNNBO
OARRKCKCK,CNCFD,CNNBO
OARCGARSK,CNCFD,CNNBO
OACGKOKKK,CNCFD,CNNBO
OARCGARNK,CNCFD,CNNBO
OACFGNKKK,CNCFD,CNNBO
OFFSNKGKK,CNCFD,CNNBO
OARSRFKKK,CNCFD,CNNDE
OARSYRKKK,CNCFD,CNNJG
OAOKKOKKK,CNCFD,CNNJG
OAOAOGKKK,CNCFD,CNNJG
OARAAYKKK,CNCFD,CNNJG
OAOAGGKKK,CNCFD,CNNJG
OAOFSKKKK,CNCFD,CNNJG
OAOARYKKK,CNCFD,CNNJG
OARRKCKCK,CNCFD,CNNJG
OAOFFFKKK,CNCFD,CNNJG
OARAYOKKK,CNCFD,CNNJG
OARYNGKKK,CNCFD,CNNJG
OARYFYKKK,CNCFD,CNNJG
OARAYOKKK,CNCFD,CNNJG
OAOAGGKKK,CNCFD,CNNJG
OARCGCORK,CNCFD,CNNJG
OARYFYKKK,CNCFD,CNNJG
OAOAGGKKK,CNCFD,CNNJG
OAOACRKKK,CNCFD,CNNJG
OARYFYKKK,CNCFD,CNNJG
OAOFKRKKK,CNCFD,CNNJG
OAOKKOKKK,CNCFD,CNNJG
OARYNGKKK,CNCFD,CNNJG
OARRRYKKK,CNCFD,CNNJG
OARYFYKKK,CNCFD,CNNJG
OAOFNKKKK,CNCFD,CNNJG
OAOAOGKKK,CNCFD,CNNJG
OAOFFGKKK,CNCFD,CNNJG
OAOFKRKKK,CNCFD,CNNJG
OARSYRKKK,CNCFD,CNNJG
OARRRGKKK,CNCFD,CNNJG
OARRRYKKK,CNCFD,CNNJG
OAOFCRKKK,CNCFD,CNNJG
OAOFFOKKK,CNCFD,CNNJG
OAOFCRKKK,CNCFD,CNNJG
OARCGARFK,CNCFD,CNNJG
OARSYRKKK,CNCFD,CNNJG
OAOFKYKKK,CNCFD,CNNJG
OAOFNKKKK,CNCFD,CNNJG
OARSYRKKK,CNCFD,CNNJG
OAOFFFKKK,CNCFD,CNNTG
OAOKFYKKK,CNCFD,CNQHD
OACCSSKKK,CNCFD,CNQHD
OACGKOKKK,CNCFD,CNQHD
OAOCCRKKK,CNCFD,CNQIZ
OAOAFYKKK,CNCFD,CNQIZ
OAOFCFKKK,CNCFD,CNQIZ
OACNFKKKK,CNCFD,CNQIZ
OARKFSKKK,CNCFD,CNQIZ
OACNNGKKK,CNCFD,CNQIZ
OARYRSKKK,CNCFD,CNQIZ
OACFFNKKK,CNCFD,CNQIZ
OARAAYKKK,CNCFD,CNQIZ
OARAAAKKK,CNCFD,CNQIZ
OAOKNSKKK,CNCFD,CNRIZ
OARFRGKKK,CNCFD,CNRIZ
OARRKCKCK,CNCFD,CNRIZ
OARRKCKCK,CNCFD,CNRIZ
OARRKCKCK,CNCFD,CNRIZ
OARRKCKCK,CNCFD,CNRIZ
OARRKCKYK,CNCFD,CNRIZ
OARRKCKYK,CNCFD,CNSTO
OARAYGKKK,CNCFD,CNSWE
OARAAYKKK,CNCFD,CNSWE
OARAAAKKK,CNCFD,CNSWE
OARAAYKKK,CNCFD,CNSWE
OARAYGKKK,CNCFD,CNSWE
OARYNGKKK,CNCFD,CNTAI
OAOCNSKKK,CNCFD,CNTAI
OARFRGKKK,CNCFD,CNTAI
OACRKCSOK,CNCFD,CNTAI
OARYNGKKK,CNCFD,CNTAI
OAOKFFKKK,CNCFD,CNTAI
OARRRGKKK,CNCFD,CNTAI
OARRRYKKK,CNCFD,CNTAI
OACRKCSOK,CNCFD,CNTAI
OARRRYKKK,CNCFD,CNTAI
OAOFOKKKK,CNCFD,CNTJN
OARRGKKKK,CNCFD,CNTJN
OFFKCRCKK,CNCFD,CNTJN
OFFGGNAKK,CNCFD,CNTJN
OAROYKOAK,CNCFD,CNTJN
RFAGCKKKK,CNCFD,CNTJN
OAROYRNRK,CNCFD,CNTJN
OFFKNFOKK,CNCFD,CNTJN
OAROFAKNK,CNCFD,CNTJN
OARRKCKCK,CNCFD,CNTZH
OAOFSRKKK,CNCFD,CNWEI
OARACYKKK,CNCFD,CNWEI
OARGGKKKK,CNCFD,CNWEI
OARAYNKKK,CNCFD,CNWEI
OARACCKKK,CNCFD,CNWEI
OARYCGKKK,CNCFD,CNWEI
OACFFNKKK,CNCFD,CNWEI
OARSYGKKK,CNCFD,CNWEI
OARKFSKKK,CNCFD,CNWEI
OARYSRKKK,CNCFD,CNWEN
OARYSOKKK,CNCFD,CNWEN
OACOFRKAK,CNCFD,CNWEN
OARYSOKKK,CNCFD,CNWEN
OAOARYKKK,CNCFD,CNWEN
OARSYRKKK,CNCFD,CNWEN
OAOFAGKKK,CNCFD,CNWEN
OARRRKKKK,CNCFD,CNWGQ
OARAYFKKK,CNCFD,CNWGQ
OAOFSRKKK,CNCFD,CNWGQ
OARSRFKKK,CNCFD,CNWGQ
OARYRSKKK,CNCFD,CNWGQ
OAOCCRKKK,CNCFD,CNXIA
OARACRKKK,CNCFD,CNXIA
OAOAFYKKK,CNCFD,CNXIA
OARRKCNAK,CNCFD,CNXSN
OARRKCNCK,CNCFD,CNXSN
OACRFSFOK,CNCFD,CNXSN
OARRKCNAK,CNCFD,CNXSN
OARRKCNCK,CNCFD,CNXSN
OARRKCNAK,CNCFD,CNXSN
OARRKCNAK,CNCFD,CNXSN
OARRKCNAK,CNCFD,CNXSN
OARRKCNCK,CNCFD,CNXSN
OARRKCNCK,CNCFD,CNXSN
OACRKCSOK,CNCFD,CNYAN
OARCGARNK,CNCFD,CNYAN
OARASYKKK,CNCFD,CNYAN
OARCGANSK,CNCFD,CNYAN
OARCGAOFK,CNCFD,CNYAN
OACRKCSOK,CNCFD,CNYAN
OFFNNCGKK,CNCFD,CNYAN
OACFNAKKK,CNCFD,CNYJG
OARYRSKKK,CNCFD,CNYJG
OARYCGKKK,CNCFD,CNYJG
OARYCGKKK,CNCFD,CNYJG
OAOAFYKKK,CNCFD,CNYJG
OARYCGKKK,CNCFD,CNYJG
OARYRSKKK,CNCFD,CNYJG
OARKKRKKK,CNCFD,CNYJG
OAOAFNKKK,CNCFD,CNYJG
OARKKRKKK,CNCFD,CNYJG
OARACYKKK,CNCFD,CNYJG
OARACYKKK,CNCFD,CNYJG
OARAYAKKK,CNCFD,CNYJG
OAOFCFKKK,CNCFD,CNYJG
OARYCGKKK,CNCFD,CNYJG
OACNGFKKK,CNCFD,CNYJG
OACFFNKKK,CNCFD,CNYJG
OARACYKKK,CNCFD,CNYJG
OAOAYYKKK,CNCFD,CNYJG
OARAYOKKK,CNCFD,CNYJG
OARACYKKK,CNCFD,CNYJG
OARASGKKK,CNCFD,CNYJG
OAOAFNKKK,CNCFD,CNYJG
OARAYYKKK,CNCFD,CNYJG
OAOFOCKKK,CNCFD,CNYJG
OACNGFKKK,CNCFD,CNYJG
OARAYAKKK,CNCFD,CNYJG
OARASOKKK,CNCFD,CNYJG
OARAYAKKK,CNCFD,CNYJG
OARARNKKK,CNCFD,CNYJG
OAOFFFKKK,CNCFD,CNYZH
OAOFFFKKK,CNCFD,CNYZH
OARACRKKK,CNCFD,CNYZH
OAOFNKKKK,CNCFD,CNYZH
OAOFOOKKK,CNCFD,CNYZH
OARACRKKK,CNCFD,CNYZH
OARCGAOFK,CNCFD,CNYZH
OARNFYKKK,CNCFD,CNYZH
OAOFSKKKK,CNCFD,CNYZH
OAOFNAKKK,CNCFD,CNYZH
OAOFCGKKK,CNCFD,CNYZH
OAOFOOKKK,CNCFD,CNYZH
OARRGKKKK,CNCFD,CNYZH
OAOFFOKKK,CNCFD,CNYZH
OARAOKKKK,CNCFD,CNYZH
OAOFFAKKK,CNCFD,CNYZH
OACKROKKK,CNCFD,CNZHA
OARASGKKK,CNCFD,CNZHA
OARRKCKKK,CNCFD,CNZHA
OAOKFFKKK,CNCFD,CNZHE
OAOFOOKKK,CNCFD,CNZHE
OACNFKKKK,CNCFD,CNZHE
OACFGNKKK,CNCFD,CNZHE
OAOFFOKKK,CNCFD,CNZHE
OAOACRKKK,CNCFD,CNZHE
OARASYKKK,CNCFD,CNZHE
OAOFORKKK,CNCFD,CNZHE
OAOACRKKK,CNCFD,CNZHE
OAOFCGKKK,CNCFD,CNZHE
OAOFORKKK,CNCFD,CNZHE
OAOFORKKK,CNCFD,CNZHE
OAOFCRKKK,CNCFD,CNZHE
OAOFORKKK,CNCFD,CNZHE
OAOCNSKKK,CNCFD,CNZHE
OACOFRKAK,CNCFD,CNZHE
OAOAOGKKK,CNCFD,CNZHE
OARAOKKKK,CNCFD,CNZHE
OARNFYKKK,CNCFD,CNZHE
OACFGNKKK,CNCFD,CNZHE
OAOFKYKKK,CNCFD,CNZHE
OAOFNKKKK,CNCFD,CNZJG
OARNFYKKK,CNCFD,CNZJG
OAOAGGKKK,CNCFD,CNZJG
OAOFFSKKK,CNCFD,CNZJG
OAOFSKKKK,CNCFD,CNZJG
OARKKRKKK,CNCFD,CNZJG
OAOAOGKKK,CNCFD,CNZJG
OAOAOGKKK,CNCFD,CNZJG
OARCGAYNK,CNCFD,CNZJG
OARASOKKK,CNCFD,CNZJG
OARASNKKK,CNCFD,CNZJG
OARASGKKK,CNCFD,CNZJG
OARASGKKK,CNCFD,CNZJG
OAOFSRKKK,CNCFD,CNZJG
OAOFSRKKK,CNCFD,CNZJG
OARKFSKKK,CNCFD,CNZJG
OARKKRKKK,CNCFD,CNZJG
OARCRSANK,CNCFD,CNZJG
OARNFYKKK,CNCFD,CNZJG
OAOFOOKKK,CNCFD,CNZJG
OARASYKKK,CNCFD,CNZJG
OAOFKYKKK,CNCFD,CNZJG
OARCGCOCK,CNCFD,CNZJG
OARCGCOCK,CNCFD,CNZJG
OARCGCOCK,CNCFD,CNZJG
OARNFYKKK,CNCFD,CNZJG
OARCGCOCK,CNCFD,CNZJG
OARCGCOCK,CNCFD,CNZJG
OARCGCOCK,CNCFD,CNZJG
OARCGCOCK,CNCFD,CNZJG
OARCGCOCK,CNCFD,CNZJG
OARCGCOCK,CNCFD,CNZJG
OARCGCOCK,CNCFD,CNZJG
OARCGCOCK,CNCFD,CNZJG
OAOFKYKKK,CNCFD,CNZJG
OAOFNKKKK,CNCFD,CNZJG
OACOFRKAK,CNCFD,CNZJG
RFAAACKKK,CNCFD,CNZOS
OARAOKKKK,CNCFD,CNZOS
OARAYAKKK,CNCFD,CNZOS
OARAYNKKK,CNCFD,CNZOS
OACRKCSOK,CNCFD,CNZOS
OAOKKYKKK,CNCFD,CNZOS
OARCGKNRK,CNCFD,CNZOS
OACOFRKAK,CNCFD,CNZPU
OARRKCKCK,CNCFD,CNZPU
OACGKOKKK,CNCFD,CNZPU
OACOFRKAK,CNCFD,CNZPU
OAOFSKKKK,CNCFD,CNZPU
OACFGNKKK,CNCFD,CNZPU
OACGKOKKK,CNCFD,CNZPU
OAOAGGKKK,CNCFD,CNZPU
OACGKOKKK,CNCFD,CNZPU
OAOFORKKK,CNCFD,CNZPU
OFFNOAFKK,CNCFD,IQMAB
OAOCANKKK,CNCFD,KWMAA
OFFNNKRKK,CNCGM,AUPHE
OFFGCARKK,CNCGM,CNBYQ
OAOFKYKKK,CNCGM,CNCFD
OARAANKKK,CNCGM,CNCJK
OFFGRCNKK,CNCGM,CNDCB
OARCYFGAK,CNCGM,CNHUA
OARANRKKK,CNCGM,CNJIN
OFFFRKRKK,CNCGM,CNLYG
OACACAKKK,CNCGM,CNNBO
RNOFYFKKK,CNCGM,CNNTG
RNOFYFKKK,CNCGM,CNNTG
OARAANKKK,CNCGM,CNQHD
OARKGRKKK,CNCGM,CNQIN
OARANAKKK,CNCGM,CNQIN
OARANKKKK,CNCGM,CNRIZ
OARCYRCOK,CNCGM,CNSIZ
OARAOYKKK,CNCGM,CNTJN
OARAGFKKK,CNCGM,CNXIA
OARAGGKKK,CNCGM,CNYSN
OFFSAKFKK,CNCGM,CNZOS
OAROFAYNK,CNCGM,CNZZU
OARKNSKKK,CNCGM,KRBUS
OFFAKNFKK,CNCGM,KRGWA
OFFASNNKK,CNCGM,KRGWA
RNCFFRKKK,CNCHS,CNBAO
OAROYCSNK,CNCHS,CNBAO
OACGKOKKK,CNCHS,CNCFD
OAOACRKKK,CNCHS,CNCFD
OAOACRKKK,CNCHS,CNCFD
OARCNFOSK,CNCHS,CNCFD
OACNFKKKK,CNCHS,CNCFD
OARCRSANK,CNCHS,CNCFD
OARCRSANK,CNCHS,CNCFD
OARCRSANK,CNCHS,CNCFD
OARACCKKK,CNCHS,CNCFD
OAOAOGKKK,CNCHS,CNCFD
OARCRSANK,CNCHS,CNCFD
OAOAOGKKK,CNCHS,CNCFD
OAOKKOKKK,CNCHS,CNCFD
OAROYRKSK,CNCHS,CNDCB
OAONSSKKK,CNCHS,CNDCB
OAOKACKKK,CNCHS,CNDCB
OAOONNKKK,CNCHS,CNDCB
OAOACRKKK,CNCHS,CNHUA
OAOFNNKKK,CNCHS,CNHUA
OAOCCRKKK,CNCHS,CNHUA
OAOACRKKK,CNCHS,CNHUA
OAOACRKKK,CNCHS,CNHUA
OAROONGSK,CNCHS,CNHUI
OARCNFOSK,CNCHS,CNJIN
OARCRSANK,CNCHS,CNJIT
OARCNFOSK,CNCHS,CNJIT
OAOKKOKKK,CNCHS,CNJIT
OAOKKOKKK,CNCHS,CNJIT
OARCNYFSK,CNCHS,CNJIT
OAROONGSK,CNCHS,CNNTG
OAOAOGKKK,CNCHS,CNNTG
OAOFNNKKK,CNCHS,CNQHD
OARCNFOSK,CNCHS,CNQHD
OARCRSANK,CNCHS,CNQHD
OARCRSANK,CNCHS,CNQHD
OAOFFOKKK,CNCHS,CNQHD
OARCRSANK,CNCHS,CNQHD
OAOFORKKK,CNCHS,CNQHD
OARCNFOSK,CNCHS,CNQHD
OARCRSANK,CNCHS,CNQHD
OARCRSANK,CNCHS,CNQHD
OACGNOKKK,CNCHS,CNQIN
OAROYCSNK,CNCHS,CNQIN
OACCGKKKK,CNCHS,CNQIN
OAROSYYCK,CNCHS,CNQIN
OAROYOFAK,CNCHS,CNQIN
OACGNOKKK,CNCHS,CNQIN
OFFGRCNKK,CNCHS,CNQIN
OAROYRKSK,CNCHS,CNQIN
RNOFYFKKK,CNCHS,CNRIZ
OACRYSKKK,CNCHS,CNTAI
RNCFFRKKK,CNCHS,CNTAI
OAONSSKKK,CNCHS,CNTJN
OFFGRSSKK,CNCHS,CNTJN
OARRCOKKK,CNCHS,CNWEI
OARCRSANK,CNCHS,CNYAN
OACGNOKKK,CNCHS,CNYTN
OFFGCOYKK,CNCHS,CNYTN
RNOFYFKKK,CNCHS,CNZJG
OAROONGSK,CNCHS,CNZOS
OARCNFOSK,CNCHS,CNZOS
OARCRSANK,CNCHS,CNZOS
OACOGYKKK,CNCHS,HKHKG
OFFGOSGKK,CNCHS,HKHKG
OFFFFGNKK,CNCHZ,AUPWA
OARASOKKK,CNCHZ,CNCFD
OAOARYKKK,CNCHZ,CNCFD
OARCRAFAK,CNCHZ,CNCJK
OARNFYKKK,CNCHZ,CNHUA
OARCGANGK,CNCHZ,CNHUA
OAOAGSKKK,CNCHZ,CNHUA
OACOFFFOK,CNCHZ,CNNBO
OAOAGSKKK,CNCHZ,CNNBO
OAOAGSKKK,CNCHZ,CNNBO
OARCFNYRK,CNCHZ,CNNBO
OAOFNKKKK,CNCHZ,CNNBO
OARKFSKKK,CNCHZ,CNQHD
OARCRAFAK,CNCHZ,CNQUA
OAOFNKKKK,CNCHZ,CNTJN
OARCGCRFK,CNCHZ,CNTJN
OARCGCRFK,CNCHZ,CNTJN
OARCGANSK,CNCHZ,CNZOS
OAOKFKKKK,CNCJK,AUPHE
OAOFFNKKK,CNCJK,CNBAO
OFFKCFNKK,CNCJK,CNBAO
OAROFAYGK,CNCJK,CNBAO
OFFRAYCKK,CNCJK,CNBAO
OFFSOFNKK,CNCJK,CNBAO
OARRRGKKK,CNCJK,CNBAO
OAOFFNKKK,CNCJK,CNBAO
OAOFFNKKK,CNCJK,CNBAO
OAOFFNKKK,CNCJK,CNBAO
OAOFFOKKK,CNCJK,CNBAO
OARKKRKKK,CNCJK,CNCFD
OAOACRKKK,CNCJK,CNCFD
OARASNKKK,CNCJK,CNCFD
OAOFORKKK,CNCJK,CNCFD
OACRKCSOK,CNCJK,CNCFD
OACRKCSOK,CNCJK,CNCFD
OARRKCKYK,CNCJK,CNCFD
OARCGCOCK,CNCJK,CNCFD
OARRKCKYK,CNCJK,CNCFD
OAOFFAKKK,CNCJK,CNCGM
OARAGNKKK,CNCJK,CNCGM
RNOFYFKKK,CNCJK,CNCGM
OARRCOKKK,CNCJK,CNCHS
OARCRSANK,CNCJK,CNCHS
OARFKCKRK,CNCJK,CNCHS
OAOACRKKK,CNCJK,CNCHS
OFFGRCNKK,CNCJK,CNCHS
RFAYAAKKK,CNCJK,CNCHS
OACOFFFNK,CNCJK,CNCHS
OARCRSANK,CNCJK,CNCHS
OARCNYFSK,CNCJK,CNCHS
OARCRSANK,CNCJK,CNCHS
OAOAOGKKK,CNCJK,CNCHS
OAROONGSK,CNCJK,CNCHS
OACRYSKKK,CNCJK,CNCHS
OAROONGSK,CNCJK,CNCHS
OAOFASKKK,CNCJK,CNCHS
RNOFYFKKK,CNCJK,CNCHS
OFFGRCNKK,CNCJK,CNCHS
OAONSSKKK,CNCJK,CNCHS
OACCGKKKK,CNCJK,CNCHS
OACOFFFOK,CNCJK,CNCHZ
OARCRAFAK,CNCJK,CNCHZ
OAOFNKKKK,CNCJK,CNCHZ
OARCNYFSK,CNCJK,CNCJN
RFKKFAKKK,CNCJK,CNDJK
OAOKFFKKK,CNCJK,CNHLD
OARFRGKKK,CNCJK,CNHUA
OARFRGKKK,CNCJK,CNHUA
OARFRGKKK,CNCJK,CNHUA
OARFRGKKK,CNCJK,CNHUA
OARCGCRFK,CNCJK,CNHUA
OARCGANGK,CNCJK,CNHUA
OAOFOOKKK,CNCJK,CNHUA
OARSCSKKK,CNCJK,CNJIA
OAOFCGKKK,CNCJK,CNJIA
OARAYNKKK,CNCJK,CNJIA
OAOFCRKKK,CNCJK,CNJIA
OACFGNKKK,CNCJK,CNJIA
OAOFFRKKK,CNCJK,CNJIA
OARSRFKKK,CNCJK,CNJIA
OAOFFRKKK,CNCJK,CNJIA
OAOFFRKKK,CNCJK,CNJIA
OAOFFRKKK,CNCJK,CNJIA
OAOFSKKKK,CNCJK,CNJIA
OAOFFRKKK,CNCJK,CNJIA
OAOFNAKKK,CNCJK,CNJIA
OAROFYYFK,CNCJK,CNJIA
OAROONGSK,CNCJK,CNJIA
OAOCCRKKK,CNCJK,CNJIJ
OACOFFFNK,CNCJK,CNJIJ
OAOFFFKKK,CNCJK,CNJIJ
OAOFFYKKK,CNCJK,CNJIJ
OAOAGSKKK,CNCJK,CNJIJ
OARYSYKKK,CNCJK,CNJIJ
OACOFFFNK,CNCJK,CNJIJ
OARCGCNSK,CNCJK,CNJIJ
OACOFFFNK,CNCJK,CNJIJ
OACOFFFNK,CNCJK,CNJIJ
OARCGANRK,CNCJK,CNJIJ
NGRKCRGKK,CNCJK,CNJIJ
OAOKFGKKK,CNCJK,CNJIT
OARFRGKKK,CNCJK,CNJIT
OAORCSKKK,CNCJK,CNJIT
OARFRGKKK,CNCJK,CNJIT
OARSYKKKK,CNCJK,CNJIT
OAOFSRKKK,CNCJK,CNJIT
OACKRNKKK,CNCJK,CNLSN
RFCFCFKKK,CNCJK,CNLYG
OACOFFFOK,CNCJK,CNLYG
OACOFGOCK,CNCJK,CNMEZ
OAORKOKKK,CNCJK,CNMWN
OAOFNKKKK,CNCJK,CNNBO
OFFAKFCKK,CNCJK,CNNBO
OARANOKKK,CNCJK,CNNBO
OARANOKKK,CNCJK,CNNBO
OACKRNKKK,CNCJK,CNNBO
OACKRNKKK,CNCJK,CNNBO
OFFAKFCKK,CNCJK,CNNBO
OAOAGSKKK,CNCJK,CNNJG
OARCNYFSK,CNCJK,CNNJG
OACOFGOCK,CNCJK,CNNJG
OAOAGGKKK,CNCJK,CNNJG
OARYFYKKK,CNCJK,CNNJG
OAOFOGKKK,CNCJK,CNNJG
OACOFGOCK,CNCJK,CNNJG
OARRKCKCK,CNCJK,CNNJG
OARRRYKKK,CNCJK,CNNJG
OAOFCRKKK,CNCJK,CNNJG
OAOFNKKKK,CNCJK,CNNJG
OAOAGSKKK,CNCJK,CNNJG
OAOAGSKKK,CNCJK,CNNJG
OACOFFFOK,CNCJK,CNNJG
OARYFYKKK,CNCJK,CNNJG
OAOFCGKKK,CNCJK,CNNJG
OARAOKKKK,CNCJK,CNNJG
OARCNYFSK,CNCJK,CNNJG
OARYFYKKK,CNCJK,CNNJG
OARCGANGK,CNCJK,CNNJG
OARYFYKKK,CNCJK,CNNJG
OARSRFKKK,CNCJK,CNNJG
OAOFKYKKK,CNCJK,CNNJG
OACOFFFNK,CNCJK,CNNTG
OACOFFFNK,CNCJK,CNNTG
OACOFFFNK,CNCJK,CNNTG
OARAYAKKK,CNCJK,CNNTG
OAOFSGKKK,CNCJK,CNNTG
OACOFFFNK,CNCJK,CNNTG
OARCGANRK,CNCJK,CNNTG
OAOFFGKKK,CNCJK,CNNTG
OACOFFFNK,CNCJK,CNNTG
OAROONGSK,CNCJK,CNNTG
OAROONGSK,CNCJK,CNNTG
OAOFFGKKK,CNCJK,CNNTG
OAROONGSK,CNCJK,CNNTG
OAOFFYKKK,CNCJK,CNNTG
OACOFFFNK,CNCJK,CNNTG
OAROONGSK,CNCJK,CNNTG
OARFKCKRK,CNCJK,CNNTG
OFFSNOSKK,CNCJK,CNNTG
OACKROKKK,CNCJK,CNQHD
OARAANKKK,CNCJK,CNQHD
OARCGANSK,CNCJK,CNQHD
OFFSRCCKK,CNCJK,CNQIN
OARCRAFAK,CNCJK,CNQUA
OAOKFFKKK,CNCJK,CNRIZ
OACGKOKKK,CNCJK,CNRUG
OACKRNKKK,CNCJK,CNRUG
OACYNKKKK,CNCJK,CNRUG
OARCGSNFK,CNCJK,CNRUG
OAROYNFGK,CNCJK,CNSHA
OAROFYYFK,CNCJK,CNSHA
OAROYNFGK,CNCJK,CNSHA
OAROFAYNK,CNCJK,CNSHA
OAROYRNRK,CNCJK,CNSHS
OAOAGSKKK,CNCJK,CNSLH
OACRNRKKK,CNCJK,CNSLH
OAOAGSKKK,CNCJK,CNSLH
OARCAYGAK,CNCJK,CNTAI
OARRKCKYK,CNCJK,CNTAI
OARCAYGAK,CNCJK,CNTAI
OACFOCKKK,CNCJK,CNTAI
OFFRNANKK,CNCJK,CNTAI
OARACYKKK,CNCJK,CNTAI
OAOFAGKKK,CNCJK,CNTAI
OARSRFKKK,CNCJK,CNTAI
OARYFYKKK,CNCJK,CNTAI
OACOFSFCK,CNCJK,CNTAI
OFFGOAYKK,CNCJK,CNTAI
OACOFFFOK,CNCJK,CNTAX
OACOFFFOK,CNCJK,CNTAX
OACOFFFOK,CNCJK,CNTAX
OACOFGOCK,CNCJK,CNTAX
OARCRAFAK,CNCJK,CNTAX
OACOFFFOK,CNCJK,CNTAX
OACKRNKKK,CNCJK,CNTAX
OARCFNYRK,CNCJK,CNTAX
OACOFGOCK,CNCJK,CNTAX
OACOFGOCK,CNCJK,CNTAX
OACOFFFOK,CNCJK,CNTAX
OACOFFFOK,CNCJK,CNTAX
OACOFGOCK,CNCJK,CNTAX
OACOFFFOK,CNCJK,CNTAX
OACOFGOCK,CNCJK,CNTAX
OAOFSOKKK,CNCJK,CNTAZ
OAOFFNKKK,CNCJK,CNTAZ
OAOFFFKKK,CNCJK,CNTAZ
OAOFKYKKK,CNCJK,CNTJN
OARFRGKKK,CNCJK,CNTJN
OAOCFGKKK,CNCJK,CNTJN
OAOCFGKKK,CNCJK,CNTJN
OFFOGOOKK,CNCJK,CNWGQ
OFFARGSKK,CNCJK,CNWGQ
OAORKRKKK,CNCJK,CNWGQ
RFKASSKKK,CNCJK,CNWGQ
OARSRFKKK,CNCJK,CNWGQ
OARRRGKKK,CNCJK,CNWGQ
OACAGRKKK,CNCJK,CNWGQ
OARANKKKK,CNCJK,CNWGQ
OARANOKKK,CNCJK,CNWGQ
OARRRFKKK,CNCJK,CNWGQ
OARAGCKKK,CNCJK,CNWGQ
OARCAYGAK,CNCJK,CNWGQ
OARAYFKKK,CNCJK,CNWGQ
OAOCGKKKK,CNCJK,CNWGQ
OAOROCKKK,CNCJK,CNWGQ
RNCANRKKK,CNCJK,CNWGQ
OFFOGONKK,CNCJK,CNWGQ
OARAOFKKK,CNCJK,CNWGQ
OACACOKKK,CNCJK,CNWGQ
RNRCOAKKK,CNCJK,CNWGQ
OARAGYKKK,CNCJK,CNWGQ
RNGNSAKKK,CNCJK,CNWGQ
OFFNYRGKK,CNCJK,CNXIA
OARAOYKKK,CNCJK,CNXIA
OACOFFFOK,CNCJK,CNYIZ
OARCRAFAK,CNCJK,CNYIZ
OAROONGSK,CNCJK,CNYIZ
OACOFFFOK,CNCJK,CNYIZ
OACOFFFOK,CNCJK,CNYIZ
OACOFFFOK,CNCJK,CNYIZ
OACOFFFOK,CNCJK,CNYIZ
OACOFFFOK,CNCJK,CNYIZ
OACOFFFOK,CNCJK,CNYIZ
OACOFFFOK,CNCJK,CNYIZ
OARCFGKFK,CNCJK,CNYIZ
OARCFGKFK,CNCJK,CNYIZ
OARCFGKFK,CNCJK,CNYIZ
OACOFFFNK,CNCJK,CNYIZ
OARCFGKFK,CNCJK,CNYIZ
OARCFNYRK,CNCJK,CNYIZ
OACOFGOCK,CNCJK,CNYIZ
OACOFGOCK,CNCJK,CNYIZ
OACOFGOCK,CNCJK,CNYIZ
OACOFGOCK,CNCJK,CNYIZ
OARKNYKKK,CNCJK,CNYSN
OARSRFKKK,CNCJK,CNYZH
OAOFKYKKK,CNCJK,CNYZH
OAOFKYKKK,CNCJK,CNYZH
OAOFOOKKK,CNCJK,CNYZH
OAOAOGKKK,CNCJK,CNYZH
OAROFAYNK,CNCJK,CNYZH
OARSCSKKK,CNCJK,CNYZH
RFKKFAKKK,CNCJK,CNYZH
OAOFNAKKK,CNCJK,CNYZH
OARAYAKKK,CNCJK,CNYZH
OAOFFFKKK,CNCJK,CNZHE
OAROONGSK,CNCJK,CNZHE
OAROONGSK,CNCJK,CNZHE
OACOFFFNK,CNCJK,CNZHE
OAOFSRKKK,CNCJK,CNZHE
OFFSANNKK,CNCJK,CNZHE
OARCGANOK,CNCJK,CNZHE
OAROONGSK,CNCJK,CNZHE
OAROONGSK,CNCJK,CNZHE
OARNCFYSK,CNCJK,CNZHE
OAOFCRKKK,CNCJK,CNZHE
OAOFKYKKK,CNCJK,CNZHE
OARNCGKGK,CNCJK,CNZHE
OAOFOOKKK,CNCJK,CNZHE
OAOFOOKKK,CNCJK,CNZHE
OACFGKKKK,CNCJK,CNZHE
OARCGANGK,CNCJK,CNZHE
OARSYGKKK,CNCJK,CNZHE
RNGFGKKKK,CNCJK,CNZHE
OACNRRKKK,CNCJK,CNZHE
OAROFYAAK,CNCJK,CNZHE
OARSRFKKK,CNCJK,CNZJG
OAROYOYOK,CNCJK,CNZJG
OACKRNKKK,CNCJK,CNZJG
OARYSYKKK,CNCJK,CNZJG
OAOFFSKKK,CNCJK,CNZJG
OACKRNKKK,CNCJK,CNZJG
OARCRSANK,CNCJK,CNZJG
OACACAKKK,CNCJK,CNZJG
OACKRNKKK,CNCJK,CNZJG
OACKRNKKK,CNCJK,CNZJG
OFFGCCFKK,CNCJK,CNZJG
OFFRAYCKK,CNCJK,CNZJG
OACKRNKKK,CNCJK,CNZJG
OARGYCKKK,CNCJK,CNZJG
OACKRNKKK,CNCJK,CNZJG
OACOFRKAK,CNCJK,CNZJG
OACKRNKKK,CNCJK,CNZJG
OACKRNKKK,CNCJK,CNZJG
OAOFKSKKK,CNCJK,CNZJG
OAOAOGKKK,CNCJK,CNZJG
OAOAGSKKK,CNCJK,CNZOS
OARKNKKKK,CNCJK,CNZOS
OACKRNKKK,CNCJK,CNZOS
OAOFCOKKK,CNCJK,IDTBR
RNRKGGKKK,CNCJK,KRBUS
OAOFFSKKK,CNCJN,CNBYQ
OARCYGKFK,CNCJN,CNCFD
OARCNFOSK,CNCJN,CNCFD
OARCNYFSK,CNCJN,CNCFD
OARCNYFSK,CNCJN,CNCFD
OARCRSANK,CNCJN,CNCFD
OARCNYFSK,CNCJN,CNCFD
OAOFFAKKK,CNCJN,CNCJK
OARCFNYRK,CNCJN,CNCJK
OARCNYFSK,CNCJN,CNHUA
OARCNYFSK,CNCJN,CNHUA
OARCYGKFK,CNCJN,CNJIN
OARCNYFSK,CNCJN,CNJIN
OARCNYFSK,CNCJN,CNJIT
OAOFKCKKK,CNCJN,CNJIT
OARCNYFSK,CNCJN,CNJIT
OARCRSANK,CNCJN,CNJIT
OARCNYFSK,CNCJN,CNJIT
OARCNFOSK,CNCJN,CNJIT
OARCNYFSK,CNCJN,CNJIT
OARCNYFSK,CNCJN,CNNBO
OARCRAFAK,CNCJN,CNNBO
OARRGYKKK,CNCJN,CNNJG
OARRGYKKK,CNCJN,CNNJG
OARCRSANK,CNCJN,CNQHD
OFFAKKCKK,CNCJN,CNQIN
OARCNYFSK,CNCJN,CNRIZ
OARCFNYRK,CNCJN,CNTAX
OARCNFOSK,CNCJN,CNTJN
OARANOKKK,CNCJN,CNTJN
OACOFGOCK,CNCJN,CNYAN
OARCFNYRK,CNCJN,CNYIZ
OARANSKKK,CNCJN,CNZHA
OARANOKKK,CNCJN,CNZHA
OFFFRKAKK,CNCJN,IDMUS
OAOFKCKKK,CNCJN,RUVLD
OARCGSNFK,CNCJN,TWMAI
OFFGCARKK,CNCJN,TWMAI
OAROONGSK,CNCZH,CNCJK
OACOFFFNK,CNCZH,CNCJK
OARNCKCNK,CNCZH,CNFOS
OARNCKCNK,CNCZH,CNFOS
OACACOKKK,CNCZH,CNFUZ
OACGKOKKK,CNCZH,CNJIT
OACOFFFNK,CNCZH,CNYIZ
OAROONGSK,CNCZH,CNYIZ
OACNCRYAK,CNCZH,CNYJG
RNOGORKKK,CNCZH,IDTBR
OARAYGKKK,CNDAF,CNDNG
OARCGAROK,CNDAF,CNHUA
OARCGAROK,CNDAF,CNHUA
OARCGAROK,CNDAF,CNHUA
OARCGANRK,CNDAF,CNHUA
OARCGCORK,CNDAF,CNHUA
OARCGAROK,CNDAF,CNHUA
OARCGAYNK,CNDAF,CNHUA
OARCGANSK,CNDAF,CNHUA
OARCGAOFK,CNDAF,CNJIT
OARCGAOFK,CNDAF,CNJIT
OAOFOKKKK,CNDAF,CNJIT
OARGSFKKK,CNDAF,CNQHD
OACNFKKKK,CNDAF,CNQHD
OARCGAYNK,CNDAF,CNTJN
OFFKCFRKK,CNDAF,CNTJN
OAROYRKSK,CNDAF,CNTJN
OACFFNKKK,CNDAF,CNTJN
OARCGANFK,CNDAF,CNWEI
OAOFRCKKK,CNDAF,CNZOS
OFFSNKGKK,CNDAL,AEFUJ
OFFNYNNKK,CNDAL,AEFUJ
OAORCGKKK,CNDAL,AEFUJ
RNGKFFKKK,CNDAL,AUPHE
OFFKAKCKK,CNDAL,AUPHE
OFFFFGNKK,CNDAL,AUPHE
OFFRSFRKK,CNDAL,AUPHE
OARNORKKK,CNDAL,AUPHE
OARKFOKKK,CNDAL,CN8965
OAOFSFKKK,CNDAL,CN9014
OACOFRKKK,CNDAL,CN9014
OARARGKKK,CNDAL,CN9014
OARARGKKK,CNDAL,CN9014
OFFKCFNKK,CNDAL,CNBAO
OAOFFCKKK,CNDAL,CNBAO
OAOFOOKKK,CNDAL,CNBHX
OARAGKKKK,CNDAL,CNBYQ
OAOFNCKKK,CNDAL,CNBYQ
OACKROKKK,CNDAL,CNBYQ
OACGRRKKK,CNDAL,CNBYQ
OACGRRKKK,CNDAL,CNBYQ
OARKFFKKK,CNDAL,CNCFD
OARYFYKKK,CNDAL,CNCFD
OARRRYKKK,CNDAL,CNCFD
OARNFYKKK,CNDAL,CNCFD
OARCGORSK,CNDAL,CNCFD
OFFGRGSKK,CNDAL,CNCFD
OARCGORSK,CNDAL,CNCFD
OARCGORSK,CNDAL,CNCFD
OARSYRKKK,CNDAL,CNCFD
OARCGORSK,CNDAL,CNCFD
OARCGORSK,CNDAL,CNCFD
OARCGORSK,CNDAL,CNCFD
OARARKKKK,CNDAL,CNCFD
OARRRYKKK,CNDAL,CNCFD
OARRKCKCK,CNDAL,CNCFD
OARARNKKK,CNDAL,CNCFD
OARARNKKK,CNDAL,CNCFD
OARGSFKKK,CNDAL,CNCFD
OARKFFKKK,CNDAL,CNCFD
OARARKKKK,CNDAL,CNCFD
OARCAYKYK,CNDAL,CNCFD
OARCAYKYK,CNDAL,CNCFD
OARCAYKYK,CNDAL,CNCFD
OARCGORSK,CNDAL,CNCFD
OARCGSNFK,CNDAL,CNCJK
OACOFFFOK,CNDAL,CNCJK
OFFKCFNKK,CNDAL,CNCJK
OAROONGSK,CNDAL,CNCJK
OAOFRCKKK,CNDAL,CNDAF
OACOFSFCK,CNDAL,CNDAF
OARGGKKKK,CNDAL,CNDDG
OAOFKSKKK,CNDAL,CNDDG
OACOFRKKK,CNDAL,CNDJK
OARCSSAAK,CNDAL,CNDJK
OARSOSKKK,CNDAL,CNDJK
OAOFROKKK,CNDAL,CNDNG
OARCFYGGK,CNDAL,CNDNG
OARARFKKK,CNDAL,CNDYI
OAOFKNKKK,CNDAL,CNDYI
OARCFYGGK,CNDAL,CNDYI
OARARFKKK,CNDAL,CNDYI
OAOAFNKKK,CNDAL,CNFAN
OAOAFNKKK,CNDAL,CNFAN
OARAFYKKK,CNDAL,CNFUN
OARAFYKKK,CNDAL,CNFUN
OARAFYKKK,CNDAL,CNFUN
OARASCKKK,CNDAL,CNFUN
OARCFYGGK,CNDAL,CNFUN
OARASAKKK,CNDAL,CNFUN
OARASCKKK,CNDAL,CNFUN
OARASCKKK,CNDAL,CNFUN
OARASCKKK,CNDAL,CNFUN
OARAFYKKK,CNDAL,CNFUN
OARASCKKK,CNDAL,CNFUN
OARAFYKKK,CNDAL,CNFUN
OAROONGSK,CNDAL,CNFUZ
OARASAKKK,CNDAL,CNGLA
OACYNKKKK,CNDAL,CNGLA
OARASAKKK,CNDAL,CNGLA
OARAFYKKK,CNDAL,CNGLA
OAOFOGKKK,CNDAL,CNGLA
OARASAKKK,CNDAL,CNGLA
OAOFAYKKK,CNDAL,CNGUA
OARASAKKK,CNDAL,CNGUA
OAOFAYKKK,CNDAL,CNGUA
OACNGFKKK,CNDAL,CNGUA
OARAFYKKK,CNDAL,CNGUA
OARASCKKK,CNDAL,CNGUA
OFFCAFSKK,CNDAL,CNHPU
OARCGORSK,CNDAL,CNHUA
OARACCKKK,CNDAL,CNHUA
OARCGORSK,CNDAL,CNHUA
OARACCKKK,CNDAL,CNHUA
OARCGORSK,CNDAL,CNHUA
OARRRYKKK,CNDAL,CNHUA
OARCGORSK,CNDAL,CNHUA
OARCGORSK,CNDAL,CNHUA
OARACCKKK,CNDAL,CNHUA
OAOAGSKKK,CNDAL,CNHUA
OARACCKKK,CNDAL,CNHUA
OARCGORSK,CNDAL,CNHUA
OARYNGKKK,CNDAL,CNHUA
OARARNKKK,CNDAL,CNHUA
OARCGORSK,CNDAL,CNHUA
OARACCKKK,CNDAL,CNHUA
OARARNKKK,CNDAL,CNHUA
OARCGORSK,CNDAL,CNHUA
OARCGORSK,CNDAL,CNHUA
OARACCKKK,CNDAL,CNHUA
OARARNKKK,CNDAL,CNHUA
OAOFCYKKK,CNDAL,CNHUA
OARACCKKK,CNDAL,CNHUA
OARARGKKK,CNDAL,CNJIN
OARCOSKKK,CNDAL,CNJIN
OARARGKKK,CNDAL,CNJIN
OARARGKKK,CNDAL,CNJIN
OARARGKKK,CNDAL,CNJIN
OARARGKKK,CNDAL,CNJIN
OARARGKKK,CNDAL,CNJIN
OARARGKKK,CNDAL,CNJIN
OARARGKKK,CNDAL,CNJIN
OARARGKKK,CNDAL,CNJIN
OARARGKKK,CNDAL,CNJIN
OARARGKKK,CNDAL,CNJIN
OARARGKKK,CNDAL,CNJIN
OARARGKKK,CNDAL,CNJIN
OARARGKKK,CNDAL,CNJIN
OARARGKKK,CNDAL,CNJIN
OARARGKKK,CNDAL,CNJIN
OARARGKKK,CNDAL,CNJIN
OARARGKKK,CNDAL,CNJIN
OARARGKKK,CNDAL,CNJIN
OARARGKKK,CNDAL,CNJIN
OARARGKKK,CNDAL,CNJIN
OARARGKKK,CNDAL,CNJIN
OARARGKKK,CNDAL,CNJIN
OACOFRKKK,CNDAL,CNJIN
OARARGKKK,CNDAL,CNJIN
OARARGKKK,CNDAL,CNJIN
OARARGKKK,CNDAL,CNJIN
OARARGKKK,CNDAL,CNJIN
OARARGKKK,CNDAL,CNJIN
OARARGKKK,CNDAL,CNJIN
OARARGKKK,CNDAL,CNJIN
OARARGKKK,CNDAL,CNJIN
OARARGKKK,CNDAL,CNJIN
OARARGKKK,CNDAL,CNJIN
OARARGKKK,CNDAL,CNJIN
OARARGKKK,CNDAL,CNJIN
OARARGKKK,CNDAL,CNJIN
OARARGKKK,CNDAL,CNJIN
OARARGKKK,CNDAL,CNJIN
OARAGKKKK,CNDAL,CNJIN
OARARGKKK,CNDAL,CNJIN
OARARNKKK,CNDAL,CNJIT
OARCGORSK,CNDAL,CNJIT
OARCGORSK,CNDAL,CNJIT
OARCGORSK,CNDAL,CNJIT
OACNYYKKK,CNDAL,CNJIT
OAOFAYKKK,CNDAL,CNLKU
OARKGYKKK,CNDAL,CNLSN
OAROFAYNK,CNDAL,CNLVS
OAOFNSKKK,CNDAL,CNLYG
OARCRAFAK,CNDAL,CNLYG
OARYGNKKK,CNDAL,CNNBO
OAROYRNOK,CNDAL,CNNBO
OAROYRNOK,CNDAL,CNNBO
OFFSRCCKK,CNDAL,CNNBO
OAROYRNOK,CNDAL,CNNBO
OARCRAFAK,CNDAL,CNNBO
OFFFRGFKK,CNDAL,CNNBO
OARAOOKKK,CNDAL,CNNSA
OARFGCKKK,CNDAL,CNNSA
OARANRKKK,CNDAL,CNNSA
OACFAOKKK,CNDAL,CNNSA
OARYGNKKK,CNDAL,CNNSA
OACGRRKKK,CNDAL,CNNSA
OACGRRKKK,CNDAL,CNNSA
OARYGNKKK,CNDAL,CNNSA
OARANRKKK,CNDAL,CNNSA
OACFAOKKK,CNDAL,CNNSA
OARAOOKKK,CNDAL,CNNSA
OARAONKKK,CNDAL,CNNSA
OARFGCKKK,CNDAL,CNNSA
OARFGCKKK,CNDAL,CNNSA
OARYGNKKK,CNDAL,CNNSA
OARAONKKK,CNDAL,CNNSA
OARARAKKK,CNDAL,CNNSA
OACFAOKKK,CNDAL,CNNSA
OARFGCKKK,CNDAL,CNNSA
OARARAKKK,CNDAL,CNNSA
OARARAKKK,CNDAL,CNNSA
OACGRRKKK,CNDAL,CNNSA
OARAONKKK,CNDAL,CNNSA
OARFGCKKK,CNDAL,CNNSA
OARANRKKK,CNDAL,CNNSA
OARARAKKK,CNDAL,CNNSA
OARYGNKKK,CNDAL,CNNSA
OARAOOKKK,CNDAL,CNNSA
OACGRRKKK,CNDAL,CNNSA
OARYGNKKK,CNDAL,CNNSA
OACGRRKKK,CNDAL,CNNSA
OARAOOKKK,CNDAL,CNNSA
OACFAOKKK,CNDAL,CNNSA
OARANRKKK,CNDAL,CNNSA
OARARAKKK,CNDAL,CNNSA
OARANRKKK,CNDAL,CNNSA
OACFAOKKK,CNDAL,CNNSA
OACGRRKKK,CNDAL,CNNSA
OARAOOKKK,CNDAL,CNNSA
OARYGNKKK,CNDAL,CNNSA
OARYGNKKK,CNDAL,CNNSA
OARARAKKK,CNDAL,CNNSA
OARAONKKK,CNDAL,CNNSA
OARANCKKK,CNDAL,CNPAN
OARAFSKKK,CNDAL,CNPAN
OARAGKKKK,CNDAL,CNPAN
OARANSKKK,CNDAL,CNPAN
OARANSKKK,CNDAL,CNPAN
OARAGKKKK,CNDAL,CNPAN
OARAFFKKK,CNDAL,CNPAN
OARAGKKKK,CNDAL,CNPAN
OARCOSKKK,CNDAL,CNPAN
OARAGCKKK,CNDAL,CNPAN
OARAGCKKK,CNDAL,CNPAN
OARANGKKK,CNDAL,CNPAN
OARANGKKK,CNDAL,CNPAN
OARANGKKK,CNDAL,CNPAN
OARANSKKK,CNDAL,CNPAN
OARANGKKK,CNDAL,CNPAN
OARANGKKK,CNDAL,CNPAN
OAOFSYKKK,CNDAL,CNPAN
OARANOKKK,CNDAL,CNPAN
OAOFSYKKK,CNDAL,CNPAN
OARANOKKK,CNDAL,CNPAN
OARANSKKK,CNDAL,CNPAN
OARANOKKK,CNDAL,CNPAN
OARANSKKK,CNDAL,CNPAN
OARANOKKK,CNDAL,CNPAN
OAOFSYKKK,CNDAL,CNPAN
OARANSKKK,CNDAL,CNPAN
OAOFSYKKK,CNDAL,CNPAN
OARCOSKKK,CNDAL,CNPAN
OARANSKKK,CNDAL,CNPAN
OARAGKKKK,CNDAL,CNPAN
OARKGYKKK,CNDAL,CNPAN
OARSOSKKK,CNDAL,CNPAN
OARANGKKK,CNDAL,CNPAN
OARSOSKKK,CNDAL,CNPAN
OARAFSKKK,CNDAL,CNPAN
OARAFFKKK,CNDAL,CNPAN
OAOFSOKKK,CNDAL,CNPAN
OARSOSKKK,CNDAL,CNPAN
OARANSKKK,CNDAL,CNPAN
OARANSKKK,CNDAL,CNPAN
OARARFKKK,CNDAL,CNPAN
OARCOSKKK,CNDAL,CNPAN
OARANSKKK,CNDAL,CNPAN
OARAFFKKK,CNDAL,CNPAN
OARARFKKK,CNDAL,CNPAN
OAOFSYKKK,CNDAL,CNPAN
OARAFFKKK,CNDAL,CNPAN
OARSOSKKK,CNDAL,CNPAN
OARAFFKKK,CNDAL,CNPAN
OARANSKKK,CNDAL,CNPAN
OARKGYKKK,CNDAL,CNPAN
OARACKKKK,CNDAL,CNPAN
OARAFFKKK,CNDAL,CNPAN
OARANSKKK,CNDAL,CNPAN
OARARFKKK,CNDAL,CNPAN
OARAGCKKK,CNDAL,CNPAN
OARACKKKK,CNDAL,CNPAN
OARANGKKK,CNDAL,CNPAN
OARANGKKK,CNDAL,CNPAN
OARACKKKK,CNDAL,CNPAN
OAOAACKKK,CNDAL,CNPAN
OARACKKKK,CNDAL,CNPAN
OARAGCKKK,CNDAL,CNPAN
OARCAYKYK,CNDAL,CNPAN
OARAFFKKK,CNDAL,CNPAN
OARAFSKKK,CNDAL,CNPAN
OARAGKKKK,CNDAL,CNPAN
OARANSKKK,CNDAL,CNPAN
OARAFSKKK,CNDAL,CNPAN
OARAGKKKK,CNDAL,CNPAN
OARAFSKKK,CNDAL,CNPAN
OARAGKKKK,CNDAL,CNPAN
OARANSKKK,CNDAL,CNPAN
OARAGKKKK,CNDAL,CNPAN
OARAFSKKK,CNDAL,CNPAN
OAOFSFKKK,CNDAL,CNPAN
OARANCKKK,CNDAL,CNPAN
OARANCKKK,CNDAL,CNPAN
OARANSKKK,CNDAL,CNPAN
OAOFSFKKK,CNDAL,CNPAN
OARARFKKK,CNDAL,CNPAN
OARACKKKK,CNDAL,CNPAN
OARYFNKKK,CNDAL,CNPAN
OARANSKKK,CNDAL,CNPAN
OARAFSKKK,CNDAL,CNPAN
OARACKKKK,CNDAL,CNPAN
OARAGCKKK,CNDAL,CNPAN
OARANSKKK,CNDAL,CNPAN
OARANSKKK,CNDAL,CNPAN
OARCOSKKK,CNDAL,CNPAN
OARAGKKKK,CNDAL,CNPAN
OARAFFKKK,CNDAL,CNPAN
OARACKKKK,CNDAL,CNPAN
OARAGKKKK,CNDAL,CNPAN
OARANOKKK,CNDAL,CNQHD
OARRRYKKK,CNDAL,CNQHD
OARAGKKKK,CNDAL,CNQHD
OARYFYKKK,CNDAL,CNQHD
OAOFSYKKK,CNDAL,CNQHD
OARSYRKKK,CNDAL,CNQHD
OARCYRCOK,CNDAL,CNQHD
OARCAYKYK,CNDAL,CNQHD
OARCGORSK,CNDAL,CNQHD
OARCGORSK,CNDAL,CNQHD
OAROFSCRK,CNDAL,CNQHD
OARCAYKYK,CNDAL,CNQHD
OARCGORSK,CNDAL,CNQHD
OARCGORSK,CNDAL,CNQHD
OAOAGGKKK,CNDAL,CNQHD
OARCGORSK,CNDAL,CNQHD
OARCGORSK,CNDAL,CNQHD
OARCGORSK,CNDAL,CNQHD
OARCGORSK,CNDAL,CNQHD
OFFYOFGKK,CNDAL,CNQIN
OARARCKKK,CNDAL,CNQIN
CRNKGSKNA,CNDAL,CNQIN
CRNKGSKNA,CNDAL,CNQIN
OFFYOFGKK,CNDAL,CNQIN
CRNKGSKNA,CNDAL,CNQIN
OARARCKKK,CNDAL,CNQIN
OFFAYOAKK,CNDAL,CNQIN
OARANGKKK,CNDAL,CNQIN
OARARCKKK,CNDAL,CNQIN
OFFANFSKK,CNDAL,CNQIN
OFFANFSKK,CNDAL,CNQIN
OFFAFCFKK,CNDAL,CNQIN
OAOFSFKKK,CNDAL,CNQIN
OFFAFCFKK,CNDAL,CNQIN
OFFYOFGKK,CNDAL,CNQIN
OFFKFFFKK,CNDAL,CNQIN
OFFASRSKK,CNDAL,CNQIN
OFFFRKAKK,CNDAL,CNQIN
OARANSKKK,CNDAL,CNQIN
OARARFKKK,CNDAL,CNQIN
OARAOSKKK,CNDAL,CNQIN
OFFAGGNKK,CNDAL,CNQIN
OARAOSKKK,CNDAL,CNQIN
OAOFSFKKK,CNDAL,CNQIN
RNRKGGKKK,CNDAL,CNQIN
OFFGYSGKK,CNDAL,CNQIN
RNRKGGKKK,CNDAL,CNQIN
RNRKGGKKK,CNDAL,CNQIN
OFFAGGNKK,CNDAL,CNQIN
OFFGYSGKK,CNDAL,CNQIN
OARARFKKK,CNDAL,CNQIN
OFFASRSKK,CNDAL,CNQIN
OFFAGGNKK,CNDAL,CNQIN
OFFAGGNKK,CNDAL,CNQIN
OARCOSKKK,CNDAL,CNQIN
OARCOSKKK,CNDAL,CNQIN
OFFASRSKK,CNDAL,CNQIN
OFFKFFFKK,CNDAL,CNQIN
OARCOFKKK,CNDAL,CNQIN
OFFAYOOKK,CNDAL,CNQIN
OAOFGKKKK,CNDAL,CNQIN
OARCOFKKK,CNDAL,CNQIN
OFFANFOKK,CNDAL,CNQIN
OFFANFOKK,CNDAL,CNQIN
OFFANOFKK,CNDAL,CNQIN
OARKGOKKK,CNDAL,CNQIN
CRNKGFYSF,CNDAL,CNQIN
OFFAGSYKK,CNDAL,CNQIN
CRNKGFYSF,CNDAL,CNQIN
CRNKGFYSF,CNDAL,CNQIN
OARKGYKKK,CNDAL,CNQIN
OFFANOFKK,CNDAL,CNQIN
CRNKGFYSF,CNDAL,CNQIN
CRNKGFYSF,CNDAL,CNQIN
CRNKGFYSF,CNDAL,CNQIN
OFFANFOKK,CNDAL,CNQIN
CRNKGFYSF,CNDAL,CNQIN
OFFANOFKK,CNDAL,CNQIN
OFFFACOKK,CNDAL,CNQIN
OFFKFFFKK,CNDAL,CNQIN
OFFOGONKK,CNDAL,CNQIN
OFFANOFKK,CNDAL,CNQIN
OFFAYOAKK,CNDAL,CNQIN
OAOFSOKKK,CNDAL,CNQIN
OARARGKKK,CNDAL,CNQIN
OFFRKCYKK,CNDAL,CNQIN
OARARFKKK,CNDAL,CNQIN
OFFARYYKK,CNDAL,CNQIN
OFFRKCYKK,CNDAL,CNQIN
OARRFYAFK,CNDAL,CNQIN
OARANOKKK,CNDAL,CNQIN
OARKGNKKK,CNDAL,CNQIN
OARANGKKK,CNDAL,CNQIN
OFFRAAGKK,CNDAL,CNQIN
OARANGKKK,CNDAL,CNQIN
OFFAOSSKK,CNDAL,CNQIN
OARSOSKKK,CNDAL,CNQIN
OARKNNKKK,CNDAL,CNQIN
OFFANFSKK,CNDAL,CNQIN
CRNKGSKNA,CNDAL,CNQIN
CRNKGSKNA,CNDAL,CNQIN
CRNKGSKNA,CNDAL,CNQIN
CRNKGSKNA,CNDAL,CNQIN
OARCOSKKK,CNDAL,CNQIN
OARCGORSK,CNDAL,CNRIZ
OARCGSNFK,CNDAL,CNRUG
OARCGSNFK,CNDAL,CNRUG
OARCGSNFK,CNDAL,CNRUG
OARCGSNFK,CNDAL,CNRUG
OARCGSNFK,CNDAL,CNRUG
OARCGSNFK,CNDAL,CNRUG
OARCGSNFK,CNDAL,CNRUG
OAOFOGKKK,CNDAL,CNRUG
OAOFAYKKK,CNDAL,CNRUG
OARCGSNFK,CNDAL,CNRUG
OARCGSNFK,CNDAL,CNRUG
OARCGSNFK,CNDAL,CNRUG
OARCGSNFK,CNDAL,CNRUG
OARCGSNFK,CNDAL,CNRUG
OAOFROKKK,CNDAL,CNRUG
OARCGSNFK,CNDAL,CNRUG
OARCFYGGK,CNDAL,CNSDG
OARCFYGGK,CNDAL,CNSDG
OARAROKKK,CNDAL,CNSDG
OAROYRNRK,CNDAL,CNSHA
OARCYRNNK,CNDAL,CNSIZ
OARCAYKYK,CNDAL,CNSIZ
OARCGSNFK,CNDAL,CNTAI
OARCGSNFK,CNDAL,CNTAI
OARCGSNFK,CNDAL,CNTAI
OAOFCGKKK,CNDAL,CNTAX
OARKNFKKK,CNDAL,CNTJN
OAORAKKKK,CNDAL,CNTJN
OAORAKKKK,CNDAL,CNTJN
OARKNFKKK,CNDAL,CNTJN
OAORAKKKK,CNDAL,CNTJN
OAORAKKKK,CNDAL,CNTJN
OARKNFKKK,CNDAL,CNTJN
OAOFNSKKK,CNDAL,CNTJN
OFFSNOSKK,CNDAL,CNTJN
OAORAKKKK,CNDAL,CNTJN
OAOFNSKKK,CNDAL,CNTJN
OFFYKCNKK,CNDAL,CNTJN
OARKNFKKK,CNDAL,CNTJN
OAOFSOKKK,CNDAL,CNTJN
OFFGOAYKK,CNDAL,CNTJN
OFFCARFKK,CNDAL,CNTJN
OFFRAYRKK,CNDAL,CNTJN
OARKGNKKK,CNDAL,CNTJN
OFFAGCAKK,CNDAL,CNTJN
OARAYYKKK,CNDAL,CNTJN
OFFCYROKK,CNDAL,CNTJN
OARKGNKKK,CNDAL,CNTJN
OAOFSYKKK,CNDAL,CNTJN
OARKGNKKK,CNDAL,CNTJN
OFFGANFKK,CNDAL,CNTJN
RNCGRNKKK,CNDAL,CNTJN
OARKNFKKK,CNDAL,CNTJN
OARKNFKKK,CNDAL,CNTJN
OARKNFKKK,CNDAL,CNTJN
OAORAKKKK,CNDAL,CNTJN
OAOAFNKKK,CNDAL,CNTJN
OARKNFKKK,CNDAL,CNTJN
OAORAKKKK,CNDAL,CNTJN
OAORAKKKK,CNDAL,CNTJN
OACKYAKKK,CNDAL,CNWEF
OACYKKKKK,CNDAL,CNWEF
OARAROKKK,CNDAL,CNWEI
OARACFKKK,CNDAL,CNWEI
OARACFKKK,CNDAL,CNWEI
OARAROKKK,CNDAL,CNWEI
OARACFKKK,CNDAL,CNWEI
OARAROKKK,CNDAL,CNWEI
OARAROKKK,CNDAL,CNWEI
OARAROKKK,CNDAL,CNWEI
OARAROKKK,CNDAL,CNWEI
OARAROKKK,CNDAL,CNWEI
OARAROKKK,CNDAL,CNWEI
OARAROKKK,CNDAL,CNWEI
OARAROKKK,CNDAL,CNWEI
OARAROKKK,CNDAL,CNWEI
OARAROKKK,CNDAL,CNWEI
OARAROKKK,CNDAL,CNWEI
OARAROKKK,CNDAL,CNWEI
OARAROKKK,CNDAL,CNWEI
OARAROKKK,CNDAL,CNWEI
OARAROKKK,CNDAL,CNWEI
OARAROKKK,CNDAL,CNWEI
OARAROKKK,CNDAL,CNWEI
OARACFKKK,CNDAL,CNWEI
OARACFKKK,CNDAL,CNWEI
OARAROKKK,CNDAL,CNWEI
OARAROKKK,CNDAL,CNWEI
OARAROKKK,CNDAL,CNWEI
OARAROKKK,CNDAL,CNWEI
OARACFKKK,CNDAL,CNWEI
OARACFKKK,CNDAL,CNWEI
OARACFKKK,CNDAL,CNWEI
OARACFKKK,CNDAL,CNWEI
OARAROKKK,CNDAL,CNWEI
OARAROKKK,CNDAL,CNWEI
OARAROKKK,CNDAL,CNWEI
OARACFKKK,CNDAL,CNWEI
OARAROKKK,CNDAL,CNWEI
OARAROKKK,CNDAL,CNWEI
OARAROKKK,CNDAL,CNWEI
OARACFKKK,CNDAL,CNWEI
OARAROKKK,CNDAL,CNWEI
OARACFKKK,CNDAL,CNWEI
OARAROKKK,CNDAL,CNWEI
OARACFKKK,CNDAL,CNWEI
OARAROKKK,CNDAL,CNWEI
OARAROKKK,CNDAL,CNWEI
OARAROKKK,CNDAL,CNWEI
OARAROKKK,CNDAL,CNWEI
OARACFKKK,CNDAL,CNWEI
OARAROKKK,CNDAL,CNWEI
OARAROKKK,CNDAL,CNWEI
OARACFKKK,CNDAL,CNWEI
OARAROKKK,CNDAL,CNWEI
OARAROKKK,CNDAL,CNWEI
OARAROKKK,CNDAL,CNWEI
OARAROKKK,CNDAL,CNWEI
OARACFKKK,CNDAL,CNWEI
OARACFKKK,CNDAL,CNWEI
OARACFKKK,CNDAL,CNWEI
OARACFKKK,CNDAL,CNWEI
OARAROKKK,CNDAL,CNWEI
OARACFKKK,CNDAL,CNWEI
OARACFKKK,CNDAL,CNWEI
OARAROKKK,CNDAL,CNWEI
RNORNSKKK,CNDAL,CNWEI
OARACFKKK,CNDAL,CNWEI
OARACFKKK,CNDAL,CNWEI
OARACFKKK,CNDAL,CNWEI
OARAROKKK,CNDAL,CNWEI
OARACFKKK,CNDAL,CNWEI
OARAROKKK,CNDAL,CNWEI
OARAROKKK,CNDAL,CNWEI
OARAROKKK,CNDAL,CNWEI
OARACFKKK,CNDAL,CNWEI
OARACFKKK,CNDAL,CNWEI
OARACFKKK,CNDAL,CNWEI
OARACFKKK,CNDAL,CNWEI
OARACFKKK,CNDAL,CNWEI
OARACFKKK,CNDAL,CNWEI
OARACFKKK,CNDAL,CNWEI
OARACFKKK,CNDAL,CNWEI
OARACFKKK,CNDAL,CNWEI
OARACFKKK,CNDAL,CNWEI
OARACFKKK,CNDAL,CNWEI
OARACFKKK,CNDAL,CNWEI
OARACFKKK,CNDAL,CNWEI
OARACFKKK,CNDAL,CNWEI
OARAROKKK,CNDAL,CNWEI
OARAROKKK,CNDAL,CNWEI
OARAROKKK,CNDAL,CNWEI
OARAROKKK,CNDAL,CNWEI
OARACFKKK,CNDAL,CNWEI
OARACFKKK,CNDAL,CNWEI
OARACFKKK,CNDAL,CNWEI
OARACFKKK,CNDAL,CNWEI
OARACFKKK,CNDAL,CNWEI
OARACFKKK,CNDAL,CNWEI
OARAROKKK,CNDAL,CNWEI
OARACFKKK,CNDAL,CNWEI
OARAROKKK,CNDAL,CNWEI
OARACFKKK,CNDAL,CNWEI
OARACFKKK,CNDAL,CNWEI
OARACFKKK,CNDAL,CNWEI
OARACFKKK,CNDAL,CNWEI
OARACFKKK,CNDAL,CNWEI
OARACFKKK,CNDAL,CNWEI
OARACFKKK,CNDAL,CNWEI
OARAROKKK,CNDAL,CNWEI
OARAROKKK,CNDAL,CNWEI
OARAROKKK,CNDAL,CNWEI
OARAROKKK,CNDAL,CNWEI
OARACFKKK,CNDAL,CNWEI
OARAROKKK,CNDAL,CNWEI
OARACFKKK,CNDAL,CNWEI
OARACFKKK,CNDAL,CNWEI
OARACFKKK,CNDAL,CNWEI
OARACFKKK,CNDAL,CNWEI
OARACFKKK,CNDAL,CNWEI
OARACFKKK,CNDAL,CNWEI
OARAROKKK,CNDAL,CNWEI
OARACFKKK,CNDAL,CNWEI
OARACFKKK,CNDAL,CNWEI
OARACFKKK,CNDAL,CNWEI
OARAROKKK,CNDAL,CNWEI
OARAROKKK,CNDAL,CNWEI
OARACFKKK,CNDAL,CNWEI
OARAROKKK,CNDAL,CNWEI
OARACFKKK,CNDAL,CNWEI
OARACFKKK,CNDAL,CNWEI
OARACFKKK,CNDAL,CNWEI
OARACFKKK,CNDAL,CNWEI
OARACFKKK,CNDAL,CNWEI
OARACFKKK,CNDAL,CNWEI
OARACFKKK,CNDAL,CNWEI
OARACFKKK,CNDAL,CNWEI
OARACFKKK,CNDAL,CNWEI
OARACFKKK,CNDAL,CNWEI
OARACFKKK,CNDAL,CNWEI
OARACFKKK,CNDAL,CNWEI
OARAROKKK,CNDAL,CNWEI
OARAROKKK,CNDAL,CNWEI
OARACFKKK,CNDAL,CNWEI
OARACFKKK,CNDAL,CNWEI
OARAROKKK,CNDAL,CNWEI
OARAROKKK,CNDAL,CNWEI
OARAROKKK,CNDAL,CNWEI
OARAROKKK,CNDAL,CNWEI
OARAROKKK,CNDAL,CNWEI
OARACFKKK,CNDAL,CNWEI
OARAROKKK,CNDAL,CNWEI
OARAROKKK,CNDAL,CNWEI
OARACFKKK,CNDAL,CNWEI
OFFNCOYKK,CNDAL,CNXIA
OACONKKKK,CNDAL,CNXIA
OACONKKKK,CNDAL,CNXIA
OARACFKKK,CNDAL,CNYAN
OARACFKKK,CNDAL,CNYAN
OARACFKKK,CNDAL,CNYAN
OARACFKKK,CNDAL,CNYAN
OARACFKKK,CNDAL,CNYAN
OARACFKKK,CNDAL,CNYAN
OARACFKKK,CNDAL,CNYAN
OARACFKKK,CNDAL,CNYAN
OARACFKKK,CNDAL,CNYAN
OARACFKKK,CNDAL,CNYAN
OARACFKKK,CNDAL,CNYAN
OARACFKKK,CNDAL,CNYAN
OARACFKKK,CNDAL,CNYAN
OARACFKKK,CNDAL,CNYAN
OARACFKKK,CNDAL,CNYAN
OARACFKKK,CNDAL,CNYAN
OARACFKKK,CNDAL,CNYAN
OARACFKKK,CNDAL,CNYAN
OARACFKKK,CNDAL,CNYAN
OARACFKKK,CNDAL,CNYAN
OARACFKKK,CNDAL,CNYAN
OFFRAAGKK,CNDAL,CNYAN
OARACFKKK,CNDAL,CNYAN
OARACFKKK,CNDAL,CNYAN
OFFRAAGKK,CNDAL,CNYAN
OARACFKKK,CNDAL,CNYAN
OARACFKKK,CNDAL,CNYAN
OARACFKKK,CNDAL,CNYAN
OARACFKKK,CNDAL,CNYAN
OARACFKKK,CNDAL,CNYAN
OARACFKKK,CNDAL,CNYAN
OARACFKKK,CNDAL,CNYAN
OARACFKKK,CNDAL,CNYAN
OARACFKKK,CNDAL,CNYAN
OARACFKKK,CNDAL,CNYAN
OARACFKKK,CNDAL,CNYAN
OARACFKKK,CNDAL,CNYAN
OARACFKKK,CNDAL,CNYAN
OARACFKKK,CNDAL,CNYAN
OARACFKKK,CNDAL,CNYAN
OARACFKKK,CNDAL,CNYAN
OARACFKKK,CNDAL,CNYAN
OARACFKKK,CNDAL,CNYAN
OARACFKKK,CNDAL,CNYAN
OARACFKKK,CNDAL,CNYAN
OARACFKKK,CNDAL,CNYAN
OARACFKKK,CNDAL,CNYAN
OARACFKKK,CNDAL,CNYAN
OARACFKKK,CNDAL,CNYAN
OARACFKKK,CNDAL,CNYAN
OARACFKKK,CNDAL,CNYAN
OARACFKKK,CNDAL,CNYAN
OARACFKKK,CNDAL,CNYAN
OARACFKKK,CNDAL,CNYAN
OARACFKKK,CNDAL,CNYAN
OARACFKKK,CNDAL,CNYAN
OARACFKKK,CNDAL,CNYAN
OARACFKKK,CNDAL,CNYAN
OARACFKKK,CNDAL,CNYAN
OARACFKKK,CNDAL,CNYAN
OARACFKKK,CNDAL,CNYAN
OARACFKKK,CNDAL,CNYAN
OARACFKKK,CNDAL,CNYAN
OARACFKKK,CNDAL,CNYAN
OARACFKKK,CNDAL,CNYAN
OARACFKKK,CNDAL,CNYAN
OARACFKKK,CNDAL,CNYAN
OARACFKKK,CNDAL,CNYAN
OARACFKKK,CNDAL,CNYAN
OARACFKKK,CNDAL,CNYAN
OARACFKKK,CNDAL,CNYAN
OARACFKKK,CNDAL,CNYAN
OARACFKKK,CNDAL,CNYAN
OARACFKKK,CNDAL,CNYAN
OARACFKKK,CNDAL,CNYAN
OARACFKKK,CNDAL,CNYAN
OARACFKKK,CNDAL,CNYAN
OARACFKKK,CNDAL,CNYAN
OARACFKKK,CNDAL,CNYAN
OARACFKKK,CNDAL,CNYAN
OARACFKKK,CNDAL,CNYAN
OARACFKKK,CNDAL,CNYAN
OARACFKKK,CNDAL,CNYAN
OARACFKKK,CNDAL,CNYAN
OARACFKKK,CNDAL,CNYAN
OARACFKKK,CNDAL,CNYAN
OARACFKKK,CNDAL,CNYAN
OARACFKKK,CNDAL,CNYAN
OARACFKKK,CNDAL,CNYAN
OARACFKKK,CNDAL,CNYAN
OARACFKKK,CNDAL,CNYAN
OARACFKKK,CNDAL,CNYAN
OARACFKKK,CNDAL,CNYAN
OARACFKKK,CNDAL,CNYAN
OARACFKKK,CNDAL,CNYAN
OARACFKKK,CNDAL,CNYAN
OARACFKKK,CNDAL,CNYAN
OARACFKKK,CNDAL,CNYAN
OARACFKKK,CNDAL,CNYAN
OARACFKKK,CNDAL,CNYAN
OARACFKKK,CNDAL,CNYAN
OARACFKKK,CNDAL,CNYAN
OARACFKKK,CNDAL,CNYAN
OARACFKKK,CNDAL,CNYAN
OARACFKKK,CNDAL,CNYAN
OARACFKKK,CNDAL,CNYAN
OARACFKKK,CNDAL,CNYAN
OARACFKKK,CNDAL,CNYAN
OARACFKKK,CNDAL,CNYAN
OARACFKKK,CNDAL,CNYAN
OARACFKKK,CNDAL,CNYAN
OARACFKKK,CNDAL,CNYAN
OARACFKKK,CNDAL,CNYAN
OARACFKKK,CNDAL,CNYAN
OARACFKKK,CNDAL,CNYAN
OARACFKKK,CNDAL,CNYAN
OARACFKKK,CNDAL,CNYAN
OARACFKKK,CNDAL,CNYAN
OARACFKKK,CNDAL,CNYAN
OARACFKKK,CNDAL,CNYAN
OARACFKKK,CNDAL,CNYAN
OARACFKKK,CNDAL,CNYAN
OARACFKKK,CNDAL,CNYAN
OARACFKKK,CNDAL,CNYAN
OARACFKKK,CNDAL,CNYAN
OARACFKKK,CNDAL,CNYAN
OARACFKKK,CNDAL,CNYAN
OARACFKKK,CNDAL,CNYAN
OARACFKKK,CNDAL,CNYAN
OARACFKKK,CNDAL,CNYAN
OARACFKKK,CNDAL,CNYAN
OARACFKKK,CNDAL,CNYAN
OARACFKKK,CNDAL,CNYAN
OARACFKKK,CNDAL,CNYAN
OARACFKKK,CNDAL,CNYAN
OARACFKKK,CNDAL,CNYAN
OARACFKKK,CNDAL,CNYAN
OARACFKKK,CNDAL,CNYAN
OARACFKKK,CNDAL,CNYAN
OARACFKKK,CNDAL,CNYAN
OARACFKKK,CNDAL,CNYAN
OARACFKKK,CNDAL,CNYAN
OARACFKKK,CNDAL,CNYAN
OACCKGORK,CNDAL,CNYAN
OACYKKKKK,CNDAL,CNYAN
OACYKKKKK,CNDAL,CNYAN
OACYKKKKK,CNDAL,CNYAN
OACYKKKKK,CNDAL,CNYAN
OACYKKKKK,CNDAL,CNYAN
OACYKKKKK,CNDAL,CNYAN
OACCKGORK,CNDAL,CNYAN
OACYKKKKK,CNDAL,CNYAN
OACCKGORK,CNDAL,CNYAN
OACCKSKRK,CNDAL,CNYAN
OACYKKKKK,CNDAL,CNYAN
OACCKGORK,CNDAL,CNYAN
OACCKGORK,CNDAL,CNYAN
OACYKKKKK,CNDAL,CNYAN
OACCKSKRK,CNDAL,CNYAN
OACYKKKKK,CNDAL,CNYAN
OACCKGORK,CNDAL,CNYAN
OACYKKKKK,CNDAL,CNYAN
OACYKKKKK,CNDAL,CNYAN
OACYKKKKK,CNDAL,CNYAN
OAONAKKKK,CNDAL,CNYAN
OACYKKKKK,CNDAL,CNYAN
OAONAKKKK,CNDAL,CNYAN
OACYKKKKK,CNDAL,CNYAN
OAONAKKKK,CNDAL,CNYAN
OAONAKKKK,CNDAL,CNYAN
OAONAKKKK,CNDAL,CNYAN
OAONAKKKK,CNDAL,CNYAN
OAONAKKKK,CNDAL,CNYAN
OAONAKKKK,CNDAL,CNYAN
OAONAKKKK,CNDAL,CNYAN
OACYKKKKK,CNDAL,CNYAN
OAONAKKKK,CNDAL,CNYAN
OAONAKKKK,CNDAL,CNYAN
OAONAKKKK,CNDAL,CNYAN
OAONAKKKK,CNDAL,CNYAN
OAONAKKKK,CNDAL,CNYAN
OAONAKKKK,CNDAL,CNYAN
OACCKGORK,CNDAL,CNYAN
OAONAKKKK,CNDAL,CNYAN
OACYKKKKK,CNDAL,CNYAN
OAONAKKKK,CNDAL,CNYAN
OAONAKKKK,CNDAL,CNYAN
OACCKGORK,CNDAL,CNYAN
OAONAKKKK,CNDAL,CNYAN
OAONAKKKK,CNDAL,CNYAN
OACYKKKKK,CNDAL,CNYAN
OAONAKKKK,CNDAL,CNYAN
OACYKKKKK,CNDAL,CNYAN
OAONAKKKK,CNDAL,CNYAN
OAONAKKKK,CNDAL,CNYAN
OAONAKKKK,CNDAL,CNYAN
OAONAKKKK,CNDAL,CNYAN
OACCKSKRK,CNDAL,CNYAN
OAONAKKKK,CNDAL,CNYAN
OAONAKKKK,CNDAL,CNYAN
OACYKKKKK,CNDAL,CNYAN
OAONAKKKK,CNDAL,CNYAN
OAONAKKKK,CNDAL,CNYAN
OACYKKKKK,CNDAL,CNYAN
OAONAKKKK,CNDAL,CNYAN
OAONAKKKK,CNDAL,CNYAN
OACCKGORK,CNDAL,CNYAN
OAONAKKKK,CNDAL,CNYAN
OAONAKKKK,CNDAL,CNYAN
OAONAKKKK,CNDAL,CNYAN
OACYKKKKK,CNDAL,CNYAN
OAONAKKKK,CNDAL,CNYAN
OACYKKKKK,CNDAL,CNYAN
OAONAKKKK,CNDAL,CNYAN
OAONAKKKK,CNDAL,CNYAN
OAONAKKKK,CNDAL,CNYAN
OAONAKKKK,CNDAL,CNYAN
OACYKKKKK,CNDAL,CNYAN
OAONAKKKK,CNDAL,CNYAN
OACYKKKKK,CNDAL,CNYAN
OAONAKKKK,CNDAL,CNYAN
OACYKKKKK,CNDAL,CNYAN
OAONAKKKK,CNDAL,CNYAN
OAONAKKKK,CNDAL,CNYAN
OAONAKKKK,CNDAL,CNYAN
OACYKKKKK,CNDAL,CNYAN
OAONAKKKK,CNDAL,CNYAN
OACYKKKKK,CNDAL,CNYAN
OAONAKKKK,CNDAL,CNYAN
OACYKKKKK,CNDAL,CNYAN
OAONAKKKK,CNDAL,CNYAN
OACYKKKKK,CNDAL,CNYAN
OAONAKKKK,CNDAL,CNYAN
OAONAKKKK,CNDAL,CNYAN
OACYKKKKK,CNDAL,CNYAN
OAONAKKKK,CNDAL,CNYAN
OACYKKKKK,CNDAL,CNYAN
OAONAKKKK,CNDAL,CNYAN
OAONAKKKK,CNDAL,CNYAN
OAONAKKKK,CNDAL,CNYAN
OAONAKKKK,CNDAL,CNYAN
OACYKKKKK,CNDAL,CNYAN
OAONAKKKK,CNDAL,CNYAN
OAONAKKKK,CNDAL,CNYAN
OACYKKKKK,CNDAL,CNYAN
OAONAKKKK,CNDAL,CNYAN
OACYKKKKK,CNDAL,CNYAN
OAONAKKKK,CNDAL,CNYAN
OAONAKKKK,CNDAL,CNYAN
OACYKKKKK,CNDAL,CNYAN
OAONAKKKK,CNDAL,CNYAN
OACYKKKKK,CNDAL,CNYAN
OAONAKKKK,CNDAL,CNYAN
OACYKKKKK,CNDAL,CNYAN
OAONAKKKK,CNDAL,CNYAN
OACYKKKKK,CNDAL,CNYAN
OAONAKKKK,CNDAL,CNYAN
OACYKKKKK,CNDAL,CNYAN
OAONAKKKK,CNDAL,CNYAN
OAONAKKKK,CNDAL,CNYAN
OAONAKKKK,CNDAL,CNYAN
OACYKKKKK,CNDAL,CNYAN
OAONAKKKK,CNDAL,CNYAN
OAONAKKKK,CNDAL,CNYAN
OAONAKKKK,CNDAL,CNYAN
OACYKKKKK,CNDAL,CNYAN
OAONAKKKK,CNDAL,CNYAN
OACYKKKKK,CNDAL,CNYAN
OAONAKKKK,CNDAL,CNYAN
OAONAKKKK,CNDAL,CNYAN
OAONAKKKK,CNDAL,CNYAN
OAONAKKKK,CNDAL,CNYAN
OACYKKKKK,CNDAL,CNYAN
OAONAKKKK,CNDAL,CNYAN
OACYKKKKK,CNDAL,CNYAN
OAONAKKKK,CNDAL,CNYAN
OAONAKKKK,CNDAL,CNYAN
OACYKKKKK,CNDAL,CNYAN
OAONAKKKK,CNDAL,CNYAN
OAONAKKKK,CNDAL,CNYAN
OAONAKKKK,CNDAL,CNYAN
OAONAKKKK,CNDAL,CNYAN
OACYKKKKK,CNDAL,CNYAN
OAONAKKKK,CNDAL,CNYAN
OACYKKKKK,CNDAL,CNYAN
OAONAKKKK,CNDAL,CNYAN
OAONAKKKK,CNDAL,CNYAN
OACYKKKKK,CNDAL,CNYAN
OAONAKKKK,CNDAL,CNYAN
OAONAKKKK,CNDAL,CNYAN
OAONAKKKK,CNDAL,CNYAN
OAONAKKKK,CNDAL,CNYAN
OACYKKKKK,CNDAL,CNYAN
OAONAKKKK,CNDAL,CNYAN
OACYKKKKK,CNDAL,CNYAN
OAONAKKKK,CNDAL,CNYAN
OACYKKKKK,CNDAL,CNYAN
OAONAKKKK,CNDAL,CNYAN
OACYKKKKK,CNDAL,CNYAN
OAONAKKKK,CNDAL,CNYAN
OAONAKKKK,CNDAL,CNYAN
OACYKKKKK,CNDAL,CNYAN
OAONAKKKK,CNDAL,CNYAN
OACYKKKKK,CNDAL,CNYAN
OAONAKKKK,CNDAL,CNYAN
OAONAKKKK,CNDAL,CNYAN
OAONAKKKK,CNDAL,CNYAN
OAONAKKKK,CNDAL,CNYAN
OAONAKKKK,CNDAL,CNYAN
OACYKKKKK,CNDAL,CNYAN
OACYKKKKK,CNDAL,CNYAN
OACYKKKKK,CNDAL,CNYAN
OACYKKKKK,CNDAL,CNYAN
OACYKKKKK,CNDAL,CNYAN
OACYKKKKK,CNDAL,CNYAN
OACYKKKKK,CNDAL,CNYAN
OACYKKKKK,CNDAL,CNYAN
OACYKKKKK,CNDAL,CNYAN
OACYKKKKK,CNDAL,CNYAN
OACYKKKKK,CNDAL,CNYAN
OACYKKKKK,CNDAL,CNYAN
OACYKKKKK,CNDAL,CNYAN
OACYKKKKK,CNDAL,CNYAN
OACYKKKKK,CNDAL,CNYAN
OACYKKKKK,CNDAL,CNYAN
OACYKKKKK,CNDAL,CNYAN
OACYKKKKK,CNDAL,CNYAN
OACYKKKKK,CNDAL,CNYAN
OACYKKKKK,CNDAL,CNYAN
OACYKKKKK,CNDAL,CNYAN
OACYKKKKK,CNDAL,CNYAN
OACYKKKKK,CNDAL,CNYAN
OACYKKKKK,CNDAL,CNYAN
OACYKKKKK,CNDAL,CNYAN
OACYKKKKK,CNDAL,CNYAN
OACYKKKKK,CNDAL,CNYAN
OACYKKKKK,CNDAL,CNYAN
OACYKKKKK,CNDAL,CNYAN
OACYKKKKK,CNDAL,CNYAN
OACYKKKKK,CNDAL,CNYAN
OACYKKKKK,CNDAL,CNYAN
OACYKKKKK,CNDAL,CNYAN
OACYKKKKK,CNDAL,CNYAN
OARARCKKK,CNDAL,CNYAN
OACYKKKKK,CNDAL,CNYAN
OARARCKKK,CNDAL,CNYAN
OARARCKKK,CNDAL,CNYAN
OACYKKKKK,CNDAL,CNYAN
OACYKKKKK,CNDAL,CNYAN
OACYKKKKK,CNDAL,CNYAN
OACYKKKKK,CNDAL,CNYAN
OACYKKKKK,CNDAL,CNYAN
OACYKKKKK,CNDAL,CNYAN
OACYKKKKK,CNDAL,CNYAN
OACYKKKKK,CNDAL,CNYAN
OACYKKKKK,CNDAL,CNYAN
OACYKKKKK,CNDAL,CNYAN
OACYKKKKK,CNDAL,CNYAN
OACYKKKKK,CNDAL,CNYAN
OACYKKKKK,CNDAL,CNYAN
OACYKKKKK,CNDAL,CNYAN
OACYKKKKK,CNDAL,CNYAN
OACYKKKKK,CNDAL,CNYAN
OACYKKKKK,CNDAL,CNYAN
OACYKKKKK,CNDAL,CNYAN
OACYKKKKK,CNDAL,CNYAN
OACYKKKKK,CNDAL,CNYAN
OACYKKKKK,CNDAL,CNYAN
OACYKKKKK,CNDAL,CNYAN
OACYKKKKK,CNDAL,CNYAN
OACYKKKKK,CNDAL,CNYAN
OACYKKKKK,CNDAL,CNYAN
OACYKKKKK,CNDAL,CNYAN
OACYKKKKK,CNDAL,CNYAN
OACYKKKKK,CNDAL,CNYAN
OACYKKKKK,CNDAL,CNYAN
OACYKKKKK,CNDAL,CNYAN
OACYKKKKK,CNDAL,CNYAN
OACYKKKKK,CNDAL,CNYAN
OACYKKKKK,CNDAL,CNYAN
OACYKKKKK,CNDAL,CNYAN
OACYKKKKK,CNDAL,CNYAN
OACYKKKKK,CNDAL,CNYAN
OACYKKKKK,CNDAL,CNYAN
OACYKKKKK,CNDAL,CNYAN
OACYKKKKK,CNDAL,CNYAN
OACYKKKKK,CNDAL,CNYAN
OACYKKKKK,CNDAL,CNYAN
OACYKKKKK,CNDAL,CNYAN
OACYKKKKK,CNDAL,CNYAN
OACYKKKKK,CNDAL,CNYAN
OACYKKKKK,CNDAL,CNYAN
OACYKKKKK,CNDAL,CNYAN
OACYKKKKK,CNDAL,CNYAN
OACYKKKKK,CNDAL,CNYAN
OACYKKKKK,CNDAL,CNYAN
OACYKKKKK,CNDAL,CNYAN
OACYKKKKK,CNDAL,CNYAN
OACYKKKKK,CNDAL,CNYAN
OACYKKKKK,CNDAL,CNYAN
OACYKKKKK,CNDAL,CNYAN
OACYKKKKK,CNDAL,CNYAN
OACYKKKKK,CNDAL,CNYAN
OACCKGORK,CNDAL,CNYAN
OACCKGORK,CNDAL,CNYAN
OACKYAKKK,CNDAL,CNYAN
OACKYAKKK,CNDAL,CNYAN
OACKYAKKK,CNDAL,CNYAN
OACKYAKKK,CNDAL,CNYAN
OACKYAKKK,CNDAL,CNYAN
OACKYAKKK,CNDAL,CNYAN
OACKYAKKK,CNDAL,CNYAN
OACKYAKKK,CNDAL,CNYAN
OACKYAKKK,CNDAL,CNYAN
OACKYAKKK,CNDAL,CNYAN
OACKYAKKK,CNDAL,CNYAN
OACKYAKKK,CNDAL,CNYAN
OACKYAKKK,CNDAL,CNYAN
OACKYAKKK,CNDAL,CNYAN
OACKYAKKK,CNDAL,CNYAN
OACKYAKKK,CNDAL,CNYAN
OACKYAKKK,CNDAL,CNYAN
OACKYAKKK,CNDAL,CNYAN
OACKYAKKK,CNDAL,CNYAN
OACKYAKKK,CNDAL,CNYAN
OACKYAKKK,CNDAL,CNYAN
OACKYAKKK,CNDAL,CNYAN
OACKYAKKK,CNDAL,CNYAN
OACKYAKKK,CNDAL,CNYAN
OACKYAKKK,CNDAL,CNYAN
OACKYAKKK,CNDAL,CNYAN
OACKYAKKK,CNDAL,CNYAN
OACKYAKKK,CNDAL,CNYAN
OACKYAKKK,CNDAL,CNYAN
OACKYAKKK,CNDAL,CNYAN
OACKYAKKK,CNDAL,CNYAN
OACKYAKKK,CNDAL,CNYAN
OACKYAKKK,CNDAL,CNYAN
OACKYAKKK,CNDAL,CNYAN
OACKYAKKK,CNDAL,CNYAN
OACKYAKKK,CNDAL,CNYAN
OACKYAKKK,CNDAL,CNYAN
OACKYAKKK,CNDAL,CNYAN
OACKYAKKK,CNDAL,CNYAN
OACKYAKKK,CNDAL,CNYAN
OACKYAKKK,CNDAL,CNYAN
OACKYAKKK,CNDAL,CNYAN
OACKYAKKK,CNDAL,CNYAN
OACKYAKKK,CNDAL,CNYAN
OACKYAKKK,CNDAL,CNYAN
OACKYAKKK,CNDAL,CNYAN
OACKYAKKK,CNDAL,CNYAN
OACKYAKKK,CNDAL,CNYAN
OACKYAKKK,CNDAL,CNYAN
OACKYAKKK,CNDAL,CNYAN
OACKYAKKK,CNDAL,CNYAN
OACKYAKKK,CNDAL,CNYAN
OACKYAKKK,CNDAL,CNYAN
OACKYAKKK,CNDAL,CNYAN
OACKYAKKK,CNDAL,CNYAN
OACKYAKKK,CNDAL,CNYAN
OACKYAKKK,CNDAL,CNYAN
OACKYAKKK,CNDAL,CNYAN
OACONKKKK,CNDAL,CNYAN
OACONKKKK,CNDAL,CNYAN
OACONKKKK,CNDAL,CNYAN
OACKYAKKK,CNDAL,CNYAN
OARAOSKKK,CNDAL,CNYAN
OACKYAKKK,CNDAL,CNYAN
OACONKKKK,CNDAL,CNYAN
OACKYAKKK,CNDAL,CNYAN
OACKYAKKK,CNDAL,CNYAN
OACKYAKKK,CNDAL,CNYAN
OACKYAKKK,CNDAL,CNYAN
OACKYAKKK,CNDAL,CNYAN
OACONKKKK,CNDAL,CNYAN
OACONKKKK,CNDAL,CNYAN
OACONKKKK,CNDAL,CNYAN
OACKYAKKK,CNDAL,CNYAN
OACKYAKKK,CNDAL,CNYAN
OACONKKKK,CNDAL,CNYAN
OACONKKKK,CNDAL,CNYAN
OACKYAKKK,CNDAL,CNYAN
OACONKKKK,CNDAL,CNYAN
OACKYAKKK,CNDAL,CNYAN
OACONKKKK,CNDAL,CNYAN
OACKYAKKK,CNDAL,CNYAN
OACKYAKKK,CNDAL,CNYAN
OACKYAKKK,CNDAL,CNYAN
OACKYAKKK,CNDAL,CNYAN
OACONKKKK,CNDAL,CNYAN
OACONKKKK,CNDAL,CNYAN
OACKYAKKK,CNDAL,CNYAN
OACONKKKK,CNDAL,CNYAN
OACKYAKKK,CNDAL,CNYAN
OACONKKKK,CNDAL,CNYAN
OACKYAKKK,CNDAL,CNYAN
OACKYAKKK,CNDAL,CNYAN
OACONKKKK,CNDAL,CNYAN
OACONKKKK,CNDAL,CNYAN
OACONKKKK,CNDAL,CNYAN
OACONKKKK,CNDAL,CNYAN
OACONKKKK,CNDAL,CNYAN
OACONKKKK,CNDAL,CNYAN
OACONKKKK,CNDAL,CNYAN
OACKYAKKK,CNDAL,CNYAN
OACONKKKK,CNDAL,CNYAN
OACKYAKKK,CNDAL,CNYAN
OACKYAKKK,CNDAL,CNYAN
OACKYAKKK,CNDAL,CNYAN
OACONKKKK,CNDAL,CNYAN
OACKYAKKK,CNDAL,CNYAN
OACONKKKK,CNDAL,CNYAN
OACKYAKKK,CNDAL,CNYAN
OACKYAKKK,CNDAL,CNYAN
OACONKKKK,CNDAL,CNYAN
OACKYAKKK,CNDAL,CNYAN
OACONKKKK,CNDAL,CNYAN
OACKYAKKK,CNDAL,CNYAN
OACKYAKKK,CNDAL,CNYAN
OACKYAKKK,CNDAL,CNYAN
OACONKKKK,CNDAL,CNYAN
OACKYAKKK,CNDAL,CNYAN
OACKYAKKK,CNDAL,CNYAN
OACKYAKKK,CNDAL,CNYAN
OACONKKKK,CNDAL,CNYAN
OACKYAKKK,CNDAL,CNYAN
OACONKKKK,CNDAL,CNYAN
OACKYAKKK,CNDAL,CNYAN
OACKYAKKK,CNDAL,CNYAN
OACONKKKK,CNDAL,CNYAN
OACKYAKKK,CNDAL,CNYAN
OACKYAKKK,CNDAL,CNYAN
OACKYAKKK,CNDAL,CNYAN
OACKYAKKK,CNDAL,CNYAN
OACKYAKKK,CNDAL,CNYAN
OACKYAKKK,CNDAL,CNYAN
OACKYAKKK,CNDAL,CNYAN
OACKYAKKK,CNDAL,CNYAN
OACONKKKK,CNDAL,CNYAN
OACKYAKKK,CNDAL,CNYAN
OACONKKKK,CNDAL,CNYAN
OACKYAKKK,CNDAL,CNYAN
OACKYAKKK,CNDAL,CNYAN
OACKYAKKK,CNDAL,CNYAN
OACKYAKKK,CNDAL,CNYAN
OACKYAKKK,CNDAL,CNYAN
OACONKKKK,CNDAL,CNYAN
OACKYAKKK,CNDAL,CNYAN
OACKYAKKK,CNDAL,CNYAN
OACKYAKKK,CNDAL,CNYAN
OACKYAKKK,CNDAL,CNYAN
OACKYAKKK,CNDAL,CNYAN
OACCKGORK,CNDAL,CNYAN
OACONKKKK,CNDAL,CNYAN
OACKYAKKK,CNDAL,CNYAN
OACKYAKKK,CNDAL,CNYAN
OACKYAKKK,CNDAL,CNYAN
OACONKKKK,CNDAL,CNYAN
OACKYAKKK,CNDAL,CNYAN
OACONKKKK,CNDAL,CNYAN
OACKYAKKK,CNDAL,CNYAN
OACKYAKKK,CNDAL,CNYAN
OACKYAKKK,CNDAL,CNYAN
OACONKKKK,CNDAL,CNYAN
OACKYAKKK,CNDAL,CNYAN
OACKYAKKK,CNDAL,CNYAN
OACKYAKKK,CNDAL,CNYAN
OACONKKKK,CNDAL,CNYAN
OACKYAKKK,CNDAL,CNYAN
OACONKKKK,CNDAL,CNYAN
OACKYAKKK,CNDAL,CNYAN
OACCKSKRK,CNDAL,CNYAN
OACONKKKK,CNDAL,CNYAN
OACKYAKKK,CNDAL,CNYAN
OACKYAKKK,CNDAL,CNYAN
OACKYAKKK,CNDAL,CNYAN
OACKYAKKK,CNDAL,CNYAN
OACKYAKKK,CNDAL,CNYAN
OACKYAKKK,CNDAL,CNYAN
OACONKKKK,CNDAL,CNYAN
OACKYAKKK,CNDAL,CNYAN
OACKYAKKK,CNDAL,CNYAN
OACONKKKK,CNDAL,CNYAN
OACKYAKKK,CNDAL,CNYAN
OACONKKKK,CNDAL,CNYAN
OACKYAKKK,CNDAL,CNYAN
OACCKSKRK,CNDAL,CNYAN
OACKYAKKK,CNDAL,CNYAN
OACONKKKK,CNDAL,CNYAN
OACKYAKKK,CNDAL,CNYAN
OACCKSKRK,CNDAL,CNYAN
OACKYAKKK,CNDAL,CNYAN
OACKYAKKK,CNDAL,CNYAN
OACKYAKKK,CNDAL,CNYAN
OACONKKKK,CNDAL,CNYAN
OACKYAKKK,CNDAL,CNYAN
OACONKKKK,CNDAL,CNYAN
OACKYAKKK,CNDAL,CNYAN
OACONKKKK,CNDAL,CNYAN
OACKYAKKK,CNDAL,CNYAN
OACKYAKKK,CNDAL,CNYAN
OACONKKKK,CNDAL,CNYAN
OACONKKKK,CNDAL,CNYAN
OACKYAKKK,CNDAL,CNYAN
OACONKKKK,CNDAL,CNYAN
OACONKKKK,CNDAL,CNYAN
OACKYAKKK,CNDAL,CNYAN
OACONKKKK,CNDAL,CNYAN
OACKYAKKK,CNDAL,CNYAN
OACKYAKKK,CNDAL,CNYAN
OACONKKKK,CNDAL,CNYAN
OACONKKKK,CNDAL,CNYAN
OACKYAKKK,CNDAL,CNYAN
OACKYAKKK,CNDAL,CNYAN
OACKYAKKK,CNDAL,CNYAN
OACKYAKKK,CNDAL,CNYAN
OACONKKKK,CNDAL,CNYAN
OACONKKKK,CNDAL,CNYAN
OACONKKKK,CNDAL,CNYAN
OACKYAKKK,CNDAL,CNYAN
OACKYAKKK,CNDAL,CNYAN
OACKYAKKK,CNDAL,CNYAN
OACKYAKKK,CNDAL,CNYAN
OACKYAKKK,CNDAL,CNYAN
OACONKKKK,CNDAL,CNYAN
OACONKKKK,CNDAL,CNYAN
OACKYAKKK,CNDAL,CNYAN
OACONKKKK,CNDAL,CNYAN
OACONKKKK,CNDAL,CNYAN
OACKYAKKK,CNDAL,CNYAN
OACKYAKKK,CNDAL,CNYAN
OACONKKKK,CNDAL,CNYAN
OACKYAKKK,CNDAL,CNYAN
OACONKKKK,CNDAL,CNYAN
OACKYAKKK,CNDAL,CNYAN
OACKYAKKK,CNDAL,CNYAN
OACKYAKKK,CNDAL,CNYAN
OACKYAKKK,CNDAL,CNYAN
OACKYAKKK,CNDAL,CNYAN
OACKYAKKK,CNDAL,CNYAN
OACONKKKK,CNDAL,CNYAN
OACKYAKKK,CNDAL,CNYAN
OACKYAKKK,CNDAL,CNYAN
OACKYAKKK,CNDAL,CNYAN
OACKYAKKK,CNDAL,CNYAN
OACONKKKK,CNDAL,CNYAN
OACKYAKKK,CNDAL,CNYAN
OACKYAKKK,CNDAL,CNYAN
OACONKKKK,CNDAL,CNYAN
OACKYAKKK,CNDAL,CNYAN
OACONKKKK,CNDAL,CNYAN
OACKYAKKK,CNDAL,CNYAN
OACONKKKK,CNDAL,CNYAN
OACONKKKK,CNDAL,CNYAN
OACKYAKKK,CNDAL,CNYAN
OACKYAKKK,CNDAL,CNYAN
OACKYAKKK,CNDAL,CNYAN
OACKYAKKK,CNDAL,CNYAN
OACKYAKKK,CNDAL,CNYAN
OACONKKKK,CNDAL,CNYAN
OACONKKKK,CNDAL,CNYAN
OACONKKKK,CNDAL,CNYAN
OACKYAKKK,CNDAL,CNYAN
OACKYAKKK,CNDAL,CNYAN
OACKYAKKK,CNDAL,CNYAN
OACKYAKKK,CNDAL,CNYAN
OACKYAKKK,CNDAL,CNYAN
OACONKKKK,CNDAL,CNYAN
OACKYAKKK,CNDAL,CNYAN
OACKYAKKK,CNDAL,CNYAN
OACKYAKKK,CNDAL,CNYAN
OACKYAKKK,CNDAL,CNYAN
OACKYAKKK,CNDAL,CNYAN
OACCKSKRK,CNDAL,CNYAN
OACKYAKKK,CNDAL,CNYAN
OACKYAKKK,CNDAL,CNYAN
OACKYAKKK,CNDAL,CNYAN
OACKYAKKK,CNDAL,CNYAN
OACKYAKKK,CNDAL,CNYAN
OACONKKKK,CNDAL,CNYAN
OACKYAKKK,CNDAL,CNYAN
OACKYAKKK,CNDAL,CNYAN
OACKYAKKK,CNDAL,CNYAN
OACKYAKKK,CNDAL,CNYAN
OACONKKKK,CNDAL,CNYAN
OACKYAKKK,CNDAL,CNYAN
OACKYAKKK,CNDAL,CNYAN
OACKYAKKK,CNDAL,CNYAN
OACCKGORK,CNDAL,CNYAN
OACKYAKKK,CNDAL,CNYAN
OACONKKKK,CNDAL,CNYAN
OACKYAKKK,CNDAL,CNYAN
OACKYAKKK,CNDAL,CNYAN
OACKYAKKK,CNDAL,CNYAN
OACONKKKK,CNDAL,CNYAN
OACKYAKKK,CNDAL,CNYAN
OACONKKKK,CNDAL,CNYAN
OACKYAKKK,CNDAL,CNYAN
OACKYAKKK,CNDAL,CNYAN
OACKYAKKK,CNDAL,CNYAN
OACKYAKKK,CNDAL,CNYAN
OACONKKKK,CNDAL,CNYAN
OACONKKKK,CNDAL,CNYAN
OACKYAKKK,CNDAL,CNYAN
OACKYAKKK,CNDAL,CNYAN
OACKYAKKK,CNDAL,CNYAN
OACKYAKKK,CNDAL,CNYAN
OACONKKKK,CNDAL,CNYAN
OACKYAKKK,CNDAL,CNYAN
OACKYAKKK,CNDAL,CNYAN
OACKYAKKK,CNDAL,CNYAN
OACKYAKKK,CNDAL,CNYAN
OACKYAKKK,CNDAL,CNYAN
OACKYAKKK,CNDAL,CNYAN
OACONKKKK,CNDAL,CNYAN
OACKYAKKK,CNDAL,CNYAN
OACKYAKKK,CNDAL,CNYAN
OACONKKKK,CNDAL,CNYAN
OACKYAKKK,CNDAL,CNYAN
OACKYAKKK,CNDAL,CNYAN
OACKYAKKK,CNDAL,CNYAN
OACKYAKKK,CNDAL,CNYAN
OACKYAKKK,CNDAL,CNYAN
OACKYAKKK,CNDAL,CNYAN
OACKYAKKK,CNDAL,CNYAN
OACONKKKK,CNDAL,CNYAN
OACKYAKKK,CNDAL,CNYAN
OACKYAKKK,CNDAL,CNYAN
OACKYAKKK,CNDAL,CNYAN
OACKYAKKK,CNDAL,CNYAN
OACKYAKKK,CNDAL,CNYAN
OACKYAKKK,CNDAL,CNYAN
OACKYAKKK,CNDAL,CNYAN
OACKYAKKK,CNDAL,CNYAN
OACKYAKKK,CNDAL,CNYAN
OACKYAKKK,CNDAL,CNYAN
OACKYAKKK,CNDAL,CNYAN
OACKYAKKK,CNDAL,CNYAN
OACKYAKKK,CNDAL,CNYAN
OACKYAKKK,CNDAL,CNYAN
OACONKKKK,CNDAL,CNYAN
OACKYAKKK,CNDAL,CNYAN
OACKYAKKK,CNDAL,CNYAN
OACKYAKKK,CNDAL,CNYAN
OACKYAKKK,CNDAL,CNYAN
OACKYAKKK,CNDAL,CNYAN
OACKYAKKK,CNDAL,CNYAN
OACKYAKKK,CNDAL,CNYAN
OACKYAKKK,CNDAL,CNYAN
OACONKKKK,CNDAL,CNYAN
OACKYAKKK,CNDAL,CNYAN
OACKYAKKK,CNDAL,CNYAN
OACKYAKKK,CNDAL,CNYAN
OACKYAKKK,CNDAL,CNYAN
OACKYAKKK,CNDAL,CNYAN
OACKYAKKK,CNDAL,CNYAN
OACKYAKKK,CNDAL,CNYAN
OACKYAKKK,CNDAL,CNYAN
OFFYOFGKK,CNDAL,CNYAN
OACKYAKKK,CNDAL,CNYAN
OACKYAKKK,CNDAL,CNYAN
OACKYAKKK,CNDAL,CNYAN
OACONKKKK,CNDAL,CNYAN
OACKYAKKK,CNDAL,CNYAN
OACKYAKKK,CNDAL,CNYAN
OACKYAKKK,CNDAL,CNYAN
OACKYAKKK,CNDAL,CNYAN
OACKYAKKK,CNDAL,CNYAN
OACKYAKKK,CNDAL,CNYAN
OACKYAKKK,CNDAL,CNYAN
OACKYAKKK,CNDAL,CNYAN
OACKYAKKK,CNDAL,CNYAN
OACKYAKKK,CNDAL,CNYAN
OACKYAKKK,CNDAL,CNYAN
OACKYAKKK,CNDAL,CNYAN
OACKYAKKK,CNDAL,CNYAN
OACKYAKKK,CNDAL,CNYAN
OACKYAKKK,CNDAL,CNYAN
OACONKKKK,CNDAL,CNYAN
OACKYAKKK,CNDAL,CNYAN
OACKYAKKK,CNDAL,CNYAN
OACONKKKK,CNDAL,CNYAN
OACKYAKKK,CNDAL,CNYAN
OACKYAKKK,CNDAL,CNYAN
OACKYAKKK,CNDAL,CNYAN
OACKYAKKK,CNDAL,CNYAN
OACKYAKKK,CNDAL,CNYAN
OACKYAKKK,CNDAL,CNYAN
OACKYAKKK,CNDAL,CNYAN
OACKYAKKK,CNDAL,CNYAN
OACKYAKKK,CNDAL,CNYAN
OACKYAKKK,CNDAL,CNYAN
OACKYAKKK,CNDAL,CNYAN
OACKYAKKK,CNDAL,CNYAN
OACKYAKKK,CNDAL,CNYAN
OACKYAKKK,CNDAL,CNYAN
OACKYAKKK,CNDAL,CNYAN
OACKYAKKK,CNDAL,CNYAN
OACONKKKK,CNDAL,CNYAN
OACKYAKKK,CNDAL,CNYAN
OACONKKKK,CNDAL,CNYAN
OACONKKKK,CNDAL,CNYAN
OACONKKKK,CNDAL,CNYAN
OACONKKKK,CNDAL,CNYAN
OACONKKKK,CNDAL,CNYAN
OACONKKKK,CNDAL,CNYAN
OACONKKKK,CNDAL,CNYAN
OACONKKKK,CNDAL,CNYAN
OACONKKKK,CNDAL,CNYAN
OACONKKKK,CNDAL,CNYAN
OACONKKKK,CNDAL,CNYAN
OACONKKKK,CNDAL,CNYAN
OACONKKKK,CNDAL,CNYAN
OACONKKKK,CNDAL,CNYAN
OACONKKKK,CNDAL,CNYAN
OACONKKKK,CNDAL,CNYAN
OACONKKKK,CNDAL,CNYAN
OACONKKKK,CNDAL,CNYAN
OACONKKKK,CNDAL,CNYAN
OACONKKKK,CNDAL,CNYAN
OACONKKKK,CNDAL,CNYAN
OACONKKKK,CNDAL,CNYAN
OACONKKKK,CNDAL,CNYAN
OACONKKKK,CNDAL,CNYAN
OACONKKKK,CNDAL,CNYAN
OACONKKKK,CNDAL,CNYAN
OACONKKKK,CNDAL,CNYAN
OACONKKKK,CNDAL,CNYAN
OACONKKKK,CNDAL,CNYAN
OACONKKKK,CNDAL,CNYAN
OACONKKKK,CNDAL,CNYAN
OACONKKKK,CNDAL,CNYAN
OACONKKKK,CNDAL,CNYAN
OACONKKKK,CNDAL,CNYAN
OACONKKKK,CNDAL,CNYAN
OACONKKKK,CNDAL,CNYAN
OACONKKKK,CNDAL,CNYAN
OACONKKKK,CNDAL,CNYAN
OACONKKKK,CNDAL,CNYAN
OACONKKKK,CNDAL,CNYAN
OACONKKKK,CNDAL,CNYAN
OACONKKKK,CNDAL,CNYAN
OACONKKKK,CNDAL,CNYAN
OACONKKKK,CNDAL,CNYAN
OACONKKKK,CNDAL,CNYAN
OACONKKKK,CNDAL,CNYAN
OACONKKKK,CNDAL,CNYAN
OACONKKKK,CNDAL,CNYAN
OACONKKKK,CNDAL,CNYAN
OACONKKKK,CNDAL,CNYAN
OACONKKKK,CNDAL,CNYAN
OACONKKKK,CNDAL,CNYAN
OACONKKKK,CNDAL,CNYAN
OACONKKKK,CNDAL,CNYAN
OACONKKKK,CNDAL,CNYAN
OACONKKKK,CNDAL,CNYAN
OACONKKKK,CNDAL,CNYAN
OACONKKKK,CNDAL,CNYAN
OACONKKKK,CNDAL,CNYAN
OACONKKKK,CNDAL,CNYAN
OACONKKKK,CNDAL,CNYAN
OACONKKKK,CNDAL,CNYAN
OACONKKKK,CNDAL,CNYAN
OACONKKKK,CNDAL,CNYAN
OACONKKKK,CNDAL,CNYAN
OACONKKKK,CNDAL,CNYAN
OACONKKKK,CNDAL,CNYAN
OACONKKKK,CNDAL,CNYAN
OACONKKKK,CNDAL,CNYAN
OACONKKKK,CNDAL,CNYAN
OACONKKKK,CNDAL,CNYAN
OACONKKKK,CNDAL,CNYAN
OACONKKKK,CNDAL,CNYAN
OACONKKKK,CNDAL,CNYAN
OACONKKKK,CNDAL,CNYAN
OACONKKKK,CNDAL,CNYAN
OACONKKKK,CNDAL,CNYAN
OACONKKKK,CNDAL,CNYAN
OACONKKKK,CNDAL,CNYAN
OACONKKKK,CNDAL,CNYAN
OACONKKKK,CNDAL,CNYAN
OACONKKKK,CNDAL,CNYAN
OACONKKKK,CNDAL,CNYAN
OACONKKKK,CNDAL,CNYAN
OACONKKKK,CNDAL,CNYAN
OACONKKKK,CNDAL,CNYAN
OACONKKKK,CNDAL,CNYAN
OACONKKKK,CNDAL,CNYAN
OACONKKKK,CNDAL,CNYAN
OACONKKKK,CNDAL,CNYAN
OACONKKKK,CNDAL,CNYAN
OACONKKKK,CNDAL,CNYAN
OACONKKKK,CNDAL,CNYAN
OACONKKKK,CNDAL,CNYAN
OACONKKKK,CNDAL,CNYAN
OACONKKKK,CNDAL,CNYAN
OACONKKKK,CNDAL,CNYAN
OACONKKKK,CNDAL,CNYAN
OACONKKKK,CNDAL,CNYAN
OACONKKKK,CNDAL,CNYAN
OACONKKKK,CNDAL,CNYAN
OACONKKKK,CNDAL,CNYAN
OACONKKKK,CNDAL,CNYAN
OACONKKKK,CNDAL,CNYAN
OACONKKKK,CNDAL,CNYAN
OACONKKKK,CNDAL,CNYAN
OACCKSKRK,CNDAL,CNYAN
OACONKKKK,CNDAL,CNYAN
OACONKKKK,CNDAL,CNYAN
OACONKKKK,CNDAL,CNYAN
OACONKKKK,CNDAL,CNYAN
OACONKKKK,CNDAL,CNYAN
OACONKKKK,CNDAL,CNYAN
OACONKKKK,CNDAL,CNYAN
OACONKKKK,CNDAL,CNYAN
OACONKKKK,CNDAL,CNYAN
OACONKKKK,CNDAL,CNYAN
OACONKKKK,CNDAL,CNYAN
OACONKKKK,CNDAL,CNYAN
OACONKKKK,CNDAL,CNYAN
OACONKKKK,CNDAL,CNYAN
OACONKKKK,CNDAL,CNYAN
OACONKKKK,CNDAL,CNYAN
OACONKKKK,CNDAL,CNYAN
OACONKKKK,CNDAL,CNYAN
OACONKKKK,CNDAL,CNYAN
OACONKKKK,CNDAL,CNYAN
OACONKKKK,CNDAL,CNYAN
OACONKKKK,CNDAL,CNYAN
OACONKKKK,CNDAL,CNYAN
OACONKKKK,CNDAL,CNYAN
OACONKKKK,CNDAL,CNYAN
OACONKKKK,CNDAL,CNYAN
OACONKKKK,CNDAL,CNYAN
OACONKKKK,CNDAL,CNYAN
OACONKKKK,CNDAL,CNYAN
OACONKKKK,CNDAL,CNYAN
OACONKKKK,CNDAL,CNYAN
OACONKKKK,CNDAL,CNYAN
OACONKKKK,CNDAL,CNYAN
OACONKKKK,CNDAL,CNYAN
OACCKSKRK,CNDAL,CNYAN
OACONKKKK,CNDAL,CNYAN
OACONKKKK,CNDAL,CNYAN
OACCKGORK,CNDAL,CNYAN
OACONKKKK,CNDAL,CNYAN
OACONKKKK,CNDAL,CNYAN
OACONKKKK,CNDAL,CNYAN
OACONKKKK,CNDAL,CNYAN
OACONKKKK,CNDAL,CNYAN
OACONKKKK,CNDAL,CNYAN
OACONKKKK,CNDAL,CNYAN
OACONKKKK,CNDAL,CNYAN
OACONKKKK,CNDAL,CNYAN
OACONKKKK,CNDAL,CNYAN
OACONKKKK,CNDAL,CNYAN
OACONKKKK,CNDAL,CNYAN
OACONKKKK,CNDAL,CNYAN
OACONKKKK,CNDAL,CNYAN
OACCKSKRK,CNDAL,CNYAN
OACCKSKRK,CNDAL,CNYAN
OACCKSKRK,CNDAL,CNYAN
OACCKSKRK,CNDAL,CNYAN
OACCKSKRK,CNDAL,CNYAN
OACCKSKRK,CNDAL,CNYAN
OACCKSKRK,CNDAL,CNYAN
OACCKSKRK,CNDAL,CNYAN
OACCKSKRK,CNDAL,CNYAN
OACCKSKRK,CNDAL,CNYAN
OACCKSKRK,CNDAL,CNYAN
OACCKSKRK,CNDAL,CNYAN
OACCKSKRK,CNDAL,CNYAN
OACCKSKRK,CNDAL,CNYAN
OACCKSKRK,CNDAL,CNYAN
OACCKSKRK,CNDAL,CNYAN
OACCKSKRK,CNDAL,CNYAN
OACCKSKRK,CNDAL,CNYAN
OACCKSKRK,CNDAL,CNYAN
OACCKSKRK,CNDAL,CNYAN
OACCKSKRK,CNDAL,CNYAN
OACCKSKRK,CNDAL,CNYAN
OACCKSKRK,CNDAL,CNYAN
OACCKSKRK,CNDAL,CNYAN
OACCKSKRK,CNDAL,CNYAN
OACCKSKRK,CNDAL,CNYAN
OACCKSKRK,CNDAL,CNYAN
OACCKSKRK,CNDAL,CNYAN
OACCKSKRK,CNDAL,CNYAN
OACCKSKRK,CNDAL,CNYAN
OACCKSKRK,CNDAL,CNYAN
OACCKSKRK,CNDAL,CNYAN
OACCKSKRK,CNDAL,CNYAN
OACCKSKRK,CNDAL,CNYAN
OACCKSKRK,CNDAL,CNYAN
OACCKSKRK,CNDAL,CNYAN
OACCKSKRK,CNDAL,CNYAN
OACCKSKRK,CNDAL,CNYAN
OACCKSKRK,CNDAL,CNYAN
OACCKSKRK,CNDAL,CNYAN
OACCKSKRK,CNDAL,CNYAN
OACCKSKRK,CNDAL,CNYAN
OACCKSKRK,CNDAL,CNYAN
OACCKSKRK,CNDAL,CNYAN
OACCKSKRK,CNDAL,CNYAN
OACCKSKRK,CNDAL,CNYAN
OACCKSKRK,CNDAL,CNYAN
OACCKSKRK,CNDAL,CNYAN
OACCKSKRK,CNDAL,CNYAN
OACCKSKRK,CNDAL,CNYAN
OACCKSKRK,CNDAL,CNYAN
OACCKSKRK,CNDAL,CNYAN
OACCKSKRK,CNDAL,CNYAN
OACCKSKRK,CNDAL,CNYAN
OACCKSKRK,CNDAL,CNYAN
OACCKSKRK,CNDAL,CNYAN
OACCKSKRK,CNDAL,CNYAN
OACCKSKRK,CNDAL,CNYAN
OACCKSKRK,CNDAL,CNYAN
OACCKSKRK,CNDAL,CNYAN
OACCKSKRK,CNDAL,CNYAN
OACCKSKRK,CNDAL,CNYAN
OACCKSKRK,CNDAL,CNYAN
OACCKSKRK,CNDAL,CNYAN
OACCKSKRK,CNDAL,CNYAN
OACCKSKRK,CNDAL,CNYAN
OACCKSKRK,CNDAL,CNYAN
OACCKSKRK,CNDAL,CNYAN
OACCKSKRK,CNDAL,CNYAN
OACCKSKRK,CNDAL,CNYAN
OACCKSKRK,CNDAL,CNYAN
OACCKSKRK,CNDAL,CNYAN
OACCKSKRK,CNDAL,CNYAN
OFFKFFFKK,CNDAL,CNYAN
OFFKFFFKK,CNDAL,CNYAN
OACCKSKRK,CNDAL,CNYAN
OFFKFFFKK,CNDAL,CNYAN
OACCKSKRK,CNDAL,CNYAN
OACCKSKRK,CNDAL,CNYAN
OACCKSKRK,CNDAL,CNYAN
OACCKSKRK,CNDAL,CNYAN
OACCKSKRK,CNDAL,CNYAN
OACCKSKRK,CNDAL,CNYAN
OACCKSKRK,CNDAL,CNYAN
OACCKSKRK,CNDAL,CNYAN
OACCKSKRK,CNDAL,CNYAN
OACCKSKRK,CNDAL,CNYAN
OACCKSKRK,CNDAL,CNYAN
OACCKSKRK,CNDAL,CNYAN
OACCKSKRK,CNDAL,CNYAN
OACCKSKRK,CNDAL,CNYAN
OACCKSKRK,CNDAL,CNYAN
OACCKSKRK,CNDAL,CNYAN
OACCKSKRK,CNDAL,CNYAN
OACCKSKRK,CNDAL,CNYAN
OACCKSKRK,CNDAL,CNYAN
OACCKSKRK,CNDAL,CNYAN
OACCKSKRK,CNDAL,CNYAN
OACCKSKRK,CNDAL,CNYAN
OACCKSKRK,CNDAL,CNYAN
OACCKSKRK,CNDAL,CNYAN
OACCKSKRK,CNDAL,CNYAN
OACCKSKRK,CNDAL,CNYAN
OACCKSKRK,CNDAL,CNYAN
OACCKSKRK,CNDAL,CNYAN
OACCKSKRK,CNDAL,CNYAN
OACCKSKRK,CNDAL,CNYAN
OACCKSKRK,CNDAL,CNYAN
OACCKSKRK,CNDAL,CNYAN
OACCKSKRK,CNDAL,CNYAN
OACCKSKRK,CNDAL,CNYAN
OACCKSKRK,CNDAL,CNYAN
OACCKSKRK,CNDAL,CNYAN
OACCKSKRK,CNDAL,CNYAN
OACCKSKRK,CNDAL,CNYAN
OACCKSKRK,CNDAL,CNYAN
OACCKSKRK,CNDAL,CNYAN
OACCKSKRK,CNDAL,CNYAN
OACCKSKRK,CNDAL,CNYAN
OACCKSKRK,CNDAL,CNYAN
OACCKSKRK,CNDAL,CNYAN
OACCKSKRK,CNDAL,CNYAN
OACCKSKRK,CNDAL,CNYAN
OACCKSKRK,CNDAL,CNYAN
OACCKSKRK,CNDAL,CNYAN
OACCKSKRK,CNDAL,CNYAN
OACCKSKRK,CNDAL,CNYAN
OACCKSKRK,CNDAL,CNYAN
OACCKSKRK,CNDAL,CNYAN
OACCKSKRK,CNDAL,CNYAN
OACCKSKRK,CNDAL,CNYAN
OACCKSKRK,CNDAL,CNYAN
OACCKSKRK,CNDAL,CNYAN
OACCKSKRK,CNDAL,CNYAN
OACCKSKRK,CNDAL,CNYAN
OACCKSKRK,CNDAL,CNYAN
OACCKSKRK,CNDAL,CNYAN
OACCKSKRK,CNDAL,CNYAN
OACCKSKRK,CNDAL,CNYAN
OACCKSKRK,CNDAL,CNYAN
OACCKSKRK,CNDAL,CNYAN
OACCKSKRK,CNDAL,CNYAN
OACCKSKRK,CNDAL,CNYAN
OACCKSKRK,CNDAL,CNYAN
OACCKSKRK,CNDAL,CNYAN
OACCKSKRK,CNDAL,CNYAN
OACCKSKRK,CNDAL,CNYAN
OACCKSKRK,CNDAL,CNYAN
OACCKSKRK,CNDAL,CNYAN
OACCKSKRK,CNDAL,CNYAN
OACCKSKRK,CNDAL,CNYAN
OACCKSKRK,CNDAL,CNYAN
OACCKSKRK,CNDAL,CNYAN
OACCKSKRK,CNDAL,CNYAN
OACCKSKRK,CNDAL,CNYAN
OACCKSKRK,CNDAL,CNYAN
OACCKSKRK,CNDAL,CNYAN
OACCKSKRK,CNDAL,CNYAN
OACCKSKRK,CNDAL,CNYAN
OACCKSKRK,CNDAL,CNYAN
OACCKSKRK,CNDAL,CNYAN
OACCKSKRK,CNDAL,CNYAN
OACCKSKRK,CNDAL,CNYAN
OACCKSKRK,CNDAL,CNYAN
OACCKSKRK,CNDAL,CNYAN
OACCKSKRK,CNDAL,CNYAN
OACCKSKRK,CNDAL,CNYAN
OACCKSKRK,CNDAL,CNYAN
OACCKSKRK,CNDAL,CNYAN
OACCKSKRK,CNDAL,CNYAN
OACCKSKRK,CNDAL,CNYAN
OACCKSKRK,CNDAL,CNYAN
OACCKSKRK,CNDAL,CNYAN
OACCKSKRK,CNDAL,CNYAN
OACCKSKRK,CNDAL,CNYAN
OACCKSKRK,CNDAL,CNYAN
OACCKSKRK,CNDAL,CNYAN
OACCKSKRK,CNDAL,CNYAN
OACCKSKRK,CNDAL,CNYAN
OACCKSKRK,CNDAL,CNYAN
OACCKSKRK,CNDAL,CNYAN
OACCKSKRK,CNDAL,CNYAN
OACCKSKRK,CNDAL,CNYAN
OACCKSKRK,CNDAL,CNYAN
OACCKSKRK,CNDAL,CNYAN
OACCKSKRK,CNDAL,CNYAN
OACCKSKRK,CNDAL,CNYAN
OACCKSKRK,CNDAL,CNYAN
OACCKSKRK,CNDAL,CNYAN
OACCKSKRK,CNDAL,CNYAN
OACCKSKRK,CNDAL,CNYAN
OACCKSKRK,CNDAL,CNYAN
OACCKSKRK,CNDAL,CNYAN
OACCKSKRK,CNDAL,CNYAN
OACCKSKRK,CNDAL,CNYAN
OACCKSKRK,CNDAL,CNYAN
OACCKSKRK,CNDAL,CNYAN
OACCKSKRK,CNDAL,CNYAN
OACCKSKRK,CNDAL,CNYAN
OACCKSKRK,CNDAL,CNYAN
OACCKSKRK,CNDAL,CNYAN
OACCKSKRK,CNDAL,CNYAN
OACCKSKRK,CNDAL,CNYAN
OACCKSKRK,CNDAL,CNYAN
OACCKSKRK,CNDAL,CNYAN
OACCKSKRK,CNDAL,CNYAN
OACCKSKRK,CNDAL,CNYAN
OACCKSKRK,CNDAL,CNYAN
OACCKSKRK,CNDAL,CNYAN
OACCKSKRK,CNDAL,CNYAN
OACCKSKRK,CNDAL,CNYAN
OACCKSKRK,CNDAL,CNYAN
OACCKSKRK,CNDAL,CNYAN
OACCKSKRK,CNDAL,CNYAN
OACCKSKRK,CNDAL,CNYAN
OACCKSKRK,CNDAL,CNYAN
OACCKSKRK,CNDAL,CNYAN
OACCKSKRK,CNDAL,CNYAN
OACCKSKRK,CNDAL,CNYAN
OACCKSKRK,CNDAL,CNYAN
OACCKSKRK,CNDAL,CNYAN
OACCKSKRK,CNDAL,CNYAN
OACCKSKRK,CNDAL,CNYAN
OACCKSKRK,CNDAL,CNYAN
OACCKSKRK,CNDAL,CNYAN
OACCKSKRK,CNDAL,CNYAN
OACCKSKRK,CNDAL,CNYAN
OACCKSKRK,CNDAL,CNYAN
OACCKSKRK,CNDAL,CNYAN
OACCKSKRK,CNDAL,CNYAN
OACCKSKRK,CNDAL,CNYAN
OACCKSKRK,CNDAL,CNYAN
OACCKSKRK,CNDAL,CNYAN
OACCKSKRK,CNDAL,CNYAN
OACCKSKRK,CNDAL,CNYAN
OACCKSKRK,CNDAL,CNYAN
OACCKSKRK,CNDAL,CNYAN
OACCKSKRK,CNDAL,CNYAN
OACCKSKRK,CNDAL,CNYAN
OACCKSKRK,CNDAL,CNYAN
OACCKSKRK,CNDAL,CNYAN
OACCKSKRK,CNDAL,CNYAN
OACCKSKRK,CNDAL,CNYAN
OACCKSKRK,CNDAL,CNYAN
OACCKSKRK,CNDAL,CNYAN
OACCKSKRK,CNDAL,CNYAN
OACCKSKRK,CNDAL,CNYAN
OACCKSKRK,CNDAL,CNYAN
OACCKSKRK,CNDAL,CNYAN
OACCKSKRK,CNDAL,CNYAN
OACCKSKRK,CNDAL,CNYAN
OACCKSKRK,CNDAL,CNYAN
OACCKSKRK,CNDAL,CNYAN
OACCKSKRK,CNDAL,CNYAN
OACCKSKRK,CNDAL,CNYAN
OACCKSKRK,CNDAL,CNYAN
OACCKSKRK,CNDAL,CNYAN
OACCKSKRK,CNDAL,CNYAN
OACCKSKRK,CNDAL,CNYAN
OACCKSKRK,CNDAL,CNYAN
OACCKSKRK,CNDAL,CNYAN
OACCKSKRK,CNDAL,CNYAN
OACCKSKRK,CNDAL,CNYAN
OACCKSKRK,CNDAL,CNYAN
OACCKSKRK,CNDAL,CNYAN
OACCKSKRK,CNDAL,CNYAN
OACCKSKRK,CNDAL,CNYAN
OACCKSKRK,CNDAL,CNYAN
OACCKSKRK,CNDAL,CNYAN
OACCKSKRK,CNDAL,CNYAN
OACCKSKRK,CNDAL,CNYAN
OACCKSKRK,CNDAL,CNYAN
OACCKSKRK,CNDAL,CNYAN
OACCKSKRK,CNDAL,CNYAN
OACCKSKRK,CNDAL,CNYAN
OACCKSKRK,CNDAL,CNYAN
OACCKSKRK,CNDAL,CNYAN
OACCKSKRK,CNDAL,CNYAN
OACCKSKRK,CNDAL,CNYAN
OACCKSKRK,CNDAL,CNYAN
OACCKSKRK,CNDAL,CNYAN
OACCKSKRK,CNDAL,CNYAN
OACCKSKRK,CNDAL,CNYAN
OACCKSKRK,CNDAL,CNYAN
OACCKSKRK,CNDAL,CNYAN
OACCKSKRK,CNDAL,CNYAN
OACCKSKRK,CNDAL,CNYAN
OACCKSKRK,CNDAL,CNYAN
OACCKSKRK,CNDAL,CNYAN
OACCKSKRK,CNDAL,CNYAN
OACCKSKRK,CNDAL,CNYAN
OACCKSKRK,CNDAL,CNYAN
OACCKSKRK,CNDAL,CNYAN
OACCKSKRK,CNDAL,CNYAN
OACCKSKRK,CNDAL,CNYAN
OACCKSKRK,CNDAL,CNYAN
OACCKSKRK,CNDAL,CNYAN
OACCKSKRK,CNDAL,CNYAN
OACCKSKRK,CNDAL,CNYAN
OACCKSKRK,CNDAL,CNYAN
OACCKSKRK,CNDAL,CNYAN
OACCKSKRK,CNDAL,CNYAN
OACCKSKRK,CNDAL,CNYAN
OACCKSKRK,CNDAL,CNYAN
OACCKSKRK,CNDAL,CNYAN
OACCKSKRK,CNDAL,CNYAN
OACCKSKRK,CNDAL,CNYAN
OACCKSKRK,CNDAL,CNYAN
OACCKSKRK,CNDAL,CNYAN
OACCKSKRK,CNDAL,CNYAN
OACCKSKRK,CNDAL,CNYAN
OACCKSKRK,CNDAL,CNYAN
OACCKGORK,CNDAL,CNYAN
OACCKGORK,CNDAL,CNYAN
OACCKGORK,CNDAL,CNYAN
OACCKGORK,CNDAL,CNYAN
OACCKGORK,CNDAL,CNYAN
OACCKGORK,CNDAL,CNYAN
OACCKGORK,CNDAL,CNYAN
OACCKGORK,CNDAL,CNYAN
OACCKGORK,CNDAL,CNYAN
OACCKGORK,CNDAL,CNYAN
OACCKGORK,CNDAL,CNYAN
OACCKGORK,CNDAL,CNYAN
OACCKSKRK,CNDAL,CNYAN
OACCKSKRK,CNDAL,CNYAN
OACCKSKRK,CNDAL,CNYAN
OACCKGORK,CNDAL,CNYAN
OACCKGORK,CNDAL,CNYAN
OACCKSKRK,CNDAL,CNYAN
OACCKGORK,CNDAL,CNYAN
OACCKGORK,CNDAL,CNYAN
OACCKSKRK,CNDAL,CNYAN
OACCKGORK,CNDAL,CNYAN
OACCKGORK,CNDAL,CNYAN
OACCKGORK,CNDAL,CNYAN
OACCKGORK,CNDAL,CNYAN
OACCKGORK,CNDAL,CNYAN
OACCKSKRK,CNDAL,CNYAN
OACCKGORK,CNDAL,CNYAN
OACCKGORK,CNDAL,CNYAN
OACCKGORK,CNDAL,CNYAN
OACCKGORK,CNDAL,CNYAN
OACCKGORK,CNDAL,CNYAN
OACCKGORK,CNDAL,CNYAN
OACCKGORK,CNDAL,CNYAN
OACCKGORK,CNDAL,CNYAN
OACCKGORK,CNDAL,CNYAN
OACCKGORK,CNDAL,CNYAN
OACCKGORK,CNDAL,CNYAN
OACCKGORK,CNDAL,CNYAN
OACCKSKRK,CNDAL,CNYAN
OACCKGORK,CNDAL,CNYAN
OACCKGORK,CNDAL,CNYAN
OACCKGORK,CNDAL,CNYAN
OACCKSKRK,CNDAL,CNYAN
OACCKGORK,CNDAL,CNYAN
OACCKGORK,CNDAL,CNYAN
OACCKGORK,CNDAL,CNYAN
OACCKGORK,CNDAL,CNYAN
OACCKGORK,CNDAL,CNYAN
OACCKSKRK,CNDAL,CNYAN
OACCKSKRK,CNDAL,CNYAN
OACCKGORK,CNDAL,CNYAN
OACCKGORK,CNDAL,CNYAN
OACCKGORK,CNDAL,CNYAN
OACCKGORK,CNDAL,CNYAN
OACCKGORK,CNDAL,CNYAN
OACCKSKRK,CNDAL,CNYAN
OACCKGORK,CNDAL,CNYAN
OACCKGORK,CNDAL,CNYAN
OACCKGORK,CNDAL,CNYAN
OACCKGORK,CNDAL,CNYAN
OACCKGORK,CNDAL,CNYAN
OACCKGORK,CNDAL,CNYAN
OACCKGORK,CNDAL,CNYAN
OACCKGORK,CNDAL,CNYAN
OACCKGORK,CNDAL,CNYAN
OACCKGORK,CNDAL,CNYAN
OACCKGORK,CNDAL,CNYAN
OACCKGORK,CNDAL,CNYAN
OACCKGORK,CNDAL,CNYAN
OACCKGORK,CNDAL,CNYAN
OACCKGORK,CNDAL,CNYAN
OACCKGORK,CNDAL,CNYAN
OACCKGORK,CNDAL,CNYAN
OACCKGORK,CNDAL,CNYAN
OACCKGORK,CNDAL,CNYAN
OACCKGORK,CNDAL,CNYAN
OACCKGORK,CNDAL,CNYAN
OACCKGORK,CNDAL,CNYAN
OACCKGORK,CNDAL,CNYAN
OACCKGORK,CNDAL,CNYAN
OACCKGORK,CNDAL,CNYAN
OACCKGORK,CNDAL,CNYAN
OACCKGORK,CNDAL,CNYAN
OACCKGORK,CNDAL,CNYAN
OACCKGORK,CNDAL,CNYAN
OACCKGORK,CNDAL,CNYAN
OACCKGORK,CNDAL,CNYAN
OACCKGORK,CNDAL,CNYAN
OACCKGORK,CNDAL,CNYAN
OACCKGORK,CNDAL,CNYAN
OACCKGORK,CNDAL,CNYAN
OACCKGORK,CNDAL,CNYAN
OACCKSKRK,CNDAL,CNYAN
OACCKGORK,CNDAL,CNYAN
OACCKGORK,CNDAL,CNYAN
OACCKGORK,CNDAL,CNYAN
OACCKSKRK,CNDAL,CNYAN
OACCKGORK,CNDAL,CNYAN
OACCKGORK,CNDAL,CNYAN
OACCKGORK,CNDAL,CNYAN
OACCKGORK,CNDAL,CNYAN
OACCKGORK,CNDAL,CNYAN
OACCKGORK,CNDAL,CNYAN
OACCKGORK,CNDAL,CNYAN
OACCKGORK,CNDAL,CNYAN
OACCKGORK,CNDAL,CNYAN
OACCKGORK,CNDAL,CNYAN
OACCKGORK,CNDAL,CNYAN
OACCKGORK,CNDAL,CNYAN
OACCKSKRK,CNDAL,CNYAN
OACCKGORK,CNDAL,CNYAN
OACCKGORK,CNDAL,CNYAN
OACCKGORK,CNDAL,CNYAN
OACCKGORK,CNDAL,CNYAN
OACCKGORK,CNDAL,CNYAN
OACCKGORK,CNDAL,CNYAN
OACCKGORK,CNDAL,CNYAN
OACCKGORK,CNDAL,CNYAN
OACCKGORK,CNDAL,CNYAN
OACCKGORK,CNDAL,CNYAN
OACCKGORK,CNDAL,CNYAN
OACCKGORK,CNDAL,CNYAN
OACCKGORK,CNDAL,CNYAN
OACCKGORK,CNDAL,CNYAN
OACCKGORK,CNDAL,CNYAN
OACCKGORK,CNDAL,CNYAN
OACCKGORK,CNDAL,CNYAN
OACCKGORK,CNDAL,CNYAN
OACCKGORK,CNDAL,CNYAN
OACCKGORK,CNDAL,CNYAN
OACCKGORK,CNDAL,CNYAN
OACCKGORK,CNDAL,CNYAN
OACCKGORK,CNDAL,CNYAN
OACCKGORK,CNDAL,CNYAN
OACCKGORK,CNDAL,CNYAN
OACCKGORK,CNDAL,CNYAN
OACCKGORK,CNDAL,CNYAN
OACCKGORK,CNDAL,CNYAN
OACCKGORK,CNDAL,CNYAN
OACCKGORK,CNDAL,CNYAN
OACCKGORK,CNDAL,CNYAN
OARACFKKK,CNDAL,CNYAN
OARACFKKK,CNDAL,CNYAN
OFFRAYRKK,CNDAL,CNYAN
OARACFKKK,CNDAL,CNYAN
OARACFKKK,CNDAL,CNYAN
OARACFKKK,CNDAL,CNYAN
OARACFKKK,CNDAL,CNYAN
OARACFKKK,CNDAL,CNYAN
OARACFKKK,CNDAL,CNYAN
OARACFKKK,CNDAL,CNYAN
OARACFKKK,CNDAL,CNYAN
OARACFKKK,CNDAL,CNYAN
OARACFKKK,CNDAL,CNYAN
OARACFKKK,CNDAL,CNYAN
OARACFKKK,CNDAL,CNYAN
OARACFKKK,CNDAL,CNYAN
OARACFKKK,CNDAL,CNYAN
OARACFKKK,CNDAL,CNYAN
OFFRAYRKK,CNDAL,CNYAN
OARACFKKK,CNDAL,CNYAN
OARACFKKK,CNDAL,CNYAN
OARACFKKK,CNDAL,CNYAN
OARACFKKK,CNDAL,CNYAN
OARACFKKK,CNDAL,CNYAN
OFFRAYRKK,CNDAL,CNYAN
OARACFKKK,CNDAL,CNYAN
OARACFKKK,CNDAL,CNYAN
OARACFKKK,CNDAL,CNYAN
OARACFKKK,CNDAL,CNYAN
OARACFKKK,CNDAL,CNYAN
OARACFKKK,CNDAL,CNYAN
OARACFKKK,CNDAL,CNYAN
OARACFKKK,CNDAL,CNYAN
OARACFKKK,CNDAL,CNYAN
OARACFKKK,CNDAL,CNYAN
OARACFKKK,CNDAL,CNYAN
OFFRAYRKK,CNDAL,CNYAN
OARACFKKK,CNDAL,CNYAN
OARACFKKK,CNDAL,CNYAN
OARACFKKK,CNDAL,CNYAN
OARACFKKK,CNDAL,CNYAN
OARACFKKK,CNDAL,CNYAN
OARACFKKK,CNDAL,CNYAN
OARACFKKK,CNDAL,CNYAN
OARACFKKK,CNDAL,CNYAN
OARCFYGGK,CNDAL,CNYIZ
OACOFFFOK,CNDAL,CNYIZ
OACFKGKKK,CNDAL,CNYPG
OARASCKKK,CNDAL,CNYPG
OFFANFOKK,CNDAL,CNYSN
OFFANFSKK,CNDAL,CNYSN
OFFAFCFKK,CNDAL,CNYSN
OARCGSNFK,CNDAL,CNYSN
OFFANOFKK,CNDAL,CNYSN
OFFAOSSKK,CNDAL,CNYSN
OFFARYAKK,CNDAL,CNYSN
OFFAYOOKK,CNDAL,CNYSN
OARCGSNFK,CNDAL,CNYSN
OFFAYOAKK,CNDAL,CNYSN
OFFAFCFKK,CNDAL,CNYSN
OFFARYAKK,CNDAL,CNYSN
OARCGSNFK,CNDAL,CNYSN
OAOFRCKKK,CNDAL,CNZHA
OFFARFSKK,CNDAL,CNZHA
OFFAKSCKK,CNDAL,CNZHA
OAOFOGKKK,CNDAL,CNZHA
OAROONGSK,CNDAL,CNZHE
OARAGCKKK,CNDAL,CNZOS
OFFGOSCKK,CNDAL,IQMAB
OAOOYKKKK,CNDAL,IQMAB
OFFCOCFKK,CNDAL,IQMAB
OFFAKNFKK,CNDAL,JPCBA
RNORNSKKK,CNDAL,JPTOK
OAONORKKK,CNDAL,KRGWA
OAONORKKK,CNDAL,KRINC
OFFYARAKK,CNDAL,KRPOH
OFFARFSKK,CNDAL,KRULS
NGGAFNKKK,CNDAL,KRULS
OFFAKKCKK,CNDAL,KRYOS
OARSNSKKK,CNDAL,KRYOS
OAOCARKKK,CNDAL,OMMAF
RFCCNAKKK,CNDAL,OMMAF
OFFCOCSKK,CNDAL,OMMAF
OFFYGFYKK,CNDAL,OMMAF
OAOOSKKKK,CNDAL,OMMAF
OFFAKSCKK,CNDAL,PKQAS
NGGAFNKKK,CNDAL,PKQAS
NGRKASOKK,CNDAL,QAASN
OACOFAKKK,CNDAL,RUKZM
OARSOSKKK,CNDAL,RUKZM
RFASOFKKK,CNDAL,SAJUT
OFFCOCYKK,CNDAL,SAJUT
OFFCKCCKK,CNDAL,SAJUT
OARASSKKK,CNDAL,SAJUT
OAOCKSKKK,CNDAL,SARTA
OFFCOCSKK,CNDAL,SARTA
OARASSKKK,CNDAL,SARTA
OFFYKCGKK,CNDAL,USPTD
OAONSSKKK,CNDCB,BRSTS
OAOONNKKK,CNDCB,BRSTS
OAOKACKKK,CNDCB,BRSTS
OARYGNKKK,CNDCB,CNBYQ
OARAOGKKK,CNDCB,CNBYQ
OARARAKKK,CNDCB,CNBYQ
OACGRRKKK,CNDCB,CNBYQ
OACACAKKK,CNDCB,CNCGM
OACACKKKK,CNDCB,CNCGM
OAORCSKKK,CNDCB,CNGLA
OAOROCKKK,CNDCB,CNGLA
OARAOOKKK,CNDCB,CNGLA
OACGNSKKK,CNDCB,CNGLA
OARKNYKKK,CNDCB,CNJIN
OACFARKKK,CNDCB,CNJIN
OARFGKKKK,CNDCB,CNJIN
OARKNYKKK,CNDCB,CNJIN
OARFGRKKK,CNDCB,CNJIN
OARFGKKKK,CNDCB,CNJIN
OACFOGKKK,CNDCB,CNJIN
OACFARKKK,CNDCB,CNJIN
OACFARKKK,CNDCB,CNJIN
OARFGKKKK,CNDCB,CNJIN
OACGNSKKK,CNDCB,CNJIT
OAORONKKK,CNDCB,CNJIT
OAORONKKK,CNDCB,CNJIT
OAORCSKKK,CNDCB,CNJIT
OAORCSKKK,CNDCB,CNJIT
OAORCSKKK,CNDCB,CNJIT
OAORCSKKK,CNDCB,CNJIT
OAORCSKKK,CNDCB,CNJIT
OAORCSKKK,CNDCB,CNJIT
OAORCSKKK,CNDCB,CNJIT
OAORONKKK,CNDCB,CNJIT
OAORCSKKK,CNDCB,CNJIT
OACGNSKKK,CNDCB,CNJIT
OAORCSKKK,CNDCB,CNJIT
OACGNSKKK,CNDCB,CNJIT
OACGNSKKK,CNDCB,CNJIT
OAORONKKK,CNDCB,CNJIT
OAORCSKKK,CNDCB,CNJIT
OAORCSKKK,CNDCB,CNJIT
OAORCSKKK,CNDCB,CNJIT
OAORCSKKK,CNDCB,CNJIT
OAORONKKK,CNDCB,CNJIT
OACGNSKKK,CNDCB,CNJIT
OAORCSKKK,CNDCB,CNJIT
OARAOCKKK,CNDCB,CNJIT
OAORCSKKK,CNDCB,CNJIT
OACGNSKKK,CNDCB,CNJIT
OAORCSKKK,CNDCB,CNJIT
OAORCSKKK,CNDCB,CNJIT
OAORCSKKK,CNDCB,CNJIT
OACGNSKKK,CNDCB,CNJIT
OAORONKKK,CNDCB,CNJIT
OAORONKKK,CNDCB,CNJIT
OAORONKKK,CNDCB,CNJIT
OACGNSKKK,CNDCB,CNJIT
OAORONKKK,CNDCB,CNJIT
OACGNSKKK,CNDCB,CNJIT
OACGNSKKK,CNDCB,CNJIT
OAORONKKK,CNDCB,CNJIT
OAORONKKK,CNDCB,CNJIT
OAORONKKK,CNDCB,CNJIT
OAORONKKK,CNDCB,CNJIT
OAORONKKK,CNDCB,CNJIT
OAORONKKK,CNDCB,CNJIT
OAORONKKK,CNDCB,CNJIT
OAORONKKK,CNDCB,CNJIT
OAORONKKK,CNDCB,CNJIT
OACFARKKK,CNDCB,CNNBO
OARKNYKKK,CNDCB,CNNBO
OARFGKKKK,CNDCB,CNNBO
OARYGGKKK,CNDCB,CNQIZ
OARYGGKKK,CNDCB,CNQIZ
OARFGKKKK,CNDCB,CNQIZ
OARFGAKKK,CNDCB,CNQIZ
OACGNSKKK,CNDCB,CNQIZ
OARFGAKKK,CNDCB,CNQIZ
OAORAKKKK,CNDCB,CNQIZ
OACFNKKKK,CNDCB,CNQIZ
OACFNKKKK,CNDCB,CNQIZ
OACFNKKKK,CNDCB,CNQIZ
OARFGCKKK,CNDCB,CNQIZ
OARAOOKKK,CNDCB,CNQIZ
OACGNSKKK,CNDCB,CNTJN
OAORONKKK,CNDCB,CNTJN
OARFGRKKK,CNDCB,CNXIA
OARKNYKKK,CNDCB,CNXIA
OARARAKKK,CNDCB,CNYPG
OARAOOKKK,CNDCB,CNYPG
OAROYRKSK,CNDCB,CNZHA
OACCGKKKK,CNDCB,USLSA
OARCKYFNK,CNDCB,USLSA
OFFGGNAKK,CNDDG,AUDPR
OARNORKKK,CNDDG,AUPHE
RNRSKAKKK,CNDDG,AUPHE
OFFOOACKK,CNDDG,AUPHE
OAOFFFKKK,CNDDG,CNCJK
OARSYRKKK,CNDDG,CNHUA
OACCSYKKK,CNDDG,CNHUA
OARCGORSK,CNDDG,CNHUA
OARYNGKKK,CNDDG,CNHUA
OARGGKKKK,CNDDG,CNHUA
OAOARYKKK,CNDDG,CNJIJ
OARYNGKKK,CNDDG,CNJIT
OAOAFOKKK,CNDDG,CNQHD
OARRRYKKK,CNDDG,CNRIZ
NGRKCRGKK,CNDDG,CNRIZ
OAOFFFKKK,CNDDG,CNTAZ
NGRKCRGKK,CNDDG,CNTJN
OAOFSNKKK,CNDDG,CNTJN
OARYNGKKK,CNDDG,CNTJN
OACRFSFOK,CNDDG,CNXSN
OAOAGSKKK,CNDDG,CNYZH
OAOARYKKK,CNDDG,CNZHE
OFFNCFYKK,CNDDG,CNZHE
OAOARYKKK,CNDDG,CNZHE
OARYSYKKK,CNDDG,CNZHE
OAOAGGKKK,CNDDG,CNZJG
OFFRAYCKK,CNDJK,AUPHE
OFFGGNAKK,CNDJK,AUPWA
OARCAYKYK,CNDJK,CNCFD
OACKRNKKK,CNDJK,CNCJK
OARANGKKK,CNDJK,CNDAL
OAOFCGKKK,CNDJK,CNDAL
OAOFKNKKK,CNDJK,CNDYI
OARCAYKYK,CNDJK,CNDYI
OARCAYKYK,CNDJK,CNDYI
OARCYRNNK,CNDJK,CNDYI
OARANOKKK,CNDJK,CNDYI
OFFFCCCKK,CNDJK,CNFAN
OAOFKYKKK,CNDJK,CNHLD
OAOFCRKKK,CNDJK,CNHLD
OAOFORKKK,CNDJK,CNHUA
OARYSRKKK,CNDJK,CNJIA
RFKKFAKKK,CNDJK,CNJIA
OAOFKYKKK,CNDJK,CNJIN
OAOFKYKKK,CNDJK,CNJIN
OARCGAOFK,CNDJK,CNJIN
OAOFCRKKK,CNDJK,CNJIN
OAOFCRKKK,CNDJK,CNJIN
OAOFCRKKK,CNDJK,CNJIN
OARARFKKK,CNDJK,CNLSN
OFFAKKAKK,CNDJK,CNLSN
RFAGCKKKK,CNDJK,CNLYG
OARKGYKKK,CNDJK,CNLYG
OARKGYKKK,CNDJK,CNLYG
OFFGAFSKK,CNDJK,CNNBO
OARAOGKKK,CNDJK,CNQIZ
OARNORKKK,CNDJK,CNTJN
OAROONGSK,CNDJK,CNYAN
OAROONGSK,CNDJK,CNYAN
OARCAYKYK,CNDJK,CNYAN
OAROONGSK,CNDJK,CNYAN
OARAOCKKK,CNDJK,CNZHA
OAROONGSK,CNDJK,CNZHA
OFFOOACKK,CNDJK,CNZHE
OACNROKKK,CNDJK,CNZHE
OACKRNKKK,CNDJK,CNZJG
RFKARSKKK,CNDJK,CNZOS
OAOKFRKKK,CNDJK,JPFUK
RNFCKRKKK,CNDJK,JPKAW
OFFRSFOKK,CNDJK,JPOIT
OACOFAKKK,CNDJK,RUKZM
OARYFNKKK,CNDJK,RUKZM
OACOFFFOK,CNDNG,CNBAS
OAOAFOKKK,CNDNG,CNBYQ
OARARNKKK,CNDNG,CNCFD
OARSYGKKK,CNDNG,CNCFD
OFFASNNKK,CNDNG,CNCGM
OAOFAYKKK,CNDNG,CNDAL
OAOFAYKKK,CNDNG,CNDSN
OARCFYGGK,CNDNG,CNDYI
OAOFRCKKK,CNDNG,CNDYI
OARNCKCNK,CNDNG,CNFOS
OARRKCKCK,CNDNG,CNFUZ
OARGGKKKK,CNDNG,CNGUA
OARGGKKKK,CNDNG,CNGUA
OARCROGGK,CNDNG,CNHAA
OARCRRNGK,CNDNG,CNHAA
OARNCRCCK,CNDNG,CNHKO
OARNCRAYK,CNDNG,CNHKO
OARNCRCOK,CNDNG,CNHKO
OARNCCOSK,CNDNG,CNHKO
OARNCKCGK,CNDNG,CNHKO
OARNCNGRK,CNDNG,CNHKO
OACRNRKKK,CNDNG,CNHPU
OARRGSKKK,CNDNG,CNHPU
OARSRFKKK,CNDNG,CNHUA
OACOFFFOK,CNDNG,CNHUI
OARNCKCNK,CNDNG,CNHUI
OACNCRYAK,CNDNG,CNHUI
OACFOCKKK,CNDNG,CNJIT
OARAANKKK,CNDNG,CNJIT
OARRGSKKK,CNDNG,CNNBO
OAOFROKKK,CNDNG,CNPAN
OARAANKKK,CNDNG,CNQHD
OARAANKKK,CNDNG,CNQHD
OARAANKKK,CNDNG,CNQHD
OARRGSKKK,CNDNG,CNSDG
OARCFYGGK,CNDNG,CNZHA
OAOFRCKKK,CNDNG,CNZOS
OFFCAFSKK,CNDNG,HKHKG
OARNCFKSK,CNDNG,KRULS
OARNCFYAK,CNDNG,KRULS
OARNCFYAK,CNDNG,SGSGP
OACOFRKAK,CNDSN,CNCFD
OACOFFFOK,CNDSN,CNCJK
OARCFNYRK,CNDSN,CNCJK
OAONORKKK,CNDSN,CNDAL
OARCFGKFK,CNDSN,CNDYI
OARCFGKFK,CNDSN,CNGUA
OAOFAYKKK,CNDSN,CNHUI
OAOFROKKK,CNDSN,CNHUI
OAOFROKKK,CNDSN,CNHUI
OACRNRKKK,CNDSN,CNLYW
OAORGKKKK,CNDSN,CNMEZ
OARCFGKFK,CNDSN,CNSDG
OACOFFFOK,CNDSN,CNTAX
OAOFORKKK,CNDSN,CNTJN
OACONKKKK,CNDSN,CNXIA
OACONKKKK,CNDSN,CNXIA
OACONKKKK,CNDSN,CNXIA
OARCFNYRK,CNDSN,CNYIZ
OAOFCSKKK,CNDSN,CNYPG
OARACKKKK,CNDSN,CNZHA
OFFROKOKK,CNDSN,CNZOS
OAORCGKKK,CNDSN,CNZOS
OFFCRROKK,CNDSN,CNZOS
OARCRAFAK,CNDSN,CNZPU
OARCFNYRK,CNDSN,CNZPU
OFFASNNKK,CNDSN,KRGWA
OARAFCKKK,CNDSN,KRGWA
OAOFSYKKK,CNDYI,CN1087
OARAFFKKK,CNDYI,CN9014
OARARFKKK,CNDYI,CN9014
OARARFKKK,CNDYI,CN9014
OARANOKKK,CNDYI,CNBYQ
OAOFKNKKK,CNDYI,CNBYQ
OAOFCYKKK,CNDYI,CNBYQ
OAROONGSK,CNDYI,CNDAL
OARCRAFAK,CNDYI,CNDAL
OAOFKNKKK,CNDYI,CNDAL
OFFAKNFKK,CNDYI,CNDAL
OARARFKKK,CNDYI,CNDAL
OAOFSYKKK,CNDYI,CNDAL
OAOFKNKKK,CNDYI,CNDJK
OAOFRCKKK,CNDYI,CNFUN
OAOFOGKKK,CNDYI,CNFUN
OARCYRCOK,CNDYI,CNLKU
OAOFKNKKK,CNDYI,CNLSN
OAOFROKKK,CNDYI,CNMEZ
OARCFGKFK,CNDYI,CNNBO
OAROONGSK,CNDYI,CNNBO
OAOFOGKKK,CNDYI,CNNBO
OARCFYGGK,CNDYI,CNNTG
OARAFFKKK,CNDYI,CNPYU
OARAFSKKK,CNDYI,CNPYU
OAOFSOKKK,CNDYI,CNPYU
OAOFKNKKK,CNDYI,CNPYU
OAOFCYKKK,CNDYI,CNQHD
OARCAYKYK,CNDYI,CNQHD
OARCFYGGK,CNDYI,CNSHA
OAOFKNKKK,CNDYI,CNSIZ
OAOFCYKKK,CNDYI,CNSIZ
OAOFCYKKK,CNDYI,CNSIZ
OAOFCYKKK,CNDYI,CNSIZ
OAOFCYKKK,CNDYI,CNSIZ
OAOFKNKKK,CNDYI,CNSIZ
OAOFKNKKK,CNDYI,CNSIZ
OARCAYKYK,CNDYI,CNSIZ
OARCSFCFK,CNDYI,CNSIZ
OARCAYKYK,CNDYI,CNSIZ
OAOFKNKKK,CNDYI,CNSIZ
OAOFKNKKK,CNDYI,CNSIZ
OAOFKNKKK,CNDYI,CNSIZ
OARCSFCFK,CNDYI,CNSIZ
OARCAYKYK,CNDYI,CNSIZ
OAOFKNKKK,CNDYI,CNSIZ
OAOFCKKKK,CNDYI,CNSIZ
OARCYRCOK,CNDYI,CNSIZ
OARCYRNNK,CNDYI,CNSIZ
OARCYRNNK,CNDYI,CNSIZ
OARCSSAAK,CNDYI,CNSIZ
OARCSSAAK,CNDYI,CNTJN
OARCSSAAK,CNDYI,CNTJN
OARCFYGGK,CNDYI,CNWGQ
OARCFGKFK,CNDYI,CNZOS
OARCFGKFK,CNDYI,CNZOS
OACOFFFNK,CNDYI,CNZOS
OAOFOSKKK,CNDYI,RUNJK
OARCOFKKK,CNENP,CNLKU
OARAFFKKK,CNENP,CNYAN
OARAFSKKK,CNENP,CNYAN
OFFGGOCKK,CNFAN,AUDPR
OFFOCOYKK,CNFAN,AUDPR
OAOKFKKKK,CNFAN,AUPHE
OFFGYGNKK,CNFAN,AUPHE
OFFORNYKK,CNFAN,AUPHE
OARAYNKKK,CNFAN,CNBAS
RNRAORKKK,CNFAN,CNBYQ
OAOKKYKKK,CNFAN,CNCFD
OAOAFOKKK,CNFAN,CNHPU
OACAOYKKK,CNFAN,CNHUA
OACKSOKKK,CNFAN,CNHUA
OACAFGKKK,CNFAN,CNHUA
OAROFAYNK,CNFAN,CNLYG
OACACKKKK,CNFAN,CNLYG
OACACOKKK,CNFAN,CNMEZ
OARKGSKKK,CNFAN,CNQIZ
OACGNSKKK,CNFAN,CNQIZ
OARYRSKKK,CNFAN,CNQIZ
OARYRSKKK,CNFAN,CNQIZ
OAOROCKKK,CNFAN,CNQIZ
OAOROCKKK,CNFAN,CNQIZ
OARYRSKKK,CNFAN,CNQIZ
OAOROCKKK,CNFAN,CNQIZ
OACKSOKKK,CNFAN,CNTJN
OACKNGKKK,CNFAN,CNTJN
OARKKRKKK,CNFAN,CNYJG
OAROFAYFK,CNFAN,CNZJG
OFFFKSFKK,CNFAN,GNBFF
OFFFAGFKK,CNFAN,GNBFF
RNOYKSKKK,CNFAN,GNBFF
OFFFKGGKK,CNFAN,GNBFF
OFFFCCCKK,CNFAN,GNBFF
OFFGSARKK,CNFAN,GNBFF
OFFRSFRKK,CNFAN,GNBFF
OAROYNFGK,CNFAN,IDCXP
OAOFNNKKK,CNFAN,IDTBR
OFFKFSNKK,CNFAN,VNCAM
OAOAFNKKK,CNFAN,VNCAM
OFFGSARKK,CNFAN,ZASAB
OFFFKGGKK,CNFAN,ZASAB
OARNCKCNK,CNFOS,CNCZH
OARNCKCNK,CNFOS,CNCZH
OARNCKCNK,CNFOS,CNCZH
OARNCKCNK,CNFOS,CNDNG
OARNCKCNK,CNFOS,CNHUI
OARNCKCNK,CNFOS,CNHUI
OARNCKCNK,CNFOS,CNHUI
OARNCKCNK,CNFOS,CNHUI
OARNCKCNK,CNFOS,CNHUI
OARNCKCNK,CNFOS,CNHUI
OARNCKCNK,CNFOS,CNHUI
OARNCKCNK,CNFOS,CNHUI
OARNCKCNK,CNFOS,CNHUI
OARNCKCNK,CNFOS,CNHUI
OARNCKCNK,CNFOS,CNHUI
OARNCKCNK,CNFOS,CNHUI
OARNCKCNK,CNFOS,CNHUI
OARNCKCNK,CNFOS,CNHUI
OARNCKCNK,CNFOS,CNHUI
OARNCKCNK,CNFOS,CNHUI
OARNCKCNK,CNFOS,CNHUI
OARNCKCNK,CNFOS,CNSTO
OARNCKCNK,CNFOS,CNSTO
OACNCRYAK,CNFOS,CNYJG
OACOFGOCK,CNFUN,CNBAS
OACOFGOCK,CNFUN,CNBAS
OARAOAKKK,CNFUN,CNBYQ
OARAOCKKK,CNFUN,CNBYQ
OARASCKKK,CNFUN,CNDAL
OARASCKKK,CNFUN,CNDAL
OARCGSNFK,CNFUN,CNDAL
OARAFYKKK,CNFUN,CNDAL
OARASCKKK,CNFUN,CNDAL
OARAFYKKK,CNFUN,CNDAL
OARASAKKK,CNFUN,CNDAL
OAOFRCKKK,CNFUN,CNDAL
OARAFYKKK,CNFUN,CNDAL
OAORCSKKK,CNFUN,CNDCB
OAORCSKKK,CNFUN,CNDCB
OAORCSKKK,CNFUN,CNDCB
OAORCSKKK,CNFUN,CNDCB
OAORCSKKK,CNFUN,CNDCB
OAORCSKKK,CNFUN,CNDCB
OAORCSKKK,CNFUN,CNDCB
OAORCSKKK,CNFUN,CNDCB
OAORCSKKK,CNFUN,CNDCB
OAORCSKKK,CNFUN,CNDCB
OAOROCKKK,CNFUN,CNDCB
OAORONKKK,CNFUN,CNDCB
OAORONKKK,CNFUN,CNDCB
OAORONKKK,CNFUN,CNDCB
OAORONKKK,CNFUN,CNDCB
OAORONKKK,CNFUN,CNDCB
OAORONKKK,CNFUN,CNDCB
OAORONKKK,CNFUN,CNDCB
OAORONKKK,CNFUN,CNDCB
OAORONKKK,CNFUN,CNDCB
OAORONKKK,CNFUN,CNDCB
OAORONKKK,CNFUN,CNDCB
OAORONKKK,CNFUN,CNDCB
OACGNSKKK,CNFUN,CNDCB
OACGNSKKK,CNFUN,CNDCB
OACGNSKKK,CNFUN,CNDCB
OACGNSKKK,CNFUN,CNDCB
OACGNSKKK,CNFUN,CNDCB
OACGNSKKK,CNFUN,CNDCB
OACGNSKKK,CNFUN,CNDCB
OACGRRKKK,CNFUN,CNDCB
OACGKOKKK,CNFUN,CNFUZ
OARAFYKKK,CNFUN,CNGUA
OARCRAFAK,CNFUN,CNHUI
OACOFGOCK,CNFUN,CNHUI
OARAFYKKK,CNFUN,CNJIN
OARCFYGGK,CNFUN,CNJIN
OARCGSNFK,CNFUN,CNNBO
OARCGSNFK,CNFUN,CNNBO
OARCGSNFK,CNFUN,CNNBO
OARCGSNFK,CNFUN,CNNBO
OARCGSNFK,CNFUN,CNNBO
OARCRAFAK,CNFUN,CNNBO
OAOFARKKK,CNFUN,CNNBO
OACGRRKKK,CNFUN,CNNSA
OARARAKKK,CNFUN,CNNSA
OARAOGKKK,CNFUN,CNNSA
OARARAKKK,CNFUN,CNNSA
OARARAKKK,CNFUN,CNNSA
OARAOGKKK,CNFUN,CNNSA
OARAOGKKK,CNFUN,CNNSA
OACFAOKKK,CNFUN,CNNSA
OARARAKKK,CNFUN,CNNSA
OARARAKKK,CNFUN,CNNSA
OARAOGKKK,CNFUN,CNNSA
OACFAOKKK,CNFUN,CNNSA
OARAOGKKK,CNFUN,CNNSA
OACFAOKKK,CNFUN,CNNSA
OAOFKKKKK,CNFUN,CNNSA
OARAONKKK,CNFUN,CNNSA
OARAONKKK,CNFUN,CNNSA
OACFAOKKK,CNFUN,CNNSA
OACGRRKKK,CNFUN,CNNSA
OARAONKKK,CNFUN,CNNSA
OARAONKKK,CNFUN,CNNSA
OARAONKKK,CNFUN,CNNSA
OARAONKKK,CNFUN,CNNSA
OACGRRKKK,CNFUN,CNNSA
OARAONKKK,CNFUN,CNNSA
OARAONKKK,CNFUN,CNNSA
OARAONKKK,CNFUN,CNNSA
OARAOOKKK,CNFUN,CNNSA
OACFAOKKK,CNFUN,CNNSA
OACFAOKKK,CNFUN,CNNSA
OACFAOKKK,CNFUN,CNNSA
OACFAOKKK,CNFUN,CNNSA
OARYGNKKK,CNFUN,CNNSA
OARANRKKK,CNFUN,CNNSA
OARYGNKKK,CNFUN,CNNSA
OARYGNKKK,CNFUN,CNNSA
OARYGNKKK,CNFUN,CNNSA
OARANRKKK,CNFUN,CNNSA
OARYGNKKK,CNFUN,CNNSA
OARYGNKKK,CNFUN,CNNSA
OACFAOKKK,CNFUN,CNNSA
OACGRRKKK,CNFUN,CNNSA
OACFAOKKK,CNFUN,CNNSA
OARAOOKKK,CNFUN,CNNSA
OARYGNKKK,CNFUN,CNNSA
OAORCSKKK,CNFUN,CNNSA
OARANRKKK,CNFUN,CNNSA
OARYGNKKK,CNFUN,CNNSA
OARYGNKKK,CNFUN,CNNSA
OACGRRKKK,CNFUN,CNNSA
OARAOOKKK,CNFUN,CNNSA
OARARAKKK,CNFUN,CNNSA
OARFGCKKK,CNFUN,CNNSA
OARFGCKKK,CNFUN,CNNSA
OARARAKKK,CNFUN,CNNSA
OARFGCKKK,CNFUN,CNNSA
OARAOOKKK,CNFUN,CNNSA
OFFOOASKK,CNFUN,CNNSA
OARARAKKK,CNFUN,CNNSA
OARFGCKKK,CNFUN,CNNSA
OARARAKKK,CNFUN,CNNSA
OARFGCKKK,CNFUN,CNNSA
OARFGCKKK,CNFUN,CNNSA
OARARAKKK,CNFUN,CNNSA
OARASAKKK,CNFUN,CNPAN
OARASAKKK,CNFUN,CNPAN
OACYNKKKK,CNFUN,CNPAN
OARASCKKK,CNFUN,CNPAN
OAOFRCKKK,CNFUN,CNPAN
OARASCKKK,CNFUN,CNPAN
OAOFRCKKK,CNFUN,CNPAN
OACFAOKKK,CNFUN,CNQIN
OAOFRCKKK,CNFUN,CNQIZ
RNRCOAKKK,CNFUN,CNQUA
RNRCOAKKK,CNFUN,CNQUA
RNRCOAKKK,CNFUN,CNQUA
RNRCOAKKK,CNFUN,CNQUA
RNRCOAKKK,CNFUN,CNQUA
CRNKGFYRA,CNFUN,CNSHE
OARKNOKKK,CNFUN,CNSHE
CRNKGFYRA,CNFUN,CNSHE
CRNKGFYRA,CNFUN,CNSHE
OARKNOKKK,CNFUN,CNSHE
CRNKGFYRA,CNFUN,CNSHE
OARKNOKKK,CNFUN,CNSHE
OARKNOKKK,CNFUN,CNSHE
OARKNOKKK,CNFUN,CNSHE
OARKNOKKK,CNFUN,CNSHE
OARKNOKKK,CNFUN,CNSHE
CRNKGFYRA,CNFUN,CNSHE
CRNKGFYRA,CNFUN,CNSHE
OFFASYRKK,CNFUN,CNXIA
OFFASYRKK,CNFUN,CNXIA
OFFOOASKK,CNFUN,CNXIA
OFFAAFOKK,CNFUN,CNXIA
OARAFRKKK,CNFUN,CNXIA
OFFAKKRKK,CNFUN,CNXIA
OFFOOASKK,CNFUN,CNXIA
OFFOOASKK,CNFUN,CNXIA
RNGNSAKKK,CNFUN,CNXIA
OFFASYRKK,CNFUN,CNXIA
OFFASYRKK,CNFUN,CNXIA
RNGNSAKKK,CNFUN,CNXIA
RNGNSAKKK,CNFUN,CNXIA
OAROONGSK,CNFUN,CNZHA
OARASCKKK,CNFUN,CNZOS
OARCRAFAK,CNFUN,CNZOS
OAOFOGKKK,CNFUN,CNZOS
OARAFYKKK,CNFUN,CNZOS
OACYNKKKK,CNFUN,CNZOS
OARASCKKK,CNFUN,CNZOS
OARASCKKK,CNFUN,CNZOS
OAOFARKKK,CNFUN,HKHKG
OARANAKKK,CNFUN,HKHKG
OARAOFKKK,CNFUN,HKHKG
OARAOYKKK,CNFUN,HKHKG
OFFRAAGKK,CNFUN,HKHKG
OFFRAAGKK,CNFUN,HKHKG
OFFRAAGKK,CNFUN,HKHKG
OFFRAAGKK,CNFUN,HKHKG
OAOFARKKK,CNFUN,HKHKG
OARAOYKKK,CNFUN,HKHKG
OARAOYKKK,CNFUN,HKHKG
OACOFFFOK,CNFUN,KRULS
OACGKOKKK,CNFUZ,CNCFD
OAROONGSK,CNFUZ,CNCZH
OAROONGSK,CNFUZ,CNHUI
OARASNKKK,CNFUZ,CNJIT
OAROONGSK,CNFUZ,CNNBO
OARRKCKCK,CNFUZ,CNNTG
OARCFGKFK,CNFUZ,CNQUA
OACACOKKK,CNFUZ,CNYZH
OACACOKKK,CNFUZ,CNYZH
OAROONGSK,CNFUZ,CNZHA
OACACOKKK,CNFUZ,CNZPU
OAOFSOKKK,CNGLA,CN9873
OARARAKKK,CNGLA,CNBYQ
OARAAAKKK,CNGLA,CNCFD
OARYSOKKK,CNGLA,CNCFD
OARAYGKKK,CNGLA,CNCFD
OAROYRNRK,CNGLA,CNCJK
OAOROCKKK,CNGLA,CNCJK
OAOFOGKKK,CNGLA,CNDAL
OARASCKKK,CNGLA,CNDAL
OARASCKKK,CNGLA,CNDAL
OAOFROKKK,CNGLA,CNDSN
OAOFOGKKK,CNGLA,CNDYI
OACFOCKKK,CNGLA,CNGUA
OARYSRKKK,CNGLA,CNGUA
OARASAKKK,CNGLA,CNGUA
OACKSOKKK,CNGLA,CNHUA
OACKNGKKK,CNGLA,CNHUA
OACKNGKKK,CNGLA,CNHUA
OACKNGKKK,CNGLA,CNHUA
OACKNGKKK,CNGLA,CNHUA
OARAAYKKK,CNGLA,CNHUA
OARFGKKKK,CNGLA,CNJIN
OARFGRKKK,CNGLA,CNJIN
OARYSOKKK,CNGLA,CNJIT
OARYSRKKK,CNGLA,CNJIT
OACGNSKKK,CNGLA,CNJIT
OAOROCKKK,CNGLA,CNJIT
OARYSOKKK,CNGLA,CNJIT
OARAAAKKK,CNGLA,CNJIT
OARKKRKKK,CNGLA,CNJIT
OAORNKKKK,CNGLA,CNLYG
OAORNKKKK,CNGLA,CNLYG
OARAOAKKK,CNGLA,CNLYG
OARAOAKKK,CNGLA,CNLYG
OARKNYKKK,CNGLA,CNLYG
OARKNYKKK,CNGLA,CNLYG
OAOFCAKKK,CNGLA,CNLYG
OARKGRKKK,CNGLA,CNLYG
OARAOAKKK,CNGLA,CNLYG
OARAOAKKK,CNGLA,CNLYG
OAOFRGKKK,CNGLA,CNLYG
OARAOAKKK,CNGLA,CNLYG
OAOROCKKK,CNGLA,CNLYG
OARKNYKKK,CNGLA,CNLYG
OAOFRGKKK,CNGLA,CNLYG
OARAOGKKK,CNGLA,CNLYG
OARAOGKKK,CNGLA,CNLYG
OAORNKKKK,CNGLA,CNLYG
OARAOAKKK,CNGLA,CNLYG
OAORNKKKK,CNGLA,CNLYG
OAORNKKKK,CNGLA,CNLYG
OARAOAKKK,CNGLA,CNLYG
OAORNKKKK,CNGLA,CNLYG
OARAOGKKK,CNGLA,CNLYG
OARAOGKKK,CNGLA,CNLYG
OARAOAKKK,CNGLA,CNLYG
OARACYKKK,CNGLA,CNLYW
OAOFOGKKK,CNGLA,CNMWN
OARAOGKKK,CNGLA,CNNSA
OAOFRCKKK,CNGLA,CNPAN
OAOCNSKKK,CNGLA,CNQHD
OARANRKKK,CNGLA,CNQIN
OAOONNKKK,CNGLA,CNQIN
OAOROCKKK,CNGLA,CNQIZ
OARYGGKKK,CNGLA,CNQIZ
OARAOOKKK,CNGLA,CNQIZ
OAOFRGKKK,CNGLA,CNRIZ
OACKNGKKK,CNGLA,CNRUG
OARKNYKKK,CNGLA,CNTAI
OARKGRKKK,CNGLA,CNTAI
OACKNGKKK,CNGLA,CNTJN
OACKSOKKK,CNGLA,CNTJN
OACKNGKKK,CNGLA,CNTJN
OACKNGKKK,CNGLA,CNTJN
OACKNGKKK,CNGLA,CNTJN
OACKSOKKK,CNGLA,CNTJN
OACKNGKKK,CNGLA,CNTSH
OACAOYKKK,CNGLA,CNTSH
OAORCSKKK,CNGLA,CNWGQ
OARANRKKK,CNGLA,CNWGQ
OAOROCKKK,CNGLA,CNWGQ
OACYNKKKK,CNGLA,CNYPG
OARANSKKK,CNGLA,CNZHA
OARNFYKKK,CNGLA,CNZHA
OACOFRKKK,CNGLA,CNZHA
OAROYAASK,CNGLA,CNZJG
OAOFROKKK,CNGLA,CNZOS
OARAYCKKK,CNGLA,IDBNI
OARRKAKKK,CNGLA,IDSAM
OFFFGGCKK,CNGUA,CNBAO
OAONSSKKK,CNGUA,CNBAO
OARGGKKKK,CNGUA,CNCFD
OARGGKKKK,CNGUA,CNCFD
OARGGKKKK,CNGUA,CNCFD
OARAANKKK,CNGUA,CNCFD
OARGGKKKK,CNGUA,CNCFD
OARAYOKKK,CNGUA,CNCFD
OACNGFKKK,CNGUA,CNCFD
OARGGKKKK,CNGUA,CNCFD
OARGGKKKK,CNGUA,CNCFD
OFFGRCNKK,CNGUA,CNCHS
OFFGRSSKK,CNGUA,CNCHS
OAOCGKKKK,CNGUA,CNCJK
OFFGRCNKK,CNGUA,CNCJK
OACFOCKKK,CNGUA,CNCZH
OAONAKKKK,CNGUA,CNDAL
OARAFYKKK,CNGUA,CNDAL
OARGGKKKK,CNGUA,CNDAL
OARAFYKKK,CNGUA,CNDAL
OARAFYKKK,CNGUA,CNDAL
OARASAKKK,CNGUA,CNDAL
OARASAKKK,CNGUA,CNDAL
OAOFROKKK,CNGUA,CNDAL
OARAFYKKK,CNGUA,CNDAL
OARAANKKK,CNGUA,CNDNG
OARRGSKKK,CNGUA,CNDNG
OARCFGKFK,CNGUA,CNDSN
OACACOKKK,CNGUA,CNFUZ
OARASCKKK,CNGUA,CNGLA
OAOFROKKK,CNGUA,CNGLA
OAOFOGKKK,CNGUA,CNGLA
OARASCKKK,CNGUA,CNGLA
OAOFOCKKK,CNGUA,CNHPU
OARAARKKK,CNGUA,CNHPU
NRSKKFNKA,CNGUA,CNHPU
OAOFRRKKK,CNGUA,CNHPU
NRSKKFNKA,CNGUA,CNHPU
OARRRGKKK,CNGUA,CNHPU
OARAARKKK,CNGUA,CNHPU
OARKKRKKK,CNGUA,CNHPU
OARAARKKK,CNGUA,CNHUA
OACCSYKKK,CNGUA,CNHUA
OACOFRKAK,CNGUA,CNHUA
OACNGFKKK,CNGUA,CNHUA
OACNCRYAK,CNGUA,CNHUI
OAOOSYKKK,CNGUA,CNJIN
OARASAKKK,CNGUA,CNJIN
OARGGKKKK,CNGUA,CNJIT
OAOAFOKKK,CNGUA,CNJIT
OARGGKKKK,CNGUA,CNJIT
OARYSRKKK,CNGUA,CNJIT
OAROFSCOK,CNGUA,CNLYG
OARAFCKKK,CNGUA,CNMEZ
OACGKOKKK,CNGUA,CNMEZ
OACAGRKKK,CNGUA,CNNBO
OAROYRNRK,CNGUA,CNNDE
OAOFROKKK,CNGUA,CNPAN
OAOFAYKKK,CNGUA,CNPAN
OARAANKKK,CNGUA,CNQHD
OARAANKKK,CNGUA,CNQHD
OARAANKKK,CNGUA,CNQHD
OARAANKKK,CNGUA,CNQHD
OARAANKKK,CNGUA,CNQHD
OARAANKKK,CNGUA,CNQHD
OACOFRKAK,CNGUA,CNQHD
OARAANKKK,CNGUA,CNQHD
OACRYSKKK,CNGUA,CNQIN
OFFGCOYKK,CNGUA,CNQIN
OARCKYFNK,CNGUA,CNQIN
OACGNOKKK,CNGUA,CNQIN
OFFGOSGKK,CNGUA,CNQIN
OAONSSKKK,CNGUA,CNQIN
OARCOSKKK,CNGUA,CNQIZ
OAROYRNOK,CNGUA,CNSDG
OARNCGCRK,CNGUA,CNSYA
OAOCGKKKK,CNGUA,CNTJN
OACAGRKKK,CNGUA,CNTJN
OAOCGKKKK,CNGUA,CNTJN
OACAGRKKK,CNGUA,CNTJN
OAOCFGKKK,CNGUA,CNTJN
OAOCFGKKK,CNGUA,CNWGQ
OAOCFGKKK,CNGUA,CNWGQ
OAOCGKKKK,CNGUA,CNWGQ
OAOCGKKKK,CNGUA,CNWGQ
OAOCFGKKK,CNGUA,CNWGQ
OAOCGKKKK,CNGUA,CNWGQ
OAOCGKKKK,CNGUA,CNWGQ
OAOCFGKKK,CNGUA,CNWGQ
OAOCGKKKK,CNGUA,CNWGQ
OAOCGKKKK,CNGUA,CNWGQ
OAOCGKKKK,CNGUA,CNWGQ
OAOCFGKKK,CNGUA,CNWGQ
OAOCFGKKK,CNGUA,CNWGQ
OAOCGKKKK,CNGUA,CNWGQ
OAOCGKKKK,CNGUA,CNWGQ
OAOCGKKKK,CNGUA,CNWGQ
OAOCFGKKK,CNGUA,CNWGQ
OAOCFGKKK,CNGUA,CNWGQ
OAOCGKKKK,CNGUA,CNWGQ
OAOCGKKKK,CNGUA,CNWGQ
OAOCFGKKK,CNGUA,CNWGQ
OAOCGKKKK,CNGUA,CNWGQ
OAOCFGKKK,CNGUA,CNWGQ
OAOCGKKKK,CNGUA,CNWGQ
OAOCGKKKK,CNGUA,CNWGQ
OAOCFGKKK,CNGUA,CNWGQ
OAOCFGKKK,CNGUA,CNWGQ
OAOCGKKKK,CNGUA,CNWGQ
OAOCFGKKK,CNGUA,CNWGQ
OAOCFGKKK,CNGUA,CNWGQ
OAOCFGKKK,CNGUA,CNWGQ
OAOCGKKKK,CNGUA,CNWGQ
OAOCFGKKK,CNGUA,CNWGQ
OAOCGKKKK,CNGUA,CNWGQ
OAOCFGKKK,CNGUA,CNWGQ
OAOCFGKKK,CNGUA,CNWGQ
OAOCGKKKK,CNGUA,CNWGQ
OAOCFGKKK,CNGUA,CNWGQ
OAOCFGKKK,CNGUA,CNWGQ
OAOCFGKKK,CNGUA,CNWGQ
OAOCGKKKK,CNGUA,CNWGQ
OAOCFGKKK,CNGUA,CNWGQ
OAOCGKKKK,CNGUA,CNWGQ
OAOCFGKKK,CNGUA,CNWGQ
OAOCGKKKK,CNGUA,CNWGQ
OAOCFGKKK,CNGUA,CNWGQ
OAOCGKKKK,CNGUA,CNWGQ
OACGNOKKK,CNGUA,CNXIA
OFFGRCNKK,CNGUA,CNXIA
OACCGKKKK,CNGUA,CNXIA
OARASAKKK,CNGUA,CNYPG
OARAFYKKK,CNGUA,CNYPG
OARASAKKK,CNGUA,CNYPG
OAOFRCKKK,CNGUA,CNYPG
OARASAKKK,CNGUA,CNYPG
OAOFROKKK,CNGUA,CNYPG
OARASAKKK,CNGUA,CNYPG
OARASAKKK,CNGUA,CNYPG
OAOFAYKKK,CNGUA,CNZHA
OAOFAYKKK,CNGUA,CNZHA
OARASAKKK,CNGUA,CNZHA
OARASAKKK,CNGUA,CNZHA
OAOFOGKKK,CNGUA,CNZOS
OARASAKKK,CNGUA,CNZOS
OACOASKKK,CNGUA,CNZOS
OACYNKKKK,CNGUA,CNZOS
OAOFAYKKK,CNGUA,CNZOS
OAOFAYKKK,CNGUA,CNZOS
OAOFROKKK,CNGUA,CNZOS
OAOFCOKKK,CNGUA,IDTBR
OARAFYKKK,CNGUA,SGSGP
OACKGSKKK,CNGUA,UYULA
OAOFSGKKK,CNGUA,VNNGH
OARCRRNGK,CNHAA,CNDNG
OARCROGGK,CNHAA,CNDNG
OARCROOAK,CNHAA,CNDNG
OARNCAACK,CNHAA,CNHKO
OARNCAACK,CNHAA,CNHKO
OARNCRCOK,CNHAA,CNHKO
OARNCRCOK,CNHAA,CNHKO
OARNCRCOK,CNHAA,CNHKO
OARNCRCOK,CNHAA,CNHKO
OARNCRCOK,CNHAA,CNHKO
OARNCRCOK,CNHAA,CNHKO
OARNCRCOK,CNHAA,CNHKO
OARNCRCOK,CNHAA,CNHKO
OARNCRCOK,CNHAA,CNHKO
OARNCRCOK,CNHAA,CNHKO
OARNCRCOK,CNHAA,CNHKO
OARNCRCOK,CNHAA,CNHKO
OARNCRCOK,CNHAA,CNHKO
OARNCRCOK,CNHAA,CNHKO
OARNCRASK,CNHAA,CNHKO
OARNCRASK,CNHAA,CNHKO
OARNCRASK,CNHAA,CNHKO
OARNCRASK,CNHAA,CNHKO
OARNCRASK,CNHAA,CNHKO
OARNCRASK,CNHAA,CNHKO
OARNCRASK,CNHAA,CNHKO
OARNCRASK,CNHAA,CNHKO
OARNCRASK,CNHAA,CNHKO
OARNCRASK,CNHAA,CNHKO
OARNCRASK,CNHAA,CNHKO
OARNCRASK,CNHAA,CNHKO
OARNCRASK,CNHAA,CNHKO
OARNCRASK,CNHAA,CNHKO
OARNCRASK,CNHAA,CNHKO
OARNCRASK,CNHAA,CNHKO
OARNCRASK,CNHAA,CNHKO
OARNCRASK,CNHAA,CNHKO
OARNCRASK,CNHAA,CNHKO
OARNCRASK,CNHAA,CNHKO
OARNCRASK,CNHAA,CNHKO
OARNCRASK,CNHAA,CNHKO
OARNCRASK,CNHAA,CNHKO
OARNCRASK,CNHAA,CNHKO
OARNCRASK,CNHAA,CNHKO
OARNCRASK,CNHAA,CNHKO
OARNCRASK,CNHAA,CNHKO
OARNCRASK,CNHAA,CNHKO
OARNCRASK,CNHAA,CNHKO
OARNCRASK,CNHAA,CNHKO
OARNCRASK,CNHAA,CNHKO
OARNCRASK,CNHAA,CNHKO
OARNCRASK,CNHAA,CNHKO
OARNCRASK,CNHAA,CNHKO
OARNCRASK,CNHAA,CNHKO
OARNCRASK,CNHAA,CNHKO
OARNCRASK,CNHAA,CNHKO
OARNCRASK,CNHAA,CNHKO
OARNCRASK,CNHAA,CNHKO
OARNCRASK,CNHAA,CNHKO
OARNCRASK,CNHAA,CNHKO
OARNCRASK,CNHAA,CNHKO
OARNCRASK,CNHAA,CNHKO
OARNCRASK,CNHAA,CNHKO
OARNCRASK,CNHAA,CNHKO
OARNCRASK,CNHAA,CNHKO
OARNCRASK,CNHAA,CNHKO
OARNCRASK,CNHAA,CNHKO
OARNCRASK,CNHAA,CNHKO
OARNCRASK,CNHAA,CNHKO
OARNCRASK,CNHAA,CNHKO
OARNCRASK,CNHAA,CNHKO
OARNCRASK,CNHAA,CNHKO
OARNCRASK,CNHAA,CNHKO
OARNCRASK,CNHAA,CNHKO
OARNCRASK,CNHAA,CNHKO
OARNCRASK,CNHAA,CNHKO
OARNCOKAK,CNHAA,CNHKO
OARNCOKAK,CNHAA,CNHKO
OARNCOKAK,CNHAA,CNHKO
OARNCOKAK,CNHAA,CNHKO
OARNCOKAK,CNHAA,CNHKO
OARNCOKAK,CNHAA,CNHKO
OARNCOKAK,CNHAA,CNHKO
OARNCRYYK,CNHAA,CNHKO
OARNCRYYK,CNHAA,CNHKO
OARNCRYYK,CNHAA,CNHKO
OARNCRYYK,CNHAA,CNHKO
OARNCRYYK,CNHAA,CNHKO
OARNCRYYK,CNHAA,CNHKO
OARNCRYYK,CNHAA,CNHKO
OARNCRYYK,CNHAA,CNHKO
OARNCRYYK,CNHAA,CNHKO
OARNCRYYK,CNHAA,CNHKO
OARNCRYYK,CNHAA,CNHKO
OARNCRYYK,CNHAA,CNHKO
OARNCRYYK,CNHAA,CNHKO
OARNCRYYK,CNHAA,CNHKO
OARNCRYYK,CNHAA,CNHKO
OARNCRYSK,CNHAA,CNHKO
OARNCRYSK,CNHAA,CNHKO
OARNCRYSK,CNHAA,CNHKO
OARNCRYSK,CNHAA,CNHKO
OARNCRYSK,CNHAA,CNHKO
OARNCRYSK,CNHAA,CNHKO
OARNCRYSK,CNHAA,CNHKO
OARNCRYSK,CNHAA,CNHKO
OARNCRYSK,CNHAA,CNHKO
OARNCRYSK,CNHAA,CNHKO
OARNCRYSK,CNHAA,CNHKO
OARNCRYSK,CNHAA,CNHKO
OARNCRYSK,CNHAA,CNHKO
OARNCRYSK,CNHAA,CNHKO
OARNCRYSK,CNHAA,CNHKO
OARNCRYSK,CNHAA,CNHKO
OARNCRYSK,CNHAA,CNHKO
OARNCRYSK,CNHAA,CNHKO
OARNCRYSK,CNHAA,CNHKO
OARNCRYSK,CNHAA,CNHKO
OARNCRYSK,CNHAA,CNHKO
OARNCRYSK,CNHAA,CNHKO
OARNCRYSK,CNHAA,CNHKO
OARNCRYSK,CNHAA,CNHKO
OARNCRYSK,CNHAA,CNHKO
OARNCRYSK,CNHAA,CNHKO
OARNCRYSK,CNHAA,CNHKO
OARNCRYSK,CNHAA,CNHKO
OARNCRYSK,CNHAA,CNHKO
OARNCRYSK,CNHAA,CNHKO
OARNCRYSK,CNHAA,CNHKO
OARNCRYSK,CNHAA,CNHKO
OARNCRYSK,CNHAA,CNHKO
OARNCRYSK,CNHAA,CNHKO
OARNCRORK,CNHAA,CNHKO
OARNCRORK,CNHAA,CNHKO
OARNCRORK,CNHAA,CNHKO
OARNCRORK,CNHAA,CNHKO
OARNCRORK,CNHAA,CNHKO
OARNCRORK,CNHAA,CNHKO
OARNCRORK,CNHAA,CNHKO
OARNCRORK,CNHAA,CNHKO
OARNCRORK,CNHAA,CNHKO
OARNCRORK,CNHAA,CNHKO
OARNCRORK,CNHAA,CNHKO
OARNCRORK,CNHAA,CNHKO
OARNCRORK,CNHAA,CNHKO
OARNCRORK,CNHAA,CNHKO
OARNCRORK,CNHAA,CNHKO
OARNCRORK,CNHAA,CNHKO
OARNCRORK,CNHAA,CNHKO
OARNCRORK,CNHAA,CNHKO
OARNCRORK,CNHAA,CNHKO
OARNCRORK,CNHAA,CNHKO
OARNCRORK,CNHAA,CNHKO
OARNCRORK,CNHAA,CNHKO
OARNCRORK,CNHAA,CNHKO
OARNCRORK,CNHAA,CNHKO
OARNCRORK,CNHAA,CNHKO
OARNCRORK,CNHAA,CNHKO
OARNCRORK,CNHAA,CNHKO
OARNCRORK,CNHAA,CNHKO
OARNCRORK,CNHAA,CNHKO
OARNCRORK,CNHAA,CNHKO
OARNCRORK,CNHAA,CNHKO
OARNCRORK,CNHAA,CNHKO
OARNCRORK,CNHAA,CNHKO
OARNCRORK,CNHAA,CNHKO
OARNCRORK,CNHAA,CNHKO
OARNCRORK,CNHAA,CNHKO
OARNCRORK,CNHAA,CNHKO
OARNCRORK,CNHAA,CNHKO
OARNCRORK,CNHAA,CNHKO
OARNCRORK,CNHAA,CNHKO
OARNCRORK,CNHAA,CNHKO
OARNCRORK,CNHAA,CNHKO
OARNCRORK,CNHAA,CNHKO
OARNCRORK,CNHAA,CNHKO
OARNCRORK,CNHAA,CNHKO
OARNCRORK,CNHAA,CNHKO
OARNCRORK,CNHAA,CNHKO
OARNCRORK,CNHAA,CNHKO
OARNCRORK,CNHAA,CNHKO
OARNCRORK,CNHAA,CNHKO
OARNCRORK,CNHAA,CNHKO
OARNCRORK,CNHAA,CNHKO
OARNCRORK,CNHAA,CNHKO
OARNCRORK,CNHAA,CNHKO
OARNCRORK,CNHAA,CNHKO
OARNCRORK,CNHAA,CNHKO
OARNCRORK,CNHAA,CNHKO
OARNCRORK,CNHAA,CNHKO
OARNCRORK,CNHAA,CNHKO
OARNCRORK,CNHAA,CNHKO
OARNCRORK,CNHAA,CNHKO
OARNCRORK,CNHAA,CNHKO
OARNCRORK,CNHAA,CNHKO
OARNCRORK,CNHAA,CNHKO
OARNCRORK,CNHAA,CNHKO
OARNCRORK,CNHAA,CNHKO
OARNCRORK,CNHAA,CNHKO
OARNCRORK,CNHAA,CNHKO
OARNCRORK,CNHAA,CNHKO
OARNCRORK,CNHAA,CNHKO
OARNCRORK,CNHAA,CNHKO
OARNCRORK,CNHAA,CNHKO
OARNCRORK,CNHAA,CNHKO
OARNCRORK,CNHAA,CNHKO
OARNCRORK,CNHAA,CNHKO
OARNCRORK,CNHAA,CNHKO
OARNCRORK,CNHAA,CNHKO
OARNCRORK,CNHAA,CNHKO
OARNCRORK,CNHAA,CNHKO
OARNCRORK,CNHAA,CNHKO
OARNCRORK,CNHAA,CNHKO
OARNCRORK,CNHAA,CNHKO
OARNCRORK,CNHAA,CNHKO
OARNCRORK,CNHAA,CNHKO
OARNCRORK,CNHAA,CNHKO
OARNCRORK,CNHAA,CNHKO
OARNCRORK,CNHAA,CNHKO
OARNCRORK,CNHAA,CNHKO
OARNCRORK,CNHAA,CNHKO
OARNCRORK,CNHAA,CNHKO
OARNCRORK,CNHAA,CNHKO
OARNCRORK,CNHAA,CNHKO
OARNCRORK,CNHAA,CNHKO
OARNCRORK,CNHAA,CNHKO
OARNCRORK,CNHAA,CNHKO
OARNCRORK,CNHAA,CNHKO
OARNCRORK,CNHAA,CNHKO
OARNCRORK,CNHAA,CNHKO
OARNCRORK,CNHAA,CNHKO
OARNCRORK,CNHAA,CNHKO
OARNCRORK,CNHAA,CNHKO
OARNCRORK,CNHAA,CNHKO
OARNCRORK,CNHAA,CNHKO
OARNCRORK,CNHAA,CNHKO
OARNCRORK,CNHAA,CNHKO
OARNCRORK,CNHAA,CNHKO
OARNCRORK,CNHAA,CNHKO
OARNCRORK,CNHAA,CNHKO
OARNCRORK,CNHAA,CNHKO
OARNCRORK,CNHAA,CNHKO
OARNCRORK,CNHAA,CNHKO
OARNCRORK,CNHAA,CNHKO
OARNCRORK,CNHAA,CNHKO
OARNCRORK,CNHAA,CNHKO
OARNCRORK,CNHAA,CNHKO
OARNCRORK,CNHAA,CNHKO
OARNCRORK,CNHAA,CNHKO
OARNCRORK,CNHAA,CNHKO
OARNCRORK,CNHAA,CNHKO
OARNCRORK,CNHAA,CNHKO
OARNCRORK,CNHAA,CNHKO
OARNCRORK,CNHAA,CNHKO
OARNCRORK,CNHAA,CNHKO
OARNCRORK,CNHAA,CNHKO
OARNCRORK,CNHAA,CNHKO
OARNCRORK,CNHAA,CNHKO
OARNCRORK,CNHAA,CNHKO
OARNCRORK,CNHAA,CNHKO
OARNCRORK,CNHAA,CNHKO
OARNCRORK,CNHAA,CNHKO
OARNCRORK,CNHAA,CNHKO
OARNCRORK,CNHAA,CNHKO
OARNCRORK,CNHAA,CNHKO
OARNCRORK,CNHAA,CNHKO
OARNCRORK,CNHAA,CNHKO
OARNCRORK,CNHAA,CNHKO
OARNCRORK,CNHAA,CNHKO
OARNCRORK,CNHAA,CNHKO
OARNCRORK,CNHAA,CNHKO
OARNCRORK,CNHAA,CNHKO
OARNCRORK,CNHAA,CNHKO
OARNCRORK,CNHAA,CNHKO
OARNCRORK,CNHAA,CNHKO
OARNCRORK,CNHAA,CNHKO
OARNCRORK,CNHAA,CNHKO
OARNCRORK,CNHAA,CNHKO
OARNCRORK,CNHAA,CNHKO
OARNCRORK,CNHAA,CNHKO
OARNCRORK,CNHAA,CNHKO
OARNCRORK,CNHAA,CNHKO
OARNCRORK,CNHAA,CNHKO
OARNCRORK,CNHAA,CNHKO
OARNCRORK,CNHAA,CNHKO
OARNCRORK,CNHAA,CNHKO
OARNCRORK,CNHAA,CNHKO
OARNCRORK,CNHAA,CNHKO
OARNCRORK,CNHAA,CNHKO
OARNCRORK,CNHAA,CNHKO
OARNCRORK,CNHAA,CNHKO
OARNCRORK,CNHAA,CNHKO
OARNCRORK,CNHAA,CNHKO
OARNCRORK,CNHAA,CNHKO
OARNCRORK,CNHAA,CNHKO
OARNCRORK,CNHAA,CNHKO
OARNCRORK,CNHAA,CNHKO
OARNCRORK,CNHAA,CNHKO
OARNCRORK,CNHAA,CNHKO
OARNCRORK,CNHAA,CNHKO
OARNCRORK,CNHAA,CNHKO
OARNCRORK,CNHAA,CNHKO
OARNCRORK,CNHAA,CNHKO
OARNCRORK,CNHAA,CNHKO
OARNCRORK,CNHAA,CNHKO
OARNCRORK,CNHAA,CNHKO
OARNCRORK,CNHAA,CNHKO
OARNCRORK,CNHAA,CNHKO
OARNCRORK,CNHAA,CNHKO
OARNCRORK,CNHAA,CNHKO
OARNCRORK,CNHAA,CNHKO
OARNCRORK,CNHAA,CNHKO
OARNCRORK,CNHAA,CNHKO
OARNCRORK,CNHAA,CNHKO
OARNCRORK,CNHAA,CNHKO
OARNCRORK,CNHAA,CNHKO
OARNCRORK,CNHAA,CNHKO
OARNCRORK,CNHAA,CNHKO
OARNCRORK,CNHAA,CNHKO
OARNCRORK,CNHAA,CNHKO
OARNCRORK,CNHAA,CNHKO
OARNCRORK,CNHAA,CNHKO
OARNCRORK,CNHAA,CNHKO
OARNCRORK,CNHAA,CNHKO
OARNCRORK,CNHAA,CNHKO
OARNCRORK,CNHAA,CNHKO
OARNCRORK,CNHAA,CNHKO
OARNCRORK,CNHAA,CNHKO
OARNCRORK,CNHAA,CNHKO
OARNCRORK,CNHAA,CNHKO
OARNCRORK,CNHAA,CNHKO
OARNCRORK,CNHAA,CNHKO
OARNCRORK,CNHAA,CNHKO
OARNCRORK,CNHAA,CNHKO
OARNCRORK,CNHAA,CNHKO
OARNCRORK,CNHAA,CNHKO
OARNCRORK,CNHAA,CNHKO
OARNCRORK,CNHAA,CNHKO
OARNCRORK,CNHAA,CNHKO
OARNCRORK,CNHAA,CNHKO
OARNCRORK,CNHAA,CNHKO
OARNCRORK,CNHAA,CNHKO
OARNCRORK,CNHAA,CNHKO
OARNCRORK,CNHAA,CNHKO
OARNCRORK,CNHAA,CNHKO
OARNCRORK,CNHAA,CNHKO
OARNCRORK,CNHAA,CNHKO
OARNCRORK,CNHAA,CNHKO
OARNCRORK,CNHAA,CNHKO
OARNCRORK,CNHAA,CNHKO
OARNCRORK,CNHAA,CNHKO
OARNCRORK,CNHAA,CNHKO
OARNCRORK,CNHAA,CNHKO
OARNCRORK,CNHAA,CNHKO
OARNCRORK,CNHAA,CNHKO
OARNCRORK,CNHAA,CNHKO
OARNCRORK,CNHAA,CNHKO
OARNCRORK,CNHAA,CNHKO
OARNCRORK,CNHAA,CNHKO
OARNCRORK,CNHAA,CNHKO
OARNCRORK,CNHAA,CNHKO
OARNCRORK,CNHAA,CNHKO
OARNCRORK,CNHAA,CNHKO
OARNCRORK,CNHAA,CNHKO
OARNCRORK,CNHAA,CNHKO
OARNCRORK,CNHAA,CNHKO
OARNCRORK,CNHAA,CNHKO
OARNCRORK,CNHAA,CNHKO
OARNCRORK,CNHAA,CNHKO
OARNCRORK,CNHAA,CNHKO
OARNCRORK,CNHAA,CNHKO
OARNCRORK,CNHAA,CNHKO
OARNCRORK,CNHAA,CNHKO
OARNCRORK,CNHAA,CNHKO
OARNCRORK,CNHAA,CNHKO
OARNCRORK,CNHAA,CNHKO
OARNCRCRK,CNHAA,CNHKO
OARNCRCRK,CNHAA,CNHKO
OARNCRCRK,CNHAA,CNHKO
OARNCRCRK,CNHAA,CNHKO
OARNCRCRK,CNHAA,CNHKO
OARNCRCRK,CNHAA,CNHKO
OARNCRCRK,CNHAA,CNHKO
OARNCRCCK,CNHAA,CNHKO
OARNCRCCK,CNHAA,CNHKO
OARNCRCCK,CNHAA,CNHKO
OARNCRCCK,CNHAA,CNHKO
OARNCRCCK,CNHAA,CNHKO
OARNCRCCK,CNHAA,CNHKO
OARNCRCCK,CNHAA,CNHKO
OARNCRCCK,CNHAA,CNHKO
OARNCRCCK,CNHAA,CNHKO
OARNCRCAK,CNHAA,CNHKO
OARNCRCAK,CNHAA,CNHKO
OARNCRCAK,CNHAA,CNHKO
OARNCRCAK,CNHAA,CNHKO
OARNCRCAK,CNHAA,CNHKO
OARNCRCAK,CNHAA,CNHKO
OARNCRCAK,CNHAA,CNHKO
OARNCRCAK,CNHAA,CNHKO
OARNCRCAK,CNHAA,CNHKO
OARNCRCAK,CNHAA,CNHKO
OARNCRCAK,CNHAA,CNHKO
OARNCRCAK,CNHAA,CNHKO
OARNCRCAK,CNHAA,CNHKO
OARNCRCAK,CNHAA,CNHKO
OARNCRCAK,CNHAA,CNHKO
OARNCRCAK,CNHAA,CNHKO
OARNCRCAK,CNHAA,CNHKO
OARNCRAYK,CNHAA,CNHKO
OARNCRAYK,CNHAA,CNHKO
OARNCRAYK,CNHAA,CNHKO
OARNCRAYK,CNHAA,CNHKO
OARNCRAYK,CNHAA,CNHKO
OARNCRAYK,CNHAA,CNHKO
OARNCRAYK,CNHAA,CNHKO
OARNCRAYK,CNHAA,CNHKO
OARNCRAYK,CNHAA,CNHKO
OARNCRAYK,CNHAA,CNHKO
OARNCRAYK,CNHAA,CNHKO
OARNCRAYK,CNHAA,CNHKO
OARNCRAYK,CNHAA,CNHKO
OARNCRAYK,CNHAA,CNHKO
OARNCRAYK,CNHAA,CNHKO
OARNCRAYK,CNHAA,CNHKO
OARNCRAYK,CNHAA,CNHKO
OARNCRAYK,CNHAA,CNHKO
OARNCRAYK,CNHAA,CNHKO
OARNCRAYK,CNHAA,CNHKO
OARNCRAYK,CNHAA,CNHKO
OARNCRAYK,CNHAA,CNHKO
OARNCRAYK,CNHAA,CNHKO
OARNCRAYK,CNHAA,CNHKO
OARNCRAYK,CNHAA,CNHKO
OARNCRAYK,CNHAA,CNHKO
OARNCRAYK,CNHAA,CNHKO
OARNCRAYK,CNHAA,CNHKO
OARNCRAYK,CNHAA,CNHKO
OARNCRAYK,CNHAA,CNHKO
OARNCRAYK,CNHAA,CNHKO
OARNCRAYK,CNHAA,CNHKO
OARNCRAYK,CNHAA,CNHKO
OARNCRAYK,CNHAA,CNHKO
OARNCRAYK,CNHAA,CNHKO
OARNCRAYK,CNHAA,CNHKO
OARNCRAYK,CNHAA,CNHKO
OARNCRAYK,CNHAA,CNHKO
OARNCRAYK,CNHAA,CNHKO
OARNCRAYK,CNHAA,CNHKO
OARNCRAYK,CNHAA,CNHKO
OARNCRAYK,CNHAA,CNHKO
OARNCRAYK,CNHAA,CNHKO
OARNCRAYK,CNHAA,CNHKO
OARNCRAYK,CNHAA,CNHKO
OARNCRAYK,CNHAA,CNHKO
OARNCRAYK,CNHAA,CNHKO
OARNCRAYK,CNHAA,CNHKO
OARNCRAYK,CNHAA,CNHKO
OARNCRAYK,CNHAA,CNHKO
OARNCRAYK,CNHAA,CNHKO
OARNCRAYK,CNHAA,CNHKO
OARNCRAYK,CNHAA,CNHKO
OARNCRAYK,CNHAA,CNHKO
OARNCRAYK,CNHAA,CNHKO
OARNCRAYK,CNHAA,CNHKO
OARNCRAYK,CNHAA,CNHKO
OARNCRAYK,CNHAA,CNHKO
OARNCRAYK,CNHAA,CNHKO
OARNCRAYK,CNHAA,CNHKO
OARNCRAYK,CNHAA,CNHKO
OARNCRAYK,CNHAA,CNHKO
OARNCRAYK,CNHAA,CNHKO
OARNCRAYK,CNHAA,CNHKO
OARCROGOK,CNHAA,CNHKO
OARCROGOK,CNHAA,CNHKO
OARCROGOK,CNHAA,CNHKO
OARCROGOK,CNHAA,CNHKO
OARCROGOK,CNHAA,CNHKO
OARCROGOK,CNHAA,CNHKO
OARCROGOK,CNHAA,CNHKO
OARCROGOK,CNHAA,CNHKO
OARCROGOK,CNHAA,CNHKO
OARCROGOK,CNHAA,CNHKO
OARCROGOK,CNHAA,CNHKO
OARCROGOK,CNHAA,CNHKO
OARCROGOK,CNHAA,CNHKO
OARCROGOK,CNHAA,CNHKO
OARCROGOK,CNHAA,CNHKO
OARCROGOK,CNHAA,CNHKO
OARCROGOK,CNHAA,CNHKO
OARCRORYK,CNHAA,CNHKO
OARCRORYK,CNHAA,CNHKO
OARCRORYK,CNHAA,CNHKO
OARCRORYK,CNHAA,CNHKO
OARCRORYK,CNHAA,CNHKO
OARCRORYK,CNHAA,CNHKO
OARCRORYK,CNHAA,CNHKO
OARCRORYK,CNHAA,CNHKO
OARCRORYK,CNHAA,CNHKO
OARCRORYK,CNHAA,CNHKO
OARCRORYK,CNHAA,CNHKO
OARCRORYK,CNHAA,CNHKO
OARCRORYK,CNHAA,CNHKO
OARCRORYK,CNHAA,CNHKO
OARCRORYK,CNHAA,CNHKO
OARCRORYK,CNHAA,CNHKO
OARCRORYK,CNHAA,CNHKO
OARCRORYK,CNHAA,CNHKO
OARCRORYK,CNHAA,CNHKO
OARCRORYK,CNHAA,CNHKO
OARCRORYK,CNHAA,CNHKO
OARCRORYK,CNHAA,CNHKO
OARCRORYK,CNHAA,CNHKO
OARCRORYK,CNHAA,CNHKO
OARCRORYK,CNHAA,CNHKO
OARCRORYK,CNHAA,CNHKO
OARCRORYK,CNHAA,CNHKO
OARCRORYK,CNHAA,CNHKO
OARCRORYK,CNHAA,CNHKO
OARCRORYK,CNHAA,CNHKO
OARCRORYK,CNHAA,CNHKO
OARCRORYK,CNHAA,CNHKO
OARCRORYK,CNHAA,CNHKO
OARCRORYK,CNHAA,CNHKO
OARCRORYK,CNHAA,CNHKO
OARCRORYK,CNHAA,CNHKO
OARCRRGNK,CNHAA,CNHKO
OARCRRGNK,CNHAA,CNHKO
OARCRRGNK,CNHAA,CNHKO
OARCRRGNK,CNHAA,CNHKO
OARCRRGNK,CNHAA,CNHKO
OARCRRGNK,CNHAA,CNHKO
OARCRRGNK,CNHAA,CNHKO
OARCRRGNK,CNHAA,CNHKO
OARCRRGNK,CNHAA,CNHKO
OARCRRGNK,CNHAA,CNHKO
OARCRRGNK,CNHAA,CNHKO
OARCRRGNK,CNHAA,CNHKO
OARCRRGNK,CNHAA,CNHKO
OARCRRGNK,CNHAA,CNHKO
OARCRRGNK,CNHAA,CNHKO
OARCRRGNK,CNHAA,CNHKO
OARCRRGNK,CNHAA,CNHKO
OARCRRGNK,CNHAA,CNHKO
OARCRRGNK,CNHAA,CNHKO
OARCRRGNK,CNHAA,CNHKO
OARCRRGNK,CNHAA,CNHKO
OARCRRGNK,CNHAA,CNHKO
OARCRRGNK,CNHAA,CNHKO
OARCRRGNK,CNHAA,CNHKO
OARCRRGNK,CNHAA,CNHKO
OARCRRGNK,CNHAA,CNHKO
OARCRRGNK,CNHAA,CNHKO
OARCRRGCK,CNHAA,CNHKO
OARCRRGCK,CNHAA,CNHKO
OARCRRGCK,CNHAA,CNHKO
OARCRRGCK,CNHAA,CNHKO
OARCRRGCK,CNHAA,CNHKO
OARCRRGCK,CNHAA,CNHKO
OARCRRGCK,CNHAA,CNHKO
OARCRRGCK,CNHAA,CNHKO
OARCRRGCK,CNHAA,CNHKO
OARCRRGCK,CNHAA,CNHKO
OARCRRGCK,CNHAA,CNHKO
OARCRRGCK,CNHAA,CNHKO
OARCRRGCK,CNHAA,CNHKO
OARCRRGCK,CNHAA,CNHKO
OARCRRGCK,CNHAA,CNHKO
OARCRRGCK,CNHAA,CNHKO
OARCRRGCK,CNHAA,CNHKO
OARCRRGCK,CNHAA,CNHKO
OARCRRGCK,CNHAA,CNHKO
OARCRRGCK,CNHAA,CNHKO
OARCRRGCK,CNHAA,CNHKO
OARCRRGCK,CNHAA,CNHKO
OARCRRGCK,CNHAA,CNHKO
OARCRRNYK,CNHAA,CNHKO
OARCRRNYK,CNHAA,CNHKO
OARCRRNYK,CNHAA,CNHKO
OARCRRNYK,CNHAA,CNHKO
OARCRRNYK,CNHAA,CNHKO
OARCRRNYK,CNHAA,CNHKO
OARCRRNYK,CNHAA,CNHKO
OARCRRNYK,CNHAA,CNHKO
OARCRRNYK,CNHAA,CNHKO
OARCRRNYK,CNHAA,CNHKO
OARCRRNYK,CNHAA,CNHKO
OARCRRNYK,CNHAA,CNHKO
OARCRRNYK,CNHAA,CNHKO
OARCRRNYK,CNHAA,CNHKO
OARCRRNYK,CNHAA,CNHKO
OARCRRNYK,CNHAA,CNHKO
OARCRRNYK,CNHAA,CNHKO
OARCRRNYK,CNHAA,CNHKO
OARCRRNSK,CNHAA,CNHKO
OARCRRNSK,CNHAA,CNHKO
OARCRRNSK,CNHAA,CNHKO
OARCRRNSK,CNHAA,CNHKO
OARCRRNSK,CNHAA,CNHKO
OARCRRNSK,CNHAA,CNHKO
OARCRRNSK,CNHAA,CNHKO
OARCRRNSK,CNHAA,CNHKO
OARCRRNSK,CNHAA,CNHKO
OARCRRNSK,CNHAA,CNHKO
OARCRRNSK,CNHAA,CNHKO
OARCRRNSK,CNHAA,CNHKO
OARCRRNSK,CNHAA,CNHKO
OARCRRNSK,CNHAA,CNHKO
OARCRRNSK,CNHAA,CNHKO
OARCRRNSK,CNHAA,CNHKO
OARCRRNSK,CNHAA,CNHKO
OARCRRNSK,CNHAA,CNHKO
OARCRRNSK,CNHAA,CNHKO
OARCRRNSK,CNHAA,CNHKO
OARCRRNSK,CNHAA,CNHKO
OARCRRNSK,CNHAA,CNHKO
OARCRRNSK,CNHAA,CNHKO
OARCRRNSK,CNHAA,CNHKO
OARCRRNSK,CNHAA,CNHKO
OARCRRNSK,CNHAA,CNHKO
OARCRRNSK,CNHAA,CNHKO
OARCRRNSK,CNHAA,CNHKO
OARCRRRFK,CNHAA,CNHKO
OARCRRRFK,CNHAA,CNHKO
OARCRRRFK,CNHAA,CNHKO
OARCRRRFK,CNHAA,CNHKO
OARCRRRFK,CNHAA,CNHKO
OARCRRRFK,CNHAA,CNHKO
OARCRRRFK,CNHAA,CNHKO
OARCRRRFK,CNHAA,CNHKO
OARCRRRFK,CNHAA,CNHKO
OARCRRRFK,CNHAA,CNHKO
OARCRRRFK,CNHAA,CNHKO
OARCRRRFK,CNHAA,CNHKO
OARCRRRFK,CNHAA,CNHKO
OARCRRRFK,CNHAA,CNHKO
OARCRRRFK,CNHAA,CNHKO
OARCRRRFK,CNHAA,CNHKO
OARCRRRFK,CNHAA,CNHKO
OARCRRRFK,CNHAA,CNHKO
OARCRRRFK,CNHAA,CNHKO
OARCRRRFK,CNHAA,CNHKO
OARCRRRFK,CNHAA,CNHKO
OARCRRRFK,CNHAA,CNHKO
OARCRRRFK,CNHAA,CNHKO
OARCRRRFK,CNHAA,CNHKO
OARCRRRFK,CNHAA,CNHKO
OARCRRRFK,CNHAA,CNHKO
OARCRRRFK,CNHAA,CNHKO
OARCRRRFK,CNHAA,CNHKO
OARCRRRFK,CNHAA,CNHKO
OARCRRRFK,CNHAA,CNHKO
OARCRRRFK,CNHAA,CNHKO
OARCRRRFK,CNHAA,CNHKO
OARCRRRFK,CNHAA,CNHKO
OARCRRRFK,CNHAA,CNHKO
OARCRRRGK,CNHAA,CNHKO
OARCRRRGK,CNHAA,CNHKO
OARCRRRGK,CNHAA,CNHKO
OARCRRRGK,CNHAA,CNHKO
OARCRRRGK,CNHAA,CNHKO
OARCRRRGK,CNHAA,CNHKO
OARCRRRGK,CNHAA,CNHKO
OARCRRRGK,CNHAA,CNHKO
OARCRRRGK,CNHAA,CNHKO
OARCRRRGK,CNHAA,CNHKO
OARCRRRGK,CNHAA,CNHKO
OARCRRRGK,CNHAA,CNHKO
OARCRRRGK,CNHAA,CNHKO
OARCRRRGK,CNHAA,CNHKO
OARCRRRGK,CNHAA,CNHKO
OARCRRRGK,CNHAA,CNHKO
OARCRRRGK,CNHAA,CNHKO
OARCRRRGK,CNHAA,CNHKO
OARCRRRGK,CNHAA,CNHKO
OARCRRRGK,CNHAA,CNHKO
OARCRRRGK,CNHAA,CNHKO
OARCRRRGK,CNHAA,CNHKO
OARCRRRGK,CNHAA,CNHKO
OARCRRRGK,CNHAA,CNHKO
OARCRRRGK,CNHAA,CNHKO
OARCRRRGK,CNHAA,CNHKO
OARCRRRGK,CNHAA,CNHKO
OARCRRRGK,CNHAA,CNHKO
OARCRRRGK,CNHAA,CNHKO
OARCRRRGK,CNHAA,CNHKO
OARCRRRGK,CNHAA,CNHKO
OARCRRRGK,CNHAA,CNHKO
OARCRRRGK,CNHAA,CNHKO
OARCRRRGK,CNHAA,CNHKO
OARCRRRGK,CNHAA,CNHKO
OARCRRRGK,CNHAA,CNHKO
OARCRRRGK,CNHAA,CNHKO
OARCRRRGK,CNHAA,CNHKO
OARCRRRGK,CNHAA,CNHKO
OARCRRRGK,CNHAA,CNHKO
OARCRRRGK,CNHAA,CNHKO
OARCRRRGK,CNHAA,CNHKO
OARCRRRGK,CNHAA,CNHKO
OARCRRRGK,CNHAA,CNHKO
OARCRRRGK,CNHAA,CNHKO
OARCRRRGK,CNHAA,CNHKO
OARCRRRGK,CNHAA,CNHKO
OARCRRRGK,CNHAA,CNHKO
OARCRRRGK,CNHAA,CNHKO
OARCRRRGK,CNHAA,CNHKO
OARCRRRGK,CNHAA,CNHKO
OARCRRRGK,CNHAA,CNHKO
OARCRRRGK,CNHAA,CNHKO
OARCRRRGK,CNHAA,CNHKO
OARCRRRGK,CNHAA,CNHKO
OARCRRRGK,CNHAA,CNHKO
OARCRRRGK,CNHAA,CNHKO
OARCRRRGK,CNHAA,CNHKO
OARCRRRGK,CNHAA,CNHKO
OARCRRRGK,CNHAA,CNHKO
OARCRRRGK,CNHAA,CNHKO
OARCRRRGK,CNHAA,CNHKO
OARCRRRGK,CNHAA,CNHKO
OARCRRRGK,CNHAA,CNHKO
OARCRRRGK,CNHAA,CNHKO
OARCRRRGK,CNHAA,CNHKO
OARCRRRGK,CNHAA,CNHKO
OARCRRRGK,CNHAA,CNHKO
OARCRRRGK,CNHAA,CNHKO
OARCRRRGK,CNHAA,CNHKO
OARCRRRGK,CNHAA,CNHKO
OARCRRRGK,CNHAA,CNHKO
OARCRRRGK,CNHAA,CNHKO
OARCRRRGK,CNHAA,CNHKO
OARCRRRGK,CNHAA,CNHKO
OARCRRRGK,CNHAA,CNHKO
OARCRRRGK,CNHAA,CNHKO
OARCRRRGK,CNHAA,CNHKO
OARCRRRGK,CNHAA,CNHKO
OARCRRRGK,CNHAA,CNHKO
OARCRRRGK,CNHAA,CNHKO
OARCRRRGK,CNHAA,CNHKO
OARCRRRGK,CNHAA,CNHKO
OARCRRRGK,CNHAA,CNHKO
OARCRRRGK,CNHAA,CNHKO
OARCRRRGK,CNHAA,CNHKO
OARCRRRGK,CNHAA,CNHKO
OARCRRRGK,CNHAA,CNHKO
OARCRRRGK,CNHAA,CNHKO
OARCRRRGK,CNHAA,CNHKO
OARCRRRGK,CNHAA,CNHKO
OARCRRRGK,CNHAA,CNHKO
OARCRRRGK,CNHAA,CNHKO
OARCRRRGK,CNHAA,CNHKO
OARCRRRGK,CNHAA,CNHKO
OARCRRRGK,CNHAA,CNHKO
OARCRRRGK,CNHAA,CNHKO
OARCRRRGK,CNHAA,CNHKO
OARCRRRGK,CNHAA,CNHKO
OARCRRRGK,CNHAA,CNHKO
OARCRRRGK,CNHAA,CNHKO
OARCRRRGK,CNHAA,CNHKO
OARCRRRGK,CNHAA,CNHKO
OARCRRRGK,CNHAA,CNHKO
OARCRRCOK,CNHAA,CNHKO
OARCRRCOK,CNHAA,CNHKO
OARCRRCOK,CNHAA,CNHKO
OARCRRCOK,CNHAA,CNHKO
OARCRRCOK,CNHAA,CNHKO
OARCRRCOK,CNHAA,CNHKO
OARCRRCOK,CNHAA,CNHKO
OARCRRCOK,CNHAA,CNHKO
OARCRRCOK,CNHAA,CNHKO
OARCRRCOK,CNHAA,CNHKO
OARCRRCOK,CNHAA,CNHKO
OARCRRCOK,CNHAA,CNHKO
OARCRRCOK,CNHAA,CNHKO
OARCRRCOK,CNHAA,CNHKO
OARCRRCOK,CNHAA,CNHKO
OARCRRCOK,CNHAA,CNHKO
OARCRRCOK,CNHAA,CNHKO
OARCRRCOK,CNHAA,CNHKO
OARCRRCOK,CNHAA,CNHKO
OARCRRCOK,CNHAA,CNHKO
OARCRRCOK,CNHAA,CNHKO
OARCRRCOK,CNHAA,CNHKO
OARCRRCOK,CNHAA,CNHKO
OARCRRCOK,CNHAA,CNHKO
OARCRRCOK,CNHAA,CNHKO
OARCRRCOK,CNHAA,CNHKO
OARCRRCOK,CNHAA,CNHKO
OARCRRCOK,CNHAA,CNHKO
OARCRRCOK,CNHAA,CNHKO
OARCRRCOK,CNHAA,CNHKO
OARCRRCOK,CNHAA,CNHKO
OARCRRCOK,CNHAA,CNHKO
OARCRRCOK,CNHAA,CNHKO
OARCRRCOK,CNHAA,CNHKO
OARCRRCOK,CNHAA,CNHKO
OARCRRCOK,CNHAA,CNHKO
OARCRRCOK,CNHAA,CNHKO
OARCRCOSK,CNHAA,CNHKO
OARCRCOSK,CNHAA,CNHKO
OARCRCOSK,CNHAA,CNHKO
OARCRCOSK,CNHAA,CNHKO
OARCRCOSK,CNHAA,CNHKO
OARCRCOSK,CNHAA,CNHKO
OARCRCOSK,CNHAA,CNHKO
OARCRCOSK,CNHAA,CNHKO
OARCRCOSK,CNHAA,CNHKO
OARCRCOSK,CNHAA,CNHKO
OARCRCOSK,CNHAA,CNHKO
OARCRCOSK,CNHAA,CNHKO
OARCRCOSK,CNHAA,CNHKO
OARCRCOSK,CNHAA,CNHKO
OARCRCOSK,CNHAA,CNHKO
OARCRCOSK,CNHAA,CNHKO
OARCRCOSK,CNHAA,CNHKO
OARCRCOSK,CNHAA,CNHKO
OARCRCOSK,CNHAA,CNHKO
OARCRCOSK,CNHAA,CNHKO
OARCRCOSK,CNHAA,CNHKO
OARCRCOSK,CNHAA,CNHKO
OARCRCOSK,CNHAA,CNHKO
OARCRCOSK,CNHAA,CNHKO
OARCRCOSK,CNHAA,CNHKO
OARCRCOSK,CNHAA,CNHKO
OARCRCOSK,CNHAA,CNHKO
OARCRCOSK,CNHAA,CNHKO
OARCRCOSK,CNHAA,CNHKO
OARCRCOSK,CNHAA,CNHKO
OARCRCOSK,CNHAA,CNHKO
OARCRCOSK,CNHAA,CNHKO
OARCRCOSK,CNHAA,CNHKO
OARCRCOSK,CNHAA,CNHKO
OARCRCOSK,CNHAA,CNHKO
OARCRCOSK,CNHAA,CNHKO
OARCRCOSK,CNHAA,CNHKO
OARCRCOFK,CNHAA,CNHKO
OARCRCOFK,CNHAA,CNHKO
OARCRCOFK,CNHAA,CNHKO
OARCRCOFK,CNHAA,CNHKO
OARCRCOFK,CNHAA,CNHKO
OARCRCOFK,CNHAA,CNHKO
OARCRCOFK,CNHAA,CNHKO
OARCRCOFK,CNHAA,CNHKO
OARCRCOFK,CNHAA,CNHKO
OARCRCOFK,CNHAA,CNHKO
OARCRCOFK,CNHAA,CNHKO
OARCRCOFK,CNHAA,CNHKO
OARCRCOFK,CNHAA,CNHKO
OARCRCOFK,CNHAA,CNHKO
OARCRCOFK,CNHAA,CNHKO
OARCRCOFK,CNHAA,CNHKO
OARCRCOFK,CNHAA,CNHKO
OARCRCOFK,CNHAA,CNHKO
OARCRCOFK,CNHAA,CNHKO
OARCRCOFK,CNHAA,CNHKO
OARCRCOFK,CNHAA,CNHKO
OARCRCOFK,CNHAA,CNHKO
OARCRCOFK,CNHAA,CNHKO
OARCRCOFK,CNHAA,CNHKO
OARCRCOFK,CNHAA,CNHKO
OARCRCOFK,CNHAA,CNHKO
OARCRCOFK,CNHAA,CNHKO
OARCRCOFK,CNHAA,CNHKO
OARCRCOFK,CNHAA,CNHKO
OARCRCOFK,CNHAA,CNHKO
OARCRCOFK,CNHAA,CNHKO
OARCRCOFK,CNHAA,CNHKO
OARCRCOFK,CNHAA,CNHKO
OARCRCOFK,CNHAA,CNHKO
OARCRCOFK,CNHAA,CNHKO
OARCRCOFK,CNHAA,CNHKO
OARCRCOFK,CNHAA,CNHKO
OARCRAROK,CNHAA,CNHKO
OARCRAROK,CNHAA,CNHKO
OARCRAROK,CNHAA,CNHKO
OARCRAROK,CNHAA,CNHKO
OARCRAROK,CNHAA,CNHKO
OARCRAROK,CNHAA,CNHKO
OARCRAROK,CNHAA,CNHKO
OARCRAROK,CNHAA,CNHKO
OARCRAROK,CNHAA,CNHKO
OARCRAROK,CNHAA,CNHKO
OARCRAROK,CNHAA,CNHKO
OARCRAROK,CNHAA,CNHKO
OARCRAROK,CNHAA,CNHKO
OARCRAROK,CNHAA,CNHKO
OARCRAROK,CNHAA,CNHKO
OARCRAROK,CNHAA,CNHKO
OARCROOAK,CNHAA,CNHKO
OARCROOAK,CNHAA,CNHKO
OARCROOAK,CNHAA,CNHKO
OARCROOAK,CNHAA,CNHKO
OARCROOAK,CNHAA,CNHKO
OARCROOAK,CNHAA,CNHKO
OARCROOAK,CNHAA,CNHKO
OARCROOAK,CNHAA,CNHKO
OARCROOAK,CNHAA,CNHKO
OARCROOAK,CNHAA,CNHKO
OARCROOAK,CNHAA,CNHKO
OARCROOAK,CNHAA,CNHKO
OARCROOAK,CNHAA,CNHKO
OARCROOAK,CNHAA,CNHKO
OARCROOAK,CNHAA,CNHKO
OARCROOAK,CNHAA,CNHKO
OARCROOAK,CNHAA,CNHKO
OARCROOAK,CNHAA,CNHKO
OARCROOAK,CNHAA,CNHKO
OARCROOAK,CNHAA,CNHKO
OARCROOAK,CNHAA,CNHKO
OARCROOAK,CNHAA,CNHKO
OARCROOAK,CNHAA,CNHKO
OARCROOAK,CNHAA,CNHKO
OARCROOAK,CNHAA,CNHKO
OARCROOAK,CNHAA,CNHKO
OARCROOAK,CNHAA,CNHKO
OARCROOAK,CNHAA,CNHKO
OARCROOAK,CNHAA,CNHKO
OARCROOAK,CNHAA,CNHKO
OARCROOAK,CNHAA,CNHKO
OARCROOAK,CNHAA,CNHKO
OARCROOAK,CNHAA,CNHKO
OARCROOAK,CNHAA,CNHKO
OARCROOAK,CNHAA,CNHKO
OARCROOAK,CNHAA,CNHKO
OARCROOAK,CNHAA,CNHKO
OARCROOAK,CNHAA,CNHKO
OARCROOAK,CNHAA,CNHKO
OARCROOAK,CNHAA,CNHKO
OARCROOAK,CNHAA,CNHKO
OARCROOAK,CNHAA,CNHKO
OARCROOAK,CNHAA,CNHKO
OARCROOAK,CNHAA,CNHKO
OARCROOAK,CNHAA,CNHKO
OARCROOAK,CNHAA,CNHKO
OARCROOAK,CNHAA,CNHKO
OARCROOAK,CNHAA,CNHKO
OARCROOAK,CNHAA,CNHKO
OARCROOAK,CNHAA,CNHKO
OARCROOAK,CNHAA,CNHKO
OARCROOAK,CNHAA,CNHKO
OARCROOAK,CNHAA,CNHKO
OARCROOAK,CNHAA,CNHKO
OARCROOAK,CNHAA,CNHKO
OARCROOAK,CNHAA,CNHKO
OARCROOAK,CNHAA,CNHKO
OARCROOAK,CNHAA,CNHKO
OARCROOAK,CNHAA,CNHKO
OARCROOAK,CNHAA,CNHKO
OARCROOAK,CNHAA,CNHKO
OARCROOAK,CNHAA,CNHKO
OARCROOAK,CNHAA,CNHKO
OARCROOAK,CNHAA,CNHKO
OARCROOAK,CNHAA,CNHKO
OARCROOAK,CNHAA,CNHKO
OARCROOAK,CNHAA,CNHKO
OARCROOAK,CNHAA,CNHKO
OARCROOAK,CNHAA,CNHKO
OARCROOAK,CNHAA,CNHKO
OARCROOAK,CNHAA,CNHKO
OARCROOAK,CNHAA,CNHKO
OARCROOAK,CNHAA,CNHKO
OARCROOAK,CNHAA,CNHKO
OARCROOAK,CNHAA,CNHKO
OARCROOAK,CNHAA,CNHKO
OARCROOAK,CNHAA,CNHKO
OARCROOAK,CNHAA,CNHKO
OARCROOAK,CNHAA,CNHKO
OARCROOAK,CNHAA,CNHKO
OARCROOAK,CNHAA,CNHKO
OARCROOAK,CNHAA,CNHKO
OARCROOAK,CNHAA,CNHKO
OARCROOAK,CNHAA,CNHKO
OARCROOAK,CNHAA,CNHKO
OARCROOAK,CNHAA,CNHKO
OARCROOAK,CNHAA,CNHKO
OARCROOAK,CNHAA,CNHKO
OARCROOAK,CNHAA,CNHKO
OARCROOAK,CNHAA,CNHKO
OARCROOAK,CNHAA,CNHKO
OARCROOAK,CNHAA,CNHKO
OARCROOAK,CNHAA,CNHKO
OARCROOAK,CNHAA,CNHKO
OARCROOAK,CNHAA,CNHKO
OARCROOAK,CNHAA,CNHKO
OARCROOAK,CNHAA,CNHKO
OARCROOAK,CNHAA,CNHKO
OARCROOAK,CNHAA,CNHKO
OARCROOAK,CNHAA,CNHKO
OARCROOAK,CNHAA,CNHKO
OARCROOAK,CNHAA,CNHKO
OARCROOAK,CNHAA,CNHKO
OARCROOAK,CNHAA,CNHKO
OARCROOAK,CNHAA,CNHKO
OARCROOAK,CNHAA,CNHKO
OARCROOAK,CNHAA,CNHKO
OARCROOAK,CNHAA,CNHKO
OARCROOAK,CNHAA,CNHKO
OARCROOAK,CNHAA,CNHKO
OARCROOAK,CNHAA,CNHKO
OARCROOAK,CNHAA,CNHKO
OARCROOAK,CNHAA,CNHKO
OARCROOAK,CNHAA,CNHKO
OARCROOAK,CNHAA,CNHKO
OARCROOAK,CNHAA,CNHKO
OARCROOAK,CNHAA,CNHKO
OARCROOAK,CNHAA,CNHKO
OARCROOAK,CNHAA,CNHKO
OARCROOCK,CNHAA,CNHKO
OARCROOCK,CNHAA,CNHKO
OARCROOCK,CNHAA,CNHKO
OARCROOCK,CNHAA,CNHKO
OARCROOCK,CNHAA,CNHKO
OARCROOCK,CNHAA,CNHKO
OARCROOCK,CNHAA,CNHKO
OARCROOCK,CNHAA,CNHKO
OARCROOCK,CNHAA,CNHKO
OARCROOCK,CNHAA,CNHKO
OARCROOCK,CNHAA,CNHKO
OARCROOCK,CNHAA,CNHKO
OARCROOCK,CNHAA,CNHKO
OARCROOCK,CNHAA,CNHKO
OARCROOCK,CNHAA,CNHKO
OARCROOCK,CNHAA,CNHKO
OARCROOCK,CNHAA,CNHKO
OARCROOCK,CNHAA,CNHKO
OARCROOCK,CNHAA,CNHKO
OARCROOCK,CNHAA,CNHKO
OARCROOCK,CNHAA,CNHKO
OARCROOCK,CNHAA,CNHKO
OARCROOCK,CNHAA,CNHKO
OARCROOCK,CNHAA,CNHKO
OARCROOCK,CNHAA,CNHKO
OARCROOCK,CNHAA,CNHKO
OARCROOCK,CNHAA,CNHKO
OARCROOCK,CNHAA,CNHKO
OARCROOCK,CNHAA,CNHKO
OARCROOCK,CNHAA,CNHKO
OARCROOCK,CNHAA,CNHKO
OARCROOCK,CNHAA,CNHKO
OARCROOCK,CNHAA,CNHKO
OARCROOCK,CNHAA,CNHKO
OARCROOCK,CNHAA,CNHKO
OARCROOCK,CNHAA,CNHKO
OARCROOCK,CNHAA,CNHKO
OARCROOCK,CNHAA,CNHKO
OARCROOCK,CNHAA,CNHKO
OARCROOCK,CNHAA,CNHKO
OARCROOCK,CNHAA,CNHKO
OARCROOCK,CNHAA,CNHKO
OARCROOCK,CNHAA,CNHKO
OARCROOCK,CNHAA,CNHKO
OARCROOCK,CNHAA,CNHKO
OARCROOCK,CNHAA,CNHKO
OARCROOCK,CNHAA,CNHKO
OARCROOCK,CNHAA,CNHKO
OARCROOCK,CNHAA,CNHKO
OARCROOCK,CNHAA,CNHKO
OARCROOCK,CNHAA,CNHKO
OARCROOCK,CNHAA,CNHKO
OARCROOCK,CNHAA,CNHKO
OARCROOCK,CNHAA,CNHKO
OARCROOCK,CNHAA,CNHKO
OARCROOCK,CNHAA,CNHKO
OARCROOCK,CNHAA,CNHKO
OARCROOCK,CNHAA,CNHKO
OARCROOCK,CNHAA,CNHKO
OARCROOCK,CNHAA,CNHKO
OARCROOCK,CNHAA,CNHKO
OARCROOCK,CNHAA,CNHKO
OARCROOCK,CNHAA,CNHKO
OARCROOCK,CNHAA,CNHKO
OARCROOCK,CNHAA,CNHKO
OARCROOCK,CNHAA,CNHKO
OARCROOCK,CNHAA,CNHKO
OARCROOCK,CNHAA,CNHKO
OARCROOCK,CNHAA,CNHKO
OARCROOCK,CNHAA,CNHKO
OARCROOCK,CNHAA,CNHKO
OARCROOCK,CNHAA,CNHKO
OARCROOCK,CNHAA,CNHKO
OARCROOCK,CNHAA,CNHKO
OARCROOCK,CNHAA,CNHKO
OARCROOCK,CNHAA,CNHKO
OARCROOCK,CNHAA,CNHKO
OARCROOCK,CNHAA,CNHKO
OARCROOCK,CNHAA,CNHKO
OARCROOCK,CNHAA,CNHKO
OARCROOCK,CNHAA,CNHKO
OARCROOCK,CNHAA,CNHKO
OARCROOCK,CNHAA,CNHKO
OARCROOCK,CNHAA,CNHKO
OARCROOCK,CNHAA,CNHKO
OARCROOCK,CNHAA,CNHKO
OARCROOCK,CNHAA,CNHKO
OARCROOCK,CNHAA,CNHKO
OARCROOCK,CNHAA,CNHKO
OARCROOCK,CNHAA,CNHKO
OARCROOCK,CNHAA,CNHKO
OARCROOCK,CNHAA,CNHKO
OARCROOCK,CNHAA,CNHKO
OARCROOCK,CNHAA,CNHKO
OARCROOCK,CNHAA,CNHKO
OARCROOCK,CNHAA,CNHKO
OARCROOCK,CNHAA,CNHKO
OARCROOCK,CNHAA,CNHKO
OARCROOCK,CNHAA,CNHKO
OARCROOCK,CNHAA,CNHKO
OARCROOCK,CNHAA,CNHKO
OARCROOCK,CNHAA,CNHKO
OARCROOCK,CNHAA,CNHKO
OARCROOCK,CNHAA,CNHKO
OARCROOCK,CNHAA,CNHKO
OARCROOCK,CNHAA,CNHKO
OARCROOCK,CNHAA,CNHKO
OARCROOCK,CNHAA,CNHKO
OARCROOCK,CNHAA,CNHKO
OARCROOCK,CNHAA,CNHKO
OARCROOCK,CNHAA,CNHKO
OARCROOCK,CNHAA,CNHKO
OARCROOCK,CNHAA,CNHKO
OARCROOCK,CNHAA,CNHKO
OARCROOCK,CNHAA,CNHKO
OARCROOCK,CNHAA,CNHKO
OARCROOCK,CNHAA,CNHKO
OARCROOCK,CNHAA,CNHKO
OARCROORK,CNHAA,CNHKO
OARCROORK,CNHAA,CNHKO
OARCROORK,CNHAA,CNHKO
OARCROORK,CNHAA,CNHKO
OARCROORK,CNHAA,CNHKO
OARCROORK,CNHAA,CNHKO
OARCROORK,CNHAA,CNHKO
OARCROORK,CNHAA,CNHKO
OARCROORK,CNHAA,CNHKO
OARCROORK,CNHAA,CNHKO
OARCROORK,CNHAA,CNHKO
OARCROORK,CNHAA,CNHKO
OARCROORK,CNHAA,CNHKO
OARCROORK,CNHAA,CNHKO
OARCROORK,CNHAA,CNHKO
OARCROORK,CNHAA,CNHKO
OARCROORK,CNHAA,CNHKO
OARCROORK,CNHAA,CNHKO
OARCROORK,CNHAA,CNHKO
OARCROORK,CNHAA,CNHKO
OARCROORK,CNHAA,CNHKO
OARCROORK,CNHAA,CNHKO
OARCROORK,CNHAA,CNHKO
OARCROORK,CNHAA,CNHKO
OARCROORK,CNHAA,CNHKO
OARCROORK,CNHAA,CNHKO
OARCROORK,CNHAA,CNHKO
OARCROORK,CNHAA,CNHKO
OARCROORK,CNHAA,CNHKO
OARCROORK,CNHAA,CNHKO
OARCROORK,CNHAA,CNHKO
OARCROORK,CNHAA,CNHKO
OARCROORK,CNHAA,CNHKO
OARCROORK,CNHAA,CNHKO
OARCROORK,CNHAA,CNHKO
OARCROORK,CNHAA,CNHKO
OARCROORK,CNHAA,CNHKO
OARCROORK,CNHAA,CNHKO
OARCROORK,CNHAA,CNHKO
OARCROORK,CNHAA,CNHKO
OARCROORK,CNHAA,CNHKO
OARCROORK,CNHAA,CNHKO
OARCROORK,CNHAA,CNHKO
OARCROORK,CNHAA,CNHKO
OARCROORK,CNHAA,CNHKO
OARCROORK,CNHAA,CNHKO
OARCROORK,CNHAA,CNHKO
OARCROORK,CNHAA,CNHKO
OARCROORK,CNHAA,CNHKO
OARCROORK,CNHAA,CNHKO
OARCROORK,CNHAA,CNHKO
OARCROORK,CNHAA,CNHKO
OARCROORK,CNHAA,CNHKO
OARCROORK,CNHAA,CNHKO
OARCROORK,CNHAA,CNHKO
OARCROORK,CNHAA,CNHKO
OARCROORK,CNHAA,CNHKO
OARCROORK,CNHAA,CNHKO
OARCROORK,CNHAA,CNHKO
OARCROORK,CNHAA,CNHKO
OARCROORK,CNHAA,CNHKO
OARCROORK,CNHAA,CNHKO
OARCROORK,CNHAA,CNHKO
OARCROORK,CNHAA,CNHKO
OARCROORK,CNHAA,CNHKO
OARCROORK,CNHAA,CNHKO
OARCROORK,CNHAA,CNHKO
OARCROORK,CNHAA,CNHKO
OARCROORK,CNHAA,CNHKO
OARCROORK,CNHAA,CNHKO
OARCROORK,CNHAA,CNHKO
OARCROORK,CNHAA,CNHKO
OARCROORK,CNHAA,CNHKO
OARCROORK,CNHAA,CNHKO
OARCROORK,CNHAA,CNHKO
OARCROORK,CNHAA,CNHKO
OARCROORK,CNHAA,CNHKO
OARCROORK,CNHAA,CNHKO
OARCROORK,CNHAA,CNHKO
OARCROORK,CNHAA,CNHKO
OARCROORK,CNHAA,CNHKO
OARCROORK,CNHAA,CNHKO
OARCROORK,CNHAA,CNHKO
OARCROORK,CNHAA,CNHKO
OARCROORK,CNHAA,CNHKO
OARCROORK,CNHAA,CNHKO
OARCROORK,CNHAA,CNHKO
OARCROORK,CNHAA,CNHKO
OARCROORK,CNHAA,CNHKO
OARCROORK,CNHAA,CNHKO
OARCROORK,CNHAA,CNHKO
OARCROORK,CNHAA,CNHKO
OARCROORK,CNHAA,CNHKO
OARCROORK,CNHAA,CNHKO
OARCROORK,CNHAA,CNHKO
OARCROORK,CNHAA,CNHKO
OARCROORK,CNHAA,CNHKO
OARCROORK,CNHAA,CNHKO
OARCROORK,CNHAA,CNHKO
OARCROORK,CNHAA,CNHKO
OARCROORK,CNHAA,CNHKO
OARCROORK,CNHAA,CNHKO
OARCROORK,CNHAA,CNHKO
OARCROORK,CNHAA,CNHKO
OARCROORK,CNHAA,CNHKO
OARCROORK,CNHAA,CNHKO
OARCROORK,CNHAA,CNHKO
OARCROORK,CNHAA,CNHKO
OARCROORK,CNHAA,CNHKO
OARCROORK,CNHAA,CNHKO
OARCROORK,CNHAA,CNHKO
OARCROORK,CNHAA,CNHKO
OARCROORK,CNHAA,CNHKO
OARCROORK,CNHAA,CNHKO
OARCROORK,CNHAA,CNHKO
OARCROORK,CNHAA,CNHKO
OARCROORK,CNHAA,CNHKO
OARCROORK,CNHAA,CNHKO
OARCROORK,CNHAA,CNHKO
OARCROORK,CNHAA,CNHKO
OARCROORK,CNHAA,CNHKO
OARCROORK,CNHAA,CNHKO
OARCROORK,CNHAA,CNHKO
OARCROORK,CNHAA,CNHKO
OARCROORK,CNHAA,CNHKO
OARCROORK,CNHAA,CNHKO
OARCROORK,CNHAA,CNHKO
OARCROORK,CNHAA,CNHKO
OARCROORK,CNHAA,CNHKO
OARCROORK,CNHAA,CNHKO
OARCROORK,CNHAA,CNHKO
OARCROORK,CNHAA,CNHKO
OARCROORK,CNHAA,CNHKO
OARCROORK,CNHAA,CNHKO
OARCROORK,CNHAA,CNHKO
OARCROORK,CNHAA,CNHKO
OARCROORK,CNHAA,CNHKO
OARCROORK,CNHAA,CNHKO
OARCROORK,CNHAA,CNHKO
OARCROORK,CNHAA,CNHKO
OARCROORK,CNHAA,CNHKO
OARCROORK,CNHAA,CNHKO
OARCROORK,CNHAA,CNHKO
OARCROORK,CNHAA,CNHKO
OARCROORK,CNHAA,CNHKO
OARCROORK,CNHAA,CNHKO
OARCROORK,CNHAA,CNHKO
OARCROORK,CNHAA,CNHKO
OARCROORK,CNHAA,CNHKO
OARCROORK,CNHAA,CNHKO
OARCROORK,CNHAA,CNHKO
OARCROORK,CNHAA,CNHKO
OARCROORK,CNHAA,CNHKO
OARCROORK,CNHAA,CNHKO
OARCROORK,CNHAA,CNHKO
OARCROORK,CNHAA,CNHKO
OARCROORK,CNHAA,CNHKO
OARCROORK,CNHAA,CNHKO
OARCROORK,CNHAA,CNHKO
OARCROORK,CNHAA,CNHKO
OARCROORK,CNHAA,CNHKO
OARCROORK,CNHAA,CNHKO
OARCROORK,CNHAA,CNHKO
OARCROORK,CNHAA,CNHKO
OARCROORK,CNHAA,CNHKO
OARCROORK,CNHAA,CNHKO
OARCROORK,CNHAA,CNHKO
OARCROORK,CNHAA,CNHKO
OARCROORK,CNHAA,CNHKO
OARCROORK,CNHAA,CNHKO
OARCROORK,CNHAA,CNHKO
OARCROORK,CNHAA,CNHKO
OARCROORK,CNHAA,CNHKO
OARCROORK,CNHAA,CNHKO
OARCROORK,CNHAA,CNHKO
OARCROORK,CNHAA,CNHKO
OARCROORK,CNHAA,CNHKO
OARCROORK,CNHAA,CNHKO
OARCROORK,CNHAA,CNHKO
OARCROORK,CNHAA,CNHKO
OARCROORK,CNHAA,CNHKO
OARCROORK,CNHAA,CNHKO
OARCROORK,CNHAA,CNHKO
OARCROORK,CNHAA,CNHKO
OARCROORK,CNHAA,CNHKO
OARCROORK,CNHAA,CNHKO
OARCROORK,CNHAA,CNHKO
OARCROORK,CNHAA,CNHKO
OARCROORK,CNHAA,CNHKO
OARCROORK,CNHAA,CNHKO
OARCROORK,CNHAA,CNHKO
OARCROORK,CNHAA,CNHKO
OARCROORK,CNHAA,CNHKO
OARCROORK,CNHAA,CNHKO
OARCROORK,CNHAA,CNHKO
OARCROORK,CNHAA,CNHKO
OARCROORK,CNHAA,CNHKO
OARCROORK,CNHAA,CNHKO
OARCROORK,CNHAA,CNHKO
OARCROORK,CNHAA,CNHKO
OARCROORK,CNHAA,CNHKO
OARCROORK,CNHAA,CNHKO
OARCROORK,CNHAA,CNHKO
OARCROORK,CNHAA,CNHKO
OARCROORK,CNHAA,CNHKO
OARCROORK,CNHAA,CNHKO
OARCROORK,CNHAA,CNHKO
OARCROORK,CNHAA,CNHKO
OARCROORK,CNHAA,CNHKO
OARCROORK,CNHAA,CNHKO
OARCROORK,CNHAA,CNHKO
OARCROORK,CNHAA,CNHKO
OARCROORK,CNHAA,CNHKO
OARCROORK,CNHAA,CNHKO
OARCROORK,CNHAA,CNHKO
OARCROORK,CNHAA,CNHKO
OARCROORK,CNHAA,CNHKO
OARCROORK,CNHAA,CNHKO
OARCROORK,CNHAA,CNHKO
OARCROORK,CNHAA,CNHKO
OARCROORK,CNHAA,CNHKO
OARCROORK,CNHAA,CNHKO
OARCROORK,CNHAA,CNHKO
OARCROORK,CNHAA,CNHKO
OARCROORK,CNHAA,CNHKO
OARCROORK,CNHAA,CNHKO
OARCROORK,CNHAA,CNHKO
OARCROORK,CNHAA,CNHKO
OARCROORK,CNHAA,CNHKO
OARCROORK,CNHAA,CNHKO
OARCROORK,CNHAA,CNHKO
OARCROORK,CNHAA,CNHKO
OARCROORK,CNHAA,CNHKO
OARCROORK,CNHAA,CNHKO
OARCROORK,CNHAA,CNHKO
OARCROORK,CNHAA,CNHKO
OARCROORK,CNHAA,CNHKO
OARCROORK,CNHAA,CNHKO
OARCROORK,CNHAA,CNHKO
OARCROORK,CNHAA,CNHKO
OARCROORK,CNHAA,CNHKO
OARCROORK,CNHAA,CNHKO
OARCROORK,CNHAA,CNHKO
OARCROORK,CNHAA,CNHKO
OARCROORK,CNHAA,CNHKO
OARCROORK,CNHAA,CNHKO
OARCROORK,CNHAA,CNHKO
OARCROORK,CNHAA,CNHKO
OARCROORK,CNHAA,CNHKO
OARCROORK,CNHAA,CNHKO
OARCROORK,CNHAA,CNHKO
OARCROORK,CNHAA,CNHKO
OARCROORK,CNHAA,CNHKO
OARCROORK,CNHAA,CNHKO
OARCROORK,CNHAA,CNHKO
OARCROORK,CNHAA,CNHKO
OARCROORK,CNHAA,CNHKO
OARCROORK,CNHAA,CNHKO
OARCROORK,CNHAA,CNHKO
OARCROORK,CNHAA,CNHKO
OARCROORK,CNHAA,CNHKO
OARCROORK,CNHAA,CNHKO
OARCROORK,CNHAA,CNHKO
OARCROORK,CNHAA,CNHKO
OARCROORK,CNHAA,CNHKO
OARCROORK,CNHAA,CNHKO
OARCROORK,CNHAA,CNHKO
OARCROORK,CNHAA,CNHKO
OARCROORK,CNHAA,CNHKO
OARCROORK,CNHAA,CNHKO
OARCROORK,CNHAA,CNHKO
OARCROORK,CNHAA,CNHKO
OARCROORK,CNHAA,CNHKO
OARCROORK,CNHAA,CNHKO
OARCRCSGK,CNHAA,CNHKO
OARCRCSGK,CNHAA,CNHKO
OARCRCSGK,CNHAA,CNHKO
OARCRCSGK,CNHAA,CNHKO
OARCRCSGK,CNHAA,CNHKO
OARCRCSGK,CNHAA,CNHKO
OARCRCSGK,CNHAA,CNHKO
OARCRCSGK,CNHAA,CNHKO
OARCRCSGK,CNHAA,CNHKO
OARCRCSGK,CNHAA,CNHKO
OARCRCSGK,CNHAA,CNHKO
OARCRCSGK,CNHAA,CNHKO
OARCRCSGK,CNHAA,CNHKO
OARCRCSGK,CNHAA,CNHKO
OARCRCSGK,CNHAA,CNHKO
OARCRCSGK,CNHAA,CNHKO
OARCRCSGK,CNHAA,CNHKO
OARCRCSGK,CNHAA,CNHKO
OARCRCSGK,CNHAA,CNHKO
OARCRCSGK,CNHAA,CNHKO
OARCRCSGK,CNHAA,CNHKO
OARCRCSGK,CNHAA,CNHKO
OARCRCSGK,CNHAA,CNHKO
OARCRCSGK,CNHAA,CNHKO
OARCRCSGK,CNHAA,CNHKO
OARCRCSGK,CNHAA,CNHKO
OARCRCSGK,CNHAA,CNHKO
OARCRCSGK,CNHAA,CNHKO
OARCRCSGK,CNHAA,CNHKO
OARCRCSGK,CNHAA,CNHKO
OARCRCSGK,CNHAA,CNHKO
OARCRCSGK,CNHAA,CNHKO
OARCRCSGK,CNHAA,CNHKO
OARCRCSGK,CNHAA,CNHKO
OARCRCSGK,CNHAA,CNHKO
OARCRCSGK,CNHAA,CNHKO
OARCRCSGK,CNHAA,CNHKO
OARCRCSGK,CNHAA,CNHKO
OARCRCSGK,CNHAA,CNHKO
OARCRCSGK,CNHAA,CNHKO
OARCRCSGK,CNHAA,CNHKO
OARCRCSGK,CNHAA,CNHKO
OARCRCSGK,CNHAA,CNHKO
OARCRCSGK,CNHAA,CNHKO
OARCRCSGK,CNHAA,CNHKO
OARCRCSGK,CNHAA,CNHKO
OARCRCSGK,CNHAA,CNHKO
OARCRCSGK,CNHAA,CNHKO
OARCRCSGK,CNHAA,CNHKO
OARCRCSGK,CNHAA,CNHKO
OARCRCSGK,CNHAA,CNHKO
OARCRCSGK,CNHAA,CNHKO
OARCRCSGK,CNHAA,CNHKO
OARCRCSGK,CNHAA,CNHKO
OARCRCSGK,CNHAA,CNHKO
OARCRCSGK,CNHAA,CNHKO
OARCRCSGK,CNHAA,CNHKO
OARCRCSGK,CNHAA,CNHKO
OARCRCSGK,CNHAA,CNHKO
OARCRCSGK,CNHAA,CNHKO
OARCRCSGK,CNHAA,CNHKO
OARCRCSGK,CNHAA,CNHKO
OARCRCSGK,CNHAA,CNHKO
OARCRCSGK,CNHAA,CNHKO
OARCRCSGK,CNHAA,CNHKO
OARCRCSGK,CNHAA,CNHKO
OARCRCSGK,CNHAA,CNHKO
OARCRCSGK,CNHAA,CNHKO
OARCRCSGK,CNHAA,CNHKO
OARCRCSGK,CNHAA,CNHKO
OARCRCSGK,CNHAA,CNHKO
OARCRCSGK,CNHAA,CNHKO
OARCRCSGK,CNHAA,CNHKO
OARCRCSGK,CNHAA,CNHKO
OARCRCSGK,CNHAA,CNHKO
OARCRCSGK,CNHAA,CNHKO
OARCRCSGK,CNHAA,CNHKO
OARCRCSGK,CNHAA,CNHKO
OARCRCSGK,CNHAA,CNHKO
OARCRCSGK,CNHAA,CNHKO
OARCRCSGK,CNHAA,CNHKO
OARCRCSGK,CNHAA,CNHKO
OARCRCSGK,CNHAA,CNHKO
OARCRCSGK,CNHAA,CNHKO
OARCRCSGK,CNHAA,CNHKO
OARCRCSGK,CNHAA,CNHKO
OARCRCSGK,CNHAA,CNHKO
OARCRCSGK,CNHAA,CNHKO
OARCRCSGK,CNHAA,CNHKO
OARCRCSGK,CNHAA,CNHKO
OARCRCSGK,CNHAA,CNHKO
OARNCCKNK,CNHAA,CNHKO
OARNCCKNK,CNHAA,CNHKO
OARNCCKNK,CNHAA,CNHKO
OARNCCKNK,CNHAA,CNHKO
OARNCCKNK,CNHAA,CNHKO
OARNCCKNK,CNHAA,CNHKO
OARNCCKNK,CNHAA,CNHKO
OARNCCKNK,CNHAA,CNHKO
OARNCCKNK,CNHAA,CNHKO
OARNCCKNK,CNHAA,CNHKO
OARNCCCCK,CNHAA,CNHKO
OARNCCCCK,CNHAA,CNHKO
OARNCCCCK,CNHAA,CNHKO
OARNCCCCK,CNHAA,CNHKO
OARNCCCCK,CNHAA,CNHKO
OARNCCCCK,CNHAA,CNHKO
OARNCCCCK,CNHAA,CNHKO
OARNCCCCK,CNHAA,CNHKO
OARNCCCCK,CNHAA,CNHKO
OARNCCCCK,CNHAA,CNHKO
OARNCCCCK,CNHAA,CNHKO
OARNCCCCK,CNHAA,CNHKO
OARNCCCCK,CNHAA,CNHKO
OARNCCCCK,CNHAA,CNHKO
OARNCCCCK,CNHAA,CNHKO
OARNCCCCK,CNHAA,CNHKO
OARNCCCCK,CNHAA,CNHKO
OARNCCCCK,CNHAA,CNHKO
OARNCCCCK,CNHAA,CNHKO
OARNCCCCK,CNHAA,CNHKO
OARNCCCCK,CNHAA,CNHKO
OARNCCCCK,CNHAA,CNHKO
OARNCCCCK,CNHAA,CNHKO
OARNCCCCK,CNHAA,CNHKO
OARNCCCCK,CNHAA,CNHKO
OARNCCCCK,CNHAA,CNHKO
OARNCCCCK,CNHAA,CNHKO
OARNCCCCK,CNHAA,CNHKO
OARNCCCCK,CNHAA,CNHKO
OARNCCCCK,CNHAA,CNHKO
OARNCCCCK,CNHAA,CNHKO
OARNCCCCK,CNHAA,CNHKO
OARNCCCCK,CNHAA,CNHKO
OARNCCCCK,CNHAA,CNHKO
OARNCCCCK,CNHAA,CNHKO
OARNCCCCK,CNHAA,CNHKO
OARNCCCCK,CNHAA,CNHKO
OARNCCCCK,CNHAA,CNHKO
OARNCCCCK,CNHAA,CNHKO
OARNCCCCK,CNHAA,CNHKO
OARNCCCCK,CNHAA,CNHKO
OARNCCCCK,CNHAA,CNHKO
OARNCCCCK,CNHAA,CNHKO
OARNCCCCK,CNHAA,CNHKO
OARNCCCCK,CNHAA,CNHKO
OARNCCCCK,CNHAA,CNHKO
OARNCCCCK,CNHAA,CNHKO
OARNCCCCK,CNHAA,CNHKO
OARNCCCCK,CNHAA,CNHKO
OARNCCCCK,CNHAA,CNHKO
OARNCCCCK,CNHAA,CNHKO
OARNCCCCK,CNHAA,CNHKO
OARNCCCCK,CNHAA,CNHKO
OARNCCCCK,CNHAA,CNHKO
OARNCCCCK,CNHAA,CNHKO
OARNCCCCK,CNHAA,CNHKO
OARNCCCCK,CNHAA,CNHKO
OARNCCCCK,CNHAA,CNHKO
OARNCCCCK,CNHAA,CNHKO
OARNCCCCK,CNHAA,CNHKO
OARNCCCCK,CNHAA,CNHKO
OARNCCCCK,CNHAA,CNHKO
OARNCCCCK,CNHAA,CNHKO
OARNCCCCK,CNHAA,CNHKO
OARNCCCCK,CNHAA,CNHKO
OARNCCCCK,CNHAA,CNHKO
OARNCCCCK,CNHAA,CNHKO
OARNCCCCK,CNHAA,CNHKO
OARNCCCCK,CNHAA,CNHKO
OARNCCCCK,CNHAA,CNHKO
OARNCCCCK,CNHAA,CNHKO
OARNCCCCK,CNHAA,CNHKO
OARNCCCCK,CNHAA,CNHKO
OARNCCCCK,CNHAA,CNHKO
OARNCCCCK,CNHAA,CNHKO
OARNCCCCK,CNHAA,CNHKO
OARNCCCCK,CNHAA,CNHKO
OARNCCCCK,CNHAA,CNHKO
OARNCCCCK,CNHAA,CNHKO
OARNCCCCK,CNHAA,CNHKO
OARNCCCCK,CNHAA,CNHKO
OARNCCCCK,CNHAA,CNHKO
OARNCCCCK,CNHAA,CNHKO
OARNCCCCK,CNHAA,CNHKO
OARNCCCCK,CNHAA,CNHKO
OARNCCCCK,CNHAA,CNHKO
OARNCCCCK,CNHAA,CNHKO
OARNCCCCK,CNHAA,CNHKO
OARNCCCCK,CNHAA,CNHKO
OARNCCCCK,CNHAA,CNHKO
OARNCCCCK,CNHAA,CNHKO
OARNCCCCK,CNHAA,CNHKO
OARNCCCCK,CNHAA,CNHKO
OARNCCCCK,CNHAA,CNHKO
OARNCCCCK,CNHAA,CNHKO
OARNCCCCK,CNHAA,CNHKO
OARNCCCCK,CNHAA,CNHKO
OARNCCCCK,CNHAA,CNHKO
OARNCCCCK,CNHAA,CNHKO
OARNCCCCK,CNHAA,CNHKO
OARNCCCCK,CNHAA,CNHKO
OARNCCCCK,CNHAA,CNHKO
OARNCCCCK,CNHAA,CNHKO
OARNCCCCK,CNHAA,CNHKO
OARNCCCCK,CNHAA,CNHKO
OARNCCCCK,CNHAA,CNHKO
OARNCCCCK,CNHAA,CNHKO
OARNCCCCK,CNHAA,CNHKO
OARNCCCCK,CNHAA,CNHKO
OARNCCCCK,CNHAA,CNHKO
OARNCCCCK,CNHAA,CNHKO
OARNCCCCK,CNHAA,CNHKO
OARNCCCCK,CNHAA,CNHKO
OARNCCCCK,CNHAA,CNHKO
OARNCCCCK,CNHAA,CNHKO
OARNCCCCK,CNHAA,CNHKO
OARNCCCCK,CNHAA,CNHKO
OARNCCCCK,CNHAA,CNHKO
OARNCCCCK,CNHAA,CNHKO
OARNCCCCK,CNHAA,CNHKO
OARNCCCCK,CNHAA,CNHKO
OARNCCCCK,CNHAA,CNHKO
OARNCCCCK,CNHAA,CNHKO
OARNCCCCK,CNHAA,CNHKO
OARNCCCCK,CNHAA,CNHKO
OARNCCCCK,CNHAA,CNHKO
OARNCCCCK,CNHAA,CNHKO
OARNCCCCK,CNHAA,CNHKO
OARNCCCCK,CNHAA,CNHKO
OARNCCCCK,CNHAA,CNHKO
OARNCCCCK,CNHAA,CNHKO
OARNCCCCK,CNHAA,CNHKO
OARNCCCCK,CNHAA,CNHKO
OARNCCCCK,CNHAA,CNHKO
OARNCCCCK,CNHAA,CNHKO
OARNCCCCK,CNHAA,CNHKO
OARNCCCCK,CNHAA,CNHKO
OARNCCCCK,CNHAA,CNHKO
OARNCCCCK,CNHAA,CNHKO
OARNCCCCK,CNHAA,CNHKO
OARNCCCCK,CNHAA,CNHKO
OARNCCCCK,CNHAA,CNHKO
OARNCCCCK,CNHAA,CNHKO
OARNCCCCK,CNHAA,CNHKO
OARNCCCCK,CNHAA,CNHKO
OARNCAACK,CNHAA,CNHKO
OARNCAACK,CNHAA,CNHKO
OARNCAACK,CNHAA,CNHKO
OARNCAACK,CNHAA,CNHKO
OARNCAACK,CNHAA,CNHKO
OARNCAACK,CNHAA,CNHKO
OARNCAACK,CNHAA,CNHKO
OARNCAACK,CNHAA,CNHKO
OARNCAACK,CNHAA,CNHKO
OARNCAACK,CNHAA,CNHKO
OARNCAACK,CNHAA,CNHKO
OARNCAACK,CNHAA,CNHKO
OARNCAACK,CNHAA,CNHKO
OARNCAACK,CNHAA,CNHKO
OARNCAACK,CNHAA,CNHKO
OARNCAACK,CNHAA,CNHKO
OARNCAACK,CNHAA,CNHKO
OARNCAACK,CNHAA,CNHKO
OARNCAACK,CNHAA,CNHKO
OARNCAACK,CNHAA,CNHKO
OARNCAACK,CNHAA,CNHKO
OARNCAACK,CNHAA,CNHKO
OARNCAACK,CNHAA,CNHKO
OARNCAACK,CNHAA,CNHKO
OARNCAACK,CNHAA,CNHKO
OARNCAACK,CNHAA,CNHKO
OARNCAACK,CNHAA,CNHKO
OARNCAACK,CNHAA,CNHKO
OARNCAACK,CNHAA,CNHKO
OARNCAACK,CNHAA,CNHKO
OARNCAACK,CNHAA,CNHKO
OARNCAACK,CNHAA,CNHKO
OARNCAACK,CNHAA,CNHKO
OARNCAACK,CNHAA,CNHKO
OARNCAACK,CNHAA,CNHKO
OARNCAACK,CNHAA,CNHKO
OARNCAACK,CNHAA,CNHKO
OARNCAACK,CNHAA,CNHKO
OARNCAACK,CNHAA,CNHKO
OARNCAACK,CNHAA,CNHKO
OARNCAACK,CNHAA,CNHKO
OARNCAACK,CNHAA,CNHKO
OARNCAACK,CNHAA,CNHKO
OARNCAACK,CNHAA,CNHKO
OARNCAACK,CNHAA,CNHKO
OARNCAACK,CNHAA,CNHKO
OARNCAACK,CNHAA,CNHKO
OARNCAACK,CNHAA,CNHKO
OARNCAACK,CNHAA,CNHKO
OARNCAACK,CNHAA,CNHKO
OARNCAACK,CNHAA,CNHKO
OARNCAACK,CNHAA,CNHKO
OARNCAACK,CNHAA,CNHKO
OARNCAACK,CNHAA,CNHKO
OARNCAACK,CNHAA,CNHKO
OARNCAACK,CNHAA,CNHKO
OARNCAACK,CNHAA,CNHKO
OARNCAACK,CNHAA,CNHKO
OARNCAACK,CNHAA,CNHKO
OARNCAACK,CNHAA,CNHKO
OARNCAACK,CNHAA,CNHKO
OARNCAACK,CNHAA,CNHKO
OARNCAACK,CNHAA,CNHKO
OARNCAACK,CNHAA,CNHKO
OARNCAACK,CNHAA,CNHKO
OARNCAACK,CNHAA,CNHKO
OARNCAACK,CNHAA,CNHKO
OARNCAACK,CNHAA,CNHKO
OARNCAACK,CNHAA,CNHKO
OARNCAACK,CNHAA,CNHKO
OARNCAACK,CNHAA,CNHKO
OARNCAACK,CNHAA,CNHKO
OARNCAACK,CNHAA,CNHKO
OARNCAACK,CNHAA,CNHKO
OARNCAACK,CNHAA,CNHKO
OARNCAACK,CNHAA,CNHKO
OARNCAACK,CNHAA,CNHKO
OARNCAACK,CNHAA,CNHKO
OARNCAACK,CNHAA,CNHKO
OARNCAACK,CNHAA,CNHKO
OARNCAACK,CNHAA,CNHKO
OARNCAACK,CNHAA,CNHKO
OARNCAACK,CNHAA,CNHKO
OARNCAACK,CNHAA,CNHKO
OARNCAACK,CNHAA,CNHKO
OARNCAACK,CNHAA,CNHKO
OARNCAACK,CNHAA,CNHKO
OARNCAACK,CNHAA,CNHKO
OARNCAACK,CNHAA,CNHKO
OARNCAACK,CNHAA,CNHKO
OARNCAACK,CNHAA,CNHKO
OARNCAACK,CNHAA,CNHKO
OARNCAACK,CNHAA,CNHKO
OARNCAACK,CNHAA,CNHKO
OARNCAACK,CNHAA,CNHKO
OARNCAACK,CNHAA,CNHKO
OARNCAACK,CNHAA,CNHKO
OARNCAACK,CNHAA,CNHKO
OARNCAACK,CNHAA,CNHKO
OARNCAACK,CNHAA,CNHKO
OARNCAACK,CNHAA,CNHKO
OARNCAACK,CNHAA,CNHKO
OARNCAACK,CNHAA,CNHKO
OARNCAACK,CNHAA,CNHKO
OARNCAACK,CNHAA,CNHKO
OARNCAACK,CNHAA,CNHKO
OARNCAACK,CNHAA,CNHKO
OARNCAACK,CNHAA,CNHKO
OARNCAACK,CNHAA,CNHKO
OARNCAACK,CNHAA,CNHKO
OARNCAACK,CNHAA,CNHKO
OARNCAACK,CNHAA,CNHKO
OARNCAACK,CNHAA,CNHKO
OARNCAACK,CNHAA,CNHKO
OARNCAACK,CNHAA,CNHKO
OARNCAACK,CNHAA,CNHKO
OARNCAACK,CNHAA,CNHKO
OARNCAACK,CNHAA,CNHKO
OARNCAACK,CNHAA,CNHKO
OARNCAACK,CNHAA,CNHKO
OARNCAACK,CNHAA,CNHKO
OARNCAACK,CNHAA,CNHKO
OARNCAACK,CNHAA,CNHKO
OARNCAACK,CNHAA,CNHKO
OARNCAACK,CNHAA,CNHKO
OARNCAACK,CNHAA,CNHKO
OARNCAACK,CNHAA,CNHKO
OARNCAACK,CNHAA,CNHKO
OARNCAACK,CNHAA,CNHKO
OARNCAACK,CNHAA,CNHKO
OARNCAACK,CNHAA,CNHKO
OARNCAACK,CNHAA,CNHKO
OARNCAACK,CNHAA,CNHKO
OARNCAACK,CNHAA,CNHKO
OARNCAACK,CNHAA,CNHKO
OARNCAACK,CNHAA,CNHKO
OARNCAACK,CNHAA,CNHKO
OARNCAACK,CNHAA,CNHKO
OARNCAACK,CNHAA,CNHKO
OARNCAACK,CNHAA,CNHKO
OARNCAACK,CNHAA,CNHKO
OARNCAACK,CNHAA,CNHKO
OARNCAACK,CNHAA,CNHKO
OARNCAACK,CNHAA,CNHKO
OARNCAACK,CNHAA,CNHKO
OARNCAACK,CNHAA,CNHKO
OARNCAACK,CNHAA,CNHKO
OARNCAACK,CNHAA,CNHKO
OARNCAACK,CNHAA,CNHKO
OARNCAACK,CNHAA,CNHKO
OARNCAACK,CNHAA,CNHKO
OARNCAACK,CNHAA,CNHKO
OARNCAACK,CNHAA,CNHKO
OARNCAACK,CNHAA,CNHKO
OARNCAACK,CNHAA,CNHKO
OARNCAACK,CNHAA,CNHKO
OARNCAACK,CNHAA,CNHKO
OARNCAACK,CNHAA,CNHKO
OARNCAACK,CNHAA,CNHKO
OARNCAACK,CNHAA,CNHKO
OARNCAACK,CNHAA,CNHKO
OARNCAACK,CNHAA,CNHKO
OARNCAACK,CNHAA,CNHKO
OARNCAACK,CNHAA,CNHKO
OARNCAACK,CNHAA,CNHKO
OARNCAACK,CNHAA,CNHKO
OARNCAACK,CNHAA,CNHKO
OARNCAACK,CNHAA,CNHKO
OARNCAACK,CNHAA,CNHKO
OARNCAACK,CNHAA,CNHKO
OARNCAACK,CNHAA,CNHKO
OARNCAACK,CNHAA,CNHKO
OARNCAACK,CNHAA,CNHKO
OARNCAACK,CNHAA,CNHKO
OARNCAACK,CNHAA,CNHKO
OARNCAACK,CNHAA,CNHKO
OARNCAACK,CNHAA,CNHKO
OARNCAACK,CNHAA,CNHKO
OARNCAACK,CNHAA,CNHKO
OARNCAACK,CNHAA,CNHKO
OARNCAACK,CNHAA,CNHKO
OARNCAACK,CNHAA,CNHKO
OARNCAACK,CNHAA,CNHKO
OARNCAACK,CNHAA,CNHKO
OARNCAACK,CNHAA,CNHKO
OARNCAACK,CNHAA,CNHKO
OARNCAACK,CNHAA,CNHKO
OARNCAACK,CNHAA,CNHKO
OARNCAACK,CNHAA,CNHKO
OARNCAACK,CNHAA,CNHKO
OARNCAACK,CNHAA,CNHKO
OARNCAACK,CNHAA,CNHKO
OARNCAACK,CNHAA,CNHKO
OARNCAACK,CNHAA,CNHKO
OARNCAACK,CNHAA,CNHKO
OARNCAACK,CNHAA,CNHKO
OARNCAACK,CNHAA,CNHKO
OARNCAACK,CNHAA,CNHKO
OARNCAACK,CNHAA,CNHKO
OARNCAACK,CNHAA,CNHKO
OARNCAACK,CNHAA,CNHKO
OARNCAACK,CNHAA,CNHKO
OARNCAACK,CNHAA,CNHKO
OARNCAACK,CNHAA,CNHKO
OARNCAACK,CNHAA,CNHKO
OARNCAACK,CNHAA,CNHKO
OARNCAACK,CNHAA,CNHKO
OARNCAACK,CNHAA,CNHKO
OARNCAACK,CNHAA,CNHKO
OARNCAACK,CNHAA,CNHKO
OARNCAACK,CNHAA,CNHKO
OARNCAACK,CNHAA,CNHKO
OARNCAACK,CNHAA,CNHKO
OARNCAACK,CNHAA,CNHKO
OARNCAACK,CNHAA,CNHKO
OARNCAACK,CNHAA,CNHKO
OARNCAACK,CNHAA,CNHKO
OARNCAACK,CNHAA,CNHKO
OARNCAACK,CNHAA,CNHKO
OARNCAACK,CNHAA,CNHKO
OARNCAACK,CNHAA,CNHKO
OARNCAACK,CNHAA,CNHKO
OARNCAACK,CNHAA,CNHKO
OARNCAACK,CNHAA,CNHKO
OARNCAACK,CNHAA,CNHKO
OARNCAACK,CNHAA,CNHKO
OARNCAACK,CNHAA,CNHKO
OARNCAACK,CNHAA,CNHKO
OARNCAACK,CNHAA,CNHKO
OARNCAACK,CNHAA,CNHKO
OARNCAACK,CNHAA,CNHKO
OARNCAACK,CNHAA,CNHKO
OARNCAACK,CNHAA,CNHKO
OARNCAACK,CNHAA,CNHKO
OARNCAACK,CNHAA,CNHKO
OARNCAACK,CNHAA,CNHKO
OARNCAACK,CNHAA,CNHKO
OARNCAACK,CNHAA,CNHKO
OARNCAACK,CNHAA,CNHKO
OARNCAACK,CNHAA,CNHKO
OARNCAACK,CNHAA,CNHKO
OARNCAACK,CNHAA,CNHKO
OARNCAACK,CNHAA,CNHKO
OARNCAACK,CNHAA,CNHKO
OARNCAACK,CNHAA,CNHKO
OARNCAACK,CNHAA,CNHKO
OARNCAACK,CNHAA,CNHKO
OARNCAACK,CNHAA,CNHKO
OARNCAACK,CNHAA,CNHKO
OARNCAACK,CNHAA,CNHKO
OARNCAACK,CNHAA,CNHKO
OARNCAACK,CNHAA,CNHKO
OARNCAACK,CNHAA,CNHKO
OARNCAACK,CNHAA,CNHKO
OARNCAACK,CNHAA,CNHKO
OARNCAACK,CNHAA,CNHKO
OARNCAACK,CNHAA,CNHKO
OARNCAACK,CNHAA,CNHKO
OARNCAACK,CNHAA,CNHKO
OARNCAACK,CNHAA,CNHKO
OARNCAACK,CNHAA,CNHKO
OARNCAACK,CNHAA,CNHKO
OARNCAACK,CNHAA,CNHKO
OARNCAACK,CNHAA,CNHKO
OARNCAACK,CNHAA,CNHKO
OARNCAACK,CNHAA,CNHKO
OARNCAACK,CNHAA,CNHKO
OARNCAACK,CNHAA,CNHKO
OARNCAACK,CNHAA,CNHKO
OARNCAACK,CNHAA,CNHKO
OARNCAACK,CNHAA,CNHKO
OARNCAACK,CNHAA,CNHKO
OARNCAACK,CNHAA,CNHKO
OARNCAACK,CNHAA,CNHKO
OARNCAACK,CNHAA,CNHKO
OARNCAACK,CNHAA,CNHKO
OARNCAACK,CNHAA,CNHKO
OARNCAACK,CNHAA,CNHKO
OARNCAACK,CNHAA,CNHKO
OARNCAACK,CNHAA,CNHKO
OARNCAACK,CNHAA,CNHKO
OARNCAACK,CNHAA,CNHKO
OARNCAACK,CNHAA,CNHKO
OARNCAACK,CNHAA,CNHKO
OARNCAACK,CNHAA,CNHKO
OARNCAACK,CNHAA,CNHKO
OARNCAACK,CNHAA,CNHKO
OARNCAACK,CNHAA,CNHKO
OARNCAACK,CNHAA,CNHKO
OARNCAACK,CNHAA,CNHKO
OARNCAACK,CNHAA,CNHKO
OARNCAACK,CNHAA,CNHKO
OARNCAACK,CNHAA,CNHKO
OARNCAACK,CNHAA,CNHKO
OARNCAACK,CNHAA,CNHKO
OARNCAACK,CNHAA,CNHKO
OARNCAACK,CNHAA,CNHKO
OARNCAACK,CNHAA,CNHKO
OARNCAACK,CNHAA,CNHKO
OARNCAACK,CNHAA,CNHKO
OARNCAACK,CNHAA,CNHKO
OARNCAACK,CNHAA,CNHKO
OARNCAACK,CNHAA,CNHKO
OARNCAACK,CNHAA,CNHKO
OARNCAACK,CNHAA,CNHKO
OARNCAACK,CNHAA,CNHKO
OARNCAACK,CNHAA,CNHKO
OARNCAACK,CNHAA,CNHKO
OARNCAACK,CNHAA,CNHKO
OARNCAACK,CNHAA,CNHKO
OARNCAACK,CNHAA,CNHKO
OARNCAACK,CNHAA,CNHKO
OARNCAACK,CNHAA,CNHKO
OARNCAACK,CNHAA,CNHKO
OARNCAACK,CNHAA,CNHKO
OARNCAACK,CNHAA,CNHKO
OARNCAACK,CNHAA,CNHKO
OARNCAACK,CNHAA,CNHKO
OARNCAACK,CNHAA,CNHKO
OARNCAACK,CNHAA,CNHKO
OARNCAACK,CNHAA,CNHKO
OARNCAACK,CNHAA,CNHKO
OARNCAACK,CNHAA,CNHKO
OARNCAACK,CNHAA,CNHKO
OARNCAACK,CNHAA,CNHKO
OARNCAACK,CNHAA,CNHKO
OARNCAACK,CNHAA,CNHKO
OARNCAACK,CNHAA,CNHKO
OARNCAACK,CNHAA,CNHKO
OARNCAACK,CNHAA,CNHKO
OARNCAACK,CNHAA,CNHKO
OARNCAACK,CNHAA,CNHKO
OARNCAACK,CNHAA,CNHKO
OARNCAACK,CNHAA,CNHKO
OARNCAACK,CNHAA,CNHKO
OARNCAACK,CNHAA,CNHKO
OARNCAACK,CNHAA,CNHKO
OARNCAACK,CNHAA,CNHKO
OARNCAACK,CNHAA,CNHKO
OARNCAACK,CNHAA,CNHKO
OARNCAACK,CNHAA,CNHKO
OARNCAACK,CNHAA,CNHKO
OARNCAACK,CNHAA,CNHKO
OARNCAACK,CNHAA,CNHKO
OARNCAACK,CNHAA,CNHKO
OARNCAACK,CNHAA,CNHKO
OARNCAACK,CNHAA,CNHKO
OARNCAACK,CNHAA,CNHKO
OARNCAACK,CNHAA,CNHKO
OARNCAACK,CNHAA,CNHKO
OARNCAACK,CNHAA,CNHKO
OARNCAACK,CNHAA,CNHKO
OARNCAACK,CNHAA,CNHKO
OARNCAACK,CNHAA,CNHKO
OARNCAACK,CNHAA,CNHKO
OARNCAACK,CNHAA,CNHKO
OARNCNGRK,CNHAA,CNHKO
OARNCNGRK,CNHAA,CNHKO
OARNCNGRK,CNHAA,CNHKO
OARNCNGRK,CNHAA,CNHKO
OARNCNGRK,CNHAA,CNHKO
OARNCNGRK,CNHAA,CNHKO
OARNCNGRK,CNHAA,CNHKO
OARNCNGRK,CNHAA,CNHKO
OARNCNGRK,CNHAA,CNHKO
OARNCNGRK,CNHAA,CNHKO
OARNCNGRK,CNHAA,CNHKO
OARNCNGRK,CNHAA,CNHKO
OARNCNGRK,CNHAA,CNHKO
OARNCNGRK,CNHAA,CNHKO
OARNCNGRK,CNHAA,CNHKO
OARNCNGRK,CNHAA,CNHKO
OARNCNGRK,CNHAA,CNHKO
OARNCNGRK,CNHAA,CNHKO
OARNCNGRK,CNHAA,CNHKO
OARCROFCK,CNHAA,CNHKO
OARCROFCK,CNHAA,CNHKO
OARCROFCK,CNHAA,CNHKO
OARCROFCK,CNHAA,CNHKO
OARCROFCK,CNHAA,CNHKO
OARCROFCK,CNHAA,CNHKO
OARCROFCK,CNHAA,CNHKO
OARCROFCK,CNHAA,CNHKO
OARCROFCK,CNHAA,CNHKO
OARCROFCK,CNHAA,CNHKO
OARCROFCK,CNHAA,CNHKO
OARCROFCK,CNHAA,CNHKO
OARCROFCK,CNHAA,CNHKO
OARCROFCK,CNHAA,CNHKO
OARCROFCK,CNHAA,CNHKO
OARCROFCK,CNHAA,CNHKO
OARCROFCK,CNHAA,CNHKO
OARCROFCK,CNHAA,CNHKO
OARCROFCK,CNHAA,CNHKO
OARCROFCK,CNHAA,CNHKO
OARCROFCK,CNHAA,CNHKO
OARCROFCK,CNHAA,CNHKO
OARCROFCK,CNHAA,CNHKO
OARCROFCK,CNHAA,CNHKO
OARCROFCK,CNHAA,CNHKO
OARCROFCK,CNHAA,CNHKO
OARCROFCK,CNHAA,CNHKO
OARCROFCK,CNHAA,CNHKO
OARCROFCK,CNHAA,CNHKO
OARCROFCK,CNHAA,CNHKO
OARCROFCK,CNHAA,CNHKO
OARCROFCK,CNHAA,CNHKO
OARCROFCK,CNHAA,CNHKO
OARCROFCK,CNHAA,CNHKO
OARCROFCK,CNHAA,CNHKO
OARCROFCK,CNHAA,CNHKO
OARCROFCK,CNHAA,CNHKO
OARCROFCK,CNHAA,CNHKO
OARCROFCK,CNHAA,CNHKO
OARCROFCK,CNHAA,CNHKO
OARCROFCK,CNHAA,CNHKO
OARCROFCK,CNHAA,CNHKO
OARCROFCK,CNHAA,CNHKO
OARCROFCK,CNHAA,CNHKO
OARCROFCK,CNHAA,CNHKO
OARCROFCK,CNHAA,CNHKO
OARCROFCK,CNHAA,CNHKO
OARCROFCK,CNHAA,CNHKO
OARCROFCK,CNHAA,CNHKO
OARCROFCK,CNHAA,CNHKO
OARCROFCK,CNHAA,CNHKO
OARCROFCK,CNHAA,CNHKO
OARCROFCK,CNHAA,CNHKO
OARCROFCK,CNHAA,CNHKO
OARCROFCK,CNHAA,CNHKO
OARCROFCK,CNHAA,CNHKO
OARCROFCK,CNHAA,CNHKO
OARCROFCK,CNHAA,CNHKO
OARCROFCK,CNHAA,CNHKO
OARCROFCK,CNHAA,CNHKO
OARCROFCK,CNHAA,CNHKO
OARCROFCK,CNHAA,CNHKO
OARCROFCK,CNHAA,CNHKO
OARCROFCK,CNHAA,CNHKO
OARCROFCK,CNHAA,CNHKO
OARCROFCK,CNHAA,CNHKO
OARCROFCK,CNHAA,CNHKO
OARCROFCK,CNHAA,CNHKO
OARCROFCK,CNHAA,CNHKO
OARCROFCK,CNHAA,CNHKO
OARCROFCK,CNHAA,CNHKO
OARCROFCK,CNHAA,CNHKO
OARCROFCK,CNHAA,CNHKO
OARCROFCK,CNHAA,CNHKO
OARCROFCK,CNHAA,CNHKO
OARCROFCK,CNHAA,CNHKO
OARCROFCK,CNHAA,CNHKO
OARCROFCK,CNHAA,CNHKO
OARCROFCK,CNHAA,CNHKO
OARCROFCK,CNHAA,CNHKO
OARCROFCK,CNHAA,CNHKO
OARCROFCK,CNHAA,CNHKO
OARCROFCK,CNHAA,CNHKO
OARCROFCK,CNHAA,CNHKO
OARCROFCK,CNHAA,CNHKO
OARCROFCK,CNHAA,CNHKO
OARCROFCK,CNHAA,CNHKO
OARCROFCK,CNHAA,CNHKO
OARCROFCK,CNHAA,CNHKO
OARCROFCK,CNHAA,CNHKO
OARCROFCK,CNHAA,CNHKO
OARCROFCK,CNHAA,CNHKO
OARCROFCK,CNHAA,CNHKO
OARCROFCK,CNHAA,CNHKO
OARCROFCK,CNHAA,CNHKO
OARCROFCK,CNHAA,CNHKO
OARCROFCK,CNHAA,CNHKO
OARCROFCK,CNHAA,CNHKO
OARCROFCK,CNHAA,CNHKO
OARCROFCK,CNHAA,CNHKO
OARCROFCK,CNHAA,CNHKO
OARCROFCK,CNHAA,CNHKO
OARCROFCK,CNHAA,CNHKO
OARCROFCK,CNHAA,CNHKO
OARCROFCK,CNHAA,CNHKO
OARCROFCK,CNHAA,CNHKO
OARCROFCK,CNHAA,CNHKO
OARCROFCK,CNHAA,CNHKO
OARCROFCK,CNHAA,CNHKO
OARCROFCK,CNHAA,CNHKO
OARCROFCK,CNHAA,CNHKO
OARCROFCK,CNHAA,CNHKO
OARCROFCK,CNHAA,CNHKO
OARCROFCK,CNHAA,CNHKO
OARCROFCK,CNHAA,CNHKO
OARCROFCK,CNHAA,CNHKO
OARCROFCK,CNHAA,CNHKO
OARCROFCK,CNHAA,CNHKO
OARCROFCK,CNHAA,CNHKO
OARCROFCK,CNHAA,CNHKO
OARCROFCK,CNHAA,CNHKO
OARCROFCK,CNHAA,CNHKO
OARCROFCK,CNHAA,CNHKO
OARCROFCK,CNHAA,CNHKO
OARCROFCK,CNHAA,CNHKO
OARCROFCK,CNHAA,CNHKO
OARCROFCK,CNHAA,CNHKO
OARCROFCK,CNHAA,CNHKO
OARCROFCK,CNHAA,CNHKO
OARCROFCK,CNHAA,CNHKO
OARCROFCK,CNHAA,CNHKO
OARCROFCK,CNHAA,CNHKO
OARCROFCK,CNHAA,CNHKO
OARCROFCK,CNHAA,CNHKO
OARCROFCK,CNHAA,CNHKO
OARCROFCK,CNHAA,CNHKO
OARCROFCK,CNHAA,CNHKO
OARCROFCK,CNHAA,CNHKO
OARCROFCK,CNHAA,CNHKO
OARCROFCK,CNHAA,CNHKO
OARCROFCK,CNHAA,CNHKO
OARCROFCK,CNHAA,CNHKO
OARCROFCK,CNHAA,CNHKO
OARCROFCK,CNHAA,CNHKO
OARCROFCK,CNHAA,CNHKO
OARCROFCK,CNHAA,CNHKO
OARCROFCK,CNHAA,CNHKO
OARCROFCK,CNHAA,CNHKO
OARCROFCK,CNHAA,CNHKO
OARCROFCK,CNHAA,CNHKO
OARCROFCK,CNHAA,CNHKO
OARCROFCK,CNHAA,CNHKO
OARCROFCK,CNHAA,CNHKO
OARCROFCK,CNHAA,CNHKO
OARCROFCK,CNHAA,CNHKO
OARNCAACK,CNHAA,CNHKO
OARCROFCK,CNHAA,CNHKO
OARCROFCK,CNHAA,CNHKO
OARCROFCK,CNHAA,CNHKO
OARCROFCK,CNHAA,CNHKO
OARCROGGK,CNHAA,CNHKO
OARCROGGK,CNHAA,CNHKO
OARCROGGK,CNHAA,CNHKO
OARCROGGK,CNHAA,CNHKO
OARCROGGK,CNHAA,CNHKO
OARCROGGK,CNHAA,CNHKO
OARCROGGK,CNHAA,CNHKO
OARCROGGK,CNHAA,CNHKO
OARCROGGK,CNHAA,CNHKO
OARCROGGK,CNHAA,CNHKO
OARCROGGK,CNHAA,CNHKO
OARCROGGK,CNHAA,CNHKO
OARCROGGK,CNHAA,CNHKO
OARCROGGK,CNHAA,CNHKO
OARCROGGK,CNHAA,CNHKO
OARCROGGK,CNHAA,CNHKO
OARCROGGK,CNHAA,CNHKO
OARCROGGK,CNHAA,CNHKO
OARCROGGK,CNHAA,CNHKO
OARCROGGK,CNHAA,CNHKO
OARCROGGK,CNHAA,CNHKO
OARCROGGK,CNHAA,CNHKO
OARCROGGK,CNHAA,CNHKO
OARCROGGK,CNHAA,CNHKO
OARCROGGK,CNHAA,CNHKO
OARCROGGK,CNHAA,CNHKO
OARCROGGK,CNHAA,CNHKO
OARCROGGK,CNHAA,CNHKO
OARCROGGK,CNHAA,CNHKO
OARCROGGK,CNHAA,CNHKO
OARCROGGK,CNHAA,CNHKO
OARCROGGK,CNHAA,CNHKO
OARCROGGK,CNHAA,CNHKO
OARCROGGK,CNHAA,CNHKO
OARCROGGK,CNHAA,CNHKO
OARCROGGK,CNHAA,CNHKO
OARCROGGK,CNHAA,CNHKO
OARCROGGK,CNHAA,CNHKO
OARCROGGK,CNHAA,CNHKO
OARCROGGK,CNHAA,CNHKO
OARCROGGK,CNHAA,CNHKO
OARCROGGK,CNHAA,CNHKO
OARCROGGK,CNHAA,CNHKO
OARCROGGK,CNHAA,CNHKO
OARCROGGK,CNHAA,CNHKO
OARCROGGK,CNHAA,CNHKO
OARCROGGK,CNHAA,CNHKO
OARCROGGK,CNHAA,CNHKO
OARCROGGK,CNHAA,CNHKO
OARCROGGK,CNHAA,CNHKO
OARCROGGK,CNHAA,CNHKO
OARCROGGK,CNHAA,CNHKO
OARCROGGK,CNHAA,CNHKO
OARCROGGK,CNHAA,CNHKO
OARCROGGK,CNHAA,CNHKO
OARCROGGK,CNHAA,CNHKO
OARCROGGK,CNHAA,CNHKO
OARCROGGK,CNHAA,CNHKO
OARCROGGK,CNHAA,CNHKO
OARCROGGK,CNHAA,CNHKO
OARCROGGK,CNHAA,CNHKO
OARCROGGK,CNHAA,CNHKO
OARCROGGK,CNHAA,CNHKO
OARCROGGK,CNHAA,CNHKO
OARCROGGK,CNHAA,CNHKO
OARCROGGK,CNHAA,CNHKO
OARCROGGK,CNHAA,CNHKO
OARCROGGK,CNHAA,CNHKO
OARCROGGK,CNHAA,CNHKO
OARCROGGK,CNHAA,CNHKO
OARCROGGK,CNHAA,CNHKO
OARCROGGK,CNHAA,CNHKO
OARCROGGK,CNHAA,CNHKO
OARCROGGK,CNHAA,CNHKO
OARCROGGK,CNHAA,CNHKO
OARCROGGK,CNHAA,CNHKO
OARCROGGK,CNHAA,CNHKO
OARCROGGK,CNHAA,CNHKO
OARCROGGK,CNHAA,CNHKO
OARCROGGK,CNHAA,CNHKO
OARCROGGK,CNHAA,CNHKO
OARCROGGK,CNHAA,CNHKO
OARCROGGK,CNHAA,CNHKO
OARCROGGK,CNHAA,CNHKO
OARCROGGK,CNHAA,CNHKO
OARCROGGK,CNHAA,CNHKO
OARCROGGK,CNHAA,CNHKO
OARCROGGK,CNHAA,CNHKO
OARCROGGK,CNHAA,CNHKO
OARCROGGK,CNHAA,CNHKO
OARCROGGK,CNHAA,CNHKO
OARCROGGK,CNHAA,CNHKO
OARCROGGK,CNHAA,CNHKO
OARCROGGK,CNHAA,CNHKO
OARCROGGK,CNHAA,CNHKO
OARCROGGK,CNHAA,CNHKO
OARCROGGK,CNHAA,CNHKO
OARCROGGK,CNHAA,CNHKO
OARCROGGK,CNHAA,CNHKO
OARCROGGK,CNHAA,CNHKO
OARCROGGK,CNHAA,CNHKO
OARCROGGK,CNHAA,CNHKO
OARCROGGK,CNHAA,CNHKO
OARCROGGK,CNHAA,CNHKO
OARCROGGK,CNHAA,CNHKO
OARCROGGK,CNHAA,CNHKO
OARCROGGK,CNHAA,CNHKO
OARCROGGK,CNHAA,CNHKO
OARCROGGK,CNHAA,CNHKO
OARCROGGK,CNHAA,CNHKO
OARCROGGK,CNHAA,CNHKO
OARCROGGK,CNHAA,CNHKO
OARCROGGK,CNHAA,CNHKO
OARCROGGK,CNHAA,CNHKO
OARCROGGK,CNHAA,CNHKO
OARCROGGK,CNHAA,CNHKO
OARCROGGK,CNHAA,CNHKO
OARCROGGK,CNHAA,CNHKO
OARCROGGK,CNHAA,CNHKO
OARCROGGK,CNHAA,CNHKO
OARCROGGK,CNHAA,CNHKO
OARCROGGK,CNHAA,CNHKO
OARCROGGK,CNHAA,CNHKO
OARCROGGK,CNHAA,CNHKO
OARCROGGK,CNHAA,CNHKO
OARCROGGK,CNHAA,CNHKO
OARCROGGK,CNHAA,CNHKO
OARCROGGK,CNHAA,CNHKO
OARCROGGK,CNHAA,CNHKO
OARCROGGK,CNHAA,CNHKO
OARCROGGK,CNHAA,CNHKO
OARCROGGK,CNHAA,CNHKO
OARCROGGK,CNHAA,CNHKO
OARCROGGK,CNHAA,CNHKO
OARCROGGK,CNHAA,CNHKO
OARCROGGK,CNHAA,CNHKO
OARCROGGK,CNHAA,CNHKO
OARCROGGK,CNHAA,CNHKO
OARCROGGK,CNHAA,CNHKO
OARCROGGK,CNHAA,CNHKO
OARCROGGK,CNHAA,CNHKO
OARCROGGK,CNHAA,CNHKO
OARCROGGK,CNHAA,CNHKO
OARCROGGK,CNHAA,CNHKO
OARCROGGK,CNHAA,CNHKO
OARCROGGK,CNHAA,CNHKO
OARCROGGK,CNHAA,CNHKO
OARCROGGK,CNHAA,CNHKO
OARCROGGK,CNHAA,CNHKO
OARCROGGK,CNHAA,CNHKO
OARCROGGK,CNHAA,CNHKO
OARCROGGK,CNHAA,CNHKO
OARCROGGK,CNHAA,CNHKO
OARCROGGK,CNHAA,CNHKO
OARCROGGK,CNHAA,CNHKO
OARCROGGK,CNHAA,CNHKO
OARCROGGK,CNHAA,CNHKO
OARCROGGK,CNHAA,CNHKO
OARCROGGK,CNHAA,CNHKO
OARCROGGK,CNHAA,CNHKO
OARCROGGK,CNHAA,CNHKO
OARCROGGK,CNHAA,CNHKO
OARCROGGK,CNHAA,CNHKO
OARCROGGK,CNHAA,CNHKO
OARCROGGK,CNHAA,CNHKO
OARCROGGK,CNHAA,CNHKO
OARCROGGK,CNHAA,CNHKO
OARCROGGK,CNHAA,CNHKO
OARCROGGK,CNHAA,CNHKO
OARCRORSK,CNHAA,CNHKO
OARCRORSK,CNHAA,CNHKO
OARCRORSK,CNHAA,CNHKO
OARCRORSK,CNHAA,CNHKO
OARCRORSK,CNHAA,CNHKO
OARCRORSK,CNHAA,CNHKO
OARCRORSK,CNHAA,CNHKO
OARCRORSK,CNHAA,CNHKO
OARCRORSK,CNHAA,CNHKO
OARCRORSK,CNHAA,CNHKO
OARCRORSK,CNHAA,CNHKO
OARCRORSK,CNHAA,CNHKO
OARCRORSK,CNHAA,CNHKO
OARCRORSK,CNHAA,CNHKO
OARCRORSK,CNHAA,CNHKO
OARCRORSK,CNHAA,CNHKO
OARCRORSK,CNHAA,CNHKO
OARCRORSK,CNHAA,CNHKO
OARCRORSK,CNHAA,CNHKO
OARCRORSK,CNHAA,CNHKO
OARCRORSK,CNHAA,CNHKO
OARCRORSK,CNHAA,CNHKO
OARCRORSK,CNHAA,CNHKO
OARCRORSK,CNHAA,CNHKO
OARCRORSK,CNHAA,CNHKO
OARCRORSK,CNHAA,CNHKO
OARCRORSK,CNHAA,CNHKO
OARCRORSK,CNHAA,CNHKO
OARCRORSK,CNHAA,CNHKO
OARCRORSK,CNHAA,CNHKO
OARCRORSK,CNHAA,CNHKO
OARCRORSK,CNHAA,CNHKO
OARCRORSK,CNHAA,CNHKO
OARCRORSK,CNHAA,CNHKO
OARCRORSK,CNHAA,CNHKO
OARCRORSK,CNHAA,CNHKO
OARCRORSK,CNHAA,CNHKO
OARCRORSK,CNHAA,CNHKO
OARCRORSK,CNHAA,CNHKO
OARCRORSK,CNHAA,CNHKO
OARCRORSK,CNHAA,CNHKO
OARCRORSK,CNHAA,CNHKO
OARCRORSK,CNHAA,CNHKO
OARCRORSK,CNHAA,CNHKO
OARCRORSK,CNHAA,CNHKO
OARCRORSK,CNHAA,CNHKO
OARCRORSK,CNHAA,CNHKO
OARCRORSK,CNHAA,CNHKO
OARCRORSK,CNHAA,CNHKO
OARCRORSK,CNHAA,CNHKO
OARCRORSK,CNHAA,CNHKO
OARCRORSK,CNHAA,CNHKO
OARCRORSK,CNHAA,CNHKO
OARCRORSK,CNHAA,CNHKO
OARCRORSK,CNHAA,CNHKO
OARCRORSK,CNHAA,CNHKO
OARCRORSK,CNHAA,CNHKO
OARCRORSK,CNHAA,CNHKO
OARCRORSK,CNHAA,CNHKO
OARCRORSK,CNHAA,CNHKO
OARCRORSK,CNHAA,CNHKO
OARCRORSK,CNHAA,CNHKO
OARCRORSK,CNHAA,CNHKO
OARCRORSK,CNHAA,CNHKO
OARCRORSK,CNHAA,CNHKO
OARCRORSK,CNHAA,CNHKO
OARCRORSK,CNHAA,CNHKO
OARCRORSK,CNHAA,CNHKO
OARCRORSK,CNHAA,CNHKO
OARCRORSK,CNHAA,CNHKO
OARCRORSK,CNHAA,CNHKO
OARCRORSK,CNHAA,CNHKO
OARCRORSK,CNHAA,CNHKO
OARCRORSK,CNHAA,CNHKO
OARCRORSK,CNHAA,CNHKO
OARCRORSK,CNHAA,CNHKO
OARCRORSK,CNHAA,CNHKO
OARCRORSK,CNHAA,CNHKO
OARCRORSK,CNHAA,CNHKO
OARCRORSK,CNHAA,CNHKO
OARCRORSK,CNHAA,CNHKO
OARCRORSK,CNHAA,CNHKO
OARCRORSK,CNHAA,CNHKO
OARCRORSK,CNHAA,CNHKO
OARCRORSK,CNHAA,CNHKO
OARCRORSK,CNHAA,CNHKO
OARCRORSK,CNHAA,CNHKO
OARCRORSK,CNHAA,CNHKO
OARCRORSK,CNHAA,CNHKO
OARCRORSK,CNHAA,CNHKO
OARCRORSK,CNHAA,CNHKO
OARCRORSK,CNHAA,CNHKO
OARCRORSK,CNHAA,CNHKO
OARCRORSK,CNHAA,CNHKO
OARCRORSK,CNHAA,CNHKO
OARCRORSK,CNHAA,CNHKO
OARCRORSK,CNHAA,CNHKO
OARCRORSK,CNHAA,CNHKO
OARCRORSK,CNHAA,CNHKO
OARCRORSK,CNHAA,CNHKO
OARCRORSK,CNHAA,CNHKO
OARCRORSK,CNHAA,CNHKO
OARCRORSK,CNHAA,CNHKO
OARCRORSK,CNHAA,CNHKO
OARCRORSK,CNHAA,CNHKO
OARCRORSK,CNHAA,CNHKO
OARCRORSK,CNHAA,CNHKO
OARCRORSK,CNHAA,CNHKO
OARCRORSK,CNHAA,CNHKO
OARCRORSK,CNHAA,CNHKO
OARCRORSK,CNHAA,CNHKO
OARCRORSK,CNHAA,CNHKO
OARCRORSK,CNHAA,CNHKO
OARCRORSK,CNHAA,CNHKO
OARCRORSK,CNHAA,CNHKO
OARCRORSK,CNHAA,CNHKO
OARCRORSK,CNHAA,CNHKO
OARCRORSK,CNHAA,CNHKO
OARCRORSK,CNHAA,CNHKO
OARCRORSK,CNHAA,CNHKO
OARCRORSK,CNHAA,CNHKO
OARCRORSK,CNHAA,CNHKO
OARCRORSK,CNHAA,CNHKO
OARCRORSK,CNHAA,CNHKO
OARCRORSK,CNHAA,CNHKO
OARCRORSK,CNHAA,CNHKO
OARCRORSK,CNHAA,CNHKO
OARCRORSK,CNHAA,CNHKO
OARCRORSK,CNHAA,CNHKO
OARCRORSK,CNHAA,CNHKO
OARCRORSK,CNHAA,CNHKO
OARCRORSK,CNHAA,CNHKO
OARCRORSK,CNHAA,CNHKO
OARCRORSK,CNHAA,CNHKO
OARCRORSK,CNHAA,CNHKO
OARCRORSK,CNHAA,CNHKO
OARCRORSK,CNHAA,CNHKO
OARCRORSK,CNHAA,CNHKO
OARCRORSK,CNHAA,CNHKO
OARCRORSK,CNHAA,CNHKO
OARCRORSK,CNHAA,CNHKO
OARCRORSK,CNHAA,CNHKO
OARCRORSK,CNHAA,CNHKO
OARCRORSK,CNHAA,CNHKO
OARCRORSK,CNHAA,CNHKO
OARCRORSK,CNHAA,CNHKO
OARCRORSK,CNHAA,CNHKO
OARCRORSK,CNHAA,CNHKO
OARCRORSK,CNHAA,CNHKO
OARCRORSK,CNHAA,CNHKO
OARCRORSK,CNHAA,CNHKO
OARCRORSK,CNHAA,CNHKO
OARCRORSK,CNHAA,CNHKO
OARCRORSK,CNHAA,CNHKO
OARCRORSK,CNHAA,CNHKO
OARCRORSK,CNHAA,CNHKO
OARCRORSK,CNHAA,CNHKO
OARCRORSK,CNHAA,CNHKO
OARCRORSK,CNHAA,CNHKO
OARCRORSK,CNHAA,CNHKO
OARCRORSK,CNHAA,CNHKO
OARCRORSK,CNHAA,CNHKO
OARCRORSK,CNHAA,CNHKO
OARCRORSK,CNHAA,CNHKO
OARCRORSK,CNHAA,CNHKO
OARCRORSK,CNHAA,CNHKO
OARCRORSK,CNHAA,CNHKO
OARCRORSK,CNHAA,CNHKO
OARCRORSK,CNHAA,CNHKO
OARCRORSK,CNHAA,CNHKO
OARCRORSK,CNHAA,CNHKO
OARCRORSK,CNHAA,CNHKO
OARCRORSK,CNHAA,CNHKO
OARCRORSK,CNHAA,CNHKO
OARCRORSK,CNHAA,CNHKO
OARCRORSK,CNHAA,CNHKO
OARCRORSK,CNHAA,CNHKO
OARCRORSK,CNHAA,CNHKO
OARCRORSK,CNHAA,CNHKO
OARCRORSK,CNHAA,CNHKO
OARCRORSK,CNHAA,CNHKO
OARCRORSK,CNHAA,CNHKO
OARCRORSK,CNHAA,CNHKO
OARCRORSK,CNHAA,CNHKO
OARCRORSK,CNHAA,CNHKO
OARCRORSK,CNHAA,CNHKO
OARCRORSK,CNHAA,CNHKO
OARCRORSK,CNHAA,CNHKO
OARCRORSK,CNHAA,CNHKO
OARCRORSK,CNHAA,CNHKO
OARCRORSK,CNHAA,CNHKO
OARCRORSK,CNHAA,CNHKO
OARCRORSK,CNHAA,CNHKO
OARCRORSK,CNHAA,CNHKO
OARCRORSK,CNHAA,CNHKO
OARCRORSK,CNHAA,CNHKO
OARCRORSK,CNHAA,CNHKO
OARCRORSK,CNHAA,CNHKO
OARCRORSK,CNHAA,CNHKO
OARCRORSK,CNHAA,CNHKO
OARCRORSK,CNHAA,CNHKO
OARCRORSK,CNHAA,CNHKO
OARCRORSK,CNHAA,CNHKO
OARCRORSK,CNHAA,CNHKO
OARCRORSK,CNHAA,CNHKO
OARCRORSK,CNHAA,CNHKO
OARCRORSK,CNHAA,CNHKO
OARCRORSK,CNHAA,CNHKO
OARCRORSK,CNHAA,CNHKO
OARCRORSK,CNHAA,CNHKO
OARCRORSK,CNHAA,CNHKO
OARCRORSK,CNHAA,CNHKO
OARCRORSK,CNHAA,CNHKO
OARCRORSK,CNHAA,CNHKO
OARCRORSK,CNHAA,CNHKO
OARCRORSK,CNHAA,CNHKO
OARCRORSK,CNHAA,CNHKO
OARCRORSK,CNHAA,CNHKO
OARCRORSK,CNHAA,CNHKO
OARCRORSK,CNHAA,CNHKO
OARCRORSK,CNHAA,CNHKO
OARCRORSK,CNHAA,CNHKO
OARCRORSK,CNHAA,CNHKO
OARCRORSK,CNHAA,CNHKO
OARCRORSK,CNHAA,CNHKO
OARCRORSK,CNHAA,CNHKO
OARCRORSK,CNHAA,CNHKO
OARCRORSK,CNHAA,CNHKO
OARCRORSK,CNHAA,CNHKO
OARCRORSK,CNHAA,CNHKO
OARCRORSK,CNHAA,CNHKO
OARCRORSK,CNHAA,CNHKO
OARCRORSK,CNHAA,CNHKO
OARCRORSK,CNHAA,CNHKO
OARCRORSK,CNHAA,CNHKO
OARCRORSK,CNHAA,CNHKO
OARCRORSK,CNHAA,CNHKO
OARCRORSK,CNHAA,CNHKO
OARCRORSK,CNHAA,CNHKO
OARCRORSK,CNHAA,CNHKO
OARCRORSK,CNHAA,CNHKO
OARCRORSK,CNHAA,CNHKO
OARCRORSK,CNHAA,CNHKO
OARCRORSK,CNHAA,CNHKO
OARCRORSK,CNHAA,CNHKO
OARCRORSK,CNHAA,CNHKO
OARCRORSK,CNHAA,CNHKO
OARCRORSK,CNHAA,CNHKO
OARCRORSK,CNHAA,CNHKO
OARCRCSYK,CNHAA,CNHKO
OARCRCSYK,CNHAA,CNHKO
OARCRCSYK,CNHAA,CNHKO
OARCRCSYK,CNHAA,CNHKO
OARCRCSYK,CNHAA,CNHKO
OARCRCSYK,CNHAA,CNHKO
OARCRCSYK,CNHAA,CNHKO
OARCRCSYK,CNHAA,CNHKO
OARCRCSYK,CNHAA,CNHKO
OARCRCSYK,CNHAA,CNHKO
OARCRCSYK,CNHAA,CNHKO
OARCRCSYK,CNHAA,CNHKO
OARCRCSYK,CNHAA,CNHKO
OARCRCSYK,CNHAA,CNHKO
OARCRCSYK,CNHAA,CNHKO
OARCRCSYK,CNHAA,CNHKO
OARCRCSYK,CNHAA,CNHKO
OARCRCSYK,CNHAA,CNHKO
OARCRCSYK,CNHAA,CNHKO
OARCRCSYK,CNHAA,CNHKO
OARCRCSYK,CNHAA,CNHKO
OARCRCSYK,CNHAA,CNHKO
OARCRCSYK,CNHAA,CNHKO
OARCRCSYK,CNHAA,CNHKO
OARCRCSYK,CNHAA,CNHKO
OARCRCSYK,CNHAA,CNHKO
OARCRCSYK,CNHAA,CNHKO
OARCRCSYK,CNHAA,CNHKO
OARCRCSYK,CNHAA,CNHKO
OARCRCSYK,CNHAA,CNHKO
OARCRCSYK,CNHAA,CNHKO
OARCRCSYK,CNHAA,CNHKO
OARCRCSYK,CNHAA,CNHKO
OARCRCSYK,CNHAA,CNHKO
OARCRCSYK,CNHAA,CNHKO
OARCRCSYK,CNHAA,CNHKO
OARCRCSYK,CNHAA,CNHKO
OARCRCSYK,CNHAA,CNHKO
OARCRCSYK,CNHAA,CNHKO
OARCRCSYK,CNHAA,CNHKO
OARCRCSYK,CNHAA,CNHKO
OARCRCSYK,CNHAA,CNHKO
OARCRCSYK,CNHAA,CNHKO
OARCRCSYK,CNHAA,CNHKO
OARCRCSYK,CNHAA,CNHKO
OARCRCSYK,CNHAA,CNHKO
OARCRCSYK,CNHAA,CNHKO
OARCRCSYK,CNHAA,CNHKO
OARCRCSYK,CNHAA,CNHKO
OARCRCSYK,CNHAA,CNHKO
OARCRCSYK,CNHAA,CNHKO
OARCRCSYK,CNHAA,CNHKO
OARCRCSYK,CNHAA,CNHKO
OARCRCSYK,CNHAA,CNHKO
OARCRCSYK,CNHAA,CNHKO
OARCRCSYK,CNHAA,CNHKO
OARCRCSYK,CNHAA,CNHKO
OARCRCSYK,CNHAA,CNHKO
OARCRCSYK,CNHAA,CNHKO
OARCRCSYK,CNHAA,CNHKO
OARCRCSYK,CNHAA,CNHKO
OARCRCSYK,CNHAA,CNHKO
OARCRCSYK,CNHAA,CNHKO
OARCRCSYK,CNHAA,CNHKO
OARCRCSYK,CNHAA,CNHKO
OARCRCSYK,CNHAA,CNHKO
OARCRCSYK,CNHAA,CNHKO
OARCRCSYK,CNHAA,CNHKO
OARCRCSYK,CNHAA,CNHKO
OARCRCSYK,CNHAA,CNHKO
OARCRCSYK,CNHAA,CNHKO
OARCRCSYK,CNHAA,CNHKO
OARCRCSYK,CNHAA,CNHKO
OARCRCSYK,CNHAA,CNHKO
OARCRCSYK,CNHAA,CNHKO
OARCRCSYK,CNHAA,CNHKO
OARCRCSYK,CNHAA,CNHKO
OARNCAACK,CNHAA,CNHKO
OARCRCSYK,CNHAA,CNHKO
OARCRCSYK,CNHAA,CNHKO
OARCRCSYK,CNHAA,CNHKO
OARCRCSYK,CNHAA,CNHKO
OARCRCSYK,CNHAA,CNHKO
OARCRCSYK,CNHAA,CNHKO
OARCRCSYK,CNHAA,CNHKO
OARCRCSYK,CNHAA,CNHKO
OARCRCSYK,CNHAA,CNHKO
OARCRCSYK,CNHAA,CNHKO
OARCRRRSK,CNHAA,CNHKO
OARCRRRSK,CNHAA,CNHKO
OARCRRRSK,CNHAA,CNHKO
OARCRRRSK,CNHAA,CNHKO
OARCRRRSK,CNHAA,CNHKO
OARCRRRSK,CNHAA,CNHKO
OARCRRRSK,CNHAA,CNHKO
OARCRRRSK,CNHAA,CNHKO
OARCRRRSK,CNHAA,CNHKO
OARCRRRSK,CNHAA,CNHKO
OARCRRRSK,CNHAA,CNHKO
OARCRRRSK,CNHAA,CNHKO
OARCRRRSK,CNHAA,CNHKO
OARCRRRSK,CNHAA,CNHKO
OARCRRRSK,CNHAA,CNHKO
OARCRRRSK,CNHAA,CNHKO
OARCRRRSK,CNHAA,CNHKO
OARCRRRSK,CNHAA,CNHKO
OARCRRRSK,CNHAA,CNHKO
OARCRRRSK,CNHAA,CNHKO
OARCRRRSK,CNHAA,CNHKO
OARCRRRSK,CNHAA,CNHKO
OARNCCOSK,CNHAA,CNHKO
OARNCCOSK,CNHAA,CNHKO
OARNCCOSK,CNHAA,CNHKO
OARNCCOSK,CNHAA,CNHKO
OARNCCOSK,CNHAA,CNHKO
OARNCCOSK,CNHAA,CNHKO
OARNCCOSK,CNHAA,CNHKO
OARNCCOSK,CNHAA,CNHKO
OARNCCOSK,CNHAA,CNHKO
OARNCCOSK,CNHAA,CNHKO
OARNCCOSK,CNHAA,CNHKO
OARNCCOSK,CNHAA,CNHKO
OARNCCOSK,CNHAA,CNHKO
OARNCCOSK,CNHAA,CNHKO
OARNCCOSK,CNHAA,CNHKO
OARNCCOSK,CNHAA,CNHKO
OARNCCOSK,CNHAA,CNHKO
OARNCCOSK,CNHAA,CNHKO
OARNCCOSK,CNHAA,CNHKO
OARNCCOSK,CNHAA,CNHKO
OARNCCOSK,CNHAA,CNHKO
OARNCCOSK,CNHAA,CNHKO
OARNCCOSK,CNHAA,CNHKO
OARNCCOSK,CNHAA,CNHKO
OARNCCOSK,CNHAA,CNHKO
OARNCCOSK,CNHAA,CNHKO
OARNCCOSK,CNHAA,CNHKO
OARNCCOSK,CNHAA,CNHKO
OARNCCOSK,CNHAA,CNHKO
OARNCCOSK,CNHAA,CNHKO
OARNCCOSK,CNHAA,CNHKO
OARNCCOSK,CNHAA,CNHKO
OARNCCOSK,CNHAA,CNHKO
OARNCCOSK,CNHAA,CNHKO
OARNCCOSK,CNHAA,CNHKO
OARNCCOSK,CNHAA,CNHKO
OARNCCOSK,CNHAA,CNHKO
OARNCCOSK,CNHAA,CNHKO
OARNCCOSK,CNHAA,CNHKO
OARNCCOSK,CNHAA,CNHKO
OARNCCOSK,CNHAA,CNHKO
OARNCCOSK,CNHAA,CNHKO
OARNCCOSK,CNHAA,CNHKO
OARNCCOSK,CNHAA,CNHKO
OARNCCOSK,CNHAA,CNHKO
OARNCCOSK,CNHAA,CNHKO
OARNCCOSK,CNHAA,CNHKO
OARNCCOSK,CNHAA,CNHKO
OARNCCOSK,CNHAA,CNHKO
OARNCCOSK,CNHAA,CNHKO
OARNCCOSK,CNHAA,CNHKO
OARNCCOSK,CNHAA,CNHKO
OARNCCOSK,CNHAA,CNHKO
OARNCCOSK,CNHAA,CNHKO
OARNCCOSK,CNHAA,CNHKO
OARNCCOSK,CNHAA,CNHKO
OARNCCOSK,CNHAA,CNHKO
OARNCCOSK,CNHAA,CNHKO
OARNCCOSK,CNHAA,CNHKO
OARNCCOSK,CNHAA,CNHKO
OARNCCOSK,CNHAA,CNHKO
OARNCCOSK,CNHAA,CNHKO
OARNCCOSK,CNHAA,CNHKO
OARNCCOSK,CNHAA,CNHKO
OARNCCOSK,CNHAA,CNHKO
OARNCCOSK,CNHAA,CNHKO
OARNCCOSK,CNHAA,CNHKO
OARNCCOSK,CNHAA,CNHKO
OARNCCOSK,CNHAA,CNHKO
OARNCCOSK,CNHAA,CNHKO
OARNCCOSK,CNHAA,CNHKO
OARNCCOSK,CNHAA,CNHKO
OARNCCOSK,CNHAA,CNHKO
OARNCCOSK,CNHAA,CNHKO
OARNCCOSK,CNHAA,CNHKO
OARNCCOSK,CNHAA,CNHKO
OARNCCOSK,CNHAA,CNHKO
OARNCCOSK,CNHAA,CNHKO
OARNCCOSK,CNHAA,CNHKO
OARNCCOSK,CNHAA,CNHKO
OARNCCOSK,CNHAA,CNHKO
OARNCCOSK,CNHAA,CNHKO
OARNCCOSK,CNHAA,CNHKO
OARNCCOSK,CNHAA,CNHKO
OARNCCOSK,CNHAA,CNHKO
OARNCCOSK,CNHAA,CNHKO
OARNCCOSK,CNHAA,CNHKO
OARNCCOSK,CNHAA,CNHKO
OARNCCOSK,CNHAA,CNHKO
OARNCCOSK,CNHAA,CNHKO
OARNCCOSK,CNHAA,CNHKO
OARNCCOSK,CNHAA,CNHKO
OARNCCOSK,CNHAA,CNHKO
OARNCCOSK,CNHAA,CNHKO
OARNCCOSK,CNHAA,CNHKO
OARNCCOSK,CNHAA,CNHKO
OARNCCOSK,CNHAA,CNHKO
OARNCCOSK,CNHAA,CNHKO
OARNCCOSK,CNHAA,CNHKO
OARNCCOSK,CNHAA,CNHKO
OARNCCOSK,CNHAA,CNHKO
OARNCCOSK,CNHAA,CNHKO
OARNCCOSK,CNHAA,CNHKO
OARNCCOSK,CNHAA,CNHKO
OARNCCOSK,CNHAA,CNHKO
OARNCCOSK,CNHAA,CNHKO
OARNCCOSK,CNHAA,CNHKO
OARNCCOSK,CNHAA,CNHKO
OARNCCOSK,CNHAA,CNHKO
OARNCCOSK,CNHAA,CNHKO
OARNCCOSK,CNHAA,CNHKO
OARNCCOSK,CNHAA,CNHKO
OARNCCOSK,CNHAA,CNHKO
OARNCCOSK,CNHAA,CNHKO
OARNCCOSK,CNHAA,CNHKO
OARNCCOSK,CNHAA,CNHKO
OARNCCOSK,CNHAA,CNHKO
OARNCCOSK,CNHAA,CNHKO
OARNCCOSK,CNHAA,CNHKO
OARNCCOSK,CNHAA,CNHKO
OARNCCOSK,CNHAA,CNHKO
OARNCCOSK,CNHAA,CNHKO
OARNCCOSK,CNHAA,CNHKO
OARNCCOSK,CNHAA,CNHKO
OARNCCOSK,CNHAA,CNHKO
OARNCCOSK,CNHAA,CNHKO
OARNCCOSK,CNHAA,CNHKO
OARNCCOSK,CNHAA,CNHKO
OARNCCOSK,CNHAA,CNHKO
OARNCCOSK,CNHAA,CNHKO
OARNCCOSK,CNHAA,CNHKO
OARNCCOSK,CNHAA,CNHKO
OARNCCOSK,CNHAA,CNHKO
OARNCCOSK,CNHAA,CNHKO
OARNCCOSK,CNHAA,CNHKO
OARNCCOSK,CNHAA,CNHKO
OARNCCOSK,CNHAA,CNHKO
OARNCCOSK,CNHAA,CNHKO
OARNCCOSK,CNHAA,CNHKO
OARNCCOSK,CNHAA,CNHKO
OARNCCOSK,CNHAA,CNHKO
OARNCCOSK,CNHAA,CNHKO
OARNCCOSK,CNHAA,CNHKO
OARNCCOSK,CNHAA,CNHKO
OARNCCOSK,CNHAA,CNHKO
OARNCCOSK,CNHAA,CNHKO
OARNCCOSK,CNHAA,CNHKO
OARNCCOSK,CNHAA,CNHKO
OARNCCOSK,CNHAA,CNHKO
OARNCCOSK,CNHAA,CNHKO
OARNCCOSK,CNHAA,CNHKO
OARNCCOSK,CNHAA,CNHKO
OARNCCOSK,CNHAA,CNHKO
OARNCCOSK,CNHAA,CNHKO
OARNCCOSK,CNHAA,CNHKO
OARNCCOSK,CNHAA,CNHKO
OARNCCOSK,CNHAA,CNHKO
OARNCCOSK,CNHAA,CNHKO
OARNCCOSK,CNHAA,CNHKO
OARNCCOSK,CNHAA,CNHKO
OARNCCOSK,CNHAA,CNHKO
OARNCCOSK,CNHAA,CNHKO
OARNCCOSK,CNHAA,CNHKO
OARNCCOSK,CNHAA,CNHKO
OARNCCOSK,CNHAA,CNHKO
OARNCCOSK,CNHAA,CNHKO
OARNCCOSK,CNHAA,CNHKO
OARNCCOSK,CNHAA,CNHKO
OARNCCOSK,CNHAA,CNHKO
OARNCCOSK,CNHAA,CNHKO
OARNCCOSK,CNHAA,CNHKO
OARNCCOSK,CNHAA,CNHKO
OARNCCOSK,CNHAA,CNHKO
OARNCCOSK,CNHAA,CNHKO
OARNCCOSK,CNHAA,CNHKO
OARNCCOSK,CNHAA,CNHKO
OARNCCOSK,CNHAA,CNHKO
OARNCCOSK,CNHAA,CNHKO
OARNCCOSK,CNHAA,CNHKO
OARNCCOSK,CNHAA,CNHKO
OARNCCOSK,CNHAA,CNHKO
OARNCCOSK,CNHAA,CNHKO
OARNCCOSK,CNHAA,CNHKO
OARNCCOSK,CNHAA,CNHKO
OARNCCOSK,CNHAA,CNHKO
OARNCCOSK,CNHAA,CNHKO
OARNCCOSK,CNHAA,CNHKO
OARNCCOSK,CNHAA,CNHKO
OARNCCOSK,CNHAA,CNHKO
OARNCCOSK,CNHAA,CNHKO
OARNCCOSK,CNHAA,CNHKO
OARNCCOSK,CNHAA,CNHKO
OARNCCOSK,CNHAA,CNHKO
OARNCCOSK,CNHAA,CNHKO
OARNCCOSK,CNHAA,CNHKO
OARNCCOSK,CNHAA,CNHKO
OARNCCOSK,CNHAA,CNHKO
OARNCCOSK,CNHAA,CNHKO
OARNCCOSK,CNHAA,CNHKO
OARNCCOSK,CNHAA,CNHKO
OARNCCOSK,CNHAA,CNHKO
OARNCCOSK,CNHAA,CNHKO
OARNCCOSK,CNHAA,CNHKO
OARNCCOSK,CNHAA,CNHKO
OARNCCOSK,CNHAA,CNHKO
OARNCCOSK,CNHAA,CNHKO
OARNCCOSK,CNHAA,CNHKO
OARNCCOSK,CNHAA,CNHKO
OARNCCOSK,CNHAA,CNHKO
OARNCCOSK,CNHAA,CNHKO
OARNCCOSK,CNHAA,CNHKO
OARNCCOSK,CNHAA,CNHKO
OARNCCOSK,CNHAA,CNHKO
OARNCCOSK,CNHAA,CNHKO
OARNCCOSK,CNHAA,CNHKO
OARNCCOSK,CNHAA,CNHKO
OARNCCOSK,CNHAA,CNHKO
OARNCCOSK,CNHAA,CNHKO
OARNCCOSK,CNHAA,CNHKO
OARNCCOSK,CNHAA,CNHKO
OARNCCOSK,CNHAA,CNHKO
OARNCCOSK,CNHAA,CNHKO
OARNCCOSK,CNHAA,CNHKO
OARNCCOSK,CNHAA,CNHKO
OARNCCOSK,CNHAA,CNHKO
OARNCCOSK,CNHAA,CNHKO
OARNCCOSK,CNHAA,CNHKO
OARNCCOSK,CNHAA,CNHKO
OARNCCOSK,CNHAA,CNHKO
OARNCCOSK,CNHAA,CNHKO
OARNCCOSK,CNHAA,CNHKO
OARNCCOSK,CNHAA,CNHKO
OARNCCOSK,CNHAA,CNHKO
OARNCCOSK,CNHAA,CNHKO
OARNCCOSK,CNHAA,CNHKO
OARNCCOSK,CNHAA,CNHKO
OARNCCOSK,CNHAA,CNHKO
OARNCCOSK,CNHAA,CNHKO
OARNCCOSK,CNHAA,CNHKO
OARNCCOSK,CNHAA,CNHKO
OARNCCOSK,CNHAA,CNHKO
OARNCCOSK,CNHAA,CNHKO
OARNCCOSK,CNHAA,CNHKO
OARNCCOSK,CNHAA,CNHKO
OARNCCOSK,CNHAA,CNHKO
OARNCCOSK,CNHAA,CNHKO
OARNCCOSK,CNHAA,CNHKO
OARNCCOSK,CNHAA,CNHKO
OARNCCOSK,CNHAA,CNHKO
OARNCCOSK,CNHAA,CNHKO
OARNCCOSK,CNHAA,CNHKO
OARNCCOSK,CNHAA,CNHKO
OARNCCOSK,CNHAA,CNHKO
OARNCCOSK,CNHAA,CNHKO
OARNCCOSK,CNHAA,CNHKO
OARNCCOSK,CNHAA,CNHKO
OARNCCOSK,CNHAA,CNHKO
OARNCCOSK,CNHAA,CNHKO
OARNCCOSK,CNHAA,CNHKO
OARNCCOSK,CNHAA,CNHKO
OARNCCOSK,CNHAA,CNHKO
OARNCCOSK,CNHAA,CNHKO
OARNCCOSK,CNHAA,CNHKO
OARNCCOSK,CNHAA,CNHKO
OARNCCOSK,CNHAA,CNHKO
OARNCCOSK,CNHAA,CNHKO
OARNCCOSK,CNHAA,CNHKO
OARNCCOSK,CNHAA,CNHKO
OARNCCOSK,CNHAA,CNHKO
OARNCCOSK,CNHAA,CNHKO
OARNCCOSK,CNHAA,CNHKO
OARNCCOSK,CNHAA,CNHKO
OARNCCOSK,CNHAA,CNHKO
OARNCCOSK,CNHAA,CNHKO
OARNCCOSK,CNHAA,CNHKO
OARNCCOSK,CNHAA,CNHKO
OARNCCOSK,CNHAA,CNHKO
OARNCCOSK,CNHAA,CNHKO
OARNCCOSK,CNHAA,CNHKO
OARNCCOSK,CNHAA,CNHKO
OARNCCOSK,CNHAA,CNHKO
OARNCCOSK,CNHAA,CNHKO
OARNCCOSK,CNHAA,CNHKO
OARNCCOSK,CNHAA,CNHKO
OARNCCOSK,CNHAA,CNHKO
OARNCCOSK,CNHAA,CNHKO
OARNCCOSK,CNHAA,CNHKO
OARNCCOSK,CNHAA,CNHKO
OARNCCOSK,CNHAA,CNHKO
OARNCCOSK,CNHAA,CNHKO
OARNCCOSK,CNHAA,CNHKO
OARNCCOSK,CNHAA,CNHKO
OARNCCOSK,CNHAA,CNHKO
OARNCCOSK,CNHAA,CNHKO
OARNCCOSK,CNHAA,CNHKO
OARNCCOSK,CNHAA,CNHKO
OARNCCOSK,CNHAA,CNHKO
OARNCCOSK,CNHAA,CNHKO
OARNCCOSK,CNHAA,CNHKO
OARNCCOSK,CNHAA,CNHKO
OARNCCOSK,CNHAA,CNHKO
OARNCCOSK,CNHAA,CNHKO
OARNCCOSK,CNHAA,CNHKO
OARNCCOSK,CNHAA,CNHKO
OARNCCOSK,CNHAA,CNHKO
OARNCCOSK,CNHAA,CNHKO
OARNCCOSK,CNHAA,CNHKO
OARNCCOSK,CNHAA,CNHKO
OARNCCOSK,CNHAA,CNHKO
OARNCCOSK,CNHAA,CNHKO
OARNCCOSK,CNHAA,CNHKO
OARCROOOK,CNHAA,CNHKO
OARCROOOK,CNHAA,CNHKO
OARCROOOK,CNHAA,CNHKO
OARCROOOK,CNHAA,CNHKO
OARCROOOK,CNHAA,CNHKO
OARCROOOK,CNHAA,CNHKO
OARCROOOK,CNHAA,CNHKO
OARCROOOK,CNHAA,CNHKO
OARCROOOK,CNHAA,CNHKO
OARCROOOK,CNHAA,CNHKO
OARCROOOK,CNHAA,CNHKO
OARCROOOK,CNHAA,CNHKO
OARCROOOK,CNHAA,CNHKO
OARCROOOK,CNHAA,CNHKO
OARCROOOK,CNHAA,CNHKO
OARCROOOK,CNHAA,CNHKO
OARCROOOK,CNHAA,CNHKO
OARCROOOK,CNHAA,CNHKO
OARCROOOK,CNHAA,CNHKO
OARCROOOK,CNHAA,CNHKO
OARCROOOK,CNHAA,CNHKO
OARCROOOK,CNHAA,CNHKO
OARCROOOK,CNHAA,CNHKO
OARCROOOK,CNHAA,CNHKO
OARCROOOK,CNHAA,CNHKO
OARCROOOK,CNHAA,CNHKO
OARCROOOK,CNHAA,CNHKO
OARCROOOK,CNHAA,CNHKO
OARCROOOK,CNHAA,CNHKO
OARCROOOK,CNHAA,CNHKO
OARCROOOK,CNHAA,CNHKO
OARCROOOK,CNHAA,CNHKO
OARCROOOK,CNHAA,CNHKO
OARCROOOK,CNHAA,CNHKO
OARCROOOK,CNHAA,CNHKO
OARCROOOK,CNHAA,CNHKO
OARCROOOK,CNHAA,CNHKO
OARCROOOK,CNHAA,CNHKO
OARCROOOK,CNHAA,CNHKO
OARCROOOK,CNHAA,CNHKO
OARCROOOK,CNHAA,CNHKO
OARCROOOK,CNHAA,CNHKO
OARCROOOK,CNHAA,CNHKO
OARCROOOK,CNHAA,CNHKO
OARCROOOK,CNHAA,CNHKO
OARCROOOK,CNHAA,CNHKO
OARCROOOK,CNHAA,CNHKO
OARCROOOK,CNHAA,CNHKO
OARCROOOK,CNHAA,CNHKO
OARCROOOK,CNHAA,CNHKO
OARCROOOK,CNHAA,CNHKO
OARCROOOK,CNHAA,CNHKO
OARCROOOK,CNHAA,CNHKO
OARCROOOK,CNHAA,CNHKO
OARCROOOK,CNHAA,CNHKO
OARCROOOK,CNHAA,CNHKO
OARCROOOK,CNHAA,CNHKO
OARCROOOK,CNHAA,CNHKO
OARCROOOK,CNHAA,CNHKO
OARCROOOK,CNHAA,CNHKO
OARCROOOK,CNHAA,CNHKO
OARCROOOK,CNHAA,CNHKO
OARCROOOK,CNHAA,CNHKO
OARCROOOK,CNHAA,CNHKO
OARCROOOK,CNHAA,CNHKO
OARCROOOK,CNHAA,CNHKO
OARCROOOK,CNHAA,CNHKO
OARCROOOK,CNHAA,CNHKO
OARCROOOK,CNHAA,CNHKO
OARCROOOK,CNHAA,CNHKO
OARCROOOK,CNHAA,CNHKO
OARCROOOK,CNHAA,CNHKO
OARCROOOK,CNHAA,CNHKO
OARCROOOK,CNHAA,CNHKO
OARCROOOK,CNHAA,CNHKO
OARCROOOK,CNHAA,CNHKO
OARCROOOK,CNHAA,CNHKO
OARCROOOK,CNHAA,CNHKO
OARCROOOK,CNHAA,CNHKO
OARCROOOK,CNHAA,CNHKO
OARCROOOK,CNHAA,CNHKO
OARCROOOK,CNHAA,CNHKO
OARCROOOK,CNHAA,CNHKO
OARCROOOK,CNHAA,CNHKO
OARCROOOK,CNHAA,CNHKO
OARCROOOK,CNHAA,CNHKO
OARCROOOK,CNHAA,CNHKO
OARCROOOK,CNHAA,CNHKO
OARCROOOK,CNHAA,CNHKO
OARCROOOK,CNHAA,CNHKO
OARCROOOK,CNHAA,CNHKO
OARCROOOK,CNHAA,CNHKO
OARCROOOK,CNHAA,CNHKO
OARCROOOK,CNHAA,CNHKO
OARCROOOK,CNHAA,CNHKO
OARCROOOK,CNHAA,CNHKO
OARCROOOK,CNHAA,CNHKO
OARCROOOK,CNHAA,CNHKO
OARCROOOK,CNHAA,CNHKO
OARCROOOK,CNHAA,CNHKO
OARCROOOK,CNHAA,CNHKO
OARCROOOK,CNHAA,CNHKO
OARCROOOK,CNHAA,CNHKO
OARCROOOK,CNHAA,CNHKO
OARCROOOK,CNHAA,CNHKO
OARCROOOK,CNHAA,CNHKO
OARCROOOK,CNHAA,CNHKO
OARCROOOK,CNHAA,CNHKO
OARCROOOK,CNHAA,CNHKO
OARCROOOK,CNHAA,CNHKO
OARCROOOK,CNHAA,CNHKO
OARCROOOK,CNHAA,CNHKO
OARCROOOK,CNHAA,CNHKO
OARCROOOK,CNHAA,CNHKO
OARCROOOK,CNHAA,CNHKO
OARCROOOK,CNHAA,CNHKO
OARCROOOK,CNHAA,CNHKO
OARCROOOK,CNHAA,CNHKO
OARCROOOK,CNHAA,CNHKO
OARCROOOK,CNHAA,CNHKO
OARCROOOK,CNHAA,CNHKO
OARCROOOK,CNHAA,CNHKO
OARCROOOK,CNHAA,CNHKO
OARCROOOK,CNHAA,CNHKO
OARCROOOK,CNHAA,CNHKO
OARCROOOK,CNHAA,CNHKO
OARCROOOK,CNHAA,CNHKO
OARCROOOK,CNHAA,CNHKO
OARCROOOK,CNHAA,CNHKO
OARCROOOK,CNHAA,CNHKO
OARCROOOK,CNHAA,CNHKO
OARCROOOK,CNHAA,CNHKO
OARCROOOK,CNHAA,CNHKO
OARCROOOK,CNHAA,CNHKO
OARCROOOK,CNHAA,CNHKO
OARCROOOK,CNHAA,CNHKO
OARCROOOK,CNHAA,CNHKO
OARCROOOK,CNHAA,CNHKO
OARCROOOK,CNHAA,CNHKO
OARCROOOK,CNHAA,CNHKO
OARCROOOK,CNHAA,CNHKO
OARCROOOK,CNHAA,CNHKO
OARCROOOK,CNHAA,CNHKO
OARCROOOK,CNHAA,CNHKO
OARCROOOK,CNHAA,CNHKO
OARCROOOK,CNHAA,CNHKO
OARCROOOK,CNHAA,CNHKO
OARCROOOK,CNHAA,CNHKO
OARCROOOK,CNHAA,CNHKO
OARCROOOK,CNHAA,CNHKO
OARCROOOK,CNHAA,CNHKO
OARCROOOK,CNHAA,CNHKO
OARCROOOK,CNHAA,CNHKO
OARCROOOK,CNHAA,CNHKO
OARCROOOK,CNHAA,CNHKO
OARCROOOK,CNHAA,CNHKO
OARCROOOK,CNHAA,CNHKO
OARCROOOK,CNHAA,CNHKO
OARCROOOK,CNHAA,CNHKO
OARCROOOK,CNHAA,CNHKO
OARCROOOK,CNHAA,CNHKO
OARCROOOK,CNHAA,CNHKO
OARCROOOK,CNHAA,CNHKO
OARCROOOK,CNHAA,CNHKO
OARCROOOK,CNHAA,CNHKO
OARCROOOK,CNHAA,CNHKO
OARCROOOK,CNHAA,CNHKO
OARCROOOK,CNHAA,CNHKO
OARCROOOK,CNHAA,CNHKO
OARCROOOK,CNHAA,CNHKO
OARCROOOK,CNHAA,CNHKO
OARCROOOK,CNHAA,CNHKO
OARCROOOK,CNHAA,CNHKO
OARCROOOK,CNHAA,CNHKO
OARCROOOK,CNHAA,CNHKO
OARCROOOK,CNHAA,CNHKO
OARCROOOK,CNHAA,CNHKO
OARCROOOK,CNHAA,CNHKO
OARCROOOK,CNHAA,CNHKO
OARCROOOK,CNHAA,CNHKO
OARCROOOK,CNHAA,CNHKO
OARCROOOK,CNHAA,CNHKO
OARCROOOK,CNHAA,CNHKO
OARCROOOK,CNHAA,CNHKO
OARCROOOK,CNHAA,CNHKO
OARCROOOK,CNHAA,CNHKO
OARCROOOK,CNHAA,CNHKO
OARCROOOK,CNHAA,CNHKO
OARCROOOK,CNHAA,CNHKO
OARCROOOK,CNHAA,CNHKO
OARCROOOK,CNHAA,CNHKO
OARCROOOK,CNHAA,CNHKO
OARCROOOK,CNHAA,CNHKO
OARCROOOK,CNHAA,CNHKO
OARCROOOK,CNHAA,CNHKO
OARCROOOK,CNHAA,CNHKO
OARCROOOK,CNHAA,CNHKO
OARCROOOK,CNHAA,CNHKO
OARCROOOK,CNHAA,CNHKO
OARCROOOK,CNHAA,CNHKO
OARCROOOK,CNHAA,CNHKO
OARCROOOK,CNHAA,CNHKO
OARCROOOK,CNHAA,CNHKO
OARCROOOK,CNHAA,CNHKO
OARCROOOK,CNHAA,CNHKO
OARCROOOK,CNHAA,CNHKO
OARCROOOK,CNHAA,CNHKO
OARCROOOK,CNHAA,CNHKO
OARCROOOK,CNHAA,CNHKO
OARCROOOK,CNHAA,CNHKO
OARCROOOK,CNHAA,CNHKO
OARCROOOK,CNHAA,CNHKO
OARCROOOK,CNHAA,CNHKO
OARCROOOK,CNHAA,CNHKO
OARCROOOK,CNHAA,CNHKO
OARCROOOK,CNHAA,CNHKO
OARCROOOK,CNHAA,CNHKO
OARCROOOK,CNHAA,CNHKO
OARCROOOK,CNHAA,CNHKO
OARCROOOK,CNHAA,CNHKO
OARCROOOK,CNHAA,CNHKO
OARCROOOK,CNHAA,CNHKO
OARCROOOK,CNHAA,CNHKO
OARCROOOK,CNHAA,CNHKO
OARCROOOK,CNHAA,CNHKO
OARCROOOK,CNHAA,CNHKO
OARCROOOK,CNHAA,CNHKO
OARCROOOK,CNHAA,CNHKO
OARCROOOK,CNHAA,CNHKO
OARCROOOK,CNHAA,CNHKO
OARCROOOK,CNHAA,CNHKO
OARCROOOK,CNHAA,CNHKO
OARCROOOK,CNHAA,CNHKO
OARCROOOK,CNHAA,CNHKO
OARCROOOK,CNHAA,CNHKO
OARCROOOK,CNHAA,CNHKO
OARCROOOK,CNHAA,CNHKO
OARCROOOK,CNHAA,CNHKO
OARCROOOK,CNHAA,CNHKO
OARCROOOK,CNHAA,CNHKO
OARCROOOK,CNHAA,CNHKO
OARCROOOK,CNHAA,CNHKO
OARCROOOK,CNHAA,CNHKO
OARCROOOK,CNHAA,CNHKO
OARCROOOK,CNHAA,CNHKO
OARCROOOK,CNHAA,CNHKO
OARCROOOK,CNHAA,CNHKO
OARCROOOK,CNHAA,CNHKO
OARCROOOK,CNHAA,CNHKO
OARCROOOK,CNHAA,CNHKO
OARCROOOK,CNHAA,CNHKO
OARCROOOK,CNHAA,CNHKO
OARCROOOK,CNHAA,CNHKO
OARCROOOK,CNHAA,CNHKO
OARCROOOK,CNHAA,CNHKO
OARCROOOK,CNHAA,CNHKO
OARCROOOK,CNHAA,CNHKO
OARCROOOK,CNHAA,CNHKO
OARCROOOK,CNHAA,CNHKO
OARCROOOK,CNHAA,CNHKO
OARCROOOK,CNHAA,CNHKO
OARCROOOK,CNHAA,CNHKO
OARCROOOK,CNHAA,CNHKO
OARCROOOK,CNHAA,CNHKO
OARCROOOK,CNHAA,CNHKO
OARCROOOK,CNHAA,CNHKO
OARCROOOK,CNHAA,CNHKO
OARCROOOK,CNHAA,CNHKO
OARCROOOK,CNHAA,CNHKO
OARCROOOK,CNHAA,CNHKO
OARCROOOK,CNHAA,CNHKO
OARCROOOK,CNHAA,CNHKO
OARCROOOK,CNHAA,CNHKO
OARCROOOK,CNHAA,CNHKO
OARCROOOK,CNHAA,CNHKO
OARCROOOK,CNHAA,CNHKO
OARCROOOK,CNHAA,CNHKO
OARCROOOK,CNHAA,CNHKO
OARCROOOK,CNHAA,CNHKO
OARCROOOK,CNHAA,CNHKO
OARCROOOK,CNHAA,CNHKO
OARCROOOK,CNHAA,CNHKO
OARCROOOK,CNHAA,CNHKO
OARCROOOK,CNHAA,CNHKO
OARCROOOK,CNHAA,CNHKO
OARCROOOK,CNHAA,CNHKO
OARCROOOK,CNHAA,CNHKO
OARCROOOK,CNHAA,CNHKO
OARCROOOK,CNHAA,CNHKO
OARCROOOK,CNHAA,CNHKO
OARCROOOK,CNHAA,CNHKO
OARCROOOK,CNHAA,CNHKO
OARCROOOK,CNHAA,CNHKO
OARCROOOK,CNHAA,CNHKO
OARCROOOK,CNHAA,CNHKO
OARCROOOK,CNHAA,CNHKO
OARNCAACK,CNHAA,CNHKO
OARCROOOK,CNHAA,CNHKO
OARCROOOK,CNHAA,CNHKO
OARCRCOYK,CNHAA,CNHKO
OARCRCOYK,CNHAA,CNHKO
OARCRCOYK,CNHAA,CNHKO
OARCRCOYK,CNHAA,CNHKO
OARCRCOYK,CNHAA,CNHKO
OARCRCOYK,CNHAA,CNHKO
OARCRCOYK,CNHAA,CNHKO
OARCRCOYK,CNHAA,CNHKO
OARCRCOYK,CNHAA,CNHKO
OARCRCOYK,CNHAA,CNHKO
OARCRCOYK,CNHAA,CNHKO
OARCRCOYK,CNHAA,CNHKO
OARCRCOYK,CNHAA,CNHKO
OARCRCOYK,CNHAA,CNHKO
OARCRCOYK,CNHAA,CNHKO
OARCRCOYK,CNHAA,CNHKO
OARCRCOYK,CNHAA,CNHKO
OARCRCOYK,CNHAA,CNHKO
OARCRCOYK,CNHAA,CNHKO
OARCRCOYK,CNHAA,CNHKO
OARCRCOYK,CNHAA,CNHKO
OARCRCOYK,CNHAA,CNHKO
OARCRCOYK,CNHAA,CNHKO
OARCRCOYK,CNHAA,CNHKO
OARCRCOYK,CNHAA,CNHKO
OARCRCOYK,CNHAA,CNHKO
OARCRCOYK,CNHAA,CNHKO
OARCRCOYK,CNHAA,CNHKO
OARCRCOYK,CNHAA,CNHKO
OARCRCOYK,CNHAA,CNHKO
OARCRCOYK,CNHAA,CNHKO
OARCRCOYK,CNHAA,CNHKO
OARCRCOYK,CNHAA,CNHKO
OARCRCOYK,CNHAA,CNHKO
OARCRCOYK,CNHAA,CNHKO
OARCRCOYK,CNHAA,CNHKO
OARCRCOYK,CNHAA,CNHKO
OARCRCOYK,CNHAA,CNHKO
OARCRCOYK,CNHAA,CNHKO
OARCRCOYK,CNHAA,CNHKO
OARCRCOYK,CNHAA,CNHKO
OARCRCOYK,CNHAA,CNHKO
OARCRCOYK,CNHAA,CNHKO
OARCRCOYK,CNHAA,CNHKO
OARCRCOYK,CNHAA,CNHKO
OARCRCOYK,CNHAA,CNHKO
OARCRCOYK,CNHAA,CNHKO
OARCRCOYK,CNHAA,CNHKO
OARCRCOYK,CNHAA,CNHKO
OARCRCOYK,CNHAA,CNHKO
OARCRCOYK,CNHAA,CNHKO
OARCRCOYK,CNHAA,CNHKO
OARCRCOYK,CNHAA,CNHKO
OARCRCOYK,CNHAA,CNHKO
OARCRCOYK,CNHAA,CNHKO
OARCRCOYK,CNHAA,CNHKO
OARCRCOYK,CNHAA,CNHKO
OARCRCOYK,CNHAA,CNHKO
OARCRCOYK,CNHAA,CNHKO
OARCRCOYK,CNHAA,CNHKO
OARCRCOYK,CNHAA,CNHKO
OARCRCOYK,CNHAA,CNHKO
OARCRCOYK,CNHAA,CNHKO
OARCRCOYK,CNHAA,CNHKO
OARCRCOYK,CNHAA,CNHKO
OARCRCOYK,CNHAA,CNHKO
OARCRCOYK,CNHAA,CNHKO
OARCRCOYK,CNHAA,CNHKO
OARCRCOYK,CNHAA,CNHKO
OARCRCOYK,CNHAA,CNHKO
OARCRCOYK,CNHAA,CNHKO
OARCRCOYK,CNHAA,CNHKO
OARCRCOYK,CNHAA,CNHKO
OARCRCOYK,CNHAA,CNHKO
OARCRCOYK,CNHAA,CNHKO
OARCRCOYK,CNHAA,CNHKO
OARCRCOYK,CNHAA,CNHKO
OARCRCOYK,CNHAA,CNHKO
OARCRCOYK,CNHAA,CNHKO
OARCRCOYK,CNHAA,CNHKO
OARCRCOYK,CNHAA,CNHKO
OARCRCOYK,CNHAA,CNHKO
OARCRCOYK,CNHAA,CNHKO
OARCRCOYK,CNHAA,CNHKO
OARCRCOYK,CNHAA,CNHKO
OARCRCOYK,CNHAA,CNHKO
OARCRCOYK,CNHAA,CNHKO
OARCRCOYK,CNHAA,CNHKO
OARCRCOYK,CNHAA,CNHKO
OARCRCOYK,CNHAA,CNHKO
OARCRCOYK,CNHAA,CNHKO
OARCRCOYK,CNHAA,CNHKO
OARCRCOYK,CNHAA,CNHKO
OARCRCOYK,CNHAA,CNHKO
OARCRCOYK,CNHAA,CNHKO
OARCRCOYK,CNHAA,CNHKO
OARCRCOYK,CNHAA,CNHKO
OARCRCOYK,CNHAA,CNHKO
OARCRCOYK,CNHAA,CNHKO
OARCRCOYK,CNHAA,CNHKO
OARCRCOYK,CNHAA,CNHKO
OARCRCOYK,CNHAA,CNHKO
OARCRCOYK,CNHAA,CNHKO
OARCRCOYK,CNHAA,CNHKO
OARCRCOYK,CNHAA,CNHKO
OARCRCOYK,CNHAA,CNHKO
OARCRCOYK,CNHAA,CNHKO
OARCRCOYK,CNHAA,CNHKO
OARCRCOYK,CNHAA,CNHKO
OARCRCOYK,CNHAA,CNHKO
OARCRCOYK,CNHAA,CNHKO
OARCRCOYK,CNHAA,CNHKO
OARCRCOYK,CNHAA,CNHKO
OARCRRRNK,CNHAA,CNHKO
OARCRRRNK,CNHAA,CNHKO
OARCRRRNK,CNHAA,CNHKO
OARCRRRNK,CNHAA,CNHKO
OARCRRRNK,CNHAA,CNHKO
OARCRRRNK,CNHAA,CNHKO
OARCRRRNK,CNHAA,CNHKO
OARCRRRNK,CNHAA,CNHKO
OARCRRRNK,CNHAA,CNHKO
OARCRRRNK,CNHAA,CNHKO
OARCRRRNK,CNHAA,CNHKO
OARCRRRNK,CNHAA,CNHKO
OARCRRRNK,CNHAA,CNHKO
OARCRRRNK,CNHAA,CNHKO
OARCRRRNK,CNHAA,CNHKO
OARCRRRNK,CNHAA,CNHKO
OARCRRRNK,CNHAA,CNHKO
OARCRRRNK,CNHAA,CNHKO
OARCRRRNK,CNHAA,CNHKO
OARCRRRNK,CNHAA,CNHKO
OARCRRRNK,CNHAA,CNHKO
OARCRRRNK,CNHAA,CNHKO
OARCRRRNK,CNHAA,CNHKO
OARCRRRNK,CNHAA,CNHKO
OARCRRRNK,CNHAA,CNHKO
OARCRRRNK,CNHAA,CNHKO
OARCRRRNK,CNHAA,CNHKO
OARCRRRNK,CNHAA,CNHKO
OARCRRRNK,CNHAA,CNHKO
OARCRRRNK,CNHAA,CNHKO
OARCRRRNK,CNHAA,CNHKO
OARCRRRNK,CNHAA,CNHKO
OARCRRRNK,CNHAA,CNHKO
OARCRRRNK,CNHAA,CNHKO
OARCRRRNK,CNHAA,CNHKO
OARCRRRNK,CNHAA,CNHKO
OARCRRRNK,CNHAA,CNHKO
OARCRRRNK,CNHAA,CNHKO
OARCRRRNK,CNHAA,CNHKO
OARCRRRNK,CNHAA,CNHKO
OARCRRRNK,CNHAA,CNHKO
OARCRRRNK,CNHAA,CNHKO
OARCRRRNK,CNHAA,CNHKO
OARCRRRNK,CNHAA,CNHKO
OARCRRRNK,CNHAA,CNHKO
OARCRRRNK,CNHAA,CNHKO
OARCRRRNK,CNHAA,CNHKO
OARCRRRNK,CNHAA,CNHKO
OARCRRRNK,CNHAA,CNHKO
OARCRRRNK,CNHAA,CNHKO
OARCRRRNK,CNHAA,CNHKO
OARCRRRNK,CNHAA,CNHKO
OARCRRRNK,CNHAA,CNHKO
OARCRRRNK,CNHAA,CNHKO
OARCRRRNK,CNHAA,CNHKO
OARCRRRNK,CNHAA,CNHKO
OARCRRRNK,CNHAA,CNHKO
OARCRRRNK,CNHAA,CNHKO
OARCRRRNK,CNHAA,CNHKO
OARCRRRNK,CNHAA,CNHKO
OARCRRRNK,CNHAA,CNHKO
OARCRRRNK,CNHAA,CNHKO
OARCRRRNK,CNHAA,CNHKO
OARCRRRNK,CNHAA,CNHKO
OARCRRRNK,CNHAA,CNHKO
OARCRRRNK,CNHAA,CNHKO
OARCRRRNK,CNHAA,CNHKO
OARCRRRNK,CNHAA,CNHKO
OARCRRRNK,CNHAA,CNHKO
OARCRRRNK,CNHAA,CNHKO
OARCRRRNK,CNHAA,CNHKO
OARCRRRNK,CNHAA,CNHKO
OARCRRRNK,CNHAA,CNHKO
OARCRRRNK,CNHAA,CNHKO
OARCRRRNK,CNHAA,CNHKO
OARCRRRNK,CNHAA,CNHKO
OARCRRRNK,CNHAA,CNHKO
OARCRRRNK,CNHAA,CNHKO
OARCRRRNK,CNHAA,CNHKO
OARCRRRNK,CNHAA,CNHKO
OARCRRRNK,CNHAA,CNHKO
OARCRRRNK,CNHAA,CNHKO
OARCRRRNK,CNHAA,CNHKO
OARCRRRNK,CNHAA,CNHKO
OARCRRRNK,CNHAA,CNHKO
OARCRRRNK,CNHAA,CNHKO
OARCRRRNK,CNHAA,CNHKO
OARCRRRNK,CNHAA,CNHKO
OARCRRRNK,CNHAA,CNHKO
OARCRRRNK,CNHAA,CNHKO
OARCRRRNK,CNHAA,CNHKO
OARCRRRNK,CNHAA,CNHKO
OARCRRRNK,CNHAA,CNHKO
OARCRRRNK,CNHAA,CNHKO
OARCRRRNK,CNHAA,CNHKO
OARCRRRNK,CNHAA,CNHKO
OARCRRRNK,CNHAA,CNHKO
OARCRRRNK,CNHAA,CNHKO
OARCRRRNK,CNHAA,CNHKO
OARCRRRNK,CNHAA,CNHKO
OARCRRRNK,CNHAA,CNHKO
OARCRRRNK,CNHAA,CNHKO
OARCRRRNK,CNHAA,CNHKO
OARCRRRNK,CNHAA,CNHKO
OARCRRRNK,CNHAA,CNHKO
OARCRRRNK,CNHAA,CNHKO
OARCRRRNK,CNHAA,CNHKO
OARCRRRNK,CNHAA,CNHKO
OARCRRRNK,CNHAA,CNHKO
OARCRRRNK,CNHAA,CNHKO
OARCRRRNK,CNHAA,CNHKO
OARCRRRNK,CNHAA,CNHKO
OARCRRRNK,CNHAA,CNHKO
OARCRRRNK,CNHAA,CNHKO
OARCRRRNK,CNHAA,CNHKO
OARCRRRNK,CNHAA,CNHKO
OARCRRRNK,CNHAA,CNHKO
OARCRRRNK,CNHAA,CNHKO
OARCRRRNK,CNHAA,CNHKO
OARCRRRNK,CNHAA,CNHKO
OARCRRRNK,CNHAA,CNHKO
OARCRRRNK,CNHAA,CNHKO
OARCRRRNK,CNHAA,CNHKO
OARCRRRNK,CNHAA,CNHKO
OARCRRRNK,CNHAA,CNHKO
OARCRRRNK,CNHAA,CNHKO
OARCRRRNK,CNHAA,CNHKO
OARCRRRNK,CNHAA,CNHKO
OARCRRRNK,CNHAA,CNHKO
OARCRRRNK,CNHAA,CNHKO
OARCRRRNK,CNHAA,CNHKO
OARCRRRNK,CNHAA,CNHKO
OARCRRRNK,CNHAA,CNHKO
OARCRRRNK,CNHAA,CNHKO
OARCRRRNK,CNHAA,CNHKO
OARCRRRNK,CNHAA,CNHKO
OARCRRRNK,CNHAA,CNHKO
OARCRRRNK,CNHAA,CNHKO
OARCRRNGK,CNHAA,CNHKO
OARCRRNGK,CNHAA,CNHKO
OARCRRNGK,CNHAA,CNHKO
OARCRRNGK,CNHAA,CNHKO
OARCRRNGK,CNHAA,CNHKO
OARCRRNGK,CNHAA,CNHKO
OARCRRNGK,CNHAA,CNHKO
OARCRRNGK,CNHAA,CNHKO
OARCRRNGK,CNHAA,CNHKO
OARCRRNGK,CNHAA,CNHKO
OARCRRNGK,CNHAA,CNHKO
OARCRRNGK,CNHAA,CNHKO
OARCRRNGK,CNHAA,CNHKO
OARCRRNGK,CNHAA,CNHKO
OARCRRNGK,CNHAA,CNHKO
OARCRRNGK,CNHAA,CNHKO
OARCRRNGK,CNHAA,CNHKO
OARCRRNGK,CNHAA,CNHKO
OARCRRNGK,CNHAA,CNHKO
OARCRRNGK,CNHAA,CNHKO
OARCRRNGK,CNHAA,CNHKO
OARCRRNGK,CNHAA,CNHKO
OARCRRNGK,CNHAA,CNHKO
OARCRRNGK,CNHAA,CNHKO
OARCRRNGK,CNHAA,CNHKO
OARCRRNGK,CNHAA,CNHKO
OARCRRNGK,CNHAA,CNHKO
OARCRRNGK,CNHAA,CNHKO
OARCRRNGK,CNHAA,CNHKO
OARCRRNGK,CNHAA,CNHKO
OARCRRNGK,CNHAA,CNHKO
OARCRRNGK,CNHAA,CNHKO
OARCRRNGK,CNHAA,CNHKO
OARCRRNGK,CNHAA,CNHKO
OARCRRNGK,CNHAA,CNHKO
OARCRRNGK,CNHAA,CNHKO
OARCRRNGK,CNHAA,CNHKO
OARCRRNGK,CNHAA,CNHKO
OARCRRNGK,CNHAA,CNHKO
OARCRRNGK,CNHAA,CNHKO
OARCRRNGK,CNHAA,CNHKO
OARCRRNGK,CNHAA,CNHKO
OARCRRNGK,CNHAA,CNHKO
OARCRRNGK,CNHAA,CNHKO
OARCRRNGK,CNHAA,CNHKO
OARCRRNGK,CNHAA,CNHKO
OARCRRNGK,CNHAA,CNHKO
OARCRRNGK,CNHAA,CNHKO
OARCRRNGK,CNHAA,CNHKO
OARCRRNGK,CNHAA,CNHKO
OARCRRNGK,CNHAA,CNHKO
OARCRRNGK,CNHAA,CNHKO
OARCRRNGK,CNHAA,CNHKO
OARCRRNGK,CNHAA,CNHKO
OARCRRNGK,CNHAA,CNHKO
OARCRRNGK,CNHAA,CNHKO
OARCRRNGK,CNHAA,CNHKO
OARCRRNGK,CNHAA,CNHKO
OARCRRNGK,CNHAA,CNHKO
OARCRRNGK,CNHAA,CNHKO
OARCRRNGK,CNHAA,CNHKO
OARCRRNGK,CNHAA,CNHKO
OARCRRNGK,CNHAA,CNHKO
OARCRRNGK,CNHAA,CNHKO
OARCRRNGK,CNHAA,CNHKO
OARCRRNGK,CNHAA,CNHKO
OARCRRNGK,CNHAA,CNHKO
OARCRRNGK,CNHAA,CNHKO
OARCRRNGK,CNHAA,CNHKO
OARCRRNGK,CNHAA,CNHKO
OARCRRNGK,CNHAA,CNHKO
OARCRRNGK,CNHAA,CNHKO
OARCRRNGK,CNHAA,CNHKO
OARCRRNGK,CNHAA,CNHKO
OARCRRNGK,CNHAA,CNHKO
OARCRRNGK,CNHAA,CNHKO
OARCRRNGK,CNHAA,CNHKO
OARCRRNGK,CNHAA,CNHKO
OARCRRNGK,CNHAA,CNHKO
OARCRRNGK,CNHAA,CNHKO
OARCRRNGK,CNHAA,CNHKO
OARCRRNGK,CNHAA,CNHKO
OARCRRNGK,CNHAA,CNHKO
OARCRRNGK,CNHAA,CNHKO
OARCRRNGK,CNHAA,CNHKO
OARCRRNGK,CNHAA,CNHKO
OARCRRNGK,CNHAA,CNHKO
OARCRRNGK,CNHAA,CNHKO
OARCRRNGK,CNHAA,CNHKO
OARCRRNGK,CNHAA,CNHKO
OARCRRNGK,CNHAA,CNHKO
OARCRRNGK,CNHAA,CNHKO
OARCRRNGK,CNHAA,CNHKO
OARCRRNGK,CNHAA,CNHKO
OARCRRNGK,CNHAA,CNHKO
OARCRRNGK,CNHAA,CNHKO
OARCRRNGK,CNHAA,CNHKO
OARCRRNGK,CNHAA,CNHKO
OARCRRNGK,CNHAA,CNHKO
OARCRRNGK,CNHAA,CNHKO
OARCRRNGK,CNHAA,CNHKO
OARCRRNGK,CNHAA,CNHKO
OARCRRNGK,CNHAA,CNHKO
OARCRRNGK,CNHAA,CNHKO
OARCRRNGK,CNHAA,CNHKO
OARCRRNGK,CNHAA,CNHKO
OARCRRNGK,CNHAA,CNHKO
OARCRRNGK,CNHAA,CNHKO
OARCRRNGK,CNHAA,CNHKO
OARCRRNGK,CNHAA,CNHKO
OARCRRNGK,CNHAA,CNHKO
OARCRRNGK,CNHAA,CNHKO
OARCRRNGK,CNHAA,CNHKO
OARCRRNGK,CNHAA,CNHKO
OARCRRNGK,CNHAA,CNHKO
OARCRRNGK,CNHAA,CNHKO
OARCRRNGK,CNHAA,CNHKO
OARCRRNGK,CNHAA,CNHKO
OARCRRNGK,CNHAA,CNHKO
OARCRRNGK,CNHAA,CNHKO
OARCRRNGK,CNHAA,CNHKO
OARCRRNGK,CNHAA,CNHKO
OARCRRNGK,CNHAA,CNHKO
OARCRRNGK,CNHAA,CNHKO
OARCRRNGK,CNHAA,CNHKO
OARCRRNGK,CNHAA,CNHKO
OARCRRNGK,CNHAA,CNHKO
OARCRRNGK,CNHAA,CNHKO
OARCRRNGK,CNHAA,CNHKO
OARCRRNGK,CNHAA,CNHKO
OARCRRNGK,CNHAA,CNHKO
OARCRRNGK,CNHAA,CNHKO
OARCRRNGK,CNHAA,CNHKO
OARCRRNGK,CNHAA,CNHKO
OARCRRNGK,CNHAA,CNHKO
OARCRRNGK,CNHAA,CNHKO
OARCRRNGK,CNHAA,CNHKO
OARCRRNGK,CNHAA,CNHKO
OARCRRNGK,CNHAA,CNHKO
OARCRRNGK,CNHAA,CNHKO
OARCRRNGK,CNHAA,CNHKO
OARCRRNGK,CNHAA,CNHKO
OARCRRNGK,CNHAA,CNHKO
OARCRRNGK,CNHAA,CNHKO
OARCRRNGK,CNHAA,CNHKO
OARCRRNGK,CNHAA,CNHKO
OARCRRNGK,CNHAA,CNHKO
OARCRRNGK,CNHAA,CNHKO
OARCRRNGK,CNHAA,CNHKO
OARCRRNGK,CNHAA,CNHKO
OARCRRNGK,CNHAA,CNHKO
OARCRRNGK,CNHAA,CNHKO
OARCRRNGK,CNHAA,CNHKO
OARCRRNGK,CNHAA,CNHKO
OARCRRNGK,CNHAA,CNHKO
OARCRRNGK,CNHAA,CNHKO
OARCRRNGK,CNHAA,CNHKO
OARNCAACK,CNHAA,CNHKO
OARCRRNGK,CNHAA,CNHKO
OARCRRNGK,CNHAA,CNHKO
OARCRRNGK,CNHAA,CNHKO
OARCRRNGK,CNHAA,CNHKO
OARCRRNGK,CNHAA,CNHKO
OARCRRNGK,CNHAA,CNHKO
OARCRRNGK,CNHAA,CNHKO
OARCRRNGK,CNHAA,CNHKO
OARCRRNGK,CNHAA,CNHKO
OARCRRNGK,CNHAA,CNHKO
OARCRRNGK,CNHAA,CNHKO
OARCRRNGK,CNHAA,CNHKO
OARCRRNGK,CNHAA,CNHKO
OARCRRNGK,CNHAA,CNHKO
OARCRRNGK,CNHAA,CNHKO
OARCRRNGK,CNHAA,CNHKO
OARCRRNGK,CNHAA,CNHKO
OARCRRNGK,CNHAA,CNHKO
OARCRRNGK,CNHAA,CNHKO
OARCRRNGK,CNHAA,CNHKO
OARCRRNGK,CNHAA,CNHKO
OARCRRNGK,CNHAA,CNHKO
OARCRRNGK,CNHAA,CNHKO
OARCRRNGK,CNHAA,CNHKO
OARCRRNGK,CNHAA,CNHKO
OARCRRNGK,CNHAA,CNHKO
OARCRRNGK,CNHAA,CNHKO
OARCRRNGK,CNHAA,CNHKO
OARCRRNGK,CNHAA,CNHKO
OARCRRNGK,CNHAA,CNHKO
OARCRRNGK,CNHAA,CNHKO
OARCRRNGK,CNHAA,CNHKO
OARCRRNGK,CNHAA,CNHKO
OARCRRNGK,CNHAA,CNHKO
OARCRRNGK,CNHAA,CNHKO
OARCRRNGK,CNHAA,CNHKO
OARCRRNGK,CNHAA,CNHKO
OARCRRNGK,CNHAA,CNHKO
OARCRRNGK,CNHAA,CNHKO
OARCRRNGK,CNHAA,CNHKO
OARCRRNGK,CNHAA,CNHKO
OARCRRNGK,CNHAA,CNHKO
OARCRRNGK,CNHAA,CNHKO
OARCRRNGK,CNHAA,CNHKO
OARCRRNGK,CNHAA,CNHKO
OARCRRNGK,CNHAA,CNHKO
OARCRRNGK,CNHAA,CNHKO
OARCRRNGK,CNHAA,CNHKO
OARCRRNGK,CNHAA,CNHKO
OARCRRNGK,CNHAA,CNHKO
OARCRRNGK,CNHAA,CNHKO
OARCRRNGK,CNHAA,CNHKO
OARCRRNGK,CNHAA,CNHKO
OARCRRNGK,CNHAA,CNHKO
OARCRRNGK,CNHAA,CNHKO
OARCRRNGK,CNHAA,CNHKO
OARCRRNGK,CNHAA,CNHKO
OARCRRNGK,CNHAA,CNHKO
OARCRRNGK,CNHAA,CNHKO
OARCRRNGK,CNHAA,CNHKO
OARCRRNGK,CNHAA,CNHKO
OARCRRNGK,CNHAA,CNHKO
OARCRRNGK,CNHAA,CNHKO
OARCRRNGK,CNHAA,CNHKO
OARCRRNGK,CNHAA,CNHKO
OARCRRNGK,CNHAA,CNHKO
OARCRRNGK,CNHAA,CNHKO
OARCRRNGK,CNHAA,CNHKO
OARCRRNGK,CNHAA,CNHKO
OARCRRNGK,CNHAA,CNHKO
OARCRRNGK,CNHAA,CNHKO
OARCRRNGK,CNHAA,CNHKO
OARCRRNGK,CNHAA,CNHKO
OARCRRNGK,CNHAA,CNHKO
OARCRRNGK,CNHAA,CNHKO
OARCRRNGK,CNHAA,CNHKO
OARCRRNGK,CNHAA,CNHKO
OARCRRNGK,CNHAA,CNHKO
OARCRRNGK,CNHAA,CNHKO
OARCRRNGK,CNHAA,CNHKO
OARCRRNGK,CNHAA,CNHKO
OARCRRNGK,CNHAA,CNHKO
OARCRRNGK,CNHAA,CNHKO
OARCRRNGK,CNHAA,CNHKO
OARCRRNGK,CNHAA,CNHKO
OARCRRNGK,CNHAA,CNHKO
OARCRRNGK,CNHAA,CNHKO
OARCRRNGK,CNHAA,CNHKO
OARCRRNGK,CNHAA,CNHKO
OARCRRNGK,CNHAA,CNHKO
OARCRRNGK,CNHAA,CNHKO
OARCRRNGK,CNHAA,CNHKO
OARCRRNGK,CNHAA,CNHKO
OARCRRNGK,CNHAA,CNHKO
OARCRRNGK,CNHAA,CNHKO
OARCRRNGK,CNHAA,CNHKO
OARCRRNGK,CNHAA,CNHKO
OARCRRNGK,CNHAA,CNHKO
OARCRRNGK,CNHAA,CNHKO
OARCRRNGK,CNHAA,CNHKO
OARCRAKRK,CNHAA,CNHKO
OARCRAKRK,CNHAA,CNHKO
OARCRAKRK,CNHAA,CNHKO
OARCRAKRK,CNHAA,CNHKO
OARCRAKRK,CNHAA,CNHKO
OARCRAKRK,CNHAA,CNHKO
OARCRAKRK,CNHAA,CNHKO
OARCRAKRK,CNHAA,CNHKO
OARCRAKRK,CNHAA,CNHKO
OARCRAKRK,CNHAA,CNHKO
OARCRAKRK,CNHAA,CNHKO
OARCRAKRK,CNHAA,CNHKO
OARCRAKRK,CNHAA,CNHKO
OARCRAKRK,CNHAA,CNHKO
OARCRAKRK,CNHAA,CNHKO
OARCRAKRK,CNHAA,CNHKO
OARCRAKRK,CNHAA,CNHKO
OARCRAKRK,CNHAA,CNHKO
OARCRAKRK,CNHAA,CNHKO
OARCRAKRK,CNHAA,CNHKO
OARCRAKRK,CNHAA,CNHKO
OARCRAKRK,CNHAA,CNHKO
OARCRAKRK,CNHAA,CNHKO
OARCRAKRK,CNHAA,CNHKO
OARCRAKRK,CNHAA,CNHKO
OARCRAKRK,CNHAA,CNHKO
OARCRAKRK,CNHAA,CNHKO
OARCRAKRK,CNHAA,CNHKO
OARCRAKRK,CNHAA,CNHKO
OARCRAKRK,CNHAA,CNHKO
OARCRAKRK,CNHAA,CNHKO
OARCRAKRK,CNHAA,CNHKO
OARCRAKRK,CNHAA,CNHKO
OARCRAKRK,CNHAA,CNHKO
OARCRAKRK,CNHAA,CNHKO
OARCRAKRK,CNHAA,CNHKO
OARCRAKRK,CNHAA,CNHKO
OARCRAKRK,CNHAA,CNHKO
OARCRAKRK,CNHAA,CNHKO
OARCRAKRK,CNHAA,CNHKO
OARCRAKRK,CNHAA,CNHKO
OARCRAKRK,CNHAA,CNHKO
OARCRAKRK,CNHAA,CNHKO
OARCRAKRK,CNHAA,CNHKO
OARCRAKRK,CNHAA,CNHKO
OARCRAKRK,CNHAA,CNHKO
OARCRAKRK,CNHAA,CNHKO
OARCRAKRK,CNHAA,CNHKO
OARCRAKRK,CNHAA,CNHKO
OARCRAKRK,CNHAA,CNHKO
OARCRAKRK,CNHAA,CNHKO
OARCRAKRK,CNHAA,CNHKO
OARCRAKRK,CNHAA,CNHKO
OARCRAKRK,CNHAA,CNHKO
OARCRAKRK,CNHAA,CNHKO
OARCRAKRK,CNHAA,CNHKO
OARCRAKRK,CNHAA,CNHKO
OARCRAKRK,CNHAA,CNHKO
OARCRAKRK,CNHAA,CNHKO
OARCRAKRK,CNHAA,CNHKO
OARCRAKRK,CNHAA,CNHKO
OARCRAKRK,CNHAA,CNHKO
OARCRAKRK,CNHAA,CNHKO
OARCRAKRK,CNHAA,CNHKO
OARCRAKRK,CNHAA,CNHKO
OARCRAKRK,CNHAA,CNHKO
OARCRAKRK,CNHAA,CNHKO
OARCRAKRK,CNHAA,CNHKO
OARCRAKRK,CNHAA,CNHKO
OARCRAKRK,CNHAA,CNHKO
OARCRAKRK,CNHAA,CNHKO
OARCRAKRK,CNHAA,CNHKO
OARCRAKRK,CNHAA,CNHKO
OARCRAKRK,CNHAA,CNHKO
OARCRAKRK,CNHAA,CNHKO
OARCRAKRK,CNHAA,CNHKO
OARCRAKRK,CNHAA,CNHKO
OARCRAKRK,CNHAA,CNHKO
OARCRAKRK,CNHAA,CNHKO
OARCRAKRK,CNHAA,CNHKO
OARCRAKRK,CNHAA,CNHKO
OARCRAKRK,CNHAA,CNHKO
OARCRAKRK,CNHAA,CNHKO
OARCRAKRK,CNHAA,CNHKO
OARCRAKRK,CNHAA,CNHKO
OARCRAKRK,CNHAA,CNHKO
OARCRAKRK,CNHAA,CNHKO
OARCRAKRK,CNHAA,CNHKO
OARCRAKRK,CNHAA,CNHKO
OARCRAKRK,CNHAA,CNHKO
OARCRAKRK,CNHAA,CNHKO
OARCRAKRK,CNHAA,CNHKO
OARCRAKRK,CNHAA,CNHKO
OARCRAKRK,CNHAA,CNHKO
OARCRAKRK,CNHAA,CNHKO
OARCRAKRK,CNHAA,CNHKO
OARCRAKRK,CNHAA,CNHKO
OARCRAKRK,CNHAA,CNHKO
OARCRAKRK,CNHAA,CNHKO
OARCRAKRK,CNHAA,CNHKO
OARCRAKRK,CNHAA,CNHKO
OARCRAKRK,CNHAA,CNHKO
OARCRAKRK,CNHAA,CNHKO
OARCRAKRK,CNHAA,CNHKO
OARCRAKRK,CNHAA,CNHKO
OARCRAKRK,CNHAA,CNHKO
OARCRAKRK,CNHAA,CNHKO
OARCRAKRK,CNHAA,CNHKO
OARCRAKRK,CNHAA,CNHKO
OARCRAKRK,CNHAA,CNHKO
OARCRAKRK,CNHAA,CNHKO
OARCRAKRK,CNHAA,CNHKO
OARCRAKRK,CNHAA,CNHKO
OARCRAKRK,CNHAA,CNHKO
OARCRAKRK,CNHAA,CNHKO
OARCRAKRK,CNHAA,CNHKO
OARCRAKRK,CNHAA,CNHKO
OARCRAKRK,CNHAA,CNHKO
OARCRAKRK,CNHAA,CNHKO
OARCRAKRK,CNHAA,CNHKO
OARCRAKRK,CNHAA,CNHKO
OARCRAKRK,CNHAA,CNHKO
OARCRAKRK,CNHAA,CNHKO
OARCRAKRK,CNHAA,CNHKO
OARCRAKRK,CNHAA,CNHKO
OARCRAKRK,CNHAA,CNHKO
OARCRAKRK,CNHAA,CNHKO
OARCRAKRK,CNHAA,CNHKO
OARCRRNFK,CNHAA,CNHKO
OARCRRNFK,CNHAA,CNHKO
OARCRRNFK,CNHAA,CNHKO
OARCRRNFK,CNHAA,CNHKO
OARCRRNFK,CNHAA,CNHKO
OARCRRNFK,CNHAA,CNHKO
OARCRRNFK,CNHAA,CNHKO
OARCRRNFK,CNHAA,CNHKO
OARCRRNFK,CNHAA,CNHKO
OARCRRNFK,CNHAA,CNHKO
OARCRRNFK,CNHAA,CNHKO
OARCRRNFK,CNHAA,CNHKO
OARNCAACK,CNHAA,CNHKO
OARCRRNFK,CNHAA,CNHKO
OARCRRNFK,CNHAA,CNHKO
OARCRRNFK,CNHAA,CNHKO
OARCRRNFK,CNHAA,CNHKO
OARCRRNFK,CNHAA,CNHKO
OARCRRNFK,CNHAA,CNHKO
OARCRRNFK,CNHAA,CNHKO
OARCRRNFK,CNHAA,CNHKO
OARCRRNFK,CNHAA,CNHKO
OARCRRNFK,CNHAA,CNHKO
OARCRRNFK,CNHAA,CNHKO
OARCRRNFK,CNHAA,CNHKO
OARCRRNFK,CNHAA,CNHKO
OARCRRNFK,CNHAA,CNHKO
OARCRRNFK,CNHAA,CNHKO
OARCRRNFK,CNHAA,CNHKO
OARCRRNFK,CNHAA,CNHKO
OARCRRNFK,CNHAA,CNHKO
OARCRRNFK,CNHAA,CNHKO
OARCRRNFK,CNHAA,CNHKO
OARCRRNFK,CNHAA,CNHKO
OARCRRNFK,CNHAA,CNHKO
OARCRRNFK,CNHAA,CNHKO
OARCRRNFK,CNHAA,CNHKO
OARCRRNFK,CNHAA,CNHKO
OARCRRNFK,CNHAA,CNHKO
OARCRRNFK,CNHAA,CNHKO
OARCRRNFK,CNHAA,CNHKO
OARCRRNFK,CNHAA,CNHKO
OARCRRNFK,CNHAA,CNHKO
OARCRRNFK,CNHAA,CNHKO
OARCRRNFK,CNHAA,CNHKO
OARCRRNFK,CNHAA,CNHKO
OARCRRNFK,CNHAA,CNHKO
OARCRRNFK,CNHAA,CNHKO
OARCRRNFK,CNHAA,CNHKO
OARCRRNFK,CNHAA,CNHKO
OARCRRNFK,CNHAA,CNHKO
OARCRRNFK,CNHAA,CNHKO
OARCRRNFK,CNHAA,CNHKO
OARCRRNFK,CNHAA,CNHKO
OARCRRNFK,CNHAA,CNHKO
OARCRRNFK,CNHAA,CNHKO
OARCRRNFK,CNHAA,CNHKO
OARCRRNFK,CNHAA,CNHKO
OARCRRNFK,CNHAA,CNHKO
OARCRRNFK,CNHAA,CNHKO
OARCRRNFK,CNHAA,CNHKO
OARCRRNFK,CNHAA,CNHKO
OARCRRNFK,CNHAA,CNHKO
OARCRRNFK,CNHAA,CNHKO
OARCRRNFK,CNHAA,CNHKO
OARCRRNFK,CNHAA,CNHKO
OARCRRNFK,CNHAA,CNHKO
OARCRRNFK,CNHAA,CNHKO
OARCRRNFK,CNHAA,CNHKO
OARCRRNFK,CNHAA,CNHKO
OARCRRNFK,CNHAA,CNHKO
OARCRRNFK,CNHAA,CNHKO
OARCRRNFK,CNHAA,CNHKO
OARCRRNFK,CNHAA,CNHKO
OARCRRNFK,CNHAA,CNHKO
OARCRRNFK,CNHAA,CNHKO
OARCRRNFK,CNHAA,CNHKO
OARCRRNFK,CNHAA,CNHKO
OARCRRNFK,CNHAA,CNHKO
OARCRRNFK,CNHAA,CNHKO
OARCRRNFK,CNHAA,CNHKO
OARCRRNFK,CNHAA,CNHKO
OARCRRNFK,CNHAA,CNHKO
OARCRRNFK,CNHAA,CNHKO
OARCRRNFK,CNHAA,CNHKO
OARCRRNFK,CNHAA,CNHKO
OARCRRNFK,CNHAA,CNHKO
OARCRRNFK,CNHAA,CNHKO
OARCRRNFK,CNHAA,CNHKO
OARCRRNFK,CNHAA,CNHKO
OARCRRNFK,CNHAA,CNHKO
OARCRRNFK,CNHAA,CNHKO
OARCRRNFK,CNHAA,CNHKO
OARCRRNFK,CNHAA,CNHKO
OARCRRNFK,CNHAA,CNHKO
OARCRRNFK,CNHAA,CNHKO
OARCRRNFK,CNHAA,CNHKO
OARCRRNFK,CNHAA,CNHKO
OARCRRNFK,CNHAA,CNHKO
OARCRRNFK,CNHAA,CNHKO
OARCRRNFK,CNHAA,CNHKO
OARCRRNFK,CNHAA,CNHKO
OARCRRNFK,CNHAA,CNHKO
OARCRRNFK,CNHAA,CNHKO
OARCRRNFK,CNHAA,CNHKO
OARCRRNFK,CNHAA,CNHKO
OARCRRNFK,CNHAA,CNHKO
OARCRRNFK,CNHAA,CNHKO
OARCRRNFK,CNHAA,CNHKO
OARCRRNFK,CNHAA,CNHKO
OARCRRNFK,CNHAA,CNHKO
OARCRRNFK,CNHAA,CNHKO
OARCRRNFK,CNHAA,CNHKO
OARCRRNFK,CNHAA,CNHKO
OARCRRNFK,CNHAA,CNHKO
OARCRRNFK,CNHAA,CNHKO
OARCRRNFK,CNHAA,CNHKO
OARCRRNFK,CNHAA,CNHKO
OARCRRNFK,CNHAA,CNHKO
OARCRRNFK,CNHAA,CNHKO
OARCRRNFK,CNHAA,CNHKO
OARCRRNFK,CNHAA,CNHKO
OARCRRNFK,CNHAA,CNHKO
OARCRRNFK,CNHAA,CNHKO
OARCRRNFK,CNHAA,CNHKO
OARCRRNFK,CNHAA,CNHKO
OARCRRNFK,CNHAA,CNHKO
OARCRRNFK,CNHAA,CNHKO
OARCRRNFK,CNHAA,CNHKO
OARCRRNFK,CNHAA,CNHKO
OARCRRNFK,CNHAA,CNHKO
OARCRRGRK,CNHAA,CNHKO
OARCRRGRK,CNHAA,CNHKO
OARCRRGRK,CNHAA,CNHKO
OARCRRGRK,CNHAA,CNHKO
OARCRRGRK,CNHAA,CNHKO
OARCRRGRK,CNHAA,CNHKO
OARCRRGRK,CNHAA,CNHKO
OARCRRGRK,CNHAA,CNHKO
OARCRRGRK,CNHAA,CNHKO
OARCRRGRK,CNHAA,CNHKO
OARCRRGRK,CNHAA,CNHKO
OARCRRGRK,CNHAA,CNHKO
OARCRRGRK,CNHAA,CNHKO
OARCRRGRK,CNHAA,CNHKO
OARCRRGRK,CNHAA,CNHKO
OARCRRGRK,CNHAA,CNHKO
OARCRRGRK,CNHAA,CNHKO
OARCRRGRK,CNHAA,CNHKO
OARCRRGRK,CNHAA,CNHKO
OARCRRGRK,CNHAA,CNHKO
OARCRRGRK,CNHAA,CNHKO
OARCRRGOK,CNHAA,CNHKO
OARNCAACK,CNHAA,CNHKO
OARCRRGOK,CNHAA,CNHKO
OARCRRGOK,CNHAA,CNHKO
OARCRRGOK,CNHAA,CNHKO
OARCRRGOK,CNHAA,CNHKO
OARCRRGOK,CNHAA,CNHKO
OARCRRGOK,CNHAA,CNHKO
OARCRRGOK,CNHAA,CNHKO
OARCRRGOK,CNHAA,CNHKO
OARCRRGOK,CNHAA,CNHKO
OARCRRGOK,CNHAA,CNHKO
OARCRRGOK,CNHAA,CNHKO
OACNCCGFK,CNHAA,CNHKO
OACNCCGFK,CNHAA,CNHKO
OACNCCGFK,CNHAA,CNHKO
OACNCCGFK,CNHAA,CNHKO
OACNCCGFK,CNHAA,CNHKO
OACNCCGFK,CNHAA,CNHKO
OACNCCGFK,CNHAA,CNHKO
OACNCCGFK,CNHAA,CNHKO
OACNCCGFK,CNHAA,CNHKO
OACNCCGFK,CNHAA,CNHKO
OACNCCGFK,CNHAA,CNHKO
OACNCCGFK,CNHAA,CNHKO
OACNCCGFK,CNHAA,CNHKO
OACNCCGFK,CNHAA,CNHKO
OACNCCGFK,CNHAA,CNHKO
OACNCCGFK,CNHAA,CNHKO
OACNCCGFK,CNHAA,CNHKO
OACNCCGFK,CNHAA,CNHKO
OACNCCGFK,CNHAA,CNHKO
OACNCCGFK,CNHAA,CNHKO
OACNCCGFK,CNHAA,CNHKO
OACNCCGFK,CNHAA,CNHKO
OACNCCGFK,CNHAA,CNHKO
OACNCCGFK,CNHAA,CNHKO
OACNCCGFK,CNHAA,CNHKO
OACNCCGFK,CNHAA,CNHKO
OACNCCGFK,CNHAA,CNHKO
OACNCCGFK,CNHAA,CNHKO
OACNCCGFK,CNHAA,CNHKO
OACNCCGFK,CNHAA,CNHKO
OACNCCGFK,CNHAA,CNHKO
OACNCCGFK,CNHAA,CNHKO
OACNCCGFK,CNHAA,CNHKO
OACNCCGFK,CNHAA,CNHKO
OACNCCGFK,CNHAA,CNHKO
OACNCCGFK,CNHAA,CNHKO
OACNCCGFK,CNHAA,CNHKO
OACNCCGFK,CNHAA,CNHKO
OACNCCGFK,CNHAA,CNHKO
OACNCCGFK,CNHAA,CNHKO
OACNCCGFK,CNHAA,CNHKO
OACNCCGFK,CNHAA,CNHKO
OACNCCGFK,CNHAA,CNHKO
OACNCCGFK,CNHAA,CNHKO
OACNCCGFK,CNHAA,CNHKO
OACNCCGFK,CNHAA,CNHKO
OACNCCGFK,CNHAA,CNHKO
OACNCCGFK,CNHAA,CNHKO
OACNCCGFK,CNHAA,CNHKO
OACNCCGFK,CNHAA,CNHKO
OACNCCGFK,CNHAA,CNHKO
OACNCCGFK,CNHAA,CNHKO
OACNCCGFK,CNHAA,CNHKO
OACNCCGFK,CNHAA,CNHKO
OACNCCGFK,CNHAA,CNHKO
OACNCCGFK,CNHAA,CNHKO
OACNCCGFK,CNHAA,CNHKO
OACNCCGFK,CNHAA,CNHKO
OACNCCGFK,CNHAA,CNHKO
OACNCCGFK,CNHAA,CNHKO
OACNCCGFK,CNHAA,CNHKO
OACNCCGFK,CNHAA,CNHKO
OACNCCGFK,CNHAA,CNHKO
OACNCCGFK,CNHAA,CNHKO
OACNCCGFK,CNHAA,CNHKO
OACNCCGFK,CNHAA,CNHKO
OACNCCGFK,CNHAA,CNHKO
OACNCCGFK,CNHAA,CNHKO
OARNCAACK,CNHAA,CNHKO
OARNCKCGK,CNHAA,CNHKO
OARNCKCGK,CNHAA,CNHKO
OARNCKCGK,CNHAA,CNHKO
OARNCKCGK,CNHAA,CNHKO
OARNCKCGK,CNHAA,CNHKO
OARNCKCGK,CNHAA,CNHKO
OARNCKCGK,CNHAA,CNHKO
OARNCKCGK,CNHAA,CNHKO
OARNCKCGK,CNHAA,CNHKO
OARNCKCGK,CNHAA,CNHKO
OARNCKCGK,CNHAA,CNHKO
OARNCKCGK,CNHAA,CNHKO
OARNCKCGK,CNHAA,CNHKO
OARNCKCGK,CNHAA,CNHKO
OARNCKCGK,CNHAA,CNHKO
OARNCKCGK,CNHAA,CNHKO
OARNCKCGK,CNHAA,CNHKO
OARNCKCGK,CNHAA,CNHKO
OARNCKCGK,CNHAA,CNHKO
OARNCKCGK,CNHAA,CNHKO
OARNCKCGK,CNHAA,CNHKO
OARNCKCGK,CNHAA,CNHKO
OARNCKCGK,CNHAA,CNHKO
OARNCKCGK,CNHAA,CNHKO
OARNCKCGK,CNHAA,CNHKO
OARNCKCGK,CNHAA,CNHKO
OARNCKCGK,CNHAA,CNHKO
OARNCKCGK,CNHAA,CNHKO
OARNCKCGK,CNHAA,CNHKO
OARNCKCGK,CNHAA,CNHKO
OARNCKCGK,CNHAA,CNHKO
OARNCKCGK,CNHAA,CNHKO
OARNCKCGK,CNHAA,CNHKO
OARNCKCGK,CNHAA,CNHKO
OARNCKCGK,CNHAA,CNHKO
OARNCKCGK,CNHAA,CNHKO
OARNCKCGK,CNHAA,CNHKO
OARNCKCGK,CNHAA,CNHKO
OARNCKCGK,CNHAA,CNHKO
OARNCKCGK,CNHAA,CNHKO
OARNCKCGK,CNHAA,CNHKO
OARNCKCGK,CNHAA,CNHKO
OARNCKCGK,CNHAA,CNHKO
OARNCKCGK,CNHAA,CNHKO
OARNCKCGK,CNHAA,CNHKO
OARNCKCGK,CNHAA,CNHKO
OARNCKCGK,CNHAA,CNHKO
OARNCKCGK,CNHAA,CNHKO
OARNCKCGK,CNHAA,CNHKO
OARNCKCGK,CNHAA,CNHKO
OARNCKCGK,CNHAA,CNHKO
OARNCKCGK,CNHAA,CNHKO
OARNCKCGK,CNHAA,CNHKO
OARNCKCGK,CNHAA,CNHKO
OARNCKCGK,CNHAA,CNHKO
OARNCKCGK,CNHAA,CNHKO
OARNCKCGK,CNHAA,CNHKO
OARNCKCGK,CNHAA,CNHKO
OARNCKCGK,CNHAA,CNHKO
OARNCKCGK,CNHAA,CNHKO
OARNCKCGK,CNHAA,CNHKO
OARNCKCGK,CNHAA,CNHKO
OARNCKCGK,CNHAA,CNHKO
OARNCKCGK,CNHAA,CNHKO
OARNCKCGK,CNHAA,CNHKO
OARNCKCGK,CNHAA,CNHKO
OARNCKCGK,CNHAA,CNHKO
OARNCKCGK,CNHAA,CNHKO
OARNCKCGK,CNHAA,CNHKO
OARNCKCGK,CNHAA,CNHKO
OARNCKCGK,CNHAA,CNHKO
OARNCKCGK,CNHAA,CNHKO
OARNCKCGK,CNHAA,CNHKO
OARNCKCGK,CNHAA,CNHKO
OARNCKCGK,CNHAA,CNHKO
OARNCKCGK,CNHAA,CNHKO
OARNCKCGK,CNHAA,CNHKO
OARNCKCGK,CNHAA,CNHKO
OARNCKCGK,CNHAA,CNHKO
OARNCKCGK,CNHAA,CNHKO
OARNCKCGK,CNHAA,CNHKO
OARNCKCGK,CNHAA,CNHKO
OARNCKCGK,CNHAA,CNHKO
OARNCKCGK,CNHAA,CNHKO
OARNCKCGK,CNHAA,CNHKO
OARNCKCGK,CNHAA,CNHKO
OARNCKCGK,CNHAA,CNHKO
OARNCKCGK,CNHAA,CNHKO
OARNCKCGK,CNHAA,CNHKO
OARNCKCGK,CNHAA,CNHKO
OARNCKCGK,CNHAA,CNHKO
OARNCKCGK,CNHAA,CNHKO
OARNCKCGK,CNHAA,CNHKO
OARNCKCGK,CNHAA,CNHKO
OARNCKCGK,CNHAA,CNHKO
OARNCKCGK,CNHAA,CNHKO
OARNCKCGK,CNHAA,CNHKO
OARNCKCGK,CNHAA,CNHKO
OARNCKCGK,CNHAA,CNHKO
OARNCKCGK,CNHAA,CNHKO
OARNCKCGK,CNHAA,CNHKO
OARNCKCGK,CNHAA,CNHKO
OARNCKCGK,CNHAA,CNHKO
OARNCKCGK,CNHAA,CNHKO
OARNCKCGK,CNHAA,CNHKO
OARNCKCGK,CNHAA,CNHKO
OARNCKCGK,CNHAA,CNHKO
OARNCKCGK,CNHAA,CNHKO
OARNCKCGK,CNHAA,CNHKO
OARNCKCGK,CNHAA,CNHKO
OARNCKCGK,CNHAA,CNHKO
OARNCKCGK,CNHAA,CNHKO
OARNCKCGK,CNHAA,CNHKO
OARNCKCGK,CNHAA,CNHKO
OARNCKCGK,CNHAA,CNHKO
OARNCKCGK,CNHAA,CNHKO
OARNCKCGK,CNHAA,CNHKO
OARNCKCGK,CNHAA,CNHKO
OARNCKCGK,CNHAA,CNHKO
OARNCKCGK,CNHAA,CNHKO
OARNCKCGK,CNHAA,CNHKO
OARNCKCGK,CNHAA,CNHKO
OARNCKCGK,CNHAA,CNHKO
OARNCKCGK,CNHAA,CNHKO
OARNCKCGK,CNHAA,CNHKO
OARNCKCGK,CNHAA,CNHKO
OARNCKCGK,CNHAA,CNHKO
OARNCKCGK,CNHAA,CNHKO
OARNCKCGK,CNHAA,CNHKO
OARNCKCGK,CNHAA,CNHKO
OARNCKCGK,CNHAA,CNHKO
OARNCKCGK,CNHAA,CNHKO
OARNCKCGK,CNHAA,CNHKO
OARNCKCGK,CNHAA,CNHKO
OARNCKCGK,CNHAA,CNHKO
OARNCKCGK,CNHAA,CNHKO
OARNCKCGK,CNHAA,CNHKO
OARNCKCGK,CNHAA,CNHKO
OARNCKCGK,CNHAA,CNHKO
OARNCKCGK,CNHAA,CNHKO
OARNCKCGK,CNHAA,CNHKO
OARNCKCGK,CNHAA,CNHKO
OARNCKCGK,CNHAA,CNHKO
OARNCKCGK,CNHAA,CNHKO
OARNCKCGK,CNHAA,CNHKO
OARNCKCGK,CNHAA,CNHKO
OARNCKCGK,CNHAA,CNHKO
OARNCKCGK,CNHAA,CNHKO
OARNCKCGK,CNHAA,CNHKO
OARNCKCGK,CNHAA,CNHKO
OARNCKCGK,CNHAA,CNHKO
OARNCKCGK,CNHAA,CNHKO
OARNCKCGK,CNHAA,CNHKO
OARNCKCGK,CNHAA,CNHKO
OARNCKCGK,CNHAA,CNHKO
OARNCKCGK,CNHAA,CNHKO
OARNCKCGK,CNHAA,CNHKO
OARNCKCGK,CNHAA,CNHKO
OARNCKCGK,CNHAA,CNHKO
OARNCKCGK,CNHAA,CNHKO
OARNCKCGK,CNHAA,CNHKO
OARNCKCGK,CNHAA,CNHKO
OARNCKCGK,CNHAA,CNHKO
OARNCKCGK,CNHAA,CNHKO
OARNCKCGK,CNHAA,CNHKO
OARNCKCGK,CNHAA,CNHKO
OARNCKCGK,CNHAA,CNHKO
OARNCKCGK,CNHAA,CNHKO
OARNCKCGK,CNHAA,CNHKO
OARNCKCGK,CNHAA,CNHKO
OARNCKCGK,CNHAA,CNHKO
OARNCKCGK,CNHAA,CNHKO
OARNCKCGK,CNHAA,CNHKO
OARNCKCGK,CNHAA,CNHKO
OARNCKCGK,CNHAA,CNHKO
OARNCKCGK,CNHAA,CNHKO
OARNCKCGK,CNHAA,CNHKO
OARNCKCGK,CNHAA,CNHKO
OARNCKCGK,CNHAA,CNHKO
OARNCKCGK,CNHAA,CNHKO
OARNCKCGK,CNHAA,CNHKO
OARNCKCGK,CNHAA,CNHKO
OARNCKCGK,CNHAA,CNHKO
OARNCKCGK,CNHAA,CNHKO
OARNCKCGK,CNHAA,CNHKO
OARNCKCGK,CNHAA,CNHKO
OARNCKCGK,CNHAA,CNHKO
OARNCKCGK,CNHAA,CNHKO
OARNCKCGK,CNHAA,CNHKO
OARNCKCGK,CNHAA,CNHKO
OARNCKCGK,CNHAA,CNHKO
OARNCKCGK,CNHAA,CNHKO
OARNCKCGK,CNHAA,CNHKO
OARNCKCGK,CNHAA,CNHKO
OARNCKCGK,CNHAA,CNHKO
OARNCKCGK,CNHAA,CNHKO
OARNCKCGK,CNHAA,CNHKO
OARNCKCGK,CNHAA,CNHKO
OARNCKCGK,CNHAA,CNHKO
OARNCKCGK,CNHAA,CNHKO
OARNCKCGK,CNHAA,CNHKO
OARNCKCGK,CNHAA,CNHKO
OARNCKCGK,CNHAA,CNHKO
OARNCKCGK,CNHAA,CNHKO
OARNCKCGK,CNHAA,CNHKO
OARNCKCGK,CNHAA,CNHKO
OARNCKCGK,CNHAA,CNHKO
OARNCKCGK,CNHAA,CNHKO
OARNCKCGK,CNHAA,CNHKO
OARNCKCGK,CNHAA,CNHKO
OARNCKCGK,CNHAA,CNHKO
OARNCKCGK,CNHAA,CNHKO
OARNCKCGK,CNHAA,CNHKO
OARNCKCGK,CNHAA,CNHKO
OARNCKCGK,CNHAA,CNHKO
OARNCKCGK,CNHAA,CNHKO
OARNCKCGK,CNHAA,CNHKO
OARNCKCGK,CNHAA,CNHKO
OARNCKCGK,CNHAA,CNHKO
OARNCKCGK,CNHAA,CNHKO
OARNCKCGK,CNHAA,CNHKO
OARNCKCGK,CNHAA,CNHKO
OARNCKCGK,CNHAA,CNHKO
OARNCKCGK,CNHAA,CNHKO
OARNCKCGK,CNHAA,CNHKO
OARNCKCGK,CNHAA,CNHKO
OARNCKCGK,CNHAA,CNHKO
OARNCKCGK,CNHAA,CNHKO
OARNCKCGK,CNHAA,CNHKO
OARNCKCGK,CNHAA,CNHKO
OARNCKCGK,CNHAA,CNHKO
OARNCKCGK,CNHAA,CNHKO
OARNCKCGK,CNHAA,CNHKO
OARNCKCGK,CNHAA,CNHKO
OARNCKCGK,CNHAA,CNHKO
OARNCKCGK,CNHAA,CNHKO
OARNCKCGK,CNHAA,CNHKO
OARNCKCGK,CNHAA,CNHKO
OARNCKCGK,CNHAA,CNHKO
OARNCKCGK,CNHAA,CNHKO
OARNCCAAK,CNHAA,CNHKO
OARNCCAAK,CNHAA,CNHKO
OARNCCAAK,CNHAA,CNHKO
OARNCCAAK,CNHAA,CNHKO
OARNCCAAK,CNHAA,CNHKO
OARNCCAAK,CNHAA,CNHKO
OARNCCAAK,CNHAA,CNHKO
OARNCCAAK,CNHAA,CNHKO
OARNCCAAK,CNHAA,CNHKO
OARNCCAAK,CNHAA,CNHKO
OARNCCAAK,CNHAA,CNHKO
OARNCCAAK,CNHAA,CNHKO
OARNCCAAK,CNHAA,CNHKO
OARNCCAAK,CNHAA,CNHKO
OARNCCAAK,CNHAA,CNHKO
OARNCCAAK,CNHAA,CNHKO
OARNCCAAK,CNHAA,CNHKO
OARNCCAAK,CNHAA,CNHKO
OARNCCAAK,CNHAA,CNHKO
OARNCCAAK,CNHAA,CNHKO
OARNCCAAK,CNHAA,CNHKO
OARNCCAAK,CNHAA,CNHKO
OARNCCAAK,CNHAA,CNHKO
OARNCCAAK,CNHAA,CNHKO
OARNCCAAK,CNHAA,CNHKO
OARNCCAAK,CNHAA,CNHKO
OARNCCAAK,CNHAA,CNHKO
OARNCCAAK,CNHAA,CNHKO
OARNCCAAK,CNHAA,CNHKO
OARNCCAAK,CNHAA,CNHKO
OARNCCAAK,CNHAA,CNHKO
OARNCCAAK,CNHAA,CNHKO
OARNCCAAK,CNHAA,CNHKO
OARNCCAAK,CNHAA,CNHKO
OARNCCAAK,CNHAA,CNHKO
OARNCCAAK,CNHAA,CNHKO
OARNCCAAK,CNHAA,CNHKO
OARNCCAAK,CNHAA,CNHKO
OARNCCAAK,CNHAA,CNHKO
OARNCCAAK,CNHAA,CNHKO
OARNCCAAK,CNHAA,CNHKO
OARNCCAAK,CNHAA,CNHKO
OARNCCAAK,CNHAA,CNHKO
OARNCCAAK,CNHAA,CNHKO
OARNCCAAK,CNHAA,CNHKO
OARNCCAAK,CNHAA,CNHKO
OARNCCAAK,CNHAA,CNHKO
OARNCCAAK,CNHAA,CNHKO
OARNCCAAK,CNHAA,CNHKO
OARNCCAAK,CNHAA,CNHKO
OARNCCAAK,CNHAA,CNHKO
OARNCCAAK,CNHAA,CNHKO
OARNCCAAK,CNHAA,CNHKO
OARNCCAAK,CNHAA,CNHKO
OARNCCAAK,CNHAA,CNHKO
OARNCCAAK,CNHAA,CNHKO
OARNCCAAK,CNHAA,CNHKO
OARNCCAAK,CNHAA,CNHKO
OARNCCAAK,CNHAA,CNHKO
OARNCCAAK,CNHAA,CNHKO
OARNCCAAK,CNHAA,CNHKO
OARNCCAAK,CNHAA,CNHKO
OARNCCAAK,CNHAA,CNHKO
OARNCCAAK,CNHAA,CNHKO
OARNCCAAK,CNHAA,CNHKO
OARNCCAAK,CNHAA,CNHKO
OARNCCAAK,CNHAA,CNHKO
OARNCCAAK,CNHAA,CNHKO
OARNCCAAK,CNHAA,CNHKO
OARNCCAAK,CNHAA,CNHKO
OARNCCAAK,CNHAA,CNHKO
OARNCCAAK,CNHAA,CNHKO
OARNCCAAK,CNHAA,CNHKO
OARNCCAAK,CNHAA,CNHKO
OARNCCAAK,CNHAA,CNHKO
OARNCCAAK,CNHAA,CNHKO
OARNCCAAK,CNHAA,CNHKO
OARNCCAAK,CNHAA,CNHKO
OARNCCAAK,CNHAA,CNHKO
OARNCCAAK,CNHAA,CNHKO
OARNCCAAK,CNHAA,CNHKO
OARNCCAAK,CNHAA,CNHKO
OARNCCAAK,CNHAA,CNHKO
OARNCCAAK,CNHAA,CNHKO
OARNCCAAK,CNHAA,CNHKO
OARNCCAAK,CNHAA,CNHKO
OARNCCAAK,CNHAA,CNHKO
OARNCCAAK,CNHAA,CNHKO
OARNCCAAK,CNHAA,CNHKO
OARNCCAAK,CNHAA,CNHKO
OARNCCAAK,CNHAA,CNHKO
OARNCCAAK,CNHAA,CNHKO
OARNCCAAK,CNHAA,CNHKO
OARNCCAAK,CNHAA,CNHKO
OARNCCAAK,CNHAA,CNHKO
OARNCCAAK,CNHAA,CNHKO
OARNCCAAK,CNHAA,CNHKO
OARNCCAAK,CNHAA,CNHKO
OARNCCAAK,CNHAA,CNHKO
OARNCCAAK,CNHAA,CNHKO
OARNCCAAK,CNHAA,CNHKO
OARNCCAAK,CNHAA,CNHKO
OARNCCAAK,CNHAA,CNHKO
OARNCCAAK,CNHAA,CNHKO
OARNCCAAK,CNHAA,CNHKO
OARNCCAAK,CNHAA,CNHKO
OARNCCAAK,CNHAA,CNHKO
OARNCCAAK,CNHAA,CNHKO
OARNCCAAK,CNHAA,CNHKO
OARNCCAAK,CNHAA,CNHKO
OARNCCAAK,CNHAA,CNHKO
OARNCCAAK,CNHAA,CNHKO
OARNCCAAK,CNHAA,CNHKO
OARNCCAAK,CNHAA,CNHKO
OARNCCAAK,CNHAA,CNHKO
OARNCCAAK,CNHAA,CNHKO
OARNCCAAK,CNHAA,CNHKO
OARNCCAAK,CNHAA,CNHKO
OARNCCAAK,CNHAA,CNHKO
OARNCCAAK,CNHAA,CNHKO
OARNCCAAK,CNHAA,CNHKO
OARNCCAAK,CNHAA,CNHKO
OARNCCAAK,CNHAA,CNHKO
OARNCCAAK,CNHAA,CNHKO
OARNCCAAK,CNHAA,CNHKO
OARNCCAAK,CNHAA,CNHKO
OARNCCAAK,CNHAA,CNHKO
OARNCCAAK,CNHAA,CNHKO
OARNCCAAK,CNHAA,CNHKO
OARNCCAAK,CNHAA,CNHKO
OARNCCAAK,CNHAA,CNHKO
OARNCCAAK,CNHAA,CNHKO
OARNCCAAK,CNHAA,CNHKO
OARNCCAAK,CNHAA,CNHKO
OARNCCAAK,CNHAA,CNHKO
OARNCCAAK,CNHAA,CNHKO
OARNCCAAK,CNHAA,CNHKO
OARNCCAAK,CNHAA,CNHKO
OARNCCAAK,CNHAA,CNHKO
OARNCCAAK,CNHAA,CNHKO
OARNCCAAK,CNHAA,CNHKO
OARNCCAAK,CNHAA,CNHKO
OARNCCAAK,CNHAA,CNHKO
OARNCCAAK,CNHAA,CNHKO
OARNCCAAK,CNHAA,CNHKO
OARNCCAAK,CNHAA,CNHKO
OARNCCAAK,CNHAA,CNHKO
OARNCCAAK,CNHAA,CNHKO
OARNCCAAK,CNHAA,CNHKO
OARNCCAAK,CNHAA,CNHKO
OARNCCAAK,CNHAA,CNHKO
OARNCCAAK,CNHAA,CNHKO
OARNCCAAK,CNHAA,CNHKO
OARNCCAAK,CNHAA,CNHKO
OARNCCAAK,CNHAA,CNHKO
OARNCCAAK,CNHAA,CNHKO
OARNCCAAK,CNHAA,CNHKO
OARNCCAAK,CNHAA,CNHKO
OARNCCAAK,CNHAA,CNHKO
OARNCCAAK,CNHAA,CNHKO
OARNCCAAK,CNHAA,CNHKO
OARNCCAAK,CNHAA,CNHKO
OARNCCAAK,CNHAA,CNHKO
OARNCCAAK,CNHAA,CNHKO
OARNCCAAK,CNHAA,CNHKO
OARNCCAAK,CNHAA,CNHKO
OARNCCAAK,CNHAA,CNHKO
OARNCCAAK,CNHAA,CNHKO
OARNCCAAK,CNHAA,CNHKO
OARNCCAAK,CNHAA,CNHKO
OARNCCAAK,CNHAA,CNHKO
OARNCCAAK,CNHAA,CNHKO
OARNCCAAK,CNHAA,CNHKO
OARNCCAAK,CNHAA,CNHKO
OARNCCAAK,CNHAA,CNHKO
OARNCCAAK,CNHAA,CNHKO
OARNCCAAK,CNHAA,CNHKO
OARNCCAAK,CNHAA,CNHKO
OARNCCAAK,CNHAA,CNHKO
OARNCCAAK,CNHAA,CNHKO
OARNCCAAK,CNHAA,CNHKO
OARNCCAAK,CNHAA,CNHKO
OARNCCAAK,CNHAA,CNHKO
OARNCCAAK,CNHAA,CNHKO
OARNCCAAK,CNHAA,CNHKO
OARNCCAAK,CNHAA,CNHKO
OARNCCAAK,CNHAA,CNHKO
OARNCCAAK,CNHAA,CNHKO
OARNCCAAK,CNHAA,CNHKO
OARNCCAAK,CNHAA,CNHKO
OARNCCAAK,CNHAA,CNHKO
OARNCCAAK,CNHAA,CNHKO
OARNCCAAK,CNHAA,CNHKO
OARNCCAAK,CNHAA,CNHKO
OARNCCAAK,CNHAA,CNHKO
OARNCCAAK,CNHAA,CNHKO
OARNCCAAK,CNHAA,CNHKO
OARNCCAAK,CNHAA,CNHKO
OARNCCAAK,CNHAA,CNHKO
OARNCCAAK,CNHAA,CNHKO
OARNCCAAK,CNHAA,CNHKO
OARNCCAAK,CNHAA,CNHKO
OARNCCAAK,CNHAA,CNHKO
OARNCCAAK,CNHAA,CNHKO
OARNCCAAK,CNHAA,CNHKO
OARNCCAAK,CNHAA,CNHKO
OARNCCAAK,CNHAA,CNHKO
OARNCCAAK,CNHAA,CNHKO
OARNCCAAK,CNHAA,CNHKO
OARNCCAAK,CNHAA,CNHKO
OARNCCAAK,CNHAA,CNHKO
OARNCCAAK,CNHAA,CNHKO
OARNCCAAK,CNHAA,CNHKO
OARNCCAAK,CNHAA,CNHKO
OARNCCAAK,CNHAA,CNHKO
OARNCCAAK,CNHAA,CNHKO
OARNCCAAK,CNHAA,CNHKO
OARNCCAAK,CNHAA,CNHKO
OARNCCAAK,CNHAA,CNHKO
OARNCCAAK,CNHAA,CNHKO
OARNCCAAK,CNHAA,CNHKO
OARNCCAAK,CNHAA,CNHKO
OARNCCAAK,CNHAA,CNHKO
OARNCCAAK,CNHAA,CNHKO
OARNCCAAK,CNHAA,CNHKO
OARNCCAAK,CNHAA,CNHKO
OARNCCAAK,CNHAA,CNHKO
OARNCCAAK,CNHAA,CNHKO
OARNCCAAK,CNHAA,CNHKO
OARNCCAAK,CNHAA,CNHKO
OARNCCAAK,CNHAA,CNHKO
OARNCCAAK,CNHAA,CNHKO
OARNCCAAK,CNHAA,CNHKO
OARNCCAAK,CNHAA,CNHKO
OARNCCAAK,CNHAA,CNHKO
OARNCCAAK,CNHAA,CNHKO
OARNCCAAK,CNHAA,CNHKO
OARNCCAAK,CNHAA,CNHKO
OARNCCAAK,CNHAA,CNHKO
OARNCCAAK,CNHAA,CNHKO
OARNCCAAK,CNHAA,CNHKO
OARNCCAAK,CNHAA,CNHKO
OARNCCAAK,CNHAA,CNHKO
OARNCCAAK,CNHAA,CNHKO
OARNCCAAK,CNHAA,CNHKO
OARNCCAAK,CNHAA,CNHKO
OARNCCAAK,CNHAA,CNHKO
OARNCCAAK,CNHAA,CNHKO
OARNCCAAK,CNHAA,CNHKO
OARNCCAAK,CNHAA,CNHKO
OARNCCAAK,CNHAA,CNHKO
OARNCCAAK,CNHAA,CNHKO
OARNCCAAK,CNHAA,CNHKO
OARNCCAAK,CNHAA,CNHKO
OARNCCAAK,CNHAA,CNHKO
OARNCCAAK,CNHAA,CNHKO
OARNCCAAK,CNHAA,CNHKO
OARNCCAAK,CNHAA,CNHKO
OARNCCAAK,CNHAA,CNHKO
OARNCCAAK,CNHAA,CNHKO
OARNCCAAK,CNHAA,CNHKO
OARNCCAAK,CNHAA,CNHKO
OARNCCAAK,CNHAA,CNHKO
OARNCCAAK,CNHAA,CNHKO
OARNCCAAK,CNHAA,CNHKO
OARNCCAAK,CNHAA,CNHKO
OARNCCAAK,CNHAA,CNHKO
OARNCCAAK,CNHAA,CNHKO
OARNCCAAK,CNHAA,CNHKO
OARNCCAAK,CNHAA,CNHKO
OARNCCAAK,CNHAA,CNHKO
OARNCCAAK,CNHAA,CNHKO
OARNCCAAK,CNHAA,CNHKO
OARNCCAAK,CNHAA,CNHKO
OARNCCAAK,CNHAA,CNHKO
OARNCCAAK,CNHAA,CNHKO
OARNCCAAK,CNHAA,CNHKO
OARNCCAAK,CNHAA,CNHKO
OARNCCAAK,CNHAA,CNHKO
OARNCCAAK,CNHAA,CNHKO
OARNCCAAK,CNHAA,CNHKO
OARNCCAAK,CNHAA,CNHKO
OARNCCAAK,CNHAA,CNHKO
OARNCCAAK,CNHAA,CNHKO
OARNCCAAK,CNHAA,CNHKO
OARNCCAAK,CNHAA,CNHKO
OARNCCAAK,CNHAA,CNHKO
OARNCCAAK,CNHAA,CNHKO
OARNCCAAK,CNHAA,CNHKO
OARNCCAAK,CNHAA,CNHKO
OARNCCAAK,CNHAA,CNHKO
OARNCCAAK,CNHAA,CNHKO
OARNCCAAK,CNHAA,CNHKO
OARNCCAAK,CNHAA,CNHKO
OARNCCAAK,CNHAA,CNHKO
OARNCCAAK,CNHAA,CNHKO
OARNCCAAK,CNHAA,CNHKO
OARNCCAAK,CNHAA,CNHKO
OARNCCAAK,CNHAA,CNHKO
OARNCCAAK,CNHAA,CNHKO
OARNCCAAK,CNHAA,CNHKO
OARNCCAAK,CNHAA,CNHKO
OARNCCAAK,CNHAA,CNHKO
OARNCCAAK,CNHAA,CNHKO
OARNCCAAK,CNHAA,CNHKO
OARNCCAAK,CNHAA,CNHKO
OARNCCAAK,CNHAA,CNHKO
OARNCCAAK,CNHAA,CNHKO
OARNCCAAK,CNHAA,CNHKO
OARNCCAAK,CNHAA,CNHKO
OARNCCAAK,CNHAA,CNHKO
OARNCCAAK,CNHAA,CNHKO
OARNCCAAK,CNHAA,CNHKO
OARNCCAAK,CNHAA,CNHKO
OARNCCAAK,CNHAA,CNHKO
OARNCCAAK,CNHAA,CNHKO
OARNCCAAK,CNHAA,CNHKO
OARNCCAAK,CNHAA,CNHKO
OARNCCAAK,CNHAA,CNHKO
OARNCCAAK,CNHAA,CNHKO
OARNCCAAK,CNHAA,CNHKO
OARNCCAAK,CNHAA,CNHKO
OARNCCAAK,CNHAA,CNHKO
OARNCCAAK,CNHAA,CNHKO
OARNCCAAK,CNHAA,CNHKO
OARNCCAAK,CNHAA,CNHKO
OARNCCAAK,CNHAA,CNHKO
OARNCCAAK,CNHAA,CNHKO
OARNCCAAK,CNHAA,CNHKO
OARNCCAAK,CNHAA,CNHKO
OARNCCAAK,CNHAA,CNHKO
OARNCCAAK,CNHAA,CNHKO
OARNCCAAK,CNHAA,CNHKO
OARNCCAAK,CNHAA,CNHKO
OARNCCAAK,CNHAA,CNHKO
OARNCCAAK,CNHAA,CNHKO
OARNCCAAK,CNHAA,CNHKO
OARNCCAAK,CNHAA,CNHKO
OARNCCAAK,CNHAA,CNHKO
OARNCCAAK,CNHAA,CNHKO
OARNCCAAK,CNHAA,CNHKO
OARNCCAAK,CNHAA,CNHKO
OARNCCAAK,CNHAA,CNHKO
OARNCCAAK,CNHAA,CNHKO
OARNCCAAK,CNHAA,CNHKO
OARNCCAAK,CNHAA,CNHKO
OARNCCAAK,CNHAA,CNHKO
OARNCCAAK,CNHAA,CNHKO
OARNCCAAK,CNHAA,CNHKO
OARNCCAAK,CNHAA,CNHKO
OARNCCAAK,CNHAA,CNHKO
OARNCCAAK,CNHAA,CNHKO
OARNCCAAK,CNHAA,CNHKO
OARNCCAAK,CNHAA,CNHKO
OARNCCAAK,CNHAA,CNHKO
OARNCCAAK,CNHAA,CNHKO
OARNCCAAK,CNHAA,CNHKO
OARNCCAAK,CNHAA,CNHKO
OARNCCAAK,CNHAA,CNHKO
OARNCCAAK,CNHAA,CNHKO
OARNCCAAK,CNHAA,CNHKO
OARNCCAAK,CNHAA,CNHKO
OARNCCAAK,CNHAA,CNHKO
OARNCCAAK,CNHAA,CNHKO
OARNCCAAK,CNHAA,CNHKO
OARNCCAAK,CNHAA,CNHKO
OARNCCAAK,CNHAA,CNHKO
OARNCCAAK,CNHAA,CNHKO
OARNCCAAK,CNHAA,CNHKO
OARNCCAAK,CNHAA,CNHKO
OARNCCAAK,CNHAA,CNHKO
OARNCCAAK,CNHAA,CNHKO
OARNCCAAK,CNHAA,CNHKO
OARNCCAAK,CNHAA,CNHKO
OARNCCAAK,CNHAA,CNHKO
OARNCCAAK,CNHAA,CNHKO
OARNCCAAK,CNHAA,CNHKO
OARNCCAAK,CNHAA,CNHKO
OARNCCAAK,CNHAA,CNHKO
OARNCCAAK,CNHAA,CNHKO
OARNCCAAK,CNHAA,CNHKO
OARNCCAAK,CNHAA,CNHKO
OARNCCAAK,CNHAA,CNHKO
OARNCCAAK,CNHAA,CNHKO
OARNCCAAK,CNHAA,CNHKO
OARNCCAAK,CNHAA,CNHKO
OARNCCAAK,CNHAA,CNHKO
OARNCCAAK,CNHAA,CNHKO
OARNCCAAK,CNHAA,CNHKO
OARNCCAAK,CNHAA,CNHKO
OARNCCAAK,CNHAA,CNHKO
OARNCCAAK,CNHAA,CNHKO
OARNCCAAK,CNHAA,CNHKO
OARNCCAAK,CNHAA,CNHKO
OARNCCAAK,CNHAA,CNHKO
OARNCCAAK,CNHAA,CNHKO
OARNCCAAK,CNHAA,CNHKO
OARNCCAAK,CNHAA,CNHKO
OARNCCAAK,CNHAA,CNHKO
OARNCCAAK,CNHAA,CNHKO
OARNCCAAK,CNHAA,CNHKO
OARNCCAAK,CNHAA,CNHKO
OARNCCAAK,CNHAA,CNHKO
OARNCCAAK,CNHAA,CNHKO
OARNCCAAK,CNHAA,CNHKO
OARNCCAAK,CNHAA,CNHKO
OARNCCAAK,CNHAA,CNHKO
OARNCCAAK,CNHAA,CNHKO
OARNCCAAK,CNHAA,CNHKO
OARNCCAAK,CNHAA,CNHKO
OARNCCAAK,CNHAA,CNHKO
OARNCCAAK,CNHAA,CNHKO
OARNCAACK,CNHAA,CNHKO
OARNCAACK,CNHAA,CNHKO
OARNCAACK,CNHAA,CNHKO
OARNCAACK,CNHAA,CNHKO
OARNCAACK,CNHAA,CNHKO
OARNCAACK,CNHAA,CNHKO
OARNCAACK,CNHAA,CNHKO
OARCRORYK,CNHAA,CNSDG
OARCRRGOK,CNHAA,CNSDG
OARNCGCRK,CNHAA,CNSYA
OARNCGCRK,CNHAA,CNSYA
OARCRRGCK,CNHAA,CNZHA
OARCRRNSK,CNHAA,CNZHA
OARCRAKRK,CNHAA,CNZHA
OARCRRGNK,CNHAA,CNZHA
OARCRCOYK,CNHAA,CNZHA
OARCROFCK,CNHAA,CNZHA
OARCRRGCK,CNHAA,CNZHA
OARCRRNFK,CNHAA,CNZHA
OARCROOOK,CNHAA,CNZHA
OARCROORK,CNHAA,CNZHA
OARCRRGNK,CNHAA,CNZHA
OARCRRGRK,CNHAA,CNZHA
OARCRRNGK,CNHAA,CNZHH
OARRKCKYK,CNHKO,CNBAS
OACNCCCSK,CNHKO,CNBHI
OACNCCCSK,CNHKO,CNBHI
OACNCCCSK,CNHKO,CNBHI
OACNCCCSK,CNHKO,CNBHI
OACNCCCSK,CNHKO,CNBHI
OACNCCCSK,CNHKO,CNBHI
OACNCCCSK,CNHKO,CNBHI
OACNCCCSK,CNHKO,CNBHI
OACNCCCSK,CNHKO,CNBHI
OACNCCCSK,CNHKO,CNBHI
OACNCCCSK,CNHKO,CNBHI
OACNCCCSK,CNHKO,CNBHI
OACNCCCSK,CNHKO,CNBHI
OACNCCCSK,CNHKO,CNBHI
OACNCCCSK,CNHKO,CNBHI
OACNCCCSK,CNHKO,CNBHI
OACNCCCSK,CNHKO,CNBHI
OACNCCCSK,CNHKO,CNBHI
OACNCCCSK,CNHKO,CNBHI
OACNCCCSK,CNHKO,CNBHI
OACNCCCSK,CNHKO,CNBHI
OACNCCCSK,CNHKO,CNBHI
OACNCCCSK,CNHKO,CNBHI
OACNCCCSK,CNHKO,CNBHI
OACNCCCSK,CNHKO,CNBHI
OACNCCCSK,CNHKO,CNBHI
OACNCCCSK,CNHKO,CNBHI
OACNCCCSK,CNHKO,CNBHI
OACNCCCSK,CNHKO,CNBHI
OACNCCCSK,CNHKO,CNBHI
OACNCCCSK,CNHKO,CNBHI
OACNCCCSK,CNHKO,CNBHI
OACNCCCSK,CNHKO,CNBHI
OACNCCCSK,CNHKO,CNBHI
OACNCCCSK,CNHKO,CNBHI
OACNCCCSK,CNHKO,CNBHI
OACNCCCSK,CNHKO,CNBHI
OACNCCCSK,CNHKO,CNBHI
OACNCCCSK,CNHKO,CNBHI
OACNCCCSK,CNHKO,CNBHI
OACNCCCSK,CNHKO,CNBHI
OACNCCCSK,CNHKO,CNBHI
OACNCCCSK,CNHKO,CNBHI
OACNCCCSK,CNHKO,CNBHI
OACNCCCSK,CNHKO,CNBHI
OACNCCCSK,CNHKO,CNBHI
OACNCCCSK,CNHKO,CNBHI
OACNCCCSK,CNHKO,CNBHI
OACNCCCSK,CNHKO,CNBHI
OACNCCCSK,CNHKO,CNBHI
OACNCCCSK,CNHKO,CNBHI
OACNCCCSK,CNHKO,CNBHI
OACNCCCSK,CNHKO,CNBHI
OACNCCCSK,CNHKO,CNBHI
OACNCCCSK,CNHKO,CNBHI
OACNCCCSK,CNHKO,CNBHI
OACNCCCSK,CNHKO,CNBHI
OACNCCCSK,CNHKO,CNBHI
OACNCCCSK,CNHKO,CNBHI
OACNCCCSK,CNHKO,CNBHI
OACNCCCSK,CNHKO,CNBHI
OACNCCCSK,CNHKO,CNBHI
OACNCCCSK,CNHKO,CNBHI
OACNCCCSK,CNHKO,CNBHI
OACNCCCSK,CNHKO,CNBHI
OACNCCCSK,CNHKO,CNBHI
OACNCCCSK,CNHKO,CNBHI
OACNCCCSK,CNHKO,CNBHI
OACNCCCSK,CNHKO,CNBHI
OACNCCCSK,CNHKO,CNBHI
OACNCCCSK,CNHKO,CNBHI
OACNCCCSK,CNHKO,CNBHI
OACNCCCSK,CNHKO,CNBHI
OACNCCCSK,CNHKO,CNBHI
OACNCCCSK,CNHKO,CNBHI
OACNCCCSK,CNHKO,CNBHI
OACNCCCSK,CNHKO,CNBHI
OACNCCCSK,CNHKO,CNBHI
OACNCCCSK,CNHKO,CNBHI
OACNCCCSK,CNHKO,CNBHI
OACNCCCSK,CNHKO,CNBHI
OACNCCCSK,CNHKO,CNBHI
OACNCCCSK,CNHKO,CNBHI
OACNCCCSK,CNHKO,CNBHI
OACNCCCSK,CNHKO,CNBHI
OACNCCCSK,CNHKO,CNBHI
OACNCCCSK,CNHKO,CNBHI
OACNCCCSK,CNHKO,CNBHI
OACNCCCSK,CNHKO,CNBHI
OACNCCCSK,CNHKO,CNBHI
OACNCCCSK,CNHKO,CNBHI
OACNCCCSK,CNHKO,CNBHI
OACNCCCSK,CNHKO,CNBHI
OACNCCCSK,CNHKO,CNBHI
OACNCCCSK,CNHKO,CNBHI
OACNCCCSK,CNHKO,CNBHI
OACNCCCSK,CNHKO,CNBHI
OACNCCCSK,CNHKO,CNBHI
OACNCCCSK,CNHKO,CNBHI
OACNCCCSK,CNHKO,CNBHI
OACNCCCSK,CNHKO,CNBHI
OACNCCCSK,CNHKO,CNBHI
OACNCCCSK,CNHKO,CNBHI
OACNCCCSK,CNHKO,CNBHI
OACNCCCSK,CNHKO,CNBHI
OACNCCCSK,CNHKO,CNBHI
OACNCCCSK,CNHKO,CNBHI
OARNCAACK,CNHKO,CNDNG
OARNCCOSK,CNHKO,CNDNG
OARNCNGRK,CNHKO,CNDNG
OARNCRCOK,CNHKO,CNDNG
OARNCKCGK,CNHKO,CNDNG
OARNCGCRK,CNHKO,CNGUA
OARNCAACK,CNHKO,CNHAA
OARCROOCK,CNHKO,CNHAA
OARCROOOK,CNHKO,CNHAA
OARCROOCK,CNHKO,CNHAA
OARCRRNFK,CNHKO,CNHAA
OARCROOCK,CNHKO,CNHAA
OARCROOOK,CNHKO,CNHAA
OARCROOCK,CNHKO,CNHAA
OARNCCAAK,CNHKO,CNHAA
OARCROOCK,CNHKO,CNHAA
OARCROOOK,CNHKO,CNHAA
OARCROOCK,CNHKO,CNHAA
OARCRRNFK,CNHKO,CNHAA
OARCROOCK,CNHKO,CNHAA
OARCROOOK,CNHKO,CNHAA
OARCROOCK,CNHKO,CNHAA
OARNCCAAK,CNHKO,CNHAA
OARCROOCK,CNHKO,CNHAA
OARCROOOK,CNHKO,CNHAA
OARCROOCK,CNHKO,CNHAA
OARCRRNFK,CNHKO,CNHAA
OARCROOCK,CNHKO,CNHAA
OARCROOOK,CNHKO,CNHAA
OARCROOCK,CNHKO,CNHAA
OARNCCAAK,CNHKO,CNHAA
OARCROOCK,CNHKO,CNHAA
OARCROOOK,CNHKO,CNHAA
OARCROOCK,CNHKO,CNHAA
OARCRRNFK,CNHKO,CNHAA
OARCROOCK,CNHKO,CNHAA
OARCROOOK,CNHKO,CNHAA
OARCROOCK,CNHKO,CNHAA
OARNCCAAK,CNHKO,CNHAA
OARCROOCK,CNHKO,CNHAA
OARCROOOK,CNHKO,CNHAA
OARCROOCK,CNHKO,CNHAA
OARCRRNFK,CNHKO,CNHAA
OARCROOOK,CNHKO,CNHAA
OARCROORK,CNHKO,CNHAA
OARNCCAAK,CNHKO,CNHAA
OARCROORK,CNHKO,CNHAA
OARCROOOK,CNHKO,CNHAA
OARCROORK,CNHKO,CNHAA
OARCRRNFK,CNHKO,CNHAA
OARCROORK,CNHKO,CNHAA
OARCROOOK,CNHKO,CNHAA
OARCROORK,CNHKO,CNHAA
OARNCCAAK,CNHKO,CNHAA
OARCROORK,CNHKO,CNHAA
OARCROOOK,CNHKO,CNHAA
OARCROORK,CNHKO,CNHAA
OARCRRNFK,CNHKO,CNHAA
OARCROORK,CNHKO,CNHAA
OARCROOOK,CNHKO,CNHAA
OARCROORK,CNHKO,CNHAA
OARNCCAAK,CNHKO,CNHAA
OARCROORK,CNHKO,CNHAA
OARCROOOK,CNHKO,CNHAA
OARCROORK,CNHKO,CNHAA
OARCRRNFK,CNHKO,CNHAA
OARCROORK,CNHKO,CNHAA
OARCROOOK,CNHKO,CNHAA
OARCROORK,CNHKO,CNHAA
OARNCCAAK,CNHKO,CNHAA
OARCROORK,CNHKO,CNHAA
OARCROOOK,CNHKO,CNHAA
OARCROORK,CNHKO,CNHAA
OARCRRNFK,CNHKO,CNHAA
OARCROORK,CNHKO,CNHAA
OARCROOOK,CNHKO,CNHAA
OARCROORK,CNHKO,CNHAA
OARNCCAAK,CNHKO,CNHAA
OARCROORK,CNHKO,CNHAA
OARCROOOK,CNHKO,CNHAA
OARCROORK,CNHKO,CNHAA
OARCRRNFK,CNHKO,CNHAA
OARCROORK,CNHKO,CNHAA
OARCROOOK,CNHKO,CNHAA
OARCROORK,CNHKO,CNHAA
OARNCCAAK,CNHKO,CNHAA
OARCROORK,CNHKO,CNHAA
OARCROOOK,CNHKO,CNHAA
OARCROORK,CNHKO,CNHAA
OARCRRNFK,CNHKO,CNHAA
OARCROORK,CNHKO,CNHAA
OARCROOOK,CNHKO,CNHAA
OARCROORK,CNHKO,CNHAA
OARNCCAAK,CNHKO,CNHAA
OARCROORK,CNHKO,CNHAA
OARCROOOK,CNHKO,CNHAA
OARCROORK,CNHKO,CNHAA
OARCRRNFK,CNHKO,CNHAA
OARCROORK,CNHKO,CNHAA
OARCROOOK,CNHKO,CNHAA
OARCROORK,CNHKO,CNHAA
OARNCCAAK,CNHKO,CNHAA
OARCROORK,CNHKO,CNHAA
OARCROOOK,CNHKO,CNHAA
OARCROORK,CNHKO,CNHAA
OARCROOOK,CNHKO,CNHAA
OARCROORK,CNHKO,CNHAA
OARCRRNFK,CNHKO,CNHAA
OARCROORK,CNHKO,CNHAA
OARCROOOK,CNHKO,CNHAA
OARCROORK,CNHKO,CNHAA
OARNCCAAK,CNHKO,CNHAA
OARCROORK,CNHKO,CNHAA
OARCROOOK,CNHKO,CNHAA
OARCROORK,CNHKO,CNHAA
OARCROORK,CNHKO,CNHAA
OARCROOOK,CNHKO,CNHAA
OARCROORK,CNHKO,CNHAA
OARCROOOK,CNHKO,CNHAA
OARCROORK,CNHKO,CNHAA
OARCRRNFK,CNHKO,CNHAA
OARCROORK,CNHKO,CNHAA
OARNCCAAK,CNHKO,CNHAA
OARCROORK,CNHKO,CNHAA
OARCROOOK,CNHKO,CNHAA
OARCROORK,CNHKO,CNHAA
OARCRRNFK,CNHKO,CNHAA
OARCROORK,CNHKO,CNHAA
OARCROOOK,CNHKO,CNHAA
OARCROORK,CNHKO,CNHAA
OARNCCAAK,CNHKO,CNHAA
OARCROORK,CNHKO,CNHAA
OARCROOOK,CNHKO,CNHAA
OARCROORK,CNHKO,CNHAA
OARCRRNFK,CNHKO,CNHAA
OARCROORK,CNHKO,CNHAA
OARCROOOK,CNHKO,CNHAA
OARCROORK,CNHKO,CNHAA
OARNCCAAK,CNHKO,CNHAA
OARCROORK,CNHKO,CNHAA
OARCROORK,CNHKO,CNHAA
OARCROOOK,CNHKO,CNHAA
OARCROORK,CNHKO,CNHAA
OARCROORK,CNHKO,CNHAA
OARCRRNFK,CNHKO,CNHAA
OARCROORK,CNHKO,CNHAA
OARCROOOK,CNHKO,CNHAA
OARCROORK,CNHKO,CNHAA
OARNCCAAK,CNHKO,CNHAA
OARCROORK,CNHKO,CNHAA
OARCROOOK,CNHKO,CNHAA
OARCRRNFK,CNHKO,CNHAA
OARCROORK,CNHKO,CNHAA
OARCROOOK,CNHKO,CNHAA
OARCROORK,CNHKO,CNHAA
OARNCCAAK,CNHKO,CNHAA
OARCROORK,CNHKO,CNHAA
OARCROOOK,CNHKO,CNHAA
OARCROORK,CNHKO,CNHAA
OARCRRNFK,CNHKO,CNHAA
OARCROORK,CNHKO,CNHAA
OARCROOOK,CNHKO,CNHAA
OARCROORK,CNHKO,CNHAA
OARNCCAAK,CNHKO,CNHAA
OARCROORK,CNHKO,CNHAA
OARCROOOK,CNHKO,CNHAA
OARCROORK,CNHKO,CNHAA
OARCRRNFK,CNHKO,CNHAA
OARCROORK,CNHKO,CNHAA
OARCROOOK,CNHKO,CNHAA
OARCROORK,CNHKO,CNHAA
OARNCCAAK,CNHKO,CNHAA
OARCROORK,CNHKO,CNHAA
OARCROOOK,CNHKO,CNHAA
OARCROORK,CNHKO,CNHAA
OARCRRNFK,CNHKO,CNHAA
OARCROOOK,CNHKO,CNHAA
OARCROORK,CNHKO,CNHAA
OARNCCAAK,CNHKO,CNHAA
OARCROORK,CNHKO,CNHAA
OARCROOOK,CNHKO,CNHAA
OARCRRNFK,CNHKO,CNHAA
OARCROORK,CNHKO,CNHAA
OARCROOOK,CNHKO,CNHAA
OARCROORK,CNHKO,CNHAA
OARNCCAAK,CNHKO,CNHAA
OARCROORK,CNHKO,CNHAA
OARCROORK,CNHKO,CNHAA
OARCROOOK,CNHKO,CNHAA
OARCROORK,CNHKO,CNHAA
OARCRRNFK,CNHKO,CNHAA
OARCROORK,CNHKO,CNHAA
OARCROOOK,CNHKO,CNHAA
OARCROORK,CNHKO,CNHAA
OARNCCAAK,CNHKO,CNHAA
OARCROORK,CNHKO,CNHAA
OARCROOOK,CNHKO,CNHAA
OARCROORK,CNHKO,CNHAA
OARCROORK,CNHKO,CNHAA
OARCRRNFK,CNHKO,CNHAA
OARCROORK,CNHKO,CNHAA
OARCROOOK,CNHKO,CNHAA
OARCROORK,CNHKO,CNHAA
OARNCCAAK,CNHKO,CNHAA
OARCROORK,CNHKO,CNHAA
OARCROOOK,CNHKO,CNHAA
OARCROORK,CNHKO,CNHAA
OARCRRNFK,CNHKO,CNHAA
OARCROORK,CNHKO,CNHAA
OARCROOOK,CNHKO,CNHAA
OARCROORK,CNHKO,CNHAA
OARNCCAAK,CNHKO,CNHAA
OARCROORK,CNHKO,CNHAA
OARCROOOK,CNHKO,CNHAA
OARCROORK,CNHKO,CNHAA
OARCRRNFK,CNHKO,CNHAA
OARCROORK,CNHKO,CNHAA
OARCROOOK,CNHKO,CNHAA
OARCROORK,CNHKO,CNHAA
OARNCCAAK,CNHKO,CNHAA
OARCROORK,CNHKO,CNHAA
OARCROOOK,CNHKO,CNHAA
OARCROORK,CNHKO,CNHAA
OARCRRNFK,CNHKO,CNHAA
OARCROORK,CNHKO,CNHAA
OARCROOOK,CNHKO,CNHAA
OARCROORK,CNHKO,CNHAA
OARNCCAAK,CNHKO,CNHAA
OARCROORK,CNHKO,CNHAA
OARCROOOK,CNHKO,CNHAA
OARCROORK,CNHKO,CNHAA
OARNCCAAK,CNHKO,CNHAA
OARCROORK,CNHKO,CNHAA
OARCROOOK,CNHKO,CNHAA
OARCROORK,CNHKO,CNHAA
OARCRRGRK,CNHKO,CNHAA
OARCROORK,CNHKO,CNHAA
OARCROOOK,CNHKO,CNHAA
OARCROORK,CNHKO,CNHAA
OARNCCAAK,CNHKO,CNHAA
OARCROORK,CNHKO,CNHAA
OARNCCAAK,CNHKO,CNHAA
OARCROORK,CNHKO,CNHAA
OARCROOOK,CNHKO,CNHAA
OARCROORK,CNHKO,CNHAA
OARCRRGRK,CNHKO,CNHAA
OARCROORK,CNHKO,CNHAA
OARCROOOK,CNHKO,CNHAA
OARCROORK,CNHKO,CNHAA
OARNCCAAK,CNHKO,CNHAA
OARCROORK,CNHKO,CNHAA
OARCROOOK,CNHKO,CNHAA
OARCROORK,CNHKO,CNHAA
OARNCCAAK,CNHKO,CNHAA
OARCROORK,CNHKO,CNHAA
OARCROOOK,CNHKO,CNHAA
OARCROORK,CNHKO,CNHAA
OARCRRGRK,CNHKO,CNHAA
OARCROORK,CNHKO,CNHAA
OARCROOOK,CNHKO,CNHAA
OARCROORK,CNHKO,CNHAA
OARCRRGRK,CNHKO,CNHAA
OARCROORK,CNHKO,CNHAA
OARCROOOK,CNHKO,CNHAA
OARCROORK,CNHKO,CNHAA
OARNCCAAK,CNHKO,CNHAA
OARCROORK,CNHKO,CNHAA
OARCROOOK,CNHKO,CNHAA
OARCROORK,CNHKO,CNHAA
OARCRRGRK,CNHKO,CNHAA
OARCROORK,CNHKO,CNHAA
OARCROOOK,CNHKO,CNHAA
OARCROORK,CNHKO,CNHAA
OARNCCAAK,CNHKO,CNHAA
OARCROORK,CNHKO,CNHAA
OARCROOOK,CNHKO,CNHAA
OARCROORK,CNHKO,CNHAA
OARCRRGRK,CNHKO,CNHAA
OARCROORK,CNHKO,CNHAA
OARCROOOK,CNHKO,CNHAA
OARCROORK,CNHKO,CNHAA
OARCROORK,CNHKO,CNHAA
OARCROOOK,CNHKO,CNHAA
OARCROORK,CNHKO,CNHAA
OARNCAACK,CNHKO,CNHAA
OARCROORK,CNHKO,CNHAA
OARCROOOK,CNHKO,CNHAA
OARCROORK,CNHKO,CNHAA
OARNCCAAK,CNHKO,CNHAA
OARCROORK,CNHKO,CNHAA
OARCROOOK,CNHKO,CNHAA
OARCROORK,CNHKO,CNHAA
OARCRRGRK,CNHKO,CNHAA
OARCROORK,CNHKO,CNHAA
OARCROOOK,CNHKO,CNHAA
OARCROORK,CNHKO,CNHAA
OARCROOOK,CNHKO,CNHAA
OARCROORK,CNHKO,CNHAA
OARCRRGRK,CNHKO,CNHAA
OARCROORK,CNHKO,CNHAA
OARCROOOK,CNHKO,CNHAA
OARCROORK,CNHKO,CNHAA
OARCRRGRK,CNHKO,CNHAA
OARCROORK,CNHKO,CNHAA
OARCRRGRK,CNHKO,CNHAA
OARCROORK,CNHKO,CNHAA
OARCROOOK,CNHKO,CNHAA
OARCROORK,CNHKO,CNHAA
OARNCCAAK,CNHKO,CNHAA
OARCROORK,CNHKO,CNHAA
OARCROOOK,CNHKO,CNHAA
OARCROORK,CNHKO,CNHAA
OARNCCAAK,CNHKO,CNHAA
OARCROORK,CNHKO,CNHAA
OARCROOOK,CNHKO,CNHAA
OARCROORK,CNHKO,CNHAA
OARCRRGRK,CNHKO,CNHAA
OARCROORK,CNHKO,CNHAA
OARCROOOK,CNHKO,CNHAA
OARCROORK,CNHKO,CNHAA
OARCROORK,CNHKO,CNHAA
OARCRRGRK,CNHKO,CNHAA
OARCROORK,CNHKO,CNHAA
OARCROOOK,CNHKO,CNHAA
OARCROORK,CNHKO,CNHAA
OARNCCAAK,CNHKO,CNHAA
OARCROORK,CNHKO,CNHAA
OARCROORK,CNHKO,CNHAA
OARCROOOK,CNHKO,CNHAA
OARCROORK,CNHKO,CNHAA
OARNCCAAK,CNHKO,CNHAA
OARCROORK,CNHKO,CNHAA
OARCROORK,CNHKO,CNHAA
OARCROOOK,CNHKO,CNHAA
OARCROORK,CNHKO,CNHAA
OARNCCAAK,CNHKO,CNHAA
OARCROORK,CNHKO,CNHAA
OARCROOOK,CNHKO,CNHAA
OARCROORK,CNHKO,CNHAA
OARNCCAAK,CNHKO,CNHAA
OARCROORK,CNHKO,CNHAA
OARCROOOK,CNHKO,CNHAA
OARCROORK,CNHKO,CNHAA
OARNCCAAK,CNHKO,CNHAA
OARCROORK,CNHKO,CNHAA
OARCROOOK,CNHKO,CNHAA
OARCROORK,CNHKO,CNHAA
OARNCCAAK,CNHKO,CNHAA
OARCROORK,CNHKO,CNHAA
OARCROOOK,CNHKO,CNHAA
OARCROORK,CNHKO,CNHAA
OARCRRGRK,CNHKO,CNHAA
OARCROORK,CNHKO,CNHAA
OARCROOOK,CNHKO,CNHAA
OARCROORK,CNHKO,CNHAA
OARNCCAAK,CNHKO,CNHAA
OARCROORK,CNHKO,CNHAA
OARCROOOK,CNHKO,CNHAA
OARCROORK,CNHKO,CNHAA
OARCRRGRK,CNHKO,CNHAA
OARCROORK,CNHKO,CNHAA
OARCROOOK,CNHKO,CNHAA
OARCROORK,CNHKO,CNHAA
OARNCCAAK,CNHKO,CNHAA
OARCROORK,CNHKO,CNHAA
OARCROOOK,CNHKO,CNHAA
OARCROORK,CNHKO,CNHAA
OARNCCAAK,CNHKO,CNHAA
OARCROORK,CNHKO,CNHAA
OARCROOOK,CNHKO,CNHAA
OARCROORK,CNHKO,CNHAA
OARCRRGRK,CNHKO,CNHAA
OARCROORK,CNHKO,CNHAA
OARCROORK,CNHKO,CNHAA
OARCROOOK,CNHKO,CNHAA
OARCROORK,CNHKO,CNHAA
OARCRRGRK,CNHKO,CNHAA
OARCROORK,CNHKO,CNHAA
OARCROORK,CNHKO,CNHAA
OARCROOOK,CNHKO,CNHAA
OARCROORK,CNHKO,CNHAA
OARCROORK,CNHKO,CNHAA
OARNCCAAK,CNHKO,CNHAA
OARCROORK,CNHKO,CNHAA
OARCROOOK,CNHKO,CNHAA
OARCROORK,CNHKO,CNHAA
OARCRRGRK,CNHKO,CNHAA
OARCROORK,CNHKO,CNHAA
OARCROOOK,CNHKO,CNHAA
OARCROORK,CNHKO,CNHAA
OARCRRGRK,CNHKO,CNHAA
OARCROORK,CNHKO,CNHAA
OARCROOOK,CNHKO,CNHAA
OARCROORK,CNHKO,CNHAA
OARCRRGRK,CNHKO,CNHAA
OARCROORK,CNHKO,CNHAA
OARCROOOK,CNHKO,CNHAA
OARCROORK,CNHKO,CNHAA
OARCRRGRK,CNHKO,CNHAA
OARCROORK,CNHKO,CNHAA
OARCROOOK,CNHKO,CNHAA
OARCROORK,CNHKO,CNHAA
OARNCCAAK,CNHKO,CNHAA
OARCROORK,CNHKO,CNHAA
OARCROORK,CNHKO,CNHAA
OARCROOOK,CNHKO,CNHAA
OARCROORK,CNHKO,CNHAA
OARCROOOK,CNHKO,CNHAA
OARCROORK,CNHKO,CNHAA
OARCRRGRK,CNHKO,CNHAA
OARCROORK,CNHKO,CNHAA
OARCROOOK,CNHKO,CNHAA
OARCROORK,CNHKO,CNHAA
OARNCCAAK,CNHKO,CNHAA
OARCROORK,CNHKO,CNHAA
OARCROOOK,CNHKO,CNHAA
OARCROORK,CNHKO,CNHAA
OARCRRGOK,CNHKO,CNHAA
OARCROORK,CNHKO,CNHAA
OARCROOOK,CNHKO,CNHAA
OARCROORK,CNHKO,CNHAA
OARCRRGOK,CNHKO,CNHAA
OARCROORK,CNHKO,CNHAA
OARCROOOK,CNHKO,CNHAA
OARCROORK,CNHKO,CNHAA
OARCRRGOK,CNHKO,CNHAA
OARCROORK,CNHKO,CNHAA
OARCROOOK,CNHKO,CNHAA
OARCROORK,CNHKO,CNHAA
OARCROORK,CNHKO,CNHAA
OARCROORK,CNHKO,CNHAA
OARCROOOK,CNHKO,CNHAA
OARCROORK,CNHKO,CNHAA
OARNCCAAK,CNHKO,CNHAA
OARCROORK,CNHKO,CNHAA
OARCROOOK,CNHKO,CNHAA
OARCROORK,CNHKO,CNHAA
OARNCCAAK,CNHKO,CNHAA
OARCROORK,CNHKO,CNHAA
OARCROOOK,CNHKO,CNHAA
OARCROORK,CNHKO,CNHAA
OARCRRGOK,CNHKO,CNHAA
OARCROORK,CNHKO,CNHAA
OARCROOOK,CNHKO,CNHAA
OARCROORK,CNHKO,CNHAA
OARNCCAAK,CNHKO,CNHAA
OARCROORK,CNHKO,CNHAA
OARCROOOK,CNHKO,CNHAA
OARCROORK,CNHKO,CNHAA
OARCRRGOK,CNHKO,CNHAA
OARCROORK,CNHKO,CNHAA
OARCROOOK,CNHKO,CNHAA
OARCROORK,CNHKO,CNHAA
OARCRRGOK,CNHKO,CNHAA
OARCROORK,CNHKO,CNHAA
OARCROOOK,CNHKO,CNHAA
OARCROORK,CNHKO,CNHAA
OARNCCAAK,CNHKO,CNHAA
OARCROORK,CNHKO,CNHAA
OARCROOOK,CNHKO,CNHAA
OARCROORK,CNHKO,CNHAA
OARCRRGOK,CNHKO,CNHAA
OARCROORK,CNHKO,CNHAA
OARCROOOK,CNHKO,CNHAA
OARCROORK,CNHKO,CNHAA
OARNCCAAK,CNHKO,CNHAA
OARCROORK,CNHKO,CNHAA
OARCROOOK,CNHKO,CNHAA
OARCROORK,CNHKO,CNHAA
OARNCCAAK,CNHKO,CNHAA
OARCROORK,CNHKO,CNHAA
OARCROOOK,CNHKO,CNHAA
OARCROORK,CNHKO,CNHAA
OARNCCAAK,CNHKO,CNHAA
OARCROORK,CNHKO,CNHAA
OARCROOOK,CNHKO,CNHAA
OARCROORK,CNHKO,CNHAA
OARNCCAAK,CNHKO,CNHAA
OARCROORK,CNHKO,CNHAA
OARCROOOK,CNHKO,CNHAA
OARCROORK,CNHKO,CNHAA
OARCRRGOK,CNHKO,CNHAA
OARCROORK,CNHKO,CNHAA
OARCROOOK,CNHKO,CNHAA
OARCROORK,CNHKO,CNHAA
OARNCCAAK,CNHKO,CNHAA
OARCROORK,CNHKO,CNHAA
OARCROOOK,CNHKO,CNHAA
OARCROORK,CNHKO,CNHAA
OARNCCAAK,CNHKO,CNHAA
OARCROORK,CNHKO,CNHAA
OARCROOOK,CNHKO,CNHAA
OARCROORK,CNHKO,CNHAA
OARCRRGOK,CNHKO,CNHAA
OARCROORK,CNHKO,CNHAA
OARCROOOK,CNHKO,CNHAA
OARCROORK,CNHKO,CNHAA
OARCRRGOK,CNHKO,CNHAA
OARCROORK,CNHKO,CNHAA
OARCROOOK,CNHKO,CNHAA
OARCROORK,CNHKO,CNHAA
OARCRRGOK,CNHKO,CNHAA
OARCROORK,CNHKO,CNHAA
OARCROOOK,CNHKO,CNHAA
OARCROORK,CNHKO,CNHAA
OARCRRGOK,CNHKO,CNHAA
OARCROORK,CNHKO,CNHAA
OARCROOOK,CNHKO,CNHAA
OARCROORK,CNHKO,CNHAA
OARNCCAAK,CNHKO,CNHAA
OARCROORK,CNHKO,CNHAA
OARCROOOK,CNHKO,CNHAA
OARCROORK,CNHKO,CNHAA
OARCRRGOK,CNHKO,CNHAA
OARCROORK,CNHKO,CNHAA
OARCROOOK,CNHKO,CNHAA
OARCROORK,CNHKO,CNHAA
OARCRRGOK,CNHKO,CNHAA
OARCROORK,CNHKO,CNHAA
OARCROOOK,CNHKO,CNHAA
OARCROORK,CNHKO,CNHAA
OARCRRGOK,CNHKO,CNHAA
OARCROORK,CNHKO,CNHAA
OARCROOOK,CNHKO,CNHAA
OARCROORK,CNHKO,CNHAA
OARCRRGOK,CNHKO,CNHAA
OARCROORK,CNHKO,CNHAA
OARCROOOK,CNHKO,CNHAA
OARCROORK,CNHKO,CNHAA
OARCRRGOK,CNHKO,CNHAA
OARCROORK,CNHKO,CNHAA
OARCROOOK,CNHKO,CNHAA
OARCROORK,CNHKO,CNHAA
OARCRRGOK,CNHKO,CNHAA
OARCROORK,CNHKO,CNHAA
OARCROOOK,CNHKO,CNHAA
OARCROORK,CNHKO,CNHAA
OARNCCAAK,CNHKO,CNHAA
OARCROORK,CNHKO,CNHAA
OARCROOOK,CNHKO,CNHAA
OARCROORK,CNHKO,CNHAA
OARCRRGOK,CNHKO,CNHAA
OARCROORK,CNHKO,CNHAA
OARCROOOK,CNHKO,CNHAA
OARCROORK,CNHKO,CNHAA
OARNCRASK,CNHKO,CNHAA
OARCROORK,CNHKO,CNHAA
OARCROOOK,CNHKO,CNHAA
OARCROORK,CNHKO,CNHAA
OARNCRASK,CNHKO,CNHAA
OARCROORK,CNHKO,CNHAA
OARCROOOK,CNHKO,CNHAA
OARCROORK,CNHKO,CNHAA
OARCROORK,CNHKO,CNHAA
OARCROOOK,CNHKO,CNHAA
OARCROORK,CNHKO,CNHAA
OARNCRASK,CNHKO,CNHAA
OARCROORK,CNHKO,CNHAA
OARCROOOK,CNHKO,CNHAA
OARCROORK,CNHKO,CNHAA
OARCROORK,CNHKO,CNHAA
OARCROOOK,CNHKO,CNHAA
OARCROORK,CNHKO,CNHAA
OARNCRASK,CNHKO,CNHAA
OARCROORK,CNHKO,CNHAA
OARCROOOK,CNHKO,CNHAA
OARCROORK,CNHKO,CNHAA
OARCROORK,CNHKO,CNHAA
OARCROOOK,CNHKO,CNHAA
OARCROORK,CNHKO,CNHAA
OARNCRASK,CNHKO,CNHAA
OARCROORK,CNHKO,CNHAA
OARCROOOK,CNHKO,CNHAA
OARCROORK,CNHKO,CNHAA
OARCROORK,CNHKO,CNHAA
OARCROOOK,CNHKO,CNHAA
OARCROORK,CNHKO,CNHAA
OARNCRASK,CNHKO,CNHAA
OARCROORK,CNHKO,CNHAA
OARCROOOK,CNHKO,CNHAA
OARCRCSGK,CNHKO,CNHAA
OARCRCSGK,CNHKO,CNHAA
OARCROOOK,CNHKO,CNHAA
OARCRCSGK,CNHKO,CNHAA
OARNCRASK,CNHKO,CNHAA
OARCRCSGK,CNHKO,CNHAA
OARCROOOK,CNHKO,CNHAA
OARCRCSGK,CNHKO,CNHAA
OARCRCSGK,CNHKO,CNHAA
OARCROOOK,CNHKO,CNHAA
OARCRCSGK,CNHKO,CNHAA
OARNCRASK,CNHKO,CNHAA
OARCRCSGK,CNHKO,CNHAA
OARCROOOK,CNHKO,CNHAA
OARCRCSGK,CNHKO,CNHAA
OARCRCSGK,CNHKO,CNHAA
OARCROOOK,CNHKO,CNHAA
OARCRCSGK,CNHKO,CNHAA
OARNCRASK,CNHKO,CNHAA
OARCRCSGK,CNHKO,CNHAA
OARCROOOK,CNHKO,CNHAA
OARCRCSGK,CNHKO,CNHAA
OARCROOOK,CNHKO,CNHAA
OARCRCSGK,CNHKO,CNHAA
OARCRCSGK,CNHKO,CNHAA
OARCROOOK,CNHKO,CNHAA
OARCRCSGK,CNHKO,CNHAA
OARNCRASK,CNHKO,CNHAA
OARCRCSGK,CNHKO,CNHAA
OARCROOOK,CNHKO,CNHAA
OARCRCSGK,CNHKO,CNHAA
OARCRCSGK,CNHKO,CNHAA
OARCROOOK,CNHKO,CNHAA
OARCRCSGK,CNHKO,CNHAA
OARNCRASK,CNHKO,CNHAA
OARCRCSGK,CNHKO,CNHAA
OARCROOOK,CNHKO,CNHAA
OARCRCSGK,CNHKO,CNHAA
OARCRCSGK,CNHKO,CNHAA
OARCROOOK,CNHKO,CNHAA
OARCRCSGK,CNHKO,CNHAA
OARNCRASK,CNHKO,CNHAA
OARCRCSGK,CNHKO,CNHAA
OARCROOOK,CNHKO,CNHAA
OARCRCSGK,CNHKO,CNHAA
OARCRCSGK,CNHKO,CNHAA
OARCROOOK,CNHKO,CNHAA
OARCRCSGK,CNHKO,CNHAA
OARNCRASK,CNHKO,CNHAA
OARCRCSGK,CNHKO,CNHAA
OARCROOOK,CNHKO,CNHAA
OARCRCSGK,CNHKO,CNHAA
OARCRCSGK,CNHKO,CNHAA
OARCROOOK,CNHKO,CNHAA
OARCRCSGK,CNHKO,CNHAA
OARNCRASK,CNHKO,CNHAA
OARCROOOK,CNHKO,CNHAA
OARCRCSGK,CNHKO,CNHAA
OARCROOOK,CNHKO,CNHAA
OARCRCSGK,CNHKO,CNHAA
OARNCRASK,CNHKO,CNHAA
OARCRCSGK,CNHKO,CNHAA
OARCROOOK,CNHKO,CNHAA
OARCRCSGK,CNHKO,CNHAA
OARCRCSGK,CNHKO,CNHAA
OARCROOOK,CNHKO,CNHAA
OARCRCSGK,CNHKO,CNHAA
OARNCRASK,CNHKO,CNHAA
OARCRCSGK,CNHKO,CNHAA
OARCROOOK,CNHKO,CNHAA
OARCRCSGK,CNHKO,CNHAA
OARCROOOK,CNHKO,CNHAA
OARCRCSGK,CNHKO,CNHAA
OARCRCSGK,CNHKO,CNHAA
OARCROOOK,CNHKO,CNHAA
OARCRCSGK,CNHKO,CNHAA
OARNCRASK,CNHKO,CNHAA
OARCRCSGK,CNHKO,CNHAA
OARCROOOK,CNHKO,CNHAA
OARCRCSGK,CNHKO,CNHAA
OARCRCSGK,CNHKO,CNHAA
OARCROOOK,CNHKO,CNHAA
OARCRCSGK,CNHKO,CNHAA
OARNCRASK,CNHKO,CNHAA
OARCRCSGK,CNHKO,CNHAA
OARCROOOK,CNHKO,CNHAA
OARCRCSGK,CNHKO,CNHAA
OARCROOOK,CNHKO,CNHAA
OARCRCSGK,CNHKO,CNHAA
OARNCRASK,CNHKO,CNHAA
OARCRCSGK,CNHKO,CNHAA
OARCROOOK,CNHKO,CNHAA
OARCRCSGK,CNHKO,CNHAA
OARCRCSGK,CNHKO,CNHAA
OARCROOOK,CNHKO,CNHAA
OARCRCSGK,CNHKO,CNHAA
OARCROOOK,CNHKO,CNHAA
OARCRCSGK,CNHKO,CNHAA
OARNCRASK,CNHKO,CNHAA
OARCRCSGK,CNHKO,CNHAA
OARCROOOK,CNHKO,CNHAA
OARCRCSGK,CNHKO,CNHAA
OARCROOOK,CNHKO,CNHAA
OARCRCSGK,CNHKO,CNHAA
OARCRCSGK,CNHKO,CNHAA
OARCROOOK,CNHKO,CNHAA
OARCRCSGK,CNHKO,CNHAA
OARNCRASK,CNHKO,CNHAA
OARCRCSGK,CNHKO,CNHAA
OARCROOOK,CNHKO,CNHAA
OARCRCSGK,CNHKO,CNHAA
OARCROOOK,CNHKO,CNHAA
OARCRCSGK,CNHKO,CNHAA
OARNCRASK,CNHKO,CNHAA
OARCRCSGK,CNHKO,CNHAA
OARCROOOK,CNHKO,CNHAA
OARCRCSGK,CNHKO,CNHAA
OARCROOOK,CNHKO,CNHAA
OARCRCSGK,CNHKO,CNHAA
OARNCRASK,CNHKO,CNHAA
OARCRCSGK,CNHKO,CNHAA
OARCROOOK,CNHKO,CNHAA
OARCRCSGK,CNHKO,CNHAA
OARCRCSGK,CNHKO,CNHAA
OARCROOOK,CNHKO,CNHAA
OARCRCSGK,CNHKO,CNHAA
OARNCRASK,CNHKO,CNHAA
OARCRCSGK,CNHKO,CNHAA
OARCROOOK,CNHKO,CNHAA
OARCRCSGK,CNHKO,CNHAA
OARCRCSGK,CNHKO,CNHAA
OARCRCSGK,CNHKO,CNHAA
OARCROOOK,CNHKO,CNHAA
OARCRCSGK,CNHKO,CNHAA
OARNCRASK,CNHKO,CNHAA
OARCRCSGK,CNHKO,CNHAA
OARCROOOK,CNHKO,CNHAA
OARCRCSGK,CNHKO,CNHAA
OARCRCSGK,CNHKO,CNHAA
OARCROOOK,CNHKO,CNHAA
OARNCRASK,CNHKO,CNHAA
OARCRCSGK,CNHKO,CNHAA
OARCROOOK,CNHKO,CNHAA
OARCRCSGK,CNHKO,CNHAA
OARCRCSGK,CNHKO,CNHAA
OARCROOOK,CNHKO,CNHAA
OARNCRASK,CNHKO,CNHAA
OARCRCSGK,CNHKO,CNHAA
OARCROOOK,CNHKO,CNHAA
OARCRCSGK,CNHKO,CNHAA
OARCROOOK,CNHKO,CNHAA
OARCRCSGK,CNHKO,CNHAA
OARNCRASK,CNHKO,CNHAA
OARCRCSGK,CNHKO,CNHAA
OARNCCKNK,CNHKO,CNHAA
OARCROOOK,CNHKO,CNHAA
OARNCCKNK,CNHKO,CNHAA
OARNCCKNK,CNHKO,CNHAA
OARCROOOK,CNHKO,CNHAA
OARNCCKNK,CNHKO,CNHAA
OARNCRASK,CNHKO,CNHAA
OARNCCKNK,CNHKO,CNHAA
OARCROOOK,CNHKO,CNHAA
OARNCCKNK,CNHKO,CNHAA
OARNCCKNK,CNHKO,CNHAA
OARCROOOK,CNHKO,CNHAA
OARNCCKNK,CNHKO,CNHAA
OARNCRASK,CNHKO,CNHAA
OARNCCKNK,CNHKO,CNHAA
OARCROOOK,CNHKO,CNHAA
OARNCCKNK,CNHKO,CNHAA
OARNCCKNK,CNHKO,CNHAA
OARCROOOK,CNHKO,CNHAA
OARNCCCCK,CNHKO,CNHAA
OARNCRASK,CNHKO,CNHAA
OARNCCCCK,CNHKO,CNHAA
OARCROOOK,CNHKO,CNHAA
OARNCCCCK,CNHKO,CNHAA
OARNCCCCK,CNHKO,CNHAA
OARCROOOK,CNHKO,CNHAA
OARNCRASK,CNHKO,CNHAA
OARCROOOK,CNHKO,CNHAA
OARNCCCCK,CNHKO,CNHAA
OARCROOOK,CNHKO,CNHAA
OARNCCCCK,CNHKO,CNHAA
OARNCCCCK,CNHKO,CNHAA
OARNCRASK,CNHKO,CNHAA
OARNCCCCK,CNHKO,CNHAA
OARCROOOK,CNHKO,CNHAA
OARNCCCCK,CNHKO,CNHAA
OARNCCCCK,CNHKO,CNHAA
OARCROOOK,CNHKO,CNHAA
OARNCCCCK,CNHKO,CNHAA
OARNCRASK,CNHKO,CNHAA
OARCROOOK,CNHKO,CNHAA
OARNCCCCK,CNHKO,CNHAA
OARCROOOK,CNHKO,CNHAA
OARNCCCCK,CNHKO,CNHAA
OARNCRASK,CNHKO,CNHAA
OARNCCCCK,CNHKO,CNHAA
OARCROOOK,CNHKO,CNHAA
OARNCCCCK,CNHKO,CNHAA
OARNCCCCK,CNHKO,CNHAA
OARCROOOK,CNHKO,CNHAA
OARNCCCCK,CNHKO,CNHAA
OARNCRASK,CNHKO,CNHAA
OARNCCCCK,CNHKO,CNHAA
OARCROOOK,CNHKO,CNHAA
OARNCCCCK,CNHKO,CNHAA
OARNCCCCK,CNHKO,CNHAA
OARCROOOK,CNHKO,CNHAA
OARNCCCCK,CNHKO,CNHAA
OARNCCCCK,CNHKO,CNHAA
OARNCRASK,CNHKO,CNHAA
OARNCCCCK,CNHKO,CNHAA
OARCROOOK,CNHKO,CNHAA
OARNCCCCK,CNHKO,CNHAA
OARNCCCCK,CNHKO,CNHAA
OARCROOOK,CNHKO,CNHAA
OARNCCCCK,CNHKO,CNHAA
OARNCRASK,CNHKO,CNHAA
OARNCCCCK,CNHKO,CNHAA
OARCROOOK,CNHKO,CNHAA
OARNCCCCK,CNHKO,CNHAA
OARNCCCCK,CNHKO,CNHAA
OARCROOOK,CNHKO,CNHAA
OARNCCCCK,CNHKO,CNHAA
OARNCCCCK,CNHKO,CNHAA
OARCROOOK,CNHKO,CNHAA
OARNCCCCK,CNHKO,CNHAA
OARNCRASK,CNHKO,CNHAA
OARNCCCCK,CNHKO,CNHAA
OARCROOOK,CNHKO,CNHAA
OARNCCCCK,CNHKO,CNHAA
OARNCCCCK,CNHKO,CNHAA
OARCROOOK,CNHKO,CNHAA
OARNCCCCK,CNHKO,CNHAA
OARNCRASK,CNHKO,CNHAA
OARNCCCCK,CNHKO,CNHAA
OARCROOOK,CNHKO,CNHAA
OARNCCCCK,CNHKO,CNHAA
OARNCCCCK,CNHKO,CNHAA
OARCROOOK,CNHKO,CNHAA
OARNCCCCK,CNHKO,CNHAA
OARNCRASK,CNHKO,CNHAA
OARNCCCCK,CNHKO,CNHAA
OARCROOOK,CNHKO,CNHAA
OARNCRASK,CNHKO,CNHAA
OARNCCCCK,CNHKO,CNHAA
OARCROOOK,CNHKO,CNHAA
OARNCCCCK,CNHKO,CNHAA
OARNCRASK,CNHKO,CNHAA
OARNCCCCK,CNHKO,CNHAA
OARNCCCCK,CNHKO,CNHAA
OARCROOOK,CNHKO,CNHAA
OARNCCCCK,CNHKO,CNHAA
OARNCRASK,CNHKO,CNHAA
OARNCCCCK,CNHKO,CNHAA
OARCROOOK,CNHKO,CNHAA
OARNCCCCK,CNHKO,CNHAA
OARNCCCCK,CNHKO,CNHAA
OARCROOOK,CNHKO,CNHAA
OARNCCCCK,CNHKO,CNHAA
OARNCRASK,CNHKO,CNHAA
OARNCCCCK,CNHKO,CNHAA
OARCROOOK,CNHKO,CNHAA
OARNCCCCK,CNHKO,CNHAA
OARNCCCCK,CNHKO,CNHAA
OARCROOOK,CNHKO,CNHAA
OARNCCCCK,CNHKO,CNHAA
OARNCRASK,CNHKO,CNHAA
OARNCCCCK,CNHKO,CNHAA
OARCROOOK,CNHKO,CNHAA
OARNCCCCK,CNHKO,CNHAA
OARCROOOK,CNHKO,CNHAA
OARNCCCCK,CNHKO,CNHAA
OARNCCCCK,CNHKO,CNHAA
OARCROOOK,CNHKO,CNHAA
OARNCCCCK,CNHKO,CNHAA
OARNCRASK,CNHKO,CNHAA
OARNCCCCK,CNHKO,CNHAA
OARCROOOK,CNHKO,CNHAA
OARNCCCCK,CNHKO,CNHAA
OARNCCCCK,CNHKO,CNHAA
OARCROOOK,CNHKO,CNHAA
OARNCCCCK,CNHKO,CNHAA
OARNCRASK,CNHKO,CNHAA
OARNCCCCK,CNHKO,CNHAA
OARCROOOK,CNHKO,CNHAA
OARNCCCCK,CNHKO,CNHAA
OARNCRCOK,CNHKO,CNHAA
OARNCCCCK,CNHKO,CNHAA
OARCROOOK,CNHKO,CNHAA
OARNCCCCK,CNHKO,CNHAA
OARCROOOK,CNHKO,CNHAA
OARNCCCCK,CNHKO,CNHAA
OARNCCCCK,CNHKO,CNHAA
OARCROOOK,CNHKO,CNHAA
OARCROOOK,CNHKO,CNHAA
OARNCCCCK,CNHKO,CNHAA
OARCROOOK,CNHKO,CNHAA
OARNCCCCK,CNHKO,CNHAA
OARCROOOK,CNHKO,CNHAA
OARNCCCCK,CNHKO,CNHAA
OARNCRCOK,CNHKO,CNHAA
OARNCCCCK,CNHKO,CNHAA
OARCROOOK,CNHKO,CNHAA
OARNCCCCK,CNHKO,CNHAA
OARNCCCCK,CNHKO,CNHAA
OARCROOOK,CNHKO,CNHAA
OARNCCCCK,CNHKO,CNHAA
OARNCRCOK,CNHKO,CNHAA
OARNCCCCK,CNHKO,CNHAA
OARCROOOK,CNHKO,CNHAA
OARNCCCCK,CNHKO,CNHAA
OARNCCCCK,CNHKO,CNHAA
OARCROOOK,CNHKO,CNHAA
OARNCCCCK,CNHKO,CNHAA
OARNCRCOK,CNHKO,CNHAA
OARNCCCCK,CNHKO,CNHAA
OARCROOOK,CNHKO,CNHAA
OARNCCCCK,CNHKO,CNHAA
OARNCCCCK,CNHKO,CNHAA
OARCROOOK,CNHKO,CNHAA
OARNCCCCK,CNHKO,CNHAA
OARNCRCOK,CNHKO,CNHAA
OARNCCCCK,CNHKO,CNHAA
OARCROOOK,CNHKO,CNHAA
OARNCCCCK,CNHKO,CNHAA
OARNCCCCK,CNHKO,CNHAA
OARCROOOK,CNHKO,CNHAA
OARNCCCCK,CNHKO,CNHAA
OARNCRCOK,CNHKO,CNHAA
OARNCCCCK,CNHKO,CNHAA
OARCROOOK,CNHKO,CNHAA
OARNCCCCK,CNHKO,CNHAA
OARNCCCCK,CNHKO,CNHAA
OARCROOOK,CNHKO,CNHAA
OARNCCCCK,CNHKO,CNHAA
OARNCRCOK,CNHKO,CNHAA
OARNCCCCK,CNHKO,CNHAA
OARCROOOK,CNHKO,CNHAA
OARNCCCCK,CNHKO,CNHAA
OARNCCCCK,CNHKO,CNHAA
OARCROOOK,CNHKO,CNHAA
OARNCCCCK,CNHKO,CNHAA
OARNCRCOK,CNHKO,CNHAA
OARNCCCCK,CNHKO,CNHAA
OARCROOOK,CNHKO,CNHAA
OARNCCCCK,CNHKO,CNHAA
OARNCCCCK,CNHKO,CNHAA
OARCROOOK,CNHKO,CNHAA
OARNCCCCK,CNHKO,CNHAA
OARNCCCCK,CNHKO,CNHAA
OARCROOOK,CNHKO,CNHAA
OARNCCCCK,CNHKO,CNHAA
OARNCCCCK,CNHKO,CNHAA
OARCROOOK,CNHKO,CNHAA
OARNCCCCK,CNHKO,CNHAA
OARNCAACK,CNHKO,CNHAA
OARNCCCCK,CNHKO,CNHAA
OARCROOOK,CNHKO,CNHAA
OARNCCCCK,CNHKO,CNHAA
OARNCCCCK,CNHKO,CNHAA
OARCROOOK,CNHKO,CNHAA
OARNCCCCK,CNHKO,CNHAA
OARNCRCOK,CNHKO,CNHAA
OARNCCCCK,CNHKO,CNHAA
OARCROOOK,CNHKO,CNHAA
OARNCCCCK,CNHKO,CNHAA
OARNCCCCK,CNHKO,CNHAA
OARCROOOK,CNHKO,CNHAA
OARNCCCCK,CNHKO,CNHAA
OARNCRCOK,CNHKO,CNHAA
OARCROOOK,CNHKO,CNHAA
OARNCCCCK,CNHKO,CNHAA
OARNCCCCK,CNHKO,CNHAA
OARCROOOK,CNHKO,CNHAA
OARNCCCCK,CNHKO,CNHAA
OARNCCCCK,CNHKO,CNHAA
OARNCRCOK,CNHKO,CNHAA
OARNCCCCK,CNHKO,CNHAA
OARCROOOK,CNHKO,CNHAA
OARNCCCCK,CNHKO,CNHAA
OARNCCCCK,CNHKO,CNHAA
OARCROOOK,CNHKO,CNHAA
OARNCCCCK,CNHKO,CNHAA
OARNCCCCK,CNHKO,CNHAA
OARCROOOK,CNHKO,CNHAA
OARNCCCCK,CNHKO,CNHAA
OARNCCCCK,CNHKO,CNHAA
OARCROOOK,CNHKO,CNHAA
OARNCCCCK,CNHKO,CNHAA
OARNCCCCK,CNHKO,CNHAA
OARCROOOK,CNHKO,CNHAA
OARNCCCCK,CNHKO,CNHAA
OARNCCCCK,CNHKO,CNHAA
OARNCCCCK,CNHKO,CNHAA
OARNCCCCK,CNHKO,CNHAA
OARCROOOK,CNHKO,CNHAA
OARNCCCCK,CNHKO,CNHAA
OARNCCCCK,CNHKO,CNHAA
OARCROOOK,CNHKO,CNHAA
OARNCCCCK,CNHKO,CNHAA
OARCRCOYK,CNHKO,CNHAA
OARNCCCCK,CNHKO,CNHAA
OARCRCOYK,CNHKO,CNHAA
OARNCCCCK,CNHKO,CNHAA
OARNCCCCK,CNHKO,CNHAA
OARNCCCCK,CNHKO,CNHAA
OARCRCOYK,CNHKO,CNHAA
OARNCCCCK,CNHKO,CNHAA
OARNCCCCK,CNHKO,CNHAA
OARNCCCCK,CNHKO,CNHAA
OARCRCOYK,CNHKO,CNHAA
OARNCCCCK,CNHKO,CNHAA
OARNCAACK,CNHKO,CNHAA
OARNCAACK,CNHKO,CNHAA
OARNCAACK,CNHKO,CNHAA
OARCRCOYK,CNHKO,CNHAA
OARNCAACK,CNHKO,CNHAA
OARCRCOYK,CNHKO,CNHAA
OARNCAACK,CNHKO,CNHAA
OARCRCOYK,CNHKO,CNHAA
OARNCAACK,CNHKO,CNHAA
OARNCAACK,CNHKO,CNHAA
OARCRCOYK,CNHKO,CNHAA
OARNCAACK,CNHKO,CNHAA
OARNCAACK,CNHKO,CNHAA
OARCRCOYK,CNHKO,CNHAA
OARNCAACK,CNHKO,CNHAA
OARNCAACK,CNHKO,CNHAA
OARCRCOYK,CNHKO,CNHAA
OARNCAACK,CNHKO,CNHAA
OARNCAACK,CNHKO,CNHAA
OARCRCOYK,CNHKO,CNHAA
OARNCAACK,CNHKO,CNHAA
OARCRCOYK,CNHKO,CNHAA
OARNCAACK,CNHKO,CNHAA
OARCRCOYK,CNHKO,CNHAA
OARNCAACK,CNHKO,CNHAA
OARNCAACK,CNHKO,CNHAA
OARCRCOYK,CNHKO,CNHAA
OARNCAACK,CNHKO,CNHAA
OARNCAACK,CNHKO,CNHAA
OARCRCOYK,CNHKO,CNHAA
OARNCAACK,CNHKO,CNHAA
OARNCAACK,CNHKO,CNHAA
OARNCAACK,CNHKO,CNHAA
OARCRCOYK,CNHKO,CNHAA
OARNCAACK,CNHKO,CNHAA
OARNCAACK,CNHKO,CNHAA
OARCRCOYK,CNHKO,CNHAA
OARNCAACK,CNHKO,CNHAA
OARNCAACK,CNHKO,CNHAA
OARCRCOYK,CNHKO,CNHAA
OARNCAACK,CNHKO,CNHAA
OARNCAACK,CNHKO,CNHAA
OARNCAACK,CNHKO,CNHAA
OARCRCOYK,CNHKO,CNHAA
OARNCAACK,CNHKO,CNHAA
OARNCAACK,CNHKO,CNHAA
OARCRCOYK,CNHKO,CNHAA
OARNCAACK,CNHKO,CNHAA
OARNCAACK,CNHKO,CNHAA
OARCRCOYK,CNHKO,CNHAA
OARNCAACK,CNHKO,CNHAA
OARCRCOYK,CNHKO,CNHAA
OARNCAACK,CNHKO,CNHAA
OARNCAACK,CNHKO,CNHAA
OARCRCOYK,CNHKO,CNHAA
OARNCAACK,CNHKO,CNHAA
OARNCCAAK,CNHKO,CNHAA
OARCRCOYK,CNHKO,CNHAA
OARNCAACK,CNHKO,CNHAA
OARNCAACK,CNHKO,CNHAA
OARCRCOYK,CNHKO,CNHAA
OARNCAACK,CNHKO,CNHAA
OARNCAACK,CNHKO,CNHAA
OARCRCOYK,CNHKO,CNHAA
OARNCAACK,CNHKO,CNHAA
OARNCAACK,CNHKO,CNHAA
OARCRCOYK,CNHKO,CNHAA
OARNCAACK,CNHKO,CNHAA
OARNCAACK,CNHKO,CNHAA
OARCRCOYK,CNHKO,CNHAA
OARNCAACK,CNHKO,CNHAA
OARNCAACK,CNHKO,CNHAA
OARCRCOYK,CNHKO,CNHAA
OARNCAACK,CNHKO,CNHAA
OARCRCOYK,CNHKO,CNHAA
OARNCAACK,CNHKO,CNHAA
OARNCAACK,CNHKO,CNHAA
OARCRCOYK,CNHKO,CNHAA
OARNCAACK,CNHKO,CNHAA
OARCRCOYK,CNHKO,CNHAA
OARNCAACK,CNHKO,CNHAA
OARCRCOYK,CNHKO,CNHAA
OARNCAACK,CNHKO,CNHAA
OARCRCOYK,CNHKO,CNHAA
OARNCAACK,CNHKO,CNHAA
OARNCAACK,CNHKO,CNHAA
OARCRCOYK,CNHKO,CNHAA
OARNCAACK,CNHKO,CNHAA
OARNCAACK,CNHKO,CNHAA
OARCRCOYK,CNHKO,CNHAA
OARNCAACK,CNHKO,CNHAA
OARNCAACK,CNHKO,CNHAA
OARCRCOYK,CNHKO,CNHAA
OARNCAACK,CNHKO,CNHAA
OARNCAACK,CNHKO,CNHAA
OARNCAACK,CNHKO,CNHAA
OARCRCOYK,CNHKO,CNHAA
OARNCAACK,CNHKO,CNHAA
OARNCAACK,CNHKO,CNHAA
OARCRCOYK,CNHKO,CNHAA
OARNCAACK,CNHKO,CNHAA
OARNCAACK,CNHKO,CNHAA
OARCRCOYK,CNHKO,CNHAA
OARNCAACK,CNHKO,CNHAA
OARNCAACK,CNHKO,CNHAA
OARCRCOYK,CNHKO,CNHAA
OARNCAACK,CNHKO,CNHAA
OARNCAACK,CNHKO,CNHAA
OARCRCOYK,CNHKO,CNHAA
OARNCAACK,CNHKO,CNHAA
OARNCAACK,CNHKO,CNHAA
OARCRCOYK,CNHKO,CNHAA
OARNCAACK,CNHKO,CNHAA
OARNCAACK,CNHKO,CNHAA
OARCRCOYK,CNHKO,CNHAA
OARNCAACK,CNHKO,CNHAA
OARNCAACK,CNHKO,CNHAA
OARCRCOYK,CNHKO,CNHAA
OARNCAACK,CNHKO,CNHAA
OARNCAACK,CNHKO,CNHAA
OARCRCOYK,CNHKO,CNHAA
OARNCAACK,CNHKO,CNHAA
OARNCAACK,CNHKO,CNHAA
OARCRCOYK,CNHKO,CNHAA
OARNCAACK,CNHKO,CNHAA
OARNCAACK,CNHKO,CNHAA
OARCRCOYK,CNHKO,CNHAA
OARNCAACK,CNHKO,CNHAA
OARCRCOYK,CNHKO,CNHAA
OARNCAACK,CNHKO,CNHAA
OARNCAACK,CNHKO,CNHAA
OARCRCOYK,CNHKO,CNHAA
OARNCAACK,CNHKO,CNHAA
OARNCAACK,CNHKO,CNHAA
OARCRCOYK,CNHKO,CNHAA
OARNCAACK,CNHKO,CNHAA
OARNCAACK,CNHKO,CNHAA
OARCRCOYK,CNHKO,CNHAA
OARNCAACK,CNHKO,CNHAA
OARNCAACK,CNHKO,CNHAA
OARCRCOYK,CNHKO,CNHAA
OARNCAACK,CNHKO,CNHAA
OARNCAACK,CNHKO,CNHAA
OARCRCOYK,CNHKO,CNHAA
OARNCAACK,CNHKO,CNHAA
OARNCAACK,CNHKO,CNHAA
OARCRCOYK,CNHKO,CNHAA
OARNCAACK,CNHKO,CNHAA
OARNCAACK,CNHKO,CNHAA
OARCRCOYK,CNHKO,CNHAA
OARNCAACK,CNHKO,CNHAA
OARNCAACK,CNHKO,CNHAA
OARCRCOYK,CNHKO,CNHAA
OARNCAACK,CNHKO,CNHAA
OARNCAACK,CNHKO,CNHAA
OARCRCOYK,CNHKO,CNHAA
OARNCAACK,CNHKO,CNHAA
OARNCAACK,CNHKO,CNHAA
OARCRCOYK,CNHKO,CNHAA
OARNCAACK,CNHKO,CNHAA
OARNCAACK,CNHKO,CNHAA
OARCRCOYK,CNHKO,CNHAA
OARNCAACK,CNHKO,CNHAA
OARNCAACK,CNHKO,CNHAA
OARCRCOYK,CNHKO,CNHAA
OARNCAACK,CNHKO,CNHAA
OARNCAACK,CNHKO,CNHAA
OARCRCOYK,CNHKO,CNHAA
OARNCAACK,CNHKO,CNHAA
OARNCAACK,CNHKO,CNHAA
OARCRCOYK,CNHKO,CNHAA
OARNCAACK,CNHKO,CNHAA
OARNCAACK,CNHKO,CNHAA
OARCRCOYK,CNHKO,CNHAA
OARNCAACK,CNHKO,CNHAA
OARNCAACK,CNHKO,CNHAA
OARCRCOYK,CNHKO,CNHAA
OARNCAACK,CNHKO,CNHAA
OARNCAACK,CNHKO,CNHAA
OARCRCOYK,CNHKO,CNHAA
OARNCAACK,CNHKO,CNHAA
OARNCAACK,CNHKO,CNHAA
OARCRCOYK,CNHKO,CNHAA
OARNCAACK,CNHKO,CNHAA
OARCRCOYK,CNHKO,CNHAA
OARNCAACK,CNHKO,CNHAA
OARNCAACK,CNHKO,CNHAA
OARCRCOYK,CNHKO,CNHAA
OARNCAACK,CNHKO,CNHAA
OARNCAACK,CNHKO,CNHAA
OARCRCOYK,CNHKO,CNHAA
OARNCAACK,CNHKO,CNHAA
OARNCAACK,CNHKO,CNHAA
OARCRCOYK,CNHKO,CNHAA
OARNCAACK,CNHKO,CNHAA
OARNCAACK,CNHKO,CNHAA
OARCRCOYK,CNHKO,CNHAA
OARNCAACK,CNHKO,CNHAA
OARNCAACK,CNHKO,CNHAA
OARNCAACK,CNHKO,CNHAA
OARCRCOYK,CNHKO,CNHAA
OARNCAACK,CNHKO,CNHAA
OARNCAACK,CNHKO,CNHAA
OARCRCOYK,CNHKO,CNHAA
OARNCAACK,CNHKO,CNHAA
OARNCAACK,CNHKO,CNHAA
OARCRCOYK,CNHKO,CNHAA
OARNCAACK,CNHKO,CNHAA
OARNCAACK,CNHKO,CNHAA
OARCRCOYK,CNHKO,CNHAA
OARNCAACK,CNHKO,CNHAA
OARNCAACK,CNHKO,CNHAA
OARCRCOYK,CNHKO,CNHAA
OARNCAACK,CNHKO,CNHAA
OARNCAACK,CNHKO,CNHAA
OARNCAACK,CNHKO,CNHAA
OARCRCOYK,CNHKO,CNHAA
OARNCAACK,CNHKO,CNHAA
OARCRCOYK,CNHKO,CNHAA
OARNCAACK,CNHKO,CNHAA
OARNCAACK,CNHKO,CNHAA
OARCRCOYK,CNHKO,CNHAA
OARNCAACK,CNHKO,CNHAA
OARCRCOYK,CNHKO,CNHAA
OARNCAACK,CNHKO,CNHAA
OARNCAACK,CNHKO,CNHAA
OARCRCOYK,CNHKO,CNHAA
OARNCAACK,CNHKO,CNHAA
OARNCAACK,CNHKO,CNHAA
OARCRCOYK,CNHKO,CNHAA
OARNCAACK,CNHKO,CNHAA
OARNCAACK,CNHKO,CNHAA
OARCRCOYK,CNHKO,CNHAA
OARNCAACK,CNHKO,CNHAA
OARNCAACK,CNHKO,CNHAA
OARCRCOYK,CNHKO,CNHAA
OARNCAACK,CNHKO,CNHAA
OARCRCOYK,CNHKO,CNHAA
OARNCAACK,CNHKO,CNHAA
OARNCAACK,CNHKO,CNHAA
OARCRCOYK,CNHKO,CNHAA
OARNCAACK,CNHKO,CNHAA
OARNCAACK,CNHKO,CNHAA
OARCRCOYK,CNHKO,CNHAA
OARNCAACK,CNHKO,CNHAA
OARNCAACK,CNHKO,CNHAA
OARCRCOYK,CNHKO,CNHAA
OARNCAACK,CNHKO,CNHAA
OARNCAACK,CNHKO,CNHAA
OARNCAACK,CNHKO,CNHAA
OARNCAACK,CNHKO,CNHAA
OARCRCOYK,CNHKO,CNHAA
OARNCAACK,CNHKO,CNHAA
OARNCAACK,CNHKO,CNHAA
OARCRCOYK,CNHKO,CNHAA
OARNCAACK,CNHKO,CNHAA
OARNCAACK,CNHKO,CNHAA
OARCRCOYK,CNHKO,CNHAA
OARNCAACK,CNHKO,CNHAA
OARNCAACK,CNHKO,CNHAA
OARCRCOYK,CNHKO,CNHAA
OARNCAACK,CNHKO,CNHAA
OARNCAACK,CNHKO,CNHAA
OARCRCOYK,CNHKO,CNHAA
OARNCAACK,CNHKO,CNHAA
OACNCCGFK,CNHKO,CNHAA
OARNCAACK,CNHKO,CNHAA
OARCRCOYK,CNHKO,CNHAA
OARNCAACK,CNHKO,CNHAA
OARNCCAAK,CNHKO,CNHAA
OARNCAACK,CNHKO,CNHAA
OARCRCOYK,CNHKO,CNHAA
OARNCAACK,CNHKO,CNHAA
OACNCCGFK,CNHKO,CNHAA
OARNCAACK,CNHKO,CNHAA
OARCRCOYK,CNHKO,CNHAA
OARNCAACK,CNHKO,CNHAA
OARNCCAAK,CNHKO,CNHAA
OARNCAACK,CNHKO,CNHAA
OARCRCOYK,CNHKO,CNHAA
OARNCAACK,CNHKO,CNHAA
OACNCCGFK,CNHKO,CNHAA
OARNCAACK,CNHKO,CNHAA
OARCRCOYK,CNHKO,CNHAA
OARNCAACK,CNHKO,CNHAA
OARNCCAAK,CNHKO,CNHAA
OARNCAACK,CNHKO,CNHAA
OARCRCOYK,CNHKO,CNHAA
OARNCAACK,CNHKO,CNHAA
OACNCCGFK,CNHKO,CNHAA
OARNCAACK,CNHKO,CNHAA
OARCRCOYK,CNHKO,CNHAA
OARNCAACK,CNHKO,CNHAA
OARCRCOYK,CNHKO,CNHAA
OARNCAACK,CNHKO,CNHAA
OARNCCAAK,CNHKO,CNHAA
OARNCAACK,CNHKO,CNHAA
OACNCCGFK,CNHKO,CNHAA
OARNCAACK,CNHKO,CNHAA
OARCRCOYK,CNHKO,CNHAA
OARNCAACK,CNHKO,CNHAA
OARNCCAAK,CNHKO,CNHAA
OARNCAACK,CNHKO,CNHAA
OARCRCOYK,CNHKO,CNHAA
OARNCAACK,CNHKO,CNHAA
OACNCCGFK,CNHKO,CNHAA
OARNCAACK,CNHKO,CNHAA
OARCRCOYK,CNHKO,CNHAA
OARNCAACK,CNHKO,CNHAA
OARNCCAAK,CNHKO,CNHAA
OARNCAACK,CNHKO,CNHAA
OACNCCGFK,CNHKO,CNHAA
OARNCAACK,CNHKO,CNHAA
OARNCCAAK,CNHKO,CNHAA
OARNCAACK,CNHKO,CNHAA
OACNCCGFK,CNHKO,CNHAA
OARNCAACK,CNHKO,CNHAA
OARNCCAAK,CNHKO,CNHAA
OARNCAACK,CNHKO,CNHAA
OARCRCOYK,CNHKO,CNHAA
OARNCAACK,CNHKO,CNHAA
OARCRCOYK,CNHKO,CNHAA
OARNCAACK,CNHKO,CNHAA
OARNCAACK,CNHKO,CNHAA
OARNCAACK,CNHKO,CNHAA
OARNCAACK,CNHKO,CNHAA
OARCRCOYK,CNHKO,CNHAA
OARNCAACK,CNHKO,CNHAA
OARCRCOYK,CNHKO,CNHAA
OARNCAACK,CNHKO,CNHAA
OARCRCOYK,CNHKO,CNHAA
OARNCAACK,CNHKO,CNHAA
OACNCCGFK,CNHKO,CNHAA
OARNCAACK,CNHKO,CNHAA
OARCRCOYK,CNHKO,CNHAA
OARNCAACK,CNHKO,CNHAA
OARNCCAAK,CNHKO,CNHAA
OARNCAACK,CNHKO,CNHAA
OARCRCOYK,CNHKO,CNHAA
OARNCAACK,CNHKO,CNHAA
OACNCCGFK,CNHKO,CNHAA
OARNCAACK,CNHKO,CNHAA
OARNCCAAK,CNHKO,CNHAA
OARNCAACK,CNHKO,CNHAA
OACNCCGFK,CNHKO,CNHAA
OARNCAACK,CNHKO,CNHAA
OARNCCAAK,CNHKO,CNHAA
OARNCAACK,CNHKO,CNHAA
OARCRRRNK,CNHKO,CNHAA
OARNCAACK,CNHKO,CNHAA
OACNCCGFK,CNHKO,CNHAA
OARNCAACK,CNHKO,CNHAA
OARNCCAAK,CNHKO,CNHAA
OARNCAACK,CNHKO,CNHAA
OACNCCGFK,CNHKO,CNHAA
OARNCAACK,CNHKO,CNHAA
OARCRRRNK,CNHKO,CNHAA
OARNCAACK,CNHKO,CNHAA
OARNCCAAK,CNHKO,CNHAA
OARCRRRNK,CNHKO,CNHAA
OARNCAACK,CNHKO,CNHAA
OACNCCGFK,CNHKO,CNHAA
OARNCAACK,CNHKO,CNHAA
OARNCCAAK,CNHKO,CNHAA
OARNCAACK,CNHKO,CNHAA
OARCRRRNK,CNHKO,CNHAA
OARNCAACK,CNHKO,CNHAA
OACNCCGFK,CNHKO,CNHAA
OARNCAACK,CNHKO,CNHAA
OARNCCAAK,CNHKO,CNHAA
OARNCAACK,CNHKO,CNHAA
OARCRRRNK,CNHKO,CNHAA
OARNCAACK,CNHKO,CNHAA
OACNCCGFK,CNHKO,CNHAA
OARNCAACK,CNHKO,CNHAA
OARCRRRNK,CNHKO,CNHAA
OARNCAACK,CNHKO,CNHAA
OARNCCAAK,CNHKO,CNHAA
OARNCAACK,CNHKO,CNHAA
OARCRRRNK,CNHKO,CNHAA
OARNCAACK,CNHKO,CNHAA
OACNCCGFK,CNHKO,CNHAA
OARNCAACK,CNHKO,CNHAA
OARNCCAAK,CNHKO,CNHAA
OARNCAACK,CNHKO,CNHAA
OACNCCGFK,CNHKO,CNHAA
OARNCAACK,CNHKO,CNHAA
OARNCCAAK,CNHKO,CNHAA
OARNCAACK,CNHKO,CNHAA
OARCRRRNK,CNHKO,CNHAA
OARNCAACK,CNHKO,CNHAA
OACNCCGFK,CNHKO,CNHAA
OARNCAACK,CNHKO,CNHAA
OARNCCAAK,CNHKO,CNHAA
OARNCAACK,CNHKO,CNHAA
OARCRRRNK,CNHKO,CNHAA
OARNCAACK,CNHKO,CNHAA
OACNCCGFK,CNHKO,CNHAA
OARNCAACK,CNHKO,CNHAA
OARCRRRNK,CNHKO,CNHAA
OARNCAACK,CNHKO,CNHAA
OARCRRRNK,CNHKO,CNHAA
OARNCAACK,CNHKO,CNHAA
OARCRRRNK,CNHKO,CNHAA
OARNCAACK,CNHKO,CNHAA
OARNCCAAK,CNHKO,CNHAA
OARNCAACK,CNHKO,CNHAA
OARCRRRNK,CNHKO,CNHAA
OARNCAACK,CNHKO,CNHAA
OACNCCGFK,CNHKO,CNHAA
OARNCAACK,CNHKO,CNHAA
OARCRRRNK,CNHKO,CNHAA
OARNCAACK,CNHKO,CNHAA
OARNCCAAK,CNHKO,CNHAA
OARNCAACK,CNHKO,CNHAA
OARCRRRNK,CNHKO,CNHAA
OARNCAACK,CNHKO,CNHAA
OACNCCGFK,CNHKO,CNHAA
OARNCAACK,CNHKO,CNHAA
OARCRRRNK,CNHKO,CNHAA
OARNCAACK,CNHKO,CNHAA
OARNCCAAK,CNHKO,CNHAA
OARNCAACK,CNHKO,CNHAA
OARCRRRNK,CNHKO,CNHAA
OARNCAACK,CNHKO,CNHAA
OACNCCGFK,CNHKO,CNHAA
OARNCAACK,CNHKO,CNHAA
OARCRRRNK,CNHKO,CNHAA
OARNCAACK,CNHKO,CNHAA
OARNCAACK,CNHKO,CNHAA
OARNCCAAK,CNHKO,CNHAA
OARNCAACK,CNHKO,CNHAA
OARCRRRNK,CNHKO,CNHAA
OARNCAACK,CNHKO,CNHAA
OACNCCGFK,CNHKO,CNHAA
OARCRRRNK,CNHKO,CNHAA
OARNCAACK,CNHKO,CNHAA
OARNCCAAK,CNHKO,CNHAA
OARNCAACK,CNHKO,CNHAA
OARCRRRNK,CNHKO,CNHAA
OARNCAACK,CNHKO,CNHAA
OACNCCGFK,CNHKO,CNHAA
OARNCAACK,CNHKO,CNHAA
OARNCCAAK,CNHKO,CNHAA
OARNCAACK,CNHKO,CNHAA
OARCRRRNK,CNHKO,CNHAA
OACNCCGFK,CNHKO,CNHAA
OARNCAACK,CNHKO,CNHAA
OARCRRRNK,CNHKO,CNHAA
OARNCCAAK,CNHKO,CNHAA
OARNCAACK,CNHKO,CNHAA
OARCRRRNK,CNHKO,CNHAA
OARNCAACK,CNHKO,CNHAA
OACNCCGFK,CNHKO,CNHAA
OARNCAACK,CNHKO,CNHAA
OARCRRRNK,CNHKO,CNHAA
OARNCAACK,CNHKO,CNHAA
OARNCCAAK,CNHKO,CNHAA
OARNCAACK,CNHKO,CNHAA
OARCRRRNK,CNHKO,CNHAA
OARNCAACK,CNHKO,CNHAA
OACNCCGFK,CNHKO,CNHAA
OARNCAACK,CNHKO,CNHAA
OARCRRRNK,CNHKO,CNHAA
OARNCAACK,CNHKO,CNHAA
OARNCCAAK,CNHKO,CNHAA
OARNCAACK,CNHKO,CNHAA
OARCRRRNK,CNHKO,CNHAA
OARNCAACK,CNHKO,CNHAA
OACNCCGFK,CNHKO,CNHAA
OARNCAACK,CNHKO,CNHAA
OARCRRRNK,CNHKO,CNHAA
OARNCAACK,CNHKO,CNHAA
OARNCCAAK,CNHKO,CNHAA
OARNCAACK,CNHKO,CNHAA
OARCRRRNK,CNHKO,CNHAA
OARNCAACK,CNHKO,CNHAA
OACNCCGFK,CNHKO,CNHAA
OARNCAACK,CNHKO,CNHAA
OARCRRRNK,CNHKO,CNHAA
OARNCAACK,CNHKO,CNHAA
OARNCCAAK,CNHKO,CNHAA
OARNCAACK,CNHKO,CNHAA
OARCRRRNK,CNHKO,CNHAA
OARNCAACK,CNHKO,CNHAA
OACNCCGFK,CNHKO,CNHAA
OARNCAACK,CNHKO,CNHAA
OARCRRRNK,CNHKO,CNHAA
OARNCAACK,CNHKO,CNHAA
OARNCCAAK,CNHKO,CNHAA
OARNCAACK,CNHKO,CNHAA
OARCRRRNK,CNHKO,CNHAA
OARNCAACK,CNHKO,CNHAA
OACNCCGFK,CNHKO,CNHAA
OARNCAACK,CNHKO,CNHAA
OARCRRRNK,CNHKO,CNHAA
OARNCAACK,CNHKO,CNHAA
OARNCCAAK,CNHKO,CNHAA
OARNCAACK,CNHKO,CNHAA
OARCRRRNK,CNHKO,CNHAA
OARNCAACK,CNHKO,CNHAA
OACNCCGFK,CNHKO,CNHAA
OARNCAACK,CNHKO,CNHAA
OARNCCAAK,CNHKO,CNHAA
OARNCAACK,CNHKO,CNHAA
OACNCCGFK,CNHKO,CNHAA
OARNCAACK,CNHKO,CNHAA
OARNCCAAK,CNHKO,CNHAA
OARNCAACK,CNHKO,CNHAA
OACNCCGFK,CNHKO,CNHAA
OARNCAACK,CNHKO,CNHAA
OARNCCAAK,CNHKO,CNHAA
OARNCAACK,CNHKO,CNHAA
OACNCCGFK,CNHKO,CNHAA
OARNCAACK,CNHKO,CNHAA
OARNCCAAK,CNHKO,CNHAA
OARNCAACK,CNHKO,CNHAA
OACNCCGFK,CNHKO,CNHAA
OARNCAACK,CNHKO,CNHAA
OARNCCAAK,CNHKO,CNHAA
OARNCAACK,CNHKO,CNHAA
OACNCCGFK,CNHKO,CNHAA
OARNCAACK,CNHKO,CNHAA
OARNCCAAK,CNHKO,CNHAA
OARNCAACK,CNHKO,CNHAA
OACNCCGFK,CNHKO,CNHAA
OARNCAACK,CNHKO,CNHAA
OARNCCAAK,CNHKO,CNHAA
OARNCAACK,CNHKO,CNHAA
OARCRRRNK,CNHKO,CNHAA
OARNCAACK,CNHKO,CNHAA
OACNCCGFK,CNHKO,CNHAA
OARNCAACK,CNHKO,CNHAA
OARCRRRNK,CNHKO,CNHAA
OARNCAACK,CNHKO,CNHAA
OARNCCAAK,CNHKO,CNHAA
OARNCAACK,CNHKO,CNHAA
OARCRRRNK,CNHKO,CNHAA
OARNCAACK,CNHKO,CNHAA
OACNCCGFK,CNHKO,CNHAA
OARNCAACK,CNHKO,CNHAA
OARCRRRNK,CNHKO,CNHAA
OARNCAACK,CNHKO,CNHAA
OARCRRRNK,CNHKO,CNHAA
OARNCAACK,CNHKO,CNHAA
OARNCCAAK,CNHKO,CNHAA
OARNCAACK,CNHKO,CNHAA
OARCRRRNK,CNHKO,CNHAA
OARNCAACK,CNHKO,CNHAA
OACNCCGFK,CNHKO,CNHAA
OARNCAACK,CNHKO,CNHAA
OARNCCAAK,CNHKO,CNHAA
OARNCAACK,CNHKO,CNHAA
OACNCCGFK,CNHKO,CNHAA
OARNCAACK,CNHKO,CNHAA
OARCRRRNK,CNHKO,CNHAA
OARNCAACK,CNHKO,CNHAA
OARNCCAAK,CNHKO,CNHAA
OARNCAACK,CNHKO,CNHAA
OACNCCGFK,CNHKO,CNHAA
OARNCAACK,CNHKO,CNHAA
OARCRRRNK,CNHKO,CNHAA
OARNCAACK,CNHKO,CNHAA
OARNCCAAK,CNHKO,CNHAA
OARNCAACK,CNHKO,CNHAA
OACNCCGFK,CNHKO,CNHAA
OARNCAACK,CNHKO,CNHAA
OARCRRRNK,CNHKO,CNHAA
OARNCAACK,CNHKO,CNHAA
OARNCCAAK,CNHKO,CNHAA
OARNCAACK,CNHKO,CNHAA
OACNCCGFK,CNHKO,CNHAA
OARNCAACK,CNHKO,CNHAA
OARCRRRNK,CNHKO,CNHAA
OARNCAACK,CNHKO,CNHAA
OARNCCAAK,CNHKO,CNHAA
OARNCAACK,CNHKO,CNHAA
OACNCCGFK,CNHKO,CNHAA
OARNCAACK,CNHKO,CNHAA
OARCRRRNK,CNHKO,CNHAA
OARNCAACK,CNHKO,CNHAA
OARNCCAAK,CNHKO,CNHAA
OARNCAACK,CNHKO,CNHAA
OACNCCGFK,CNHKO,CNHAA
OARCRRRNK,CNHKO,CNHAA
OARNCAACK,CNHKO,CNHAA
OARNCCAAK,CNHKO,CNHAA
OARNCRASK,CNHKO,CNHAA
OARNCAACK,CNHKO,CNHAA
OACNCCGFK,CNHKO,CNHAA
OARNCAACK,CNHKO,CNHAA
OARNCCAAK,CNHKO,CNHAA
OARNCAACK,CNHKO,CNHAA
OACNCCGFK,CNHKO,CNHAA
OARNCAACK,CNHKO,CNHAA
OARCRRRNK,CNHKO,CNHAA
OARNCRASK,CNHKO,CNHAA
OARNCAACK,CNHKO,CNHAA
OARNCCAAK,CNHKO,CNHAA
OARNCRASK,CNHKO,CNHAA
OARNCAACK,CNHKO,CNHAA
OARCRRRNK,CNHKO,CNHAA
OARNCAACK,CNHKO,CNHAA
OACNCCGFK,CNHKO,CNHAA
OARNCAACK,CNHKO,CNHAA
OARNCCAAK,CNHKO,CNHAA
OARNCAACK,CNHKO,CNHAA
OARCRRRNK,CNHKO,CNHAA
OARNCAACK,CNHKO,CNHAA
OACNCCGFK,CNHKO,CNHAA
OARNCAACK,CNHKO,CNHAA
OARNCRASK,CNHKO,CNHAA
OARNCCAAK,CNHKO,CNHAA
OARNCAACK,CNHKO,CNHAA
OARNCNGRK,CNHKO,CNHAA
OARNCNGRK,CNHKO,CNHAA
OACNCCGFK,CNHKO,CNHAA
OARNCNGRK,CNHKO,CNHAA
OARCRRRNK,CNHKO,CNHAA
OARNCNGRK,CNHKO,CNHAA
OARNCNGRK,CNHKO,CNHAA
OARNCCAAK,CNHKO,CNHAA
OARNCNGRK,CNHKO,CNHAA
OARNCNGRK,CNHKO,CNHAA
OARNCNGRK,CNHKO,CNHAA
OACNCCGFK,CNHKO,CNHAA
OARNCNGRK,CNHKO,CNHAA
OARCRRRNK,CNHKO,CNHAA
OARNCNGRK,CNHKO,CNHAA
OARNCCAAK,CNHKO,CNHAA
OARNCNGRK,CNHKO,CNHAA
OARNCNGRK,CNHKO,CNHAA
OARNCNGRK,CNHKO,CNHAA
OACNCCGFK,CNHKO,CNHAA
OARCRRRNK,CNHKO,CNHAA
OARNCNGRK,CNHKO,CNHAA
OARNCCAAK,CNHKO,CNHAA
OARNCNGRK,CNHKO,CNHAA
OACNCCGFK,CNHKO,CNHAA
OARNCCAAK,CNHKO,CNHAA
OARNCNGRK,CNHKO,CNHAA
OACNCCGFK,CNHKO,CNHAA
OARCRRRNK,CNHKO,CNHAA
OARNCNGRK,CNHKO,CNHAA
OARNCNGRK,CNHKO,CNHAA
OARNCCAAK,CNHKO,CNHAA
OACNCCGFK,CNHKO,CNHAA
OARCRRRNK,CNHKO,CNHAA
OARNCCAAK,CNHKO,CNHAA
OACNCCGFK,CNHKO,CNHAA
OARCRRRNK,CNHKO,CNHAA
OARCROFCK,CNHKO,CNHAA
OARNCCAAK,CNHKO,CNHAA
OARCRRRNK,CNHKO,CNHAA
OARCROFCK,CNHKO,CNHAA
OACNCCGFK,CNHKO,CNHAA
OARCROFCK,CNHKO,CNHAA
OARCRRRNK,CNHKO,CNHAA
OARCROFCK,CNHKO,CNHAA
OARNCCAAK,CNHKO,CNHAA
OARCROFCK,CNHKO,CNHAA
OARCRRRNK,CNHKO,CNHAA
OARCROFCK,CNHKO,CNHAA
OARCROFCK,CNHKO,CNHAA
OARCROFCK,CNHKO,CNHAA
OACNCCGFK,CNHKO,CNHAA
OARCRRRNK,CNHKO,CNHAA
OARCROFCK,CNHKO,CNHAA
OARNCCAAK,CNHKO,CNHAA
OARCROFCK,CNHKO,CNHAA
OARCRRRNK,CNHKO,CNHAA
OARCROFCK,CNHKO,CNHAA
OACNCCGFK,CNHKO,CNHAA
OARCROFCK,CNHKO,CNHAA
OARNCCAAK,CNHKO,CNHAA
OARCROFCK,CNHKO,CNHAA
OARCRRRNK,CNHKO,CNHAA
OARCROFCK,CNHKO,CNHAA
OACNCCGFK,CNHKO,CNHAA
OARCROFCK,CNHKO,CNHAA
OARCRRRNK,CNHKO,CNHAA
OARCROFCK,CNHKO,CNHAA
OARNCCAAK,CNHKO,CNHAA
OARCROFCK,CNHKO,CNHAA
OACNCCGFK,CNHKO,CNHAA
OARCROFCK,CNHKO,CNHAA
OARCRRRNK,CNHKO,CNHAA
OARCROFCK,CNHKO,CNHAA
OARNCCAAK,CNHKO,CNHAA
OARCROFCK,CNHKO,CNHAA
OARCRRRNK,CNHKO,CNHAA
OARCROFCK,CNHKO,CNHAA
OACNCCGFK,CNHKO,CNHAA
OARCROFCK,CNHKO,CNHAA
OARCRRRNK,CNHKO,CNHAA
OARCROFCK,CNHKO,CNHAA
OARNCCAAK,CNHKO,CNHAA
OARCROFCK,CNHKO,CNHAA
OARCRRRNK,CNHKO,CNHAA
OARCROFCK,CNHKO,CNHAA
OACNCCGFK,CNHKO,CNHAA
OARCROFCK,CNHKO,CNHAA
OARCRRRNK,CNHKO,CNHAA
OARCROFCK,CNHKO,CNHAA
OARNCCAAK,CNHKO,CNHAA
OARCROFCK,CNHKO,CNHAA
OARCRRRNK,CNHKO,CNHAA
OARCROFCK,CNHKO,CNHAA
OACNCCGFK,CNHKO,CNHAA
OARCROFCK,CNHKO,CNHAA
OARCROFCK,CNHKO,CNHAA
OARNCCAAK,CNHKO,CNHAA
OARCROFCK,CNHKO,CNHAA
OARCRRRNK,CNHKO,CNHAA
OARCROFCK,CNHKO,CNHAA
OACNCCGFK,CNHKO,CNHAA
OARCROFCK,CNHKO,CNHAA
OARNCCAAK,CNHKO,CNHAA
OARCROFCK,CNHKO,CNHAA
OARCRRRNK,CNHKO,CNHAA
OARCROFCK,CNHKO,CNHAA
OACNCCGFK,CNHKO,CNHAA
OARCROFCK,CNHKO,CNHAA
OARCRRRNK,CNHKO,CNHAA
OARCROFCK,CNHKO,CNHAA
OARNCCAAK,CNHKO,CNHAA
OARCROFCK,CNHKO,CNHAA
OARCROFCK,CNHKO,CNHAA
OARNCKCGK,CNHKO,CNHAA
OARCROFCK,CNHKO,CNHAA
OARNCCAAK,CNHKO,CNHAA
OARCROFCK,CNHKO,CNHAA
OARCROFCK,CNHKO,CNHAA
OARNCKCGK,CNHKO,CNHAA
OARCROFCK,CNHKO,CNHAA
OARNCCAAK,CNHKO,CNHAA
OARCROFCK,CNHKO,CNHAA
OARNCKCGK,CNHKO,CNHAA
OARCROFCK,CNHKO,CNHAA
OARCRRRNK,CNHKO,CNHAA
OARCROFCK,CNHKO,CNHAA
OARNCCAAK,CNHKO,CNHAA
OARCROFCK,CNHKO,CNHAA
OARCRRRNK,CNHKO,CNHAA
OARCROFCK,CNHKO,CNHAA
OARNCKCGK,CNHKO,CNHAA
OARCROFCK,CNHKO,CNHAA
OARCRRRNK,CNHKO,CNHAA
OARCROFCK,CNHKO,CNHAA
OARNCCAAK,CNHKO,CNHAA
OARCROFCK,CNHKO,CNHAA
OARCRRRNK,CNHKO,CNHAA
OARCROFCK,CNHKO,CNHAA
OARNCKCGK,CNHKO,CNHAA
OARNCCAAK,CNHKO,CNHAA
OARNCKCGK,CNHKO,CNHAA
OARCRRRNK,CNHKO,CNHAA
OARCROFCK,CNHKO,CNHAA
OARNCCAAK,CNHKO,CNHAA
OARCROFCK,CNHKO,CNHAA
OARCRRRNK,CNHKO,CNHAA
OARCROFCK,CNHKO,CNHAA
OARCRRRNK,CNHKO,CNHAA
OARCROFCK,CNHKO,CNHAA
OARCROFCK,CNHKO,CNHAA
OARCRRRNK,CNHKO,CNHAA
OARCROFCK,CNHKO,CNHAA
OARCRRRNK,CNHKO,CNHAA
OARCROFCK,CNHKO,CNHAA
OARCRRRNK,CNHKO,CNHAA
OARCROFCK,CNHKO,CNHAA
OARNCKCGK,CNHKO,CNHAA
OARCROFCK,CNHKO,CNHAA
OARCRRRNK,CNHKO,CNHAA
OARCROFCK,CNHKO,CNHAA
OARNCCAAK,CNHKO,CNHAA
OARCROFCK,CNHKO,CNHAA
OARCRRRNK,CNHKO,CNHAA
OARCROFCK,CNHKO,CNHAA
OARNCKCGK,CNHKO,CNHAA
OARCROFCK,CNHKO,CNHAA
OARCRRRNK,CNHKO,CNHAA
OARCROFCK,CNHKO,CNHAA
OARNCCAAK,CNHKO,CNHAA
OARCROFCK,CNHKO,CNHAA
OARCRRRNK,CNHKO,CNHAA
OARCROFCK,CNHKO,CNHAA
OARNCKCGK,CNHKO,CNHAA
OARCROFCK,CNHKO,CNHAA
OARCRRRNK,CNHKO,CNHAA
OARCROFCK,CNHKO,CNHAA
OARNCCAAK,CNHKO,CNHAA
OARCROFCK,CNHKO,CNHAA
OARNCKCGK,CNHKO,CNHAA
OARCROFCK,CNHKO,CNHAA
OARCRRNGK,CNHKO,CNHAA
OARCROFCK,CNHKO,CNHAA
OARNCCAAK,CNHKO,CNHAA
OARCROFCK,CNHKO,CNHAA
OARCRRNGK,CNHKO,CNHAA
OARCROFCK,CNHKO,CNHAA
OARCROFCK,CNHKO,CNHAA
OARCROFCK,CNHKO,CNHAA
OARNCKCGK,CNHKO,CNHAA
OARCROFCK,CNHKO,CNHAA
OARCRRNGK,CNHKO,CNHAA
OARCROFCK,CNHKO,CNHAA
OARCROFCK,CNHKO,CNHAA
OARNCCAAK,CNHKO,CNHAA
OARCRRNGK,CNHKO,CNHAA
OARCROFCK,CNHKO,CNHAA
OARNCKCGK,CNHKO,CNHAA
OARCROFCK,CNHKO,CNHAA
OARCRRNGK,CNHKO,CNHAA
OARCROFCK,CNHKO,CNHAA
OARNCCAAK,CNHKO,CNHAA
OARCROFCK,CNHKO,CNHAA
OARNCKCGK,CNHKO,CNHAA
OARCROFCK,CNHKO,CNHAA
OARCRRNGK,CNHKO,CNHAA
OARCROFCK,CNHKO,CNHAA
OARNCCAAK,CNHKO,CNHAA
OARCROFCK,CNHKO,CNHAA
OARCRRNGK,CNHKO,CNHAA
OARCROFCK,CNHKO,CNHAA
OARNCKCGK,CNHKO,CNHAA
OARCROFCK,CNHKO,CNHAA
OARCRRNGK,CNHKO,CNHAA
OARCROFCK,CNHKO,CNHAA
OARNCCAAK,CNHKO,CNHAA
OARCROFCK,CNHKO,CNHAA
OARCRRNGK,CNHKO,CNHAA
OARCROFCK,CNHKO,CNHAA
OARNCKCGK,CNHKO,CNHAA
OARCROFCK,CNHKO,CNHAA
OARCRRNGK,CNHKO,CNHAA
OARCROFCK,CNHKO,CNHAA
OARCRRNGK,CNHKO,CNHAA
OARCROFCK,CNHKO,CNHAA
OARCRRNGK,CNHKO,CNHAA
OARCROFCK,CNHKO,CNHAA
OARNCCAAK,CNHKO,CNHAA
OARCROFCK,CNHKO,CNHAA
OARCRRNGK,CNHKO,CNHAA
OARCROFCK,CNHKO,CNHAA
OARNCKCGK,CNHKO,CNHAA
OARCROFCK,CNHKO,CNHAA
OARCRRNGK,CNHKO,CNHAA
OARCROFCK,CNHKO,CNHAA
OARNCCAAK,CNHKO,CNHAA
OARCROFCK,CNHKO,CNHAA
OARCRRNGK,CNHKO,CNHAA
OARCROFCK,CNHKO,CNHAA
OARNCKCGK,CNHKO,CNHAA
OARCROFCK,CNHKO,CNHAA
OARCRRNGK,CNHKO,CNHAA
OARCROFCK,CNHKO,CNHAA
OARNCCAAK,CNHKO,CNHAA
OARCROFCK,CNHKO,CNHAA
OARCRRNGK,CNHKO,CNHAA
OARCROFCK,CNHKO,CNHAA
OARNCKCGK,CNHKO,CNHAA
OARCROFCK,CNHKO,CNHAA
OARCROFCK,CNHKO,CNHAA
OARCRRNGK,CNHKO,CNHAA
OARCROFCK,CNHKO,CNHAA
OARNCCAAK,CNHKO,CNHAA
OARCROFCK,CNHKO,CNHAA
OARCRRNGK,CNHKO,CNHAA
OARCROFCK,CNHKO,CNHAA
OARNCKCGK,CNHKO,CNHAA
OARCROFCK,CNHKO,CNHAA
OARCRRNGK,CNHKO,CNHAA
OARCROFCK,CNHKO,CNHAA
OARNCCAAK,CNHKO,CNHAA
OARCROFCK,CNHKO,CNHAA
OARCRRNGK,CNHKO,CNHAA
OARCROFCK,CNHKO,CNHAA
OARNCKCGK,CNHKO,CNHAA
OARCROFCK,CNHKO,CNHAA
OARCRRNGK,CNHKO,CNHAA
OARCROFCK,CNHKO,CNHAA
OARNCCAAK,CNHKO,CNHAA
OARCROFCK,CNHKO,CNHAA
OARCRRNGK,CNHKO,CNHAA
OARCROFCK,CNHKO,CNHAA
OARNCKCGK,CNHKO,CNHAA
OARCROFCK,CNHKO,CNHAA
OARCRRNGK,CNHKO,CNHAA
OARCROFCK,CNHKO,CNHAA
OARNCCAAK,CNHKO,CNHAA
OARCROFCK,CNHKO,CNHAA
OARCRRNGK,CNHKO,CNHAA
OARCROFCK,CNHKO,CNHAA
OARNCKCGK,CNHKO,CNHAA
OARCROFCK,CNHKO,CNHAA
OARCRRNGK,CNHKO,CNHAA
OARCROFCK,CNHKO,CNHAA
OARNCCAAK,CNHKO,CNHAA
OARCROFCK,CNHKO,CNHAA
OARCRRNGK,CNHKO,CNHAA
OARCROFCK,CNHKO,CNHAA
OARNCKCGK,CNHKO,CNHAA
OARCROFCK,CNHKO,CNHAA
OARCRRNGK,CNHKO,CNHAA
OARCROFCK,CNHKO,CNHAA
OARNCCAAK,CNHKO,CNHAA
OARCROFCK,CNHKO,CNHAA
OARCRRNGK,CNHKO,CNHAA
OARCROFCK,CNHKO,CNHAA
OARNCKCGK,CNHKO,CNHAA
OARCROFCK,CNHKO,CNHAA
OARCRRNGK,CNHKO,CNHAA
OARCROFCK,CNHKO,CNHAA
OARNCCAAK,CNHKO,CNHAA
OARCROFCK,CNHKO,CNHAA
OARCRRNGK,CNHKO,CNHAA
OARCROFCK,CNHKO,CNHAA
OARNCKCGK,CNHKO,CNHAA
OARCROFCK,CNHKO,CNHAA
OARCRRNGK,CNHKO,CNHAA
OARCROFCK,CNHKO,CNHAA
OARNCCAAK,CNHKO,CNHAA
OARCROFCK,CNHKO,CNHAA
OARCRRNGK,CNHKO,CNHAA
OARCROFCK,CNHKO,CNHAA
OARNCKCGK,CNHKO,CNHAA
OARCROFCK,CNHKO,CNHAA
OARCRRNGK,CNHKO,CNHAA
OARCROFCK,CNHKO,CNHAA
OARNCCAAK,CNHKO,CNHAA
OARCROFCK,CNHKO,CNHAA
OARCRRNGK,CNHKO,CNHAA
OARCROFCK,CNHKO,CNHAA
OARNCKCGK,CNHKO,CNHAA
OARCROFCK,CNHKO,CNHAA
OARCRRNGK,CNHKO,CNHAA
OARCROFCK,CNHKO,CNHAA
OARNCCAAK,CNHKO,CNHAA
OARCROFCK,CNHKO,CNHAA
OARCRRNGK,CNHKO,CNHAA
OARCROFCK,CNHKO,CNHAA
OARNCKCGK,CNHKO,CNHAA
OARCROFCK,CNHKO,CNHAA
OARCRRNGK,CNHKO,CNHAA
OARCROFCK,CNHKO,CNHAA
OARNCCAAK,CNHKO,CNHAA
OARCROFCK,CNHKO,CNHAA
OARCRRNGK,CNHKO,CNHAA
OARCROFCK,CNHKO,CNHAA
OARCROFCK,CNHKO,CNHAA
OARNCKCGK,CNHKO,CNHAA
OARCROFCK,CNHKO,CNHAA
OARCRRNGK,CNHKO,CNHAA
OARCROFCK,CNHKO,CNHAA
OARNCCAAK,CNHKO,CNHAA
OARCROFCK,CNHKO,CNHAA
OARCROFCK,CNHKO,CNHAA
OARCROFCK,CNHKO,CNHAA
OARCRRNGK,CNHKO,CNHAA
OARCROFCK,CNHKO,CNHAA
OARNCKCGK,CNHKO,CNHAA
OARCROFCK,CNHKO,CNHAA
OARCRRNGK,CNHKO,CNHAA
OARCROFCK,CNHKO,CNHAA
OARCROFCK,CNHKO,CNHAA
OARNCCAAK,CNHKO,CNHAA
OARCROFCK,CNHKO,CNHAA
OARCROFCK,CNHKO,CNHAA
OARCRRNGK,CNHKO,CNHAA
OARCROFCK,CNHKO,CNHAA
OARCROFCK,CNHKO,CNHAA
OARCROFCK,CNHKO,CNHAA
OARCROFCK,CNHKO,CNHAA
OARCROFCK,CNHKO,CNHAA
OARCROFCK,CNHKO,CNHAA
OARCROFCK,CNHKO,CNHAA
OARCROFCK,CNHKO,CNHAA
OARCROFCK,CNHKO,CNHAA
OARNCKCGK,CNHKO,CNHAA
OARCRRNGK,CNHKO,CNHAA
OARCROFCK,CNHKO,CNHAA
OARNCCAAK,CNHKO,CNHAA
OARCROFCK,CNHKO,CNHAA
OARCRRNGK,CNHKO,CNHAA
OARCROFCK,CNHKO,CNHAA
OARNCKCGK,CNHKO,CNHAA
OARCRRNGK,CNHKO,CNHAA
OARCROGGK,CNHKO,CNHAA
OARNCAACK,CNHKO,CNHAA
OARCROGGK,CNHKO,CNHAA
OARCRRNGK,CNHKO,CNHAA
OARCROGGK,CNHKO,CNHAA
OARCROGGK,CNHKO,CNHAA
OARNCKCGK,CNHKO,CNHAA
OARCROGGK,CNHKO,CNHAA
OARCROGGK,CNHKO,CNHAA
OARCRRNGK,CNHKO,CNHAA
OARCROGGK,CNHKO,CNHAA
OARNCCAAK,CNHKO,CNHAA
OARCROGGK,CNHKO,CNHAA
OARCRRNGK,CNHKO,CNHAA
OARCROGGK,CNHKO,CNHAA
OARNCCAAK,CNHKO,CNHAA
OARCROGGK,CNHKO,CNHAA
OARCRRNGK,CNHKO,CNHAA
OARCROGGK,CNHKO,CNHAA
OARCROGGK,CNHKO,CNHAA
OARNCKCGK,CNHKO,CNHAA
OARCROGGK,CNHKO,CNHAA
OARCRRNGK,CNHKO,CNHAA
OARCROGGK,CNHKO,CNHAA
OARCROGGK,CNHKO,CNHAA
OARNCCAAK,CNHKO,CNHAA
OARCROGGK,CNHKO,CNHAA
OARCROGGK,CNHKO,CNHAA
OARCROGGK,CNHKO,CNHAA
OARCRRNGK,CNHKO,CNHAA
OARCROGGK,CNHKO,CNHAA
OARNCCAAK,CNHKO,CNHAA
OARCROGGK,CNHKO,CNHAA
OARCRRNGK,CNHKO,CNHAA
OARCROGGK,CNHKO,CNHAA
OARCROGGK,CNHKO,CNHAA
OARNCKCGK,CNHKO,CNHAA
OARCROGGK,CNHKO,CNHAA
OARCROGGK,CNHKO,CNHAA
OARCROGGK,CNHKO,CNHAA
OARCRRNGK,CNHKO,CNHAA
OARCROGGK,CNHKO,CNHAA
OARCROGGK,CNHKO,CNHAA
OARNCCAAK,CNHKO,CNHAA
OARCROGGK,CNHKO,CNHAA
OARCROGGK,CNHKO,CNHAA
OARCRRNGK,CNHKO,CNHAA
OARNCKCGK,CNHKO,CNHAA
OARCROGGK,CNHKO,CNHAA
OARCRRNGK,CNHKO,CNHAA
OARCROGGK,CNHKO,CNHAA
OARNCCAAK,CNHKO,CNHAA
OARCROGGK,CNHKO,CNHAA
OARCRRNGK,CNHKO,CNHAA
OARCROGGK,CNHKO,CNHAA
OARNCKCGK,CNHKO,CNHAA
OARCROGGK,CNHKO,CNHAA
OARCRRNGK,CNHKO,CNHAA
OARCROGGK,CNHKO,CNHAA
OARNCCAAK,CNHKO,CNHAA
OARCROGGK,CNHKO,CNHAA
OARCRRNGK,CNHKO,CNHAA
OARCROGGK,CNHKO,CNHAA
OARNCKCGK,CNHKO,CNHAA
OARCROGGK,CNHKO,CNHAA
OARCRRNGK,CNHKO,CNHAA
OARCROGGK,CNHKO,CNHAA
OARNCCAAK,CNHKO,CNHAA
OARCROGGK,CNHKO,CNHAA
OARCROGGK,CNHKO,CNHAA
OARCRRNGK,CNHKO,CNHAA
OARCROGGK,CNHKO,CNHAA
OARNCKCGK,CNHKO,CNHAA
OARCROGGK,CNHKO,CNHAA
OARCRRNGK,CNHKO,CNHAA
OARCROGGK,CNHKO,CNHAA
OARNCCAAK,CNHKO,CNHAA
OARCROGGK,CNHKO,CNHAA
OARCRRNGK,CNHKO,CNHAA
OARCROGGK,CNHKO,CNHAA
OARNCKCGK,CNHKO,CNHAA
OARCROGGK,CNHKO,CNHAA
OARCRRNGK,CNHKO,CNHAA
OARCROGGK,CNHKO,CNHAA
OARNCCAAK,CNHKO,CNHAA
OARCROGGK,CNHKO,CNHAA
OARCRRNGK,CNHKO,CNHAA
OARCROGGK,CNHKO,CNHAA
OARNCKCGK,CNHKO,CNHAA
OARCROGGK,CNHKO,CNHAA
OARCRRNGK,CNHKO,CNHAA
OARCROGGK,CNHKO,CNHAA
OARCRRNGK,CNHKO,CNHAA
OARCROGGK,CNHKO,CNHAA
OARNCCAAK,CNHKO,CNHAA
OARCROGGK,CNHKO,CNHAA
OARCRRNGK,CNHKO,CNHAA
OARCROGGK,CNHKO,CNHAA
OARNCKCGK,CNHKO,CNHAA
OARCRRNGK,CNHKO,CNHAA
OARCROGGK,CNHKO,CNHAA
OARNCCAAK,CNHKO,CNHAA
OARCROGGK,CNHKO,CNHAA
OARCRRNGK,CNHKO,CNHAA
OARCROGGK,CNHKO,CNHAA
OARNCKCGK,CNHKO,CNHAA
OARCROGGK,CNHKO,CNHAA
OARCRRNGK,CNHKO,CNHAA
OARCROGGK,CNHKO,CNHAA
OARNCCAAK,CNHKO,CNHAA
OARCROGGK,CNHKO,CNHAA
OARCROGGK,CNHKO,CNHAA
OARCROGGK,CNHKO,CNHAA
OARCROGGK,CNHKO,CNHAA
OARCRRNGK,CNHKO,CNHAA
OARCROGGK,CNHKO,CNHAA
OARNCKCGK,CNHKO,CNHAA
OARCROGGK,CNHKO,CNHAA
OARCRRNGK,CNHKO,CNHAA
OARCROGGK,CNHKO,CNHAA
OARCROGGK,CNHKO,CNHAA
OARCRRNGK,CNHKO,CNHAA
OARCROGGK,CNHKO,CNHAA
OARNCCAAK,CNHKO,CNHAA
OARCROGGK,CNHKO,CNHAA
OARCRRNGK,CNHKO,CNHAA
OARCROGGK,CNHKO,CNHAA
OARNCKCGK,CNHKO,CNHAA
OARCROGGK,CNHKO,CNHAA
OARCRRNGK,CNHKO,CNHAA
OARCROGGK,CNHKO,CNHAA
OARNCCAAK,CNHKO,CNHAA
OARCROGGK,CNHKO,CNHAA
OARCRRNGK,CNHKO,CNHAA
OARCROGGK,CNHKO,CNHAA
OARNCKCGK,CNHKO,CNHAA
OARCROGGK,CNHKO,CNHAA
OARCRRNGK,CNHKO,CNHAA
OARCROGGK,CNHKO,CNHAA
OARNCCAAK,CNHKO,CNHAA
OARCROGGK,CNHKO,CNHAA
OARCRRNGK,CNHKO,CNHAA
OARCROGGK,CNHKO,CNHAA
OARNCKCGK,CNHKO,CNHAA
OARCROGGK,CNHKO,CNHAA
OARCRRNGK,CNHKO,CNHAA
OARCROGGK,CNHKO,CNHAA
OARNCCAAK,CNHKO,CNHAA
OARCROGGK,CNHKO,CNHAA
OARCRRNGK,CNHKO,CNHAA
OARCROGGK,CNHKO,CNHAA
OARNCKCGK,CNHKO,CNHAA
OARCROGGK,CNHKO,CNHAA
OARCRRNGK,CNHKO,CNHAA
OARCROGGK,CNHKO,CNHAA
OARNCCAAK,CNHKO,CNHAA
OARCROGGK,CNHKO,CNHAA
OARCRRNGK,CNHKO,CNHAA
OARCROGGK,CNHKO,CNHAA
OARNCKCGK,CNHKO,CNHAA
OARCROGGK,CNHKO,CNHAA
OARCRRNGK,CNHKO,CNHAA
OARCROGGK,CNHKO,CNHAA
OARNCCAAK,CNHKO,CNHAA
OARCROGGK,CNHKO,CNHAA
OARCRRNGK,CNHKO,CNHAA
OARCROGGK,CNHKO,CNHAA
OARNCKCGK,CNHKO,CNHAA
OARCROGGK,CNHKO,CNHAA
OARCRRNGK,CNHKO,CNHAA
OARCROGGK,CNHKO,CNHAA
OARNCCAAK,CNHKO,CNHAA
OARCROGGK,CNHKO,CNHAA
OARCRRNGK,CNHKO,CNHAA
OARCROGGK,CNHKO,CNHAA
OARNCKCGK,CNHKO,CNHAA
OARCROGGK,CNHKO,CNHAA
OARCRRNGK,CNHKO,CNHAA
OARCROGGK,CNHKO,CNHAA
OARNCCAAK,CNHKO,CNHAA
OARCROGGK,CNHKO,CNHAA
OARCRRNGK,CNHKO,CNHAA
OARCROGGK,CNHKO,CNHAA
OARNCKCGK,CNHKO,CNHAA
OARCROGGK,CNHKO,CNHAA
OARCRRNGK,CNHKO,CNHAA
OARCROGGK,CNHKO,CNHAA
OARCROGGK,CNHKO,CNHAA
OARNCCAAK,CNHKO,CNHAA
OARCROGGK,CNHKO,CNHAA
OARCRRNGK,CNHKO,CNHAA
OARCROGGK,CNHKO,CNHAA
OARNCKCGK,CNHKO,CNHAA
OARCROGGK,CNHKO,CNHAA
OARCRRNGK,CNHKO,CNHAA
OARCROGGK,CNHKO,CNHAA
OARNCCAAK,CNHKO,CNHAA
OARCROGGK,CNHKO,CNHAA
OARCRRNGK,CNHKO,CNHAA
OARCROGGK,CNHKO,CNHAA
OARNCKCGK,CNHKO,CNHAA
OARCROGGK,CNHKO,CNHAA
OARCRRNGK,CNHKO,CNHAA
OARCROGGK,CNHKO,CNHAA
OARNCCAAK,CNHKO,CNHAA
OARCROGGK,CNHKO,CNHAA
OARCRRNGK,CNHKO,CNHAA
OARCROGGK,CNHKO,CNHAA
OARNCKCGK,CNHKO,CNHAA
OARCROGGK,CNHKO,CNHAA
OARCROGGK,CNHKO,CNHAA
OARCRRNGK,CNHKO,CNHAA
OARCROGGK,CNHKO,CNHAA
OARNCCAAK,CNHKO,CNHAA
OARCROGGK,CNHKO,CNHAA
OARCRRNGK,CNHKO,CNHAA
OARCROGGK,CNHKO,CNHAA
OARNCKCGK,CNHKO,CNHAA
OARCRRNGK,CNHKO,CNHAA
OARCROGGK,CNHKO,CNHAA
OARNCCAAK,CNHKO,CNHAA
OARCROGGK,CNHKO,CNHAA
OARCRRNGK,CNHKO,CNHAA
OARCROGGK,CNHKO,CNHAA
OARNCKCGK,CNHKO,CNHAA
OARCROGGK,CNHKO,CNHAA
OARCRRNGK,CNHKO,CNHAA
OARCROGGK,CNHKO,CNHAA
OARNCCAAK,CNHKO,CNHAA
OARCROGGK,CNHKO,CNHAA
OARCRRNGK,CNHKO,CNHAA
OARCROGGK,CNHKO,CNHAA
OARNCKCGK,CNHKO,CNHAA
OARCROGGK,CNHKO,CNHAA
OARCRRNGK,CNHKO,CNHAA
OARCROGGK,CNHKO,CNHAA
OARNCCAAK,CNHKO,CNHAA
OARCROGGK,CNHKO,CNHAA
OARCRRNGK,CNHKO,CNHAA
OARCROGGK,CNHKO,CNHAA
OARNCKCGK,CNHKO,CNHAA
OARCROGGK,CNHKO,CNHAA
OARCRRNGK,CNHKO,CNHAA
OARCROGGK,CNHKO,CNHAA
OARNCCAAK,CNHKO,CNHAA
OARCRRNGK,CNHKO,CNHAA
OARCROGGK,CNHKO,CNHAA
OARNCKCGK,CNHKO,CNHAA
OARCROGGK,CNHKO,CNHAA
OARCRRNGK,CNHKO,CNHAA
OARCROGGK,CNHKO,CNHAA
OARNCCAAK,CNHKO,CNHAA
OARCROGGK,CNHKO,CNHAA
OARCRRNGK,CNHKO,CNHAA
OARCROGGK,CNHKO,CNHAA
OARNCKCGK,CNHKO,CNHAA
OARCROGGK,CNHKO,CNHAA
OARCRRNGK,CNHKO,CNHAA
OARCROGGK,CNHKO,CNHAA
OARNCCAAK,CNHKO,CNHAA
OARCROGGK,CNHKO,CNHAA
OARCRRNGK,CNHKO,CNHAA
OARCROGGK,CNHKO,CNHAA
OARNCKCGK,CNHKO,CNHAA
OARCRRNGK,CNHKO,CNHAA
OARCROGGK,CNHKO,CNHAA
OARNCAACK,CNHKO,CNHAA
OARCROGGK,CNHKO,CNHAA
OARCRRNGK,CNHKO,CNHAA
OARCROGGK,CNHKO,CNHAA
OARNCKCGK,CNHKO,CNHAA
OARCROGGK,CNHKO,CNHAA
OARCRRNGK,CNHKO,CNHAA
OARCROGGK,CNHKO,CNHAA
OARNCCAAK,CNHKO,CNHAA
OARCROGGK,CNHKO,CNHAA
OARCRRNGK,CNHKO,CNHAA
OARCROGGK,CNHKO,CNHAA
OARNCKCGK,CNHKO,CNHAA
OARCROGGK,CNHKO,CNHAA
OARCROGGK,CNHKO,CNHAA
OARCROGGK,CNHKO,CNHAA
OARCRRNGK,CNHKO,CNHAA
OARCROGGK,CNHKO,CNHAA
OARNCCAAK,CNHKO,CNHAA
OARCROGGK,CNHKO,CNHAA
OARCRRNGK,CNHKO,CNHAA
OARCROGGK,CNHKO,CNHAA
OARNCKCGK,CNHKO,CNHAA
OARCROGGK,CNHKO,CNHAA
OARCRRNGK,CNHKO,CNHAA
OARCROGGK,CNHKO,CNHAA
OARNCCAAK,CNHKO,CNHAA
OARCROGGK,CNHKO,CNHAA
OARCRRNGK,CNHKO,CNHAA
OARCROGGK,CNHKO,CNHAA
OARNCKCGK,CNHKO,CNHAA
OARCROGGK,CNHKO,CNHAA
OARCRRNGK,CNHKO,CNHAA
OARCROGGK,CNHKO,CNHAA
OARNCCAAK,CNHKO,CNHAA
OARCROGGK,CNHKO,CNHAA
OARCRRNGK,CNHKO,CNHAA
OARCROGGK,CNHKO,CNHAA
OARNCKCGK,CNHKO,CNHAA
OARCROGGK,CNHKO,CNHAA
OARCRRNGK,CNHKO,CNHAA
OARCROGGK,CNHKO,CNHAA
OARNCCAAK,CNHKO,CNHAA
OARCROGGK,CNHKO,CNHAA
OARCRRNGK,CNHKO,CNHAA
OARNCKCGK,CNHKO,CNHAA
OARCROGGK,CNHKO,CNHAA
OARCRRNGK,CNHKO,CNHAA
OARCROGGK,CNHKO,CNHAA
OARNCCAAK,CNHKO,CNHAA
OARCROGGK,CNHKO,CNHAA
OARCRRNGK,CNHKO,CNHAA
OARCROGGK,CNHKO,CNHAA
OARNCKCGK,CNHKO,CNHAA
OARCROGGK,CNHKO,CNHAA
OARCRRNGK,CNHKO,CNHAA
OARCROGGK,CNHKO,CNHAA
OARNCCAAK,CNHKO,CNHAA
OARCRRNGK,CNHKO,CNHAA
OARNCKCGK,CNHKO,CNHAA
OARCROGGK,CNHKO,CNHAA
OARCRRNGK,CNHKO,CNHAA
OARCROGGK,CNHKO,CNHAA
OARNCCAAK,CNHKO,CNHAA
OARCROGGK,CNHKO,CNHAA
OARCRRNGK,CNHKO,CNHAA
OARCROGGK,CNHKO,CNHAA
OARNCKCGK,CNHKO,CNHAA
OARCROGGK,CNHKO,CNHAA
OARCRRNGK,CNHKO,CNHAA
OARNCCAAK,CNHKO,CNHAA
OARCRRNGK,CNHKO,CNHAA
OARNCKCGK,CNHKO,CNHAA
OARCROGGK,CNHKO,CNHAA
OARCRRNGK,CNHKO,CNHAA
OARNCCAAK,CNHKO,CNHAA
OARCROGGK,CNHKO,CNHAA
OARCROGGK,CNHKO,CNHAA
OARCROGGK,CNHKO,CNHAA
OARCROGGK,CNHKO,CNHAA
OARCROGGK,CNHKO,CNHAA
OARCROGGK,CNHKO,CNHAA
OARCROGGK,CNHKO,CNHAA
OARCROGGK,CNHKO,CNHAA
OARCROGGK,CNHKO,CNHAA
OARCROGGK,CNHKO,CNHAA
OARCROGGK,CNHKO,CNHAA
OARCROGGK,CNHKO,CNHAA
OARCROGGK,CNHKO,CNHAA
OARCROGGK,CNHKO,CNHAA
OARCROGGK,CNHKO,CNHAA
OARCRRNGK,CNHKO,CNHAA
OARCROGGK,CNHKO,CNHAA
OARCRORSK,CNHKO,CNHAA
OARNCKCGK,CNHKO,CNHAA
OARCRRNGK,CNHKO,CNHAA
OARNCCAAK,CNHKO,CNHAA
OARCRORSK,CNHKO,CNHAA
OARCRRNGK,CNHKO,CNHAA
OARCRORSK,CNHKO,CNHAA
OARNCKCGK,CNHKO,CNHAA
OARCRORSK,CNHKO,CNHAA
OARCRRNGK,CNHKO,CNHAA
OARCRORSK,CNHKO,CNHAA
OARNCCAAK,CNHKO,CNHAA
OARCRORSK,CNHKO,CNHAA
OARCRRNGK,CNHKO,CNHAA
OARCRORSK,CNHKO,CNHAA
OARNCKCGK,CNHKO,CNHAA
OARCRORSK,CNHKO,CNHAA
OARCRRNGK,CNHKO,CNHAA
OARCRORSK,CNHKO,CNHAA
OARNCCAAK,CNHKO,CNHAA
OARCRORSK,CNHKO,CNHAA
OARCRRNGK,CNHKO,CNHAA
OARCRORSK,CNHKO,CNHAA
OARNCKCGK,CNHKO,CNHAA
OARCRORSK,CNHKO,CNHAA
OARCRRNGK,CNHKO,CNHAA
OARCRORSK,CNHKO,CNHAA
OARNCCAAK,CNHKO,CNHAA
OARCRORSK,CNHKO,CNHAA
OARNCKCGK,CNHKO,CNHAA
OARCRORSK,CNHKO,CNHAA
OARCRRNGK,CNHKO,CNHAA
OARCRORSK,CNHKO,CNHAA
OARNCCAAK,CNHKO,CNHAA
OARCRORSK,CNHKO,CNHAA
OARCRRNGK,CNHKO,CNHAA
OARCRORSK,CNHKO,CNHAA
OARNCKCGK,CNHKO,CNHAA
OARCRORSK,CNHKO,CNHAA
OARCRRNGK,CNHKO,CNHAA
OARCRORSK,CNHKO,CNHAA
OARNCCAAK,CNHKO,CNHAA
OARCRORSK,CNHKO,CNHAA
OARCRRNGK,CNHKO,CNHAA
OARCRORSK,CNHKO,CNHAA
OARNCKCGK,CNHKO,CNHAA
OARCRORSK,CNHKO,CNHAA
OARCRRNGK,CNHKO,CNHAA
OARCRORSK,CNHKO,CNHAA
OARNCCAAK,CNHKO,CNHAA
OARCRORSK,CNHKO,CNHAA
OARCRRNGK,CNHKO,CNHAA
OARCRORSK,CNHKO,CNHAA
OARNCKCGK,CNHKO,CNHAA
OARCRORSK,CNHKO,CNHAA
OARCRRNGK,CNHKO,CNHAA
OARCRORSK,CNHKO,CNHAA
OARNCCAAK,CNHKO,CNHAA
OARCRORSK,CNHKO,CNHAA
OARCRRNGK,CNHKO,CNHAA
OARCRORSK,CNHKO,CNHAA
OARNCKCGK,CNHKO,CNHAA
OARCRORSK,CNHKO,CNHAA
OARCRRNGK,CNHKO,CNHAA
OARCRORSK,CNHKO,CNHAA
OARNCCAAK,CNHKO,CNHAA
OARCRORSK,CNHKO,CNHAA
OARCRRNGK,CNHKO,CNHAA
OARCRORSK,CNHKO,CNHAA
OARNCKCGK,CNHKO,CNHAA
OARCRORSK,CNHKO,CNHAA
OARCRRNGK,CNHKO,CNHAA
OARCRORSK,CNHKO,CNHAA
OARNCCAAK,CNHKO,CNHAA
OARCRORSK,CNHKO,CNHAA
OARCRRNGK,CNHKO,CNHAA
OARCRORSK,CNHKO,CNHAA
OARNCKCGK,CNHKO,CNHAA
OARCRORSK,CNHKO,CNHAA
OARCRRNGK,CNHKO,CNHAA
OARCRORSK,CNHKO,CNHAA
OARNCCAAK,CNHKO,CNHAA
OARCRORSK,CNHKO,CNHAA
OARCRRNGK,CNHKO,CNHAA
OARCRORSK,CNHKO,CNHAA
OARNCKCGK,CNHKO,CNHAA
OARCRORSK,CNHKO,CNHAA
OARCRRNGK,CNHKO,CNHAA
OARCRORSK,CNHKO,CNHAA
OARNCCAAK,CNHKO,CNHAA
OARCRORSK,CNHKO,CNHAA
OARCRRNGK,CNHKO,CNHAA
OARCRORSK,CNHKO,CNHAA
OARNCKCGK,CNHKO,CNHAA
OARCRORSK,CNHKO,CNHAA
OARCRRNGK,CNHKO,CNHAA
OARCRORSK,CNHKO,CNHAA
OARNCCAAK,CNHKO,CNHAA
OARCRORSK,CNHKO,CNHAA
OARCRRNGK,CNHKO,CNHAA
OARCRORSK,CNHKO,CNHAA
OARNCKCGK,CNHKO,CNHAA
OARCRORSK,CNHKO,CNHAA
OARCRRNGK,CNHKO,CNHAA
OARCRORSK,CNHKO,CNHAA
OARNCCAAK,CNHKO,CNHAA
OARCRORSK,CNHKO,CNHAA
OARCRRNGK,CNHKO,CNHAA
OARCRORSK,CNHKO,CNHAA
OARNCKCGK,CNHKO,CNHAA
OARCRORSK,CNHKO,CNHAA
OARCRRNGK,CNHKO,CNHAA
OARCRORSK,CNHKO,CNHAA
OARCRORSK,CNHKO,CNHAA
OARNCCAAK,CNHKO,CNHAA
OARCRORSK,CNHKO,CNHAA
OARNCKCGK,CNHKO,CNHAA
OARCRORSK,CNHKO,CNHAA
OARCRRNGK,CNHKO,CNHAA
OARCRORSK,CNHKO,CNHAA
OARNCCAAK,CNHKO,CNHAA
OARCRORSK,CNHKO,CNHAA
OARCRRNGK,CNHKO,CNHAA
OARCRORSK,CNHKO,CNHAA
OARNCKCGK,CNHKO,CNHAA
OARCRORSK,CNHKO,CNHAA
OARCRRNGK,CNHKO,CNHAA
OARCRORSK,CNHKO,CNHAA
OARNCCAAK,CNHKO,CNHAA
OARCRORSK,CNHKO,CNHAA
OARCRRNGK,CNHKO,CNHAA
OARCRORSK,CNHKO,CNHAA
OARNCKCGK,CNHKO,CNHAA
OARCRORSK,CNHKO,CNHAA
OARCRRNGK,CNHKO,CNHAA
OARCRORSK,CNHKO,CNHAA
OARNCCAAK,CNHKO,CNHAA
OARCRORSK,CNHKO,CNHAA
OARCRRNGK,CNHKO,CNHAA
OARCRORSK,CNHKO,CNHAA
OARNCKCGK,CNHKO,CNHAA
OARCRORSK,CNHKO,CNHAA
OARCRRNGK,CNHKO,CNHAA
OARCRORSK,CNHKO,CNHAA
OARNCCAAK,CNHKO,CNHAA
OARCRORSK,CNHKO,CNHAA
OARCRRNGK,CNHKO,CNHAA
OARCRORSK,CNHKO,CNHAA
OARNCKCGK,CNHKO,CNHAA
OARCRORSK,CNHKO,CNHAA
OARCRRNGK,CNHKO,CNHAA
OARCRORSK,CNHKO,CNHAA
OARNCCAAK,CNHKO,CNHAA
OARCRORSK,CNHKO,CNHAA
OARCRRNGK,CNHKO,CNHAA
OARCRORSK,CNHKO,CNHAA
OARNCKCGK,CNHKO,CNHAA
OARCRORSK,CNHKO,CNHAA
OARCRRNGK,CNHKO,CNHAA
OARCRORSK,CNHKO,CNHAA
OARNCCAAK,CNHKO,CNHAA
OARCRORSK,CNHKO,CNHAA
OARCRRNGK,CNHKO,CNHAA
OARCRORSK,CNHKO,CNHAA
OARNCKCGK,CNHKO,CNHAA
OARCRORSK,CNHKO,CNHAA
OARCRRNGK,CNHKO,CNHAA
OARCRORSK,CNHKO,CNHAA
OARNCAACK,CNHKO,CNHAA
OARCRORSK,CNHKO,CNHAA
OARCRRNGK,CNHKO,CNHAA
OARCRORSK,CNHKO,CNHAA
OARNCKCGK,CNHKO,CNHAA
OARCRORSK,CNHKO,CNHAA
OARCRRNGK,CNHKO,CNHAA
OARCRORSK,CNHKO,CNHAA
OARNCCAAK,CNHKO,CNHAA
OARCRORSK,CNHKO,CNHAA
OARCRRNGK,CNHKO,CNHAA
OARCRORSK,CNHKO,CNHAA
OARNCKCGK,CNHKO,CNHAA
OARCRORSK,CNHKO,CNHAA
OARCRRNGK,CNHKO,CNHAA
OARCRORSK,CNHKO,CNHAA
OARNCCAAK,CNHKO,CNHAA
OARCRORSK,CNHKO,CNHAA
OARCRRNGK,CNHKO,CNHAA
OARCRORSK,CNHKO,CNHAA
OARNCKCGK,CNHKO,CNHAA
OARCRORSK,CNHKO,CNHAA
OARCRRNGK,CNHKO,CNHAA
OARCRORSK,CNHKO,CNHAA
OARNCCAAK,CNHKO,CNHAA
OARCRORSK,CNHKO,CNHAA
OARCRRNGK,CNHKO,CNHAA
OARCRORSK,CNHKO,CNHAA
OARNCCAAK,CNHKO,CNHAA
OARCRORSK,CNHKO,CNHAA
OARCRRNGK,CNHKO,CNHAA
OARCRORSK,CNHKO,CNHAA
OARNCKCGK,CNHKO,CNHAA
OARCRORSK,CNHKO,CNHAA
OARCRRNGK,CNHKO,CNHAA
OARCRORSK,CNHKO,CNHAA
OARNCCAAK,CNHKO,CNHAA
OARCRORSK,CNHKO,CNHAA
OARCRRNGK,CNHKO,CNHAA
OARCRORSK,CNHKO,CNHAA
OARNCKCGK,CNHKO,CNHAA
OARCRORSK,CNHKO,CNHAA
OARCRRNGK,CNHKO,CNHAA
OARCRORSK,CNHKO,CNHAA
OARNCCAAK,CNHKO,CNHAA
OARCRORSK,CNHKO,CNHAA
OARCRRNGK,CNHKO,CNHAA
OARCRORSK,CNHKO,CNHAA
OARNCKCGK,CNHKO,CNHAA
OARCRORSK,CNHKO,CNHAA
OARCRRNGK,CNHKO,CNHAA
OARCRORSK,CNHKO,CNHAA
OARNCRASK,CNHKO,CNHAA
OARCRORSK,CNHKO,CNHAA
OARNCRASK,CNHKO,CNHAA
OARCRORSK,CNHKO,CNHAA
OARNCCAAK,CNHKO,CNHAA
OARCRORSK,CNHKO,CNHAA
OARCRORSK,CNHKO,CNHAA
OARCRRNGK,CNHKO,CNHAA
OARCRORSK,CNHKO,CNHAA
OARNCKCGK,CNHKO,CNHAA
OARCRORSK,CNHKO,CNHAA
OARCRRNGK,CNHKO,CNHAA
OARCRORSK,CNHKO,CNHAA
OARNCCAAK,CNHKO,CNHAA
OARCRORSK,CNHKO,CNHAA
OARCRRNGK,CNHKO,CNHAA
OARCRORSK,CNHKO,CNHAA
OARNCKCGK,CNHKO,CNHAA
OARCRORSK,CNHKO,CNHAA
OARCRRNGK,CNHKO,CNHAA
OARCRORSK,CNHKO,CNHAA
OARNCCAAK,CNHKO,CNHAA
OARCRORSK,CNHKO,CNHAA
OARCRRNGK,CNHKO,CNHAA
OARCRORSK,CNHKO,CNHAA
OARNCKCGK,CNHKO,CNHAA
OARCRORSK,CNHKO,CNHAA
OARCRRNGK,CNHKO,CNHAA
OARCRORSK,CNHKO,CNHAA
OARNCCAAK,CNHKO,CNHAA
OARCRORSK,CNHKO,CNHAA
OARCRRNGK,CNHKO,CNHAA
OARCRORSK,CNHKO,CNHAA
OARNCKCGK,CNHKO,CNHAA
OARCRORSK,CNHKO,CNHAA
OARCRRNGK,CNHKO,CNHAA
OARCRORSK,CNHKO,CNHAA
OARNCCAAK,CNHKO,CNHAA
OARCRORSK,CNHKO,CNHAA
OARCRRNGK,CNHKO,CNHAA
OARCRORSK,CNHKO,CNHAA
OARNCKCGK,CNHKO,CNHAA
OARCRORSK,CNHKO,CNHAA
OARCRRNGK,CNHKO,CNHAA
OARCRORSK,CNHKO,CNHAA
OARNCCAAK,CNHKO,CNHAA
OARCRORSK,CNHKO,CNHAA
OARCRRNGK,CNHKO,CNHAA
OARCRORSK,CNHKO,CNHAA
OARNCKCGK,CNHKO,CNHAA
OARCRORSK,CNHKO,CNHAA
OARCRRNGK,CNHKO,CNHAA
OARCRORSK,CNHKO,CNHAA
OARNCCAAK,CNHKO,CNHAA
OARCRORSK,CNHKO,CNHAA
OARCRRNGK,CNHKO,CNHAA
OARCRORSK,CNHKO,CNHAA
OARNCKCGK,CNHKO,CNHAA
OARCRORSK,CNHKO,CNHAA
OARCRRNGK,CNHKO,CNHAA
OARCRORSK,CNHKO,CNHAA
OARNCCAAK,CNHKO,CNHAA
OARCRORSK,CNHKO,CNHAA
OARCRRNGK,CNHKO,CNHAA
OARCRORSK,CNHKO,CNHAA
OARNCKCGK,CNHKO,CNHAA
OARCRORSK,CNHKO,CNHAA
OARCRRNGK,CNHKO,CNHAA
OARCRORSK,CNHKO,CNHAA
OARNCCAAK,CNHKO,CNHAA
OARCRORSK,CNHKO,CNHAA
OARCRRNGK,CNHKO,CNHAA
OARCRORSK,CNHKO,CNHAA
OARNCKCGK,CNHKO,CNHAA
OARCRORSK,CNHKO,CNHAA
OARCRRNGK,CNHKO,CNHAA
OARCRORSK,CNHKO,CNHAA
OARNCAACK,CNHKO,CNHAA
OARCRORSK,CNHKO,CNHAA
OARCRRNGK,CNHKO,CNHAA
OARCRORSK,CNHKO,CNHAA
OARNCKCGK,CNHKO,CNHAA
OARCRORSK,CNHKO,CNHAA
OARCRRNGK,CNHKO,CNHAA
OARCRORSK,CNHKO,CNHAA
OARNCCAAK,CNHKO,CNHAA
OARCRORSK,CNHKO,CNHAA
OARCRRNGK,CNHKO,CNHAA
OARCRORSK,CNHKO,CNHAA
OARNCKCGK,CNHKO,CNHAA
OARCRORSK,CNHKO,CNHAA
OARCRRNGK,CNHKO,CNHAA
OARCRORSK,CNHKO,CNHAA
OARNCCAAK,CNHKO,CNHAA
OARCRORSK,CNHKO,CNHAA
OARCRRNGK,CNHKO,CNHAA
OARCRORSK,CNHKO,CNHAA
OARNCKCGK,CNHKO,CNHAA
OARCRORSK,CNHKO,CNHAA
OARCRRNGK,CNHKO,CNHAA
OARCRORSK,CNHKO,CNHAA
OARNCCAAK,CNHKO,CNHAA
OARCRORSK,CNHKO,CNHAA
OARCRRNGK,CNHKO,CNHAA
OARCRORSK,CNHKO,CNHAA
OARNCKCGK,CNHKO,CNHAA
OARCRORSK,CNHKO,CNHAA
OARCRRNGK,CNHKO,CNHAA
OARCRORSK,CNHKO,CNHAA
OARNCCAAK,CNHKO,CNHAA
OARCRORSK,CNHKO,CNHAA
OARCRRNGK,CNHKO,CNHAA
OARCRORSK,CNHKO,CNHAA
OARNCKCGK,CNHKO,CNHAA
OARCRORSK,CNHKO,CNHAA
OARCRRNGK,CNHKO,CNHAA
OARCRORSK,CNHKO,CNHAA
OARNCCAAK,CNHKO,CNHAA
OARCRORSK,CNHKO,CNHAA
OARCRRNGK,CNHKO,CNHAA
OARCRORSK,CNHKO,CNHAA
OARNCKCGK,CNHKO,CNHAA
OARCRORSK,CNHKO,CNHAA
OARCRRNGK,CNHKO,CNHAA
OARCRORSK,CNHKO,CNHAA
OARNCCAAK,CNHKO,CNHAA
OARCRORSK,CNHKO,CNHAA
OARCRRNGK,CNHKO,CNHAA
OARCRORSK,CNHKO,CNHAA
OARNCKCGK,CNHKO,CNHAA
OARCRORSK,CNHKO,CNHAA
OARCRRNGK,CNHKO,CNHAA
OARCRORSK,CNHKO,CNHAA
OARNCCAAK,CNHKO,CNHAA
OARCRORSK,CNHKO,CNHAA
OARCRRNGK,CNHKO,CNHAA
OARCRORSK,CNHKO,CNHAA
OARNCKCGK,CNHKO,CNHAA
OARCRORSK,CNHKO,CNHAA
OARCRRNGK,CNHKO,CNHAA
OARCRORSK,CNHKO,CNHAA
OARNCCAAK,CNHKO,CNHAA
OARCRORSK,CNHKO,CNHAA
OARCRRNGK,CNHKO,CNHAA
OARCRORSK,CNHKO,CNHAA
OARNCKCGK,CNHKO,CNHAA
OARCRORSK,CNHKO,CNHAA
OARCRRNGK,CNHKO,CNHAA
OARCRORSK,CNHKO,CNHAA
OARNCCAAK,CNHKO,CNHAA
OARCRORSK,CNHKO,CNHAA
OARCRRNGK,CNHKO,CNHAA
OARCRORSK,CNHKO,CNHAA
OARNCKCGK,CNHKO,CNHAA
OARCRORSK,CNHKO,CNHAA
OARCRRNGK,CNHKO,CNHAA
OARCRORSK,CNHKO,CNHAA
OARNCCAAK,CNHKO,CNHAA
OARCRORSK,CNHKO,CNHAA
OARCRRNGK,CNHKO,CNHAA
OARCRORSK,CNHKO,CNHAA
OARNCKCGK,CNHKO,CNHAA
OARCRORSK,CNHKO,CNHAA
OARCRRNGK,CNHKO,CNHAA
OARCRORSK,CNHKO,CNHAA
OARNCCAAK,CNHKO,CNHAA
OARCRORSK,CNHKO,CNHAA
OARCRRNGK,CNHKO,CNHAA
OARCRORSK,CNHKO,CNHAA
OARNCKCGK,CNHKO,CNHAA
OARCRORSK,CNHKO,CNHAA
OARCRRNGK,CNHKO,CNHAA
OARCRORSK,CNHKO,CNHAA
OARCRORSK,CNHKO,CNHAA
OARNCCAAK,CNHKO,CNHAA
OARCRORSK,CNHKO,CNHAA
OARCRRNGK,CNHKO,CNHAA
OARCRORSK,CNHKO,CNHAA
OARNCKCGK,CNHKO,CNHAA
OARCRORSK,CNHKO,CNHAA
OARCRORSK,CNHKO,CNHAA
OARNCAACK,CNHKO,CNHAA
OARCRRNGK,CNHKO,CNHAA
OARCRORSK,CNHKO,CNHAA
OARNCCAAK,CNHKO,CNHAA
OARCRORSK,CNHKO,CNHAA
OARCRRNGK,CNHKO,CNHAA
OARCRORSK,CNHKO,CNHAA
OARNCKCGK,CNHKO,CNHAA
OARCRORSK,CNHKO,CNHAA
OARCRRNGK,CNHKO,CNHAA
OARCRORSK,CNHKO,CNHAA
OARNCCAAK,CNHKO,CNHAA
OARCRORSK,CNHKO,CNHAA
OARCRRNGK,CNHKO,CNHAA
OARCRORSK,CNHKO,CNHAA
OARNCKCGK,CNHKO,CNHAA
OARCRORSK,CNHKO,CNHAA
OARCRRNGK,CNHKO,CNHAA
OARCRORSK,CNHKO,CNHAA
OARNCCAAK,CNHKO,CNHAA
OARCRORSK,CNHKO,CNHAA
OARCRRNGK,CNHKO,CNHAA
OARCRORSK,CNHKO,CNHAA
OARNCKCGK,CNHKO,CNHAA
OARCRORSK,CNHKO,CNHAA
OARCRRNGK,CNHKO,CNHAA
OARNCAACK,CNHKO,CNHAA
OARCRRNGK,CNHKO,CNHAA
OARNCKCGK,CNHKO,CNHAA
OARCRORSK,CNHKO,CNHAA
OARCRRNGK,CNHKO,CNHAA
OARNCCAAK,CNHKO,CNHAA
OARCRORSK,CNHKO,CNHAA
OARCRORSK,CNHKO,CNHAA
OARCRRNGK,CNHKO,CNHAA
OARNCKCGK,CNHKO,CNHAA
OARCRRNGK,CNHKO,CNHAA
OARCRORSK,CNHKO,CNHAA
OARNCCAAK,CNHKO,CNHAA
OARCRRNGK,CNHKO,CNHAA
OARCRORSK,CNHKO,CNHAA
OARNCKCGK,CNHKO,CNHAA
OARCRRNGK,CNHKO,CNHAA
OARNCCAAK,CNHKO,CNHAA
OARCRORSK,CNHKO,CNHAA
OARCRRNGK,CNHKO,CNHAA
OARCRORSK,CNHKO,CNHAA
OARNCKCGK,CNHKO,CNHAA
OARCRORSK,CNHKO,CNHAA
OARCRRNGK,CNHKO,CNHAA
OARCRORSK,CNHKO,CNHAA
OARNCCAAK,CNHKO,CNHAA
OARCRORSK,CNHKO,CNHAA
OARCRRNGK,CNHKO,CNHAA
OARCRORSK,CNHKO,CNHAA
OARNCKCGK,CNHKO,CNHAA
OARCRORSK,CNHKO,CNHAA
OARCRRNGK,CNHKO,CNHAA
OARCRORSK,CNHKO,CNHAA
OARNCCAAK,CNHKO,CNHAA
OARCRORSK,CNHKO,CNHAA
OARCRRNGK,CNHKO,CNHAA
OARCRORSK,CNHKO,CNHAA
OARNCKCGK,CNHKO,CNHAA
OARCRORSK,CNHKO,CNHAA
OARCRRNGK,CNHKO,CNHAA
OARCRORSK,CNHKO,CNHAA
OARNCCAAK,CNHKO,CNHAA
OARCRORSK,CNHKO,CNHAA
OARCRRNGK,CNHKO,CNHAA
OARCRORSK,CNHKO,CNHAA
OARNCKCGK,CNHKO,CNHAA
OARCRORSK,CNHKO,CNHAA
OARCRRNGK,CNHKO,CNHAA
OARNCCAAK,CNHKO,CNHAA
OARCRRNGK,CNHKO,CNHAA
OARNCKCGK,CNHKO,CNHAA
OARCRRNGK,CNHKO,CNHAA
OARCRORSK,CNHKO,CNHAA
OARCRORSK,CNHKO,CNHAA
OARCRORSK,CNHKO,CNHAA
OARCRORSK,CNHKO,CNHAA
OARCRORSK,CNHKO,CNHAA
OARCRORSK,CNHKO,CNHAA
OARCRORSK,CNHKO,CNHAA
OARCRORSK,CNHKO,CNHAA
OARCRORSK,CNHKO,CNHAA
OARCRORSK,CNHKO,CNHAA
OARCRORSK,CNHKO,CNHAA
OARCRRNGK,CNHKO,CNHAA
OARCRORSK,CNHKO,CNHAA
OARNCKCGK,CNHKO,CNHAA
OARCRORSK,CNHKO,CNHAA
OARCRRNGK,CNHKO,CNHAA
OARNCCAAK,CNHKO,CNHAA
OARCRCSYK,CNHKO,CNHAA
OARCRRNGK,CNHKO,CNHAA
OARCRCSYK,CNHKO,CNHAA
OARNCKCGK,CNHKO,CNHAA
OARCRRNGK,CNHKO,CNHAA
OARCRCSYK,CNHKO,CNHAA
OARNCCAAK,CNHKO,CNHAA
OARCRRNGK,CNHKO,CNHAA
OARNCCAAK,CNHKO,CNHAA
OARCRRNGK,CNHKO,CNHAA
OARCRCSYK,CNHKO,CNHAA
OARCRCSYK,CNHKO,CNHAA
OARNCKCGK,CNHKO,CNHAA
OARCRRNGK,CNHKO,CNHAA
OARNCCAAK,CNHKO,CNHAA
OARCRCSYK,CNHKO,CNHAA
OARNCKCGK,CNHKO,CNHAA
OARCRCSYK,CNHKO,CNHAA
OARCRCSYK,CNHKO,CNHAA
OARNCCAAK,CNHKO,CNHAA
OARCRCSYK,CNHKO,CNHAA
OARCRAKRK,CNHKO,CNHAA
OARCRCSYK,CNHKO,CNHAA
OARNCKCGK,CNHKO,CNHAA
OARCRCSYK,CNHKO,CNHAA
OARCRAKRK,CNHKO,CNHAA
OARCRCSYK,CNHKO,CNHAA
OARNCCAAK,CNHKO,CNHAA
OARCRAKRK,CNHKO,CNHAA
OARNCKCGK,CNHKO,CNHAA
OARCRCSYK,CNHKO,CNHAA
OARNCCAAK,CNHKO,CNHAA
OARCRCSYK,CNHKO,CNHAA
OARCRAKRK,CNHKO,CNHAA
OARCRCSYK,CNHKO,CNHAA
OARNCKCGK,CNHKO,CNHAA
OARCRCSYK,CNHKO,CNHAA
OARCRAKRK,CNHKO,CNHAA
OARNCAACK,CNHKO,CNHAA
OARCRCSYK,CNHKO,CNHAA
OARNCKCGK,CNHKO,CNHAA
OARCRAKRK,CNHKO,CNHAA
OARCRCSYK,CNHKO,CNHAA
OARNCCAAK,CNHKO,CNHAA
OARCRCSYK,CNHKO,CNHAA
OARCRCSYK,CNHKO,CNHAA
OARCRAKRK,CNHKO,CNHAA
OARCRCSYK,CNHKO,CNHAA
OARNCKCGK,CNHKO,CNHAA
OARCRCSYK,CNHKO,CNHAA
OARCRCSYK,CNHKO,CNHAA
OARCRAKRK,CNHKO,CNHAA
OARCRCSYK,CNHKO,CNHAA
OARNCCAAK,CNHKO,CNHAA
OARCRCSYK,CNHKO,CNHAA
OARCRCSYK,CNHKO,CNHAA
OARCRAKRK,CNHKO,CNHAA
OARCRCSYK,CNHKO,CNHAA
OARNCKCGK,CNHKO,CNHAA
OARCRCSYK,CNHKO,CNHAA
OARCRAKRK,CNHKO,CNHAA
OARCRCSYK,CNHKO,CNHAA
OARNCCAAK,CNHKO,CNHAA
OARCRCSYK,CNHKO,CNHAA
OARNCKCGK,CNHKO,CNHAA
OARCRCSYK,CNHKO,CNHAA
OARCRAKRK,CNHKO,CNHAA
OARCRCSYK,CNHKO,CNHAA
OARNCCAAK,CNHKO,CNHAA
OARCRCSYK,CNHKO,CNHAA
OARNCKCGK,CNHKO,CNHAA
OARCRCSYK,CNHKO,CNHAA
OARCRAKRK,CNHKO,CNHAA
OARCRCSYK,CNHKO,CNHAA
OARNCCAAK,CNHKO,CNHAA
OARCRCSYK,CNHKO,CNHAA
OARNCKCGK,CNHKO,CNHAA
OARCRCSYK,CNHKO,CNHAA
OARCRAKRK,CNHKO,CNHAA
OARCRCSYK,CNHKO,CNHAA
OARNCCAAK,CNHKO,CNHAA
OARCRCSYK,CNHKO,CNHAA
OARCRAKRK,CNHKO,CNHAA
OARCRCSYK,CNHKO,CNHAA
OARNCKCGK,CNHKO,CNHAA
OARCRCSYK,CNHKO,CNHAA
OARCRAKRK,CNHKO,CNHAA
OARCRCSYK,CNHKO,CNHAA
OARNCCAAK,CNHKO,CNHAA
OARCRCSYK,CNHKO,CNHAA
OARNCKCGK,CNHKO,CNHAA
OARCRCSYK,CNHKO,CNHAA
OARCRAKRK,CNHKO,CNHAA
OARCRCSYK,CNHKO,CNHAA
OARCRAKRK,CNHKO,CNHAA
OARCRCSYK,CNHKO,CNHAA
OARNCCAAK,CNHKO,CNHAA
OARCRCSYK,CNHKO,CNHAA
OARCRAKRK,CNHKO,CNHAA
OARCRCSYK,CNHKO,CNHAA
OARNCKCGK,CNHKO,CNHAA
OARCRCSYK,CNHKO,CNHAA
OARNCCAAK,CNHKO,CNHAA
OARCRCSYK,CNHKO,CNHAA
OARCRAKRK,CNHKO,CNHAA
OARCRCSYK,CNHKO,CNHAA
OARCRCSYK,CNHKO,CNHAA
OARCRAKRK,CNHKO,CNHAA
OARCRCSYK,CNHKO,CNHAA
OARCRCSYK,CNHKO,CNHAA
OARCRCSYK,CNHKO,CNHAA
OARNCKCGK,CNHKO,CNHAA
OARCRCSYK,CNHKO,CNHAA
OARCRAKRK,CNHKO,CNHAA
OARCRCSYK,CNHKO,CNHAA
OARNCCAAK,CNHKO,CNHAA
OARCRCSYK,CNHKO,CNHAA
OARCRAKRK,CNHKO,CNHAA
OARCRCSYK,CNHKO,CNHAA
OARNCKCGK,CNHKO,CNHAA
OARCRCSYK,CNHKO,CNHAA
OARCRAKRK,CNHKO,CNHAA
OARCRCSYK,CNHKO,CNHAA
OARNCCAAK,CNHKO,CNHAA
OARNCKCGK,CNHKO,CNHAA
OARCRCSYK,CNHKO,CNHAA
OARNCCAAK,CNHKO,CNHAA
OARCRCSYK,CNHKO,CNHAA
OARCRAKRK,CNHKO,CNHAA
OARCRCSYK,CNHKO,CNHAA
OARCRCSYK,CNHKO,CNHAA
OARCRAKRK,CNHKO,CNHAA
OARCRCSYK,CNHKO,CNHAA
OARNCKCGK,CNHKO,CNHAA
OARCRAKRK,CNHKO,CNHAA
OARCRCSYK,CNHKO,CNHAA
OARNCCAAK,CNHKO,CNHAA
OARCRCSYK,CNHKO,CNHAA
OARCRAKRK,CNHKO,CNHAA
OARCRCSYK,CNHKO,CNHAA
OARNCKCGK,CNHKO,CNHAA
OARNCCAAK,CNHKO,CNHAA
OARCRCSYK,CNHKO,CNHAA
OARCRCSYK,CNHKO,CNHAA
OARCRAKRK,CNHKO,CNHAA
OARCRCSYK,CNHKO,CNHAA
OARNCKCGK,CNHKO,CNHAA
OARCRCSYK,CNHKO,CNHAA
OARCRAKRK,CNHKO,CNHAA
OARCRCSYK,CNHKO,CNHAA
OARNCCAAK,CNHKO,CNHAA
OARCRAKRK,CNHKO,CNHAA
OARCRCSYK,CNHKO,CNHAA
OARNCKCGK,CNHKO,CNHAA
OARCRCSYK,CNHKO,CNHAA
OARCRAKRK,CNHKO,CNHAA
OARCRCSYK,CNHKO,CNHAA
OARNCCAAK,CNHKO,CNHAA
OARCRCSYK,CNHKO,CNHAA
OARCRAKRK,CNHKO,CNHAA
OARCRCSYK,CNHKO,CNHAA
OARNCAACK,CNHKO,CNHAA
OARCRCSYK,CNHKO,CNHAA
OARNCKCGK,CNHKO,CNHAA
OARCRCSYK,CNHKO,CNHAA
OARCRAKRK,CNHKO,CNHAA
OARCRCSYK,CNHKO,CNHAA
OARNCCAAK,CNHKO,CNHAA
OARCRCSYK,CNHKO,CNHAA
OARCRAKRK,CNHKO,CNHAA
OARCRRRSK,CNHKO,CNHAA
OARNCKCGK,CNHKO,CNHAA
OARCRRRSK,CNHKO,CNHAA
OARCRAKRK,CNHKO,CNHAA
OARCRRRSK,CNHKO,CNHAA
OARNCCAAK,CNHKO,CNHAA
OARCRRRSK,CNHKO,CNHAA
OARCRAKRK,CNHKO,CNHAA
OARCRRRSK,CNHKO,CNHAA
OARNCKCGK,CNHKO,CNHAA
OARCRRRSK,CNHKO,CNHAA
OARNCCAAK,CNHKO,CNHAA
OARCRRRSK,CNHKO,CNHAA
OARCRAKRK,CNHKO,CNHAA
OARCRRRSK,CNHKO,CNHAA
OARNCKCGK,CNHKO,CNHAA
OARCRRRSK,CNHKO,CNHAA
OARCRAKRK,CNHKO,CNHAA
OARCRRRSK,CNHKO,CNHAA
OARCRAKRK,CNHKO,CNHAA
OARCRRRSK,CNHKO,CNHAA
OARCRRRSK,CNHKO,CNHAA
OARNCCAAK,CNHKO,CNHAA
OARCRAKRK,CNHKO,CNHAA
OARNCKCGK,CNHKO,CNHAA
OARNCCAAK,CNHKO,CNHAA
OARCRAKRK,CNHKO,CNHAA
OARCRRRSK,CNHKO,CNHAA
OARNCKCGK,CNHKO,CNHAA
OARCRRRSK,CNHKO,CNHAA
OARCRRRSK,CNHKO,CNHAA
OARCRRRSK,CNHKO,CNHAA
OARCRRRSK,CNHKO,CNHAA
OARCRRRSK,CNHKO,CNHAA
OARNCAACK,CNHKO,CNHAA
OARCRRRSK,CNHKO,CNHAA
OARCRRRSK,CNHKO,CNHAA
OARNCCAAK,CNHKO,CNHAA
OARCRRRSK,CNHKO,CNHAA
OARCRRRSK,CNHKO,CNHAA
OARNCKCGK,CNHKO,CNHAA
OARCRRRSK,CNHKO,CNHAA
OARCRRRSK,CNHKO,CNHAA
OARCRAKRK,CNHKO,CNHAA
OARCRRRSK,CNHKO,CNHAA
OARCRRRSK,CNHKO,CNHAA
OARNCCAAK,CNHKO,CNHAA
OARCRRRSK,CNHKO,CNHAA
OARCRAKRK,CNHKO,CNHAA
OARCRRRSK,CNHKO,CNHAA
OARCRRRSK,CNHKO,CNHAA
OARNCCOSK,CNHKO,CNHAA
OARNCKCGK,CNHKO,CNHAA
OARNCCOSK,CNHKO,CNHAA
OARCRAKRK,CNHKO,CNHAA
OARNCCOSK,CNHKO,CNHAA
OARNCCAAK,CNHKO,CNHAA
OARNCCOSK,CNHKO,CNHAA
OARCRAKRK,CNHKO,CNHAA
OARNCCOSK,CNHKO,CNHAA
OARNCKCGK,CNHKO,CNHAA
OARNCCOSK,CNHKO,CNHAA
OARCRAKRK,CNHKO,CNHAA
OARNCCOSK,CNHKO,CNHAA
OARNCCAAK,CNHKO,CNHAA
OARNCCOSK,CNHKO,CNHAA
OARCRAKRK,CNHKO,CNHAA
OARNCCOSK,CNHKO,CNHAA
OARNCKCGK,CNHKO,CNHAA
OARNCCOSK,CNHKO,CNHAA
OARCRAKRK,CNHKO,CNHAA
OARNCCAAK,CNHKO,CNHAA
OARNCCOSK,CNHKO,CNHAA
OARCRAKRK,CNHKO,CNHAA
OARNCCOSK,CNHKO,CNHAA
OARNCKCGK,CNHKO,CNHAA
OARNCCOSK,CNHKO,CNHAA
OARCRAKRK,CNHKO,CNHAA
OARNCCOSK,CNHKO,CNHAA
OARNCCAAK,CNHKO,CNHAA
OARNCCOSK,CNHKO,CNHAA
OARCRAKRK,CNHKO,CNHAA
OARNCCOSK,CNHKO,CNHAA
OARCRAKRK,CNHKO,CNHAA
OARNCCOSK,CNHKO,CNHAA
OARNCKCGK,CNHKO,CNHAA
OARNCCOSK,CNHKO,CNHAA
OARCRAKRK,CNHKO,CNHAA
OARNCCOSK,CNHKO,CNHAA
OARNCCAAK,CNHKO,CNHAA
OARNCCOSK,CNHKO,CNHAA
OARNCKCGK,CNHKO,CNHAA
OARNCCOSK,CNHKO,CNHAA
OARCRAKRK,CNHKO,CNHAA
OARNCCOSK,CNHKO,CNHAA
OARNCCAAK,CNHKO,CNHAA
OARNCCOSK,CNHKO,CNHAA
OARCRAKRK,CNHKO,CNHAA
OARNCCOSK,CNHKO,CNHAA
OARNCKCGK,CNHKO,CNHAA
OARNCCOSK,CNHKO,CNHAA
OARCRAKRK,CNHKO,CNHAA
OARNCCOSK,CNHKO,CNHAA
OARNCCAAK,CNHKO,CNHAA
OARNCCOSK,CNHKO,CNHAA
OARCRAKRK,CNHKO,CNHAA
OARNCCOSK,CNHKO,CNHAA
OARNCKCGK,CNHKO,CNHAA
OARNCCOSK,CNHKO,CNHAA
OARCRAKRK,CNHKO,CNHAA
OARNCCOSK,CNHKO,CNHAA
OARNCCAAK,CNHKO,CNHAA
OARCROGOK,CNHKO,CNHAA
OARCROGOK,CNHKO,CNHAA
OARNCCOSK,CNHKO,CNHAA
OARCRAKRK,CNHKO,CNHAA
OARNCCOSK,CNHKO,CNHAA
OARNCKCGK,CNHKO,CNHAA
OARNCCOSK,CNHKO,CNHAA
OARCROGOK,CNHKO,CNHAA
OARCRAKRK,CNHKO,CNHAA
OARCROGOK,CNHKO,CNHAA
OARNCCOSK,CNHKO,CNHAA
OARCROGOK,CNHKO,CNHAA
OARNCCAAK,CNHKO,CNHAA
OARNCCOSK,CNHKO,CNHAA
OARNCKCGK,CNHKO,CNHAA
OARNCCOSK,CNHKO,CNHAA
OARCROGOK,CNHKO,CNHAA
OARCRAKRK,CNHKO,CNHAA
OARCROGOK,CNHKO,CNHAA
OARNCCOSK,CNHKO,CNHAA
OARCROGOK,CNHKO,CNHAA
OARNCCAAK,CNHKO,CNHAA
OARCROGOK,CNHKO,CNHAA
OARNCCOSK,CNHKO,CNHAA
OARCROGOK,CNHKO,CNHAA
OARCRAKRK,CNHKO,CNHAA
OARCROGOK,CNHKO,CNHAA
OARCROGOK,CNHKO,CNHAA
OARCROGOK,CNHKO,CNHAA
OARCROGOK,CNHKO,CNHAA
OARCROGOK,CNHKO,CNHAA
OARCROGOK,CNHKO,CNHAA
OARCROGOK,CNHKO,CNHAA
OARCROGOK,CNHKO,CNHAA
OARCROGOK,CNHKO,CNHAA
OARNCCOSK,CNHKO,CNHAA
OARCROGOK,CNHKO,CNHAA
OARCRORYK,CNHKO,CNHAA
OARNCKCGK,CNHKO,CNHAA
OARCRORYK,CNHKO,CNHAA
OARCRORYK,CNHKO,CNHAA
OARCRORYK,CNHKO,CNHAA
OARCRORYK,CNHKO,CNHAA
OARNCCOSK,CNHKO,CNHAA
OARCRAKRK,CNHKO,CNHAA
OARNCCOSK,CNHKO,CNHAA
OARNCCAAK,CNHKO,CNHAA
OARNCCOSK,CNHKO,CNHAA
OARCRAKRK,CNHKO,CNHAA
OARNCCOSK,CNHKO,CNHAA
OARNCKCGK,CNHKO,CNHAA
OARCRORYK,CNHKO,CNHAA
OARNCCOSK,CNHKO,CNHAA
OARCRAKRK,CNHKO,CNHAA
OARCRORYK,CNHKO,CNHAA
OARNCCOSK,CNHKO,CNHAA
OARCRORYK,CNHKO,CNHAA
OARCRORYK,CNHKO,CNHAA
OARCRORYK,CNHKO,CNHAA
OARCRORYK,CNHKO,CNHAA
OARNCCAAK,CNHKO,CNHAA
OARNCCOSK,CNHKO,CNHAA
OARCRAKRK,CNHKO,CNHAA
OARCRORYK,CNHKO,CNHAA
OARNCCOSK,CNHKO,CNHAA
OARCRORYK,CNHKO,CNHAA
OARCRORYK,CNHKO,CNHAA
OARCRORYK,CNHKO,CNHAA
OARNCKCGK,CNHKO,CNHAA
OARNCCOSK,CNHKO,CNHAA
OARCRORYK,CNHKO,CNHAA
OARCRAKRK,CNHKO,CNHAA
OARNCCOSK,CNHKO,CNHAA
OARCRORYK,CNHKO,CNHAA
OARNCCAAK,CNHKO,CNHAA
OARNCCOSK,CNHKO,CNHAA
OARCRORYK,CNHKO,CNHAA
OARCRAKRK,CNHKO,CNHAA
OARCRORYK,CNHKO,CNHAA
OARCRORYK,CNHKO,CNHAA
OARCRORYK,CNHKO,CNHAA
OARCRORYK,CNHKO,CNHAA
OARNCCOSK,CNHKO,CNHAA
OARCRORYK,CNHKO,CNHAA
OARNCKCGK,CNHKO,CNHAA
OARCRORYK,CNHKO,CNHAA
OARNCCOSK,CNHKO,CNHAA
OARCRORYK,CNHKO,CNHAA
OARCRAKRK,CNHKO,CNHAA
OARCRORYK,CNHKO,CNHAA
OARNCCOSK,CNHKO,CNHAA
OARCRORYK,CNHKO,CNHAA
OARNCCAAK,CNHKO,CNHAA
OARCRORYK,CNHKO,CNHAA
OARNCCOSK,CNHKO,CNHAA
OARCRORYK,CNHKO,CNHAA
OARCRAKRK,CNHKO,CNHAA
OARCRORYK,CNHKO,CNHAA
OARNCCOSK,CNHKO,CNHAA
OARCRORYK,CNHKO,CNHAA
OARNCKCGK,CNHKO,CNHAA
OARCRORYK,CNHKO,CNHAA
OARNCCOSK,CNHKO,CNHAA
OARCRORYK,CNHKO,CNHAA
OARCRORYK,CNHKO,CNHAA
OARCRORYK,CNHKO,CNHAA
OARCRORYK,CNHKO,CNHAA
OARCRORYK,CNHKO,CNHAA
OARCRORYK,CNHKO,CNHAA
OARCRORYK,CNHKO,CNHAA
OARCRAKRK,CNHKO,CNHAA
OARCRORYK,CNHKO,CNHAA
OARCRORYK,CNHKO,CNHAA
OARCRORYK,CNHKO,CNHAA
OARCRORYK,CNHKO,CNHAA
OARCRORYK,CNHKO,CNHAA
OARNCCOSK,CNHKO,CNHAA
OARCRORYK,CNHKO,CNHAA
OARCRORYK,CNHKO,CNHAA
OARNCCAAK,CNHKO,CNHAA
OARNCCOSK,CNHKO,CNHAA
OARCRRGNK,CNHKO,CNHAA
OARCRAKRK,CNHKO,CNHAA
OARNCCOSK,CNHKO,CNHAA
OARNCKCGK,CNHKO,CNHAA
OARNCCOSK,CNHKO,CNHAA
OARCRAKRK,CNHKO,CNHAA
OARNCCOSK,CNHKO,CNHAA
OARNCCAAK,CNHKO,CNHAA
OARNCCOSK,CNHKO,CNHAA
OARCRRGNK,CNHKO,CNHAA
OARCRAKRK,CNHKO,CNHAA
OARCRRGNK,CNHKO,CNHAA
OARNCCOSK,CNHKO,CNHAA
OARNCKCGK,CNHKO,CNHAA
OARCRRGNK,CNHKO,CNHAA
OARCRRGNK,CNHKO,CNHAA
OARNCCOSK,CNHKO,CNHAA
OARCRAKRK,CNHKO,CNHAA
OARNCCOSK,CNHKO,CNHAA
OARNCCAAK,CNHKO,CNHAA
OARNCCOSK,CNHKO,CNHAA
OARCRRGNK,CNHKO,CNHAA
OARCRAKRK,CNHKO,CNHAA
OARCRRGNK,CNHKO,CNHAA
OARNCCOSK,CNHKO,CNHAA
OARNCKCGK,CNHKO,CNHAA
OARCRRGNK,CNHKO,CNHAA
OARNCCOSK,CNHKO,CNHAA
OARCRRGNK,CNHKO,CNHAA
OARCRRGNK,CNHKO,CNHAA
OARCRRGNK,CNHKO,CNHAA
OARNCCAAK,CNHKO,CNHAA
OARNCCOSK,CNHKO,CNHAA
OARCRRGNK,CNHKO,CNHAA
OARCRRGNK,CNHKO,CNHAA
OARCRRGNK,CNHKO,CNHAA
OARCRAKRK,CNHKO,CNHAA
OARCRRGNK,CNHKO,CNHAA
OARNCCOSK,CNHKO,CNHAA
OARCRRGNK,CNHKO,CNHAA
OARCRRGNK,CNHKO,CNHAA
OARCRRGNK,CNHKO,CNHAA
OARCRRGNK,CNHKO,CNHAA
OARCRRGNK,CNHKO,CNHAA
OARNCKCGK,CNHKO,CNHAA
OARCRRGCK,CNHKO,CNHAA
OARNCCOSK,CNHKO,CNHAA
OARCRRGCK,CNHKO,CNHAA
OARCRAKRK,CNHKO,CNHAA
OARCRRGCK,CNHKO,CNHAA
OARCRRGCK,CNHKO,CNHAA
OARNCCOSK,CNHKO,CNHAA
OARCRRGCK,CNHKO,CNHAA
OARCRRGCK,CNHKO,CNHAA
OARCRRGCK,CNHKO,CNHAA
OARNCCAAK,CNHKO,CNHAA
OARCRRGCK,CNHKO,CNHAA
OARCRRGCK,CNHKO,CNHAA
OARCRRGCK,CNHKO,CNHAA
OARCRRGCK,CNHKO,CNHAA
OARNCCOSK,CNHKO,CNHAA
OARCRAKRK,CNHKO,CNHAA
OARNCCOSK,CNHKO,CNHAA
OARCRRGCK,CNHKO,CNHAA
OARNCCAAK,CNHKO,CNHAA
OARNCCOSK,CNHKO,CNHAA
OARCRRGCK,CNHKO,CNHAA
OARCRAKRK,CNHKO,CNHAA
OARCRRGCK,CNHKO,CNHAA
OARCRRGCK,CNHKO,CNHAA
OARNCCOSK,CNHKO,CNHAA
OARCRRGCK,CNHKO,CNHAA
OARNCKCGK,CNHKO,CNHAA
OARNCCOSK,CNHKO,CNHAA
OARCRRGCK,CNHKO,CNHAA
OARCRAKRK,CNHKO,CNHAA
OARNCCOSK,CNHKO,CNHAA
OARCRRGCK,CNHKO,CNHAA
OARCRRGCK,CNHKO,CNHAA
OARNCCAAK,CNHKO,CNHAA
OARNCCOSK,CNHKO,CNHAA
OARCRRGCK,CNHKO,CNHAA
OARCRAKRK,CNHKO,CNHAA
OARCRRGCK,CNHKO,CNHAA
OARNCCOSK,CNHKO,CNHAA
OARCRRGCK,CNHKO,CNHAA
OARCRRGCK,CNHKO,CNHAA
OARCRRGCK,CNHKO,CNHAA
OARCRRGCK,CNHKO,CNHAA
OARCRRGCK,CNHKO,CNHAA
OARCRRGCK,CNHKO,CNHAA
OARCRRGCK,CNHKO,CNHAA
OARCRRGCK,CNHKO,CNHAA
OARNCKCGK,CNHKO,CNHAA
OARCRRGCK,CNHKO,CNHAA
OARNCCOSK,CNHKO,CNHAA
OARCRRGCK,CNHKO,CNHAA
OARCRAKRK,CNHKO,CNHAA
OARNCCOSK,CNHKO,CNHAA
OARNCCAAK,CNHKO,CNHAA
OARCRRNYK,CNHKO,CNHAA
OARNCCOSK,CNHKO,CNHAA
OARCRRNYK,CNHKO,CNHAA
OARNCKCGK,CNHKO,CNHAA
OARCRRNYK,CNHKO,CNHAA
OARNCCOSK,CNHKO,CNHAA
OARCRRNYK,CNHKO,CNHAA
OARCRRNYK,CNHKO,CNHAA
OARCRRNYK,CNHKO,CNHAA
OARCRAKRK,CNHKO,CNHAA
OARNCCOSK,CNHKO,CNHAA
OARNCCAAK,CNHKO,CNHAA
OARCRRNYK,CNHKO,CNHAA
OARNCCOSK,CNHKO,CNHAA
OARCRRNYK,CNHKO,CNHAA
OARCRAKRK,CNHKO,CNHAA
OARCRRNYK,CNHKO,CNHAA
OARCRRNYK,CNHKO,CNHAA
OARNCCOSK,CNHKO,CNHAA
OARCRRNYK,CNHKO,CNHAA
OARNCKCGK,CNHKO,CNHAA
OARNCCOSK,CNHKO,CNHAA
OARCRRNYK,CNHKO,CNHAA
OARCRRNYK,CNHKO,CNHAA
OARCRAKRK,CNHKO,CNHAA
OARCRRNYK,CNHKO,CNHAA
OARNCCOSK,CNHKO,CNHAA
OARCRRNYK,CNHKO,CNHAA
OARNCCAAK,CNHKO,CNHAA
OARCRRNYK,CNHKO,CNHAA
OARCRRNYK,CNHKO,CNHAA
OARCRRNYK,CNHKO,CNHAA
OARCRRNYK,CNHKO,CNHAA
OARNCCOSK,CNHKO,CNHAA
OARCRAKRK,CNHKO,CNHAA
OARNCCOSK,CNHKO,CNHAA
OARCRRNSK,CNHKO,CNHAA
OARNCKCGK,CNHKO,CNHAA
OARCRRNSK,CNHKO,CNHAA
OARNCCOSK,CNHKO,CNHAA
OARCRRNSK,CNHKO,CNHAA
OARCRAKRK,CNHKO,CNHAA
OARCRRNSK,CNHKO,CNHAA
OARNCCOSK,CNHKO,CNHAA
OARCRRNSK,CNHKO,CNHAA
OARNCCAAK,CNHKO,CNHAA
OARCRRNSK,CNHKO,CNHAA
OARNCCOSK,CNHKO,CNHAA
OARCRRNSK,CNHKO,CNHAA
OARCRAKRK,CNHKO,CNHAA
OARCRRNSK,CNHKO,CNHAA
OARNCCOSK,CNHKO,CNHAA
OARCRRNSK,CNHKO,CNHAA
OARCRRNSK,CNHKO,CNHAA
OARNCKCGK,CNHKO,CNHAA
OARCRRNSK,CNHKO,CNHAA
OARCRRNSK,CNHKO,CNHAA
OARCRRNSK,CNHKO,CNHAA
OARNCCOSK,CNHKO,CNHAA
OARCRAKRK,CNHKO,CNHAA
OARNCCOSK,CNHKO,CNHAA
OARNCCAAK,CNHKO,CNHAA
OARCRRNSK,CNHKO,CNHAA
OARCRRNSK,CNHKO,CNHAA
OARNCCOSK,CNHKO,CNHAA
OARCRRNSK,CNHKO,CNHAA
OARCRAKRK,CNHKO,CNHAA
OARCRRNSK,CNHKO,CNHAA
OARNCCOSK,CNHKO,CNHAA
OARCRRNSK,CNHKO,CNHAA
OARNCKCGK,CNHKO,CNHAA
OARCRRNSK,CNHKO,CNHAA
OARNCCOSK,CNHKO,CNHAA
OARCRRNSK,CNHKO,CNHAA
OARCRAKRK,CNHKO,CNHAA
OARCRRNSK,CNHKO,CNHAA
OARNCCOSK,CNHKO,CNHAA
OARCRRNSK,CNHKO,CNHAA
OARNCCAAK,CNHKO,CNHAA
OARNCCOSK,CNHKO,CNHAA
OARNCCOSK,CNHKO,CNHAA
OARCRAKRK,CNHKO,CNHAA
OARCRRNSK,CNHKO,CNHAA
OARNCCOSK,CNHKO,CNHAA
OARCRRNSK,CNHKO,CNHAA
OARNCKCGK,CNHKO,CNHAA
OARCRRNSK,CNHKO,CNHAA
OARNCCOSK,CNHKO,CNHAA
OARCRAKRK,CNHKO,CNHAA
OARNCCOSK,CNHKO,CNHAA
OARNCCAAK,CNHKO,CNHAA
OARNCCOSK,CNHKO,CNHAA
OARCRRRFK,CNHKO,CNHAA
OARCRRRFK,CNHKO,CNHAA
OARCRRRFK,CNHKO,CNHAA
OARCRRRFK,CNHKO,CNHAA
OARCRAKRK,CNHKO,CNHAA
OARCRRRFK,CNHKO,CNHAA
OARCRRRFK,CNHKO,CNHAA
OARCRRRFK,CNHKO,CNHAA
OARNCCOSK,CNHKO,CNHAA
OARNCKCGK,CNHKO,CNHAA
OARNCCOSK,CNHKO,CNHAA
OARCRAKRK,CNHKO,CNHAA
OARCRRRFK,CNHKO,CNHAA
OARNCCOSK,CNHKO,CNHAA
OARCRRRFK,CNHKO,CNHAA
OARNCCAAK,CNHKO,CNHAA
OARNCCOSK,CNHKO,CNHAA
OARCRAKRK,CNHKO,CNHAA
OARNCCOSK,CNHKO,CNHAA
OARNCKCGK,CNHKO,CNHAA
OARNCCOSK,CNHKO,CNHAA
OARCRRRFK,CNHKO,CNHAA
OARCRAKRK,CNHKO,CNHAA
OARNCCOSK,CNHKO,CNHAA
OARNCCAAK,CNHKO,CNHAA
OARNCCOSK,CNHKO,CNHAA
OARCRAKRK,CNHKO,CNHAA
OARCRRRFK,CNHKO,CNHAA
OARNCCOSK,CNHKO,CNHAA
OARCRRRFK,CNHKO,CNHAA
OARNCKCGK,CNHKO,CNHAA
OARCRRRFK,CNHKO,CNHAA
OARNCCOSK,CNHKO,CNHAA
OARCRRRFK,CNHKO,CNHAA
OARCRAKRK,CNHKO,CNHAA
OARCRRRFK,CNHKO,CNHAA
OARNCCOSK,CNHKO,CNHAA
OARCRRRFK,CNHKO,CNHAA
OARCRRRFK,CNHKO,CNHAA
OARCRRRFK,CNHKO,CNHAA
OARCRRRFK,CNHKO,CNHAA
OARCRRRFK,CNHKO,CNHAA
OARCRRRFK,CNHKO,CNHAA
OARCRRRFK,CNHKO,CNHAA
OARNCCAAK,CNHKO,CNHAA
OARCRRRFK,CNHKO,CNHAA
OARCRRRFK,CNHKO,CNHAA
OARCRRRFK,CNHKO,CNHAA
OARNCCOSK,CNHKO,CNHAA
OARCRAKRK,CNHKO,CNHAA
OARCRRRFK,CNHKO,CNHAA
OARNCCOSK,CNHKO,CNHAA
OARCRRRFK,CNHKO,CNHAA
OARCRRRFK,CNHKO,CNHAA
OARNCKCGK,CNHKO,CNHAA
OARNCCOSK,CNHKO,CNHAA
OARCRRRFK,CNHKO,CNHAA
OARCRRRFK,CNHKO,CNHAA
OARCRAKRK,CNHKO,CNHAA
OARCRRRFK,CNHKO,CNHAA
OARNCCOSK,CNHKO,CNHAA
OARNCCAAK,CNHKO,CNHAA
OARCRRRGK,CNHKO,CNHAA
OARNCCOSK,CNHKO,CNHAA
OARCRRRGK,CNHKO,CNHAA
OARCRRRGK,CNHKO,CNHAA
OARCRRRGK,CNHKO,CNHAA
OARCRRRGK,CNHKO,CNHAA
OARCRAKRK,CNHKO,CNHAA
OARNCCOSK,CNHKO,CNHAA
OARCRRRGK,CNHKO,CNHAA
OARCRRRGK,CNHKO,CNHAA
OARNCKCGK,CNHKO,CNHAA
OARNCCOSK,CNHKO,CNHAA
OARCRRRGK,CNHKO,CNHAA
OARCRAKRK,CNHKO,CNHAA
OARCRRRGK,CNHKO,CNHAA
OARCRRRGK,CNHKO,CNHAA
OARCRRRGK,CNHKO,CNHAA
OARNCCOSK,CNHKO,CNHAA
OARCRRRGK,CNHKO,CNHAA
OARNCAACK,CNHKO,CNHAA
OARCRRRGK,CNHKO,CNHAA
OARCRRRGK,CNHKO,CNHAA
OARNCCOSK,CNHKO,CNHAA
OARCRRRGK,CNHKO,CNHAA
OARCRAKRK,CNHKO,CNHAA
OARNCCOSK,CNHKO,CNHAA
OARCRRRGK,CNHKO,CNHAA
OARNCKCGK,CNHKO,CNHAA
OARNCCOSK,CNHKO,CNHAA
OARCRRRGK,CNHKO,CNHAA
OARCRAKRK,CNHKO,CNHAA
OARCRRRGK,CNHKO,CNHAA
OARNCCOSK,CNHKO,CNHAA
OARCRRRGK,CNHKO,CNHAA
OARNCCAAK,CNHKO,CNHAA
OARNCCOSK,CNHKO,CNHAA
OARCRAKRK,CNHKO,CNHAA
OARCRRRGK,CNHKO,CNHAA
OARNCCOSK,CNHKO,CNHAA
OARNCKCGK,CNHKO,CNHAA
OARNCCOSK,CNHKO,CNHAA
OARCRRRGK,CNHKO,CNHAA
OARCRAKRK,CNHKO,CNHAA
OARCRRRGK,CNHKO,CNHAA
OARNCCOSK,CNHKO,CNHAA
OARCRRRGK,CNHKO,CNHAA
OARCRRRGK,CNHKO,CNHAA
OARNCCAAK,CNHKO,CNHAA
OARCRRRGK,CNHKO,CNHAA
OARNCCOSK,CNHKO,CNHAA
OARCRRRGK,CNHKO,CNHAA
OARCRAKRK,CNHKO,CNHAA
OARCRRRGK,CNHKO,CNHAA
OARNCCOSK,CNHKO,CNHAA
OARCRRRGK,CNHKO,CNHAA
OARNCKCGK,CNHKO,CNHAA
OARNCCOSK,CNHKO,CNHAA
OARCRAKRK,CNHKO,CNHAA
OARNCCOSK,CNHKO,CNHAA
OARCRAKRK,CNHKO,CNHAA
OARCRRRGK,CNHKO,CNHAA
OARNCCOSK,CNHKO,CNHAA
OARCRRRGK,CNHKO,CNHAA
OARNCCAAK,CNHKO,CNHAA
OARCRRRGK,CNHKO,CNHAA
OARNCCOSK,CNHKO,CNHAA
OARCRRRGK,CNHKO,CNHAA
OARCRAKRK,CNHKO,CNHAA
OARCRRRGK,CNHKO,CNHAA
OARNCCOSK,CNHKO,CNHAA
OARCRRRGK,CNHKO,CNHAA
OARCRAKRK,CNHKO,CNHAA
OARCRRRGK,CNHKO,CNHAA
OARNCCOSK,CNHKO,CNHAA
OARCRRRGK,CNHKO,CNHAA
OARNCKCGK,CNHKO,CNHAA
OARCRRRGK,CNHKO,CNHAA
OARNCCOSK,CNHKO,CNHAA
OARCRRRGK,CNHKO,CNHAA
OARNCCAAK,CNHKO,CNHAA
OARCRRRGK,CNHKO,CNHAA
OARNCCOSK,CNHKO,CNHAA
OARCRRRGK,CNHKO,CNHAA
OARCRAKRK,CNHKO,CNHAA
OARNCCOSK,CNHKO,CNHAA
OARCRRRGK,CNHKO,CNHAA
OARNCKCGK,CNHKO,CNHAA
OARCRRRGK,CNHKO,CNHAA
OARNCCOSK,CNHKO,CNHAA
OARCRRRGK,CNHKO,CNHAA
OARCRRRGK,CNHKO,CNHAA
OARNCCAAK,CNHKO,CNHAA
OARCRRRGK,CNHKO,CNHAA
OARNCCOSK,CNHKO,CNHAA
OARCRRRGK,CNHKO,CNHAA
OARCRRNFK,CNHKO,CNHAA
OARCRRRGK,CNHKO,CNHAA
OARNCCOSK,CNHKO,CNHAA
OARCRRRGK,CNHKO,CNHAA
OARCRRNFK,CNHKO,CNHAA
OARCRRRGK,CNHKO,CNHAA
OARNCCOSK,CNHKO,CNHAA
OARCRRRGK,CNHKO,CNHAA
OARCRRNFK,CNHKO,CNHAA
OARCRRRGK,CNHKO,CNHAA
OARNCCOSK,CNHKO,CNHAA
OARCRRRGK,CNHKO,CNHAA
OARCRRNFK,CNHKO,CNHAA
OARCRRRGK,CNHKO,CNHAA
OARNCCOSK,CNHKO,CNHAA
OARCRRRGK,CNHKO,CNHAA
OARNCKCGK,CNHKO,CNHAA
OARCRRRGK,CNHKO,CNHAA
OARNCCOSK,CNHKO,CNHAA
OARCRRRGK,CNHKO,CNHAA
OARCRRNFK,CNHKO,CNHAA
OARCRRRGK,CNHKO,CNHAA
OARNCCOSK,CNHKO,CNHAA
OARCRRRGK,CNHKO,CNHAA
OARNCCAAK,CNHKO,CNHAA
OARCRRRGK,CNHKO,CNHAA
OARNCCOSK,CNHKO,CNHAA
OARCRRRGK,CNHKO,CNHAA
OARCRRNFK,CNHKO,CNHAA
OARCRRRGK,CNHKO,CNHAA
OARNCCOSK,CNHKO,CNHAA
OARCRRRGK,CNHKO,CNHAA
OARNCKCGK,CNHKO,CNHAA
OARCRRRGK,CNHKO,CNHAA
OARNCCOSK,CNHKO,CNHAA
OARCRRRGK,CNHKO,CNHAA
OARCRRNFK,CNHKO,CNHAA
OARCRRRGK,CNHKO,CNHAA
OARNCCOSK,CNHKO,CNHAA
OARCRRRGK,CNHKO,CNHAA
OARNCCAAK,CNHKO,CNHAA
OARCRRRGK,CNHKO,CNHAA
OARCRRRGK,CNHKO,CNHAA
OARCRRRGK,CNHKO,CNHAA
OARNCCOSK,CNHKO,CNHAA
OARCRRRGK,CNHKO,CNHAA
OARCRRNFK,CNHKO,CNHAA
OARCRRRGK,CNHKO,CNHAA
OARCRRRGK,CNHKO,CNHAA
OARCRRRGK,CNHKO,CNHAA
OARNCCOSK,CNHKO,CNHAA
OARCRRRGK,CNHKO,CNHAA
OARNCKCGK,CNHKO,CNHAA
OARCRRRGK,CNHKO,CNHAA
OARNCCOSK,CNHKO,CNHAA
OARCRRRGK,CNHKO,CNHAA
OARCRRNFK,CNHKO,CNHAA
OARCRRRGK,CNHKO,CNHAA
OARNCCOSK,CNHKO,CNHAA
OARCRRRGK,CNHKO,CNHAA
OARNCCAAK,CNHKO,CNHAA
OARCRRRGK,CNHKO,CNHAA
OARNCCOSK,CNHKO,CNHAA
OARCRRRGK,CNHKO,CNHAA
OARCRRNFK,CNHKO,CNHAA
OARCRRRGK,CNHKO,CNHAA
OARNCCOSK,CNHKO,CNHAA
OARCRRRGK,CNHKO,CNHAA
OARNCKCGK,CNHKO,CNHAA
OARCRRRGK,CNHKO,CNHAA
OARNCCOSK,CNHKO,CNHAA
OARCRRRGK,CNHKO,CNHAA
OARCRRNFK,CNHKO,CNHAA
OARCRRRGK,CNHKO,CNHAA
OARNCCOSK,CNHKO,CNHAA
OARCRRRGK,CNHKO,CNHAA
OARNCCAAK,CNHKO,CNHAA
OARCRRRGK,CNHKO,CNHAA
OARNCCOSK,CNHKO,CNHAA
OARCRRRGK,CNHKO,CNHAA
OARCRRNFK,CNHKO,CNHAA
OARCRRRGK,CNHKO,CNHAA
OARNCCOSK,CNHKO,CNHAA
OARCRRRGK,CNHKO,CNHAA
OARNCKCGK,CNHKO,CNHAA
OARCRRRGK,CNHKO,CNHAA
OARNCCOSK,CNHKO,CNHAA
OARCRRRGK,CNHKO,CNHAA
OARNCCAAK,CNHKO,CNHAA
OARCRRRGK,CNHKO,CNHAA
OARNCCOSK,CNHKO,CNHAA
OARCRRRGK,CNHKO,CNHAA
OARCRRRGK,CNHKO,CNHAA
OARNCCOSK,CNHKO,CNHAA
OARCRRRGK,CNHKO,CNHAA
OARCRRRGK,CNHKO,CNHAA
OARNCCOSK,CNHKO,CNHAA
OARCRRRGK,CNHKO,CNHAA
OARNCAACK,CNHKO,CNHAA
OARCRRRGK,CNHKO,CNHAA
OARNCCOSK,CNHKO,CNHAA
OARCRRRGK,CNHKO,CNHAA
OARNCCAAK,CNHKO,CNHAA
OARCRRRGK,CNHKO,CNHAA
OARNCCOSK,CNHKO,CNHAA
OARCRRRGK,CNHKO,CNHAA
OARCRRNFK,CNHKO,CNHAA
OARCRRRGK,CNHKO,CNHAA
OARNCCOSK,CNHKO,CNHAA
OARCRRRGK,CNHKO,CNHAA
OARNCKCGK,CNHKO,CNHAA
OARCRRRGK,CNHKO,CNHAA
OARCRRCOK,CNHKO,CNHAA
OARNCCOSK,CNHKO,CNHAA
OARCRRCOK,CNHKO,CNHAA
OARCRRCOK,CNHKO,CNHAA
OARCRRNFK,CNHKO,CNHAA
OARCRRCOK,CNHKO,CNHAA
OARNCCOSK,CNHKO,CNHAA
OARCRRCOK,CNHKO,CNHAA
OARNCCAAK,CNHKO,CNHAA
OARCRRCOK,CNHKO,CNHAA
OARNCCOSK,CNHKO,CNHAA
OARCRRCOK,CNHKO,CNHAA
OARCRRCOK,CNHKO,CNHAA
OARCRRCOK,CNHKO,CNHAA
OARCRRNFK,CNHKO,CNHAA
OARCRRCOK,CNHKO,CNHAA
OARCRRCOK,CNHKO,CNHAA
OARNCCOSK,CNHKO,CNHAA
OARCRRCOK,CNHKO,CNHAA
OARNCCAAK,CNHKO,CNHAA
OARCRRCOK,CNHKO,CNHAA
OARCRRCOK,CNHKO,CNHAA
OARNCCOSK,CNHKO,CNHAA
OARCRRCOK,CNHKO,CNHAA
OARCRRCOK,CNHKO,CNHAA
OARCRRCOK,CNHKO,CNHAA
OARCRRNFK,CNHKO,CNHAA
OARCRRCOK,CNHKO,CNHAA
OARCRRCOK,CNHKO,CNHAA
OARNCCOSK,CNHKO,CNHAA
OARCRRCOK,CNHKO,CNHAA
OARNCKCGK,CNHKO,CNHAA
OARCRRCOK,CNHKO,CNHAA
OARCRRCOK,CNHKO,CNHAA
OARNCCOSK,CNHKO,CNHAA
OARCRRCOK,CNHKO,CNHAA
OARCRRNFK,CNHKO,CNHAA
OARCRRCOK,CNHKO,CNHAA
OARCRRCOK,CNHKO,CNHAA
OARNCCOSK,CNHKO,CNHAA
OARCRRCOK,CNHKO,CNHAA
OARCRRCOK,CNHKO,CNHAA
OARNCCAAK,CNHKO,CNHAA
OARCRRCOK,CNHKO,CNHAA
OARNCCOSK,CNHKO,CNHAA
OARCRRCOK,CNHKO,CNHAA
OARCRRNFK,CNHKO,CNHAA
OARCRRCOK,CNHKO,CNHAA
OARCRRCOK,CNHKO,CNHAA
OARNCCOSK,CNHKO,CNHAA
OARCRRCOK,CNHKO,CNHAA
OARCRRCOK,CNHKO,CNHAA
OARNCCAAK,CNHKO,CNHAA
OARNCCOSK,CNHKO,CNHAA
OARCRRCOK,CNHKO,CNHAA
OARCRRCOK,CNHKO,CNHAA
OARCRRCOK,CNHKO,CNHAA
OARCRRCOK,CNHKO,CNHAA
OARCRRCOK,CNHKO,CNHAA
OARCRRNFK,CNHKO,CNHAA
OARCRRCOK,CNHKO,CNHAA
OARNCCOSK,CNHKO,CNHAA
OARNCKCGK,CNHKO,CNHAA
OARCRRCOK,CNHKO,CNHAA
OARNCCOSK,CNHKO,CNHAA
OARCRRCOK,CNHKO,CNHAA
OARCRRCOK,CNHKO,CNHAA
OARCRRCOK,CNHKO,CNHAA
OARCRRNFK,CNHKO,CNHAA
OARCRRCOK,CNHKO,CNHAA
OARNCCOSK,CNHKO,CNHAA
OARCRRCOK,CNHKO,CNHAA
OARNCAACK,CNHKO,CNHAA
OARNCCOSK,CNHKO,CNHAA
OARCRRCOK,CNHKO,CNHAA
OARCRRCOK,CNHKO,CNHAA
OARCRRNFK,CNHKO,CNHAA
OARCRRCOK,CNHKO,CNHAA
OARCRRCOK,CNHKO,CNHAA
OARNCCOSK,CNHKO,CNHAA
OARNCCAAK,CNHKO,CNHAA
OARCRRCOK,CNHKO,CNHAA
OARCRRCOK,CNHKO,CNHAA
OARCRRCOK,CNHKO,CNHAA
OARCRRCOK,CNHKO,CNHAA
OARCRRCOK,CNHKO,CNHAA
OARNCCOSK,CNHKO,CNHAA
OARCRRCOK,CNHKO,CNHAA
OARCRRNFK,CNHKO,CNHAA
OARCRRCOK,CNHKO,CNHAA
OARNCCOSK,CNHKO,CNHAA
OARCRRCOK,CNHKO,CNHAA
OARNCCAAK,CNHKO,CNHAA
OARCRRCOK,CNHKO,CNHAA
OARNCCOSK,CNHKO,CNHAA
OARCRRNFK,CNHKO,CNHAA
OARCRCOSK,CNHKO,CNHAA
OARNCCOSK,CNHKO,CNHAA
OARNCCAAK,CNHKO,CNHAA
OARCRCOSK,CNHKO,CNHAA
OARCRCOSK,CNHKO,CNHAA
OARNCCOSK,CNHKO,CNHAA
OARCRCOSK,CNHKO,CNHAA
OARCRRNFK,CNHKO,CNHAA
OARNCCOSK,CNHKO,CNHAA
OARCRCOSK,CNHKO,CNHAA
OARNCKCGK,CNHKO,CNHAA
OARCRCOSK,CNHKO,CNHAA
OARNCCOSK,CNHKO,CNHAA
OARCRRNFK,CNHKO,CNHAA
OARCRCOSK,CNHKO,CNHAA
OARNCCOSK,CNHKO,CNHAA
OARCRCOSK,CNHKO,CNHAA
OARNCCAAK,CNHKO,CNHAA
OARNCCOSK,CNHKO,CNHAA
OARCRCOSK,CNHKO,CNHAA
OARCRRNFK,CNHKO,CNHAA
OARCRCOSK,CNHKO,CNHAA
OARNCCOSK,CNHKO,CNHAA
OARCRCOSK,CNHKO,CNHAA
OARNCKCGK,CNHKO,CNHAA
OARNCCOSK,CNHKO,CNHAA
OARCRCOSK,CNHKO,CNHAA
OARCRRNFK,CNHKO,CNHAA
OARNCCOSK,CNHKO,CNHAA
OARCRCOSK,CNHKO,CNHAA
OARNCCAAK,CNHKO,CNHAA
OARCRCOSK,CNHKO,CNHAA
OARNCCOSK,CNHKO,CNHAA
OARCRRNFK,CNHKO,CNHAA
OARCRCOSK,CNHKO,CNHAA
OARNCCOSK,CNHKO,CNHAA
OARCRCOSK,CNHKO,CNHAA
OARCRCOSK,CNHKO,CNHAA
OARNCKCGK,CNHKO,CNHAA
OARCRCOSK,CNHKO,CNHAA
OARNCCOSK,CNHKO,CNHAA
OARCRCOSK,CNHKO,CNHAA
OARCRRNFK,CNHKO,CNHAA
OARCRCOSK,CNHKO,CNHAA
OARNCCOSK,CNHKO,CNHAA
OARCRCOSK,CNHKO,CNHAA
OARNCCAAK,CNHKO,CNHAA
OARCRCOSK,CNHKO,CNHAA
OARNCCOSK,CNHKO,CNHAA
OARCRRNFK,CNHKO,CNHAA
OARCRCOSK,CNHKO,CNHAA
OARCRCOSK,CNHKO,CNHAA
OARCRCOSK,CNHKO,CNHAA
OARCRCOSK,CNHKO,CNHAA
OARCRCOSK,CNHKO,CNHAA
OARNCCOSK,CNHKO,CNHAA
OARCRCOSK,CNHKO,CNHAA
OARCRCOSK,CNHKO,CNHAA
OARCRCOSK,CNHKO,CNHAA
OARCRCOSK,CNHKO,CNHAA
OARNCKCGK,CNHKO,CNHAA
OARCRCOSK,CNHKO,CNHAA
OARNCCOSK,CNHKO,CNHAA
OARCRCOSK,CNHKO,CNHAA
OARCRRNFK,CNHKO,CNHAA
OARCRCOSK,CNHKO,CNHAA
OARCRCOSK,CNHKO,CNHAA
OARNCCOSK,CNHKO,CNHAA
OARNCCAAK,CNHKO,CNHAA
OARCRCOSK,CNHKO,CNHAA
OARNCCOSK,CNHKO,CNHAA
OARCRCOSK,CNHKO,CNHAA
OARCRRNFK,CNHKO,CNHAA
OARCRCOSK,CNHKO,CNHAA
OARCRCOSK,CNHKO,CNHAA
OARCRCOSK,CNHKO,CNHAA
OARCRCOSK,CNHKO,CNHAA
OARNCCOSK,CNHKO,CNHAA
OARNCKCGK,CNHKO,CNHAA
OARCRCOFK,CNHKO,CNHAA
OARNCCOSK,CNHKO,CNHAA
OARCRCOFK,CNHKO,CNHAA
OARCRRNFK,CNHKO,CNHAA
OARNCCOSK,CNHKO,CNHAA
OARNCCAAK,CNHKO,CNHAA
OARNCCOSK,CNHKO,CNHAA
OARCRRNFK,CNHKO,CNHAA
OARNCCOSK,CNHKO,CNHAA
OARNCKCGK,CNHKO,CNHAA
OARCRCOFK,CNHKO,CNHAA
OARNCCOSK,CNHKO,CNHAA
OARCRCOFK,CNHKO,CNHAA
OARCRRNFK,CNHKO,CNHAA
OARCRCOFK,CNHKO,CNHAA
OARNCCOSK,CNHKO,CNHAA
OARCRCOFK,CNHKO,CNHAA
OARNCCAAK,CNHKO,CNHAA
OARCRCOFK,CNHKO,CNHAA
OARCRCOFK,CNHKO,CNHAA
OARNCCOSK,CNHKO,CNHAA
OARCRCOFK,CNHKO,CNHAA
OARCRCOFK,CNHKO,CNHAA
OARCRCOFK,CNHKO,CNHAA
OARCRRNFK,CNHKO,CNHAA
OARCRCOFK,CNHKO,CNHAA
OARNCCOSK,CNHKO,CNHAA
OARNCKCGK,CNHKO,CNHAA
OARCRCOFK,CNHKO,CNHAA
OARCRCOFK,CNHKO,CNHAA
OARNCCOSK,CNHKO,CNHAA
OARCRRNFK,CNHKO,CNHAA
OARNCCOSK,CNHKO,CNHAA
OARCRCOFK,CNHKO,CNHAA
OARNCCAAK,CNHKO,CNHAA
OARNCCOSK,CNHKO,CNHAA
OARCRRNFK,CNHKO,CNHAA
OARNCCOSK,CNHKO,CNHAA
OARNCKCGK,CNHKO,CNHAA
OARNCCOSK,CNHKO,CNHAA
OARCRRNFK,CNHKO,CNHAA
OARNCCOSK,CNHKO,CNHAA
OARNCCAAK,CNHKO,CNHAA
OARNCCOSK,CNHKO,CNHAA
OARCRCOFK,CNHKO,CNHAA
OARCRRNFK,CNHKO,CNHAA
OARNCCOSK,CNHKO,CNHAA
OARNCKCGK,CNHKO,CNHAA
OARCRCOFK,CNHKO,CNHAA
OARCRCOFK,CNHKO,CNHAA
OARNCCOSK,CNHKO,CNHAA
OARCRCOFK,CNHKO,CNHAA
OARCRCOFK,CNHKO,CNHAA
OARCRRNFK,CNHKO,CNHAA
OARNCCOSK,CNHKO,CNHAA
OARNCCAAK,CNHKO,CNHAA
OARCRAROK,CNHKO,CNHAA
OARCRAROK,CNHKO,CNHAA
OARCRAROK,CNHKO,CNHAA
OARNCCOSK,CNHKO,CNHAA
OARCRRNFK,CNHKO,CNHAA
OARCRAROK,CNHKO,CNHAA
OARNCCOSK,CNHKO,CNHAA
OARCRAROK,CNHKO,CNHAA
OARNCCAAK,CNHKO,CNHAA
OARNCCOSK,CNHKO,CNHAA
OARCRAROK,CNHKO,CNHAA
OARCRRNFK,CNHKO,CNHAA
OARNCCOSK,CNHKO,CNHAA
OARNCKCGK,CNHKO,CNHAA
OARNCCOSK,CNHKO,CNHAA
OARCRAROK,CNHKO,CNHAA
OARCRAROK,CNHKO,CNHAA
OARCRAROK,CNHKO,CNHAA
OARCRRNFK,CNHKO,CNHAA
OARCRAROK,CNHKO,CNHAA
OARCRAROK,CNHKO,CNHAA
OARNCCOSK,CNHKO,CNHAA
OARNCCAAK,CNHKO,CNHAA
OARCRAROK,CNHKO,CNHAA
OARCRAROK,CNHKO,CNHAA
OARCRAROK,CNHKO,CNHAA
OARCRAROK,CNHKO,CNHAA
OARCRAROK,CNHKO,CNHAA
OARCRAROK,CNHKO,CNHAA
OARCRAROK,CNHKO,CNHAA
OARNCCOSK,CNHKO,CNHAA
OARCRAROK,CNHKO,CNHAA
OARCRRNFK,CNHKO,CNHAA
OARCRAROK,CNHKO,CNHAA
OARCRAROK,CNHKO,CNHAA
OARNCCOSK,CNHKO,CNHAA
OARCRAROK,CNHKO,CNHAA
OARNCRAYK,CNHKO,CNHAA
OARNCRAYK,CNHKO,CNHAA
OARNCRAYK,CNHKO,CNHAA
OARNCRAYK,CNHKO,CNHAA
OARNCRAYK,CNHKO,CNHAA
OARNCRAYK,CNHKO,CNHAA
OARNCRAYK,CNHKO,CNHAA
OARNCRAYK,CNHKO,CNHAA
OARNCRAYK,CNHKO,CNHAA
OARNCRAYK,CNHKO,CNHAA
OARNCRAYK,CNHKO,CNHAA
OARNCRAYK,CNHKO,CNHAA
OARNCRAYK,CNHKO,CNHAA
OARNCRAYK,CNHKO,CNHAA
OARNCRAYK,CNHKO,CNHAA
OARNCRAYK,CNHKO,CNHAA
OARNCRAYK,CNHKO,CNHAA
OARNCRAYK,CNHKO,CNHAA
OARNCRAYK,CNHKO,CNHAA
OARNCRAYK,CNHKO,CNHAA
OARNCRAYK,CNHKO,CNHAA
OARNCRAYK,CNHKO,CNHAA
OARNCRAYK,CNHKO,CNHAA
OARNCRAYK,CNHKO,CNHAA
OARNCRAYK,CNHKO,CNHAA
OARNCRAYK,CNHKO,CNHAA
OARNCRAYK,CNHKO,CNHAA
OARNCRAYK,CNHKO,CNHAA
OARNCRAYK,CNHKO,CNHAA
OARNCRAYK,CNHKO,CNHAA
OARNCRAYK,CNHKO,CNHAA
OARNCRAYK,CNHKO,CNHAA
OARNCRAYK,CNHKO,CNHAA
OARNCRAYK,CNHKO,CNHAA
OARNCRAYK,CNHKO,CNHAA
OARNCRAYK,CNHKO,CNHAA
OARNCRAYK,CNHKO,CNHAA
OARNCRAYK,CNHKO,CNHAA
OARNCRAYK,CNHKO,CNHAA
OARNCRAYK,CNHKO,CNHAA
OARNCRAYK,CNHKO,CNHAA
OARNCRAYK,CNHKO,CNHAA
OARNCRAYK,CNHKO,CNHAA
OARNCRAYK,CNHKO,CNHAA
OARNCRAYK,CNHKO,CNHAA
OARNCRAYK,CNHKO,CNHAA
OARNCRAYK,CNHKO,CNHAA
OARNCRAYK,CNHKO,CNHAA
OARNCRAYK,CNHKO,CNHAA
OARNCRAYK,CNHKO,CNHAA
OARNCRAYK,CNHKO,CNHAA
OARNCRAYK,CNHKO,CNHAA
OARNCRAYK,CNHKO,CNHAA
OARNCRAYK,CNHKO,CNHAA
OARNCRCAK,CNHKO,CNHAA
OARNCRCAK,CNHKO,CNHAA
OARNCRCAK,CNHKO,CNHAA
OARNCRCAK,CNHKO,CNHAA
OARNCRCAK,CNHKO,CNHAA
OARNCRCAK,CNHKO,CNHAA
OARNCRCCK,CNHKO,CNHAA
OARNCRCCK,CNHKO,CNHAA
OARNCRCCK,CNHKO,CNHAA
OARNCRCCK,CNHKO,CNHAA
OARNCRCCK,CNHKO,CNHAA
OARNCRCCK,CNHKO,CNHAA
OARNCRCCK,CNHKO,CNHAA
OARNCRCCK,CNHKO,CNHAA
OARNCRCCK,CNHKO,CNHAA
OARNCRCRK,CNHKO,CNHAA
OARNCRCRK,CNHKO,CNHAA
OARNCRCRK,CNHKO,CNHAA
OARNCRCRK,CNHKO,CNHAA
OARNCRCRK,CNHKO,CNHAA
OARNCRCRK,CNHKO,CNHAA
OARNCRCRK,CNHKO,CNHAA
OARNCRORK,CNHKO,CNHAA
OARNCRORK,CNHKO,CNHAA
OARNCRORK,CNHKO,CNHAA
OARNCRORK,CNHKO,CNHAA
OARNCRORK,CNHKO,CNHAA
OARNCRORK,CNHKO,CNHAA
OARNCRORK,CNHKO,CNHAA
OARNCRORK,CNHKO,CNHAA
OARNCRORK,CNHKO,CNHAA
OARNCRORK,CNHKO,CNHAA
OARNCRORK,CNHKO,CNHAA
OARNCRORK,CNHKO,CNHAA
OARNCRORK,CNHKO,CNHAA
OARNCRORK,CNHKO,CNHAA
OARNCRORK,CNHKO,CNHAA
OARNCRORK,CNHKO,CNHAA
OARNCRORK,CNHKO,CNHAA
OARNCRORK,CNHKO,CNHAA
OARNCRORK,CNHKO,CNHAA
OARNCRORK,CNHKO,CNHAA
OARNCRORK,CNHKO,CNHAA
OARNCRORK,CNHKO,CNHAA
OARNCRORK,CNHKO,CNHAA
OARNCRORK,CNHKO,CNHAA
OARNCRORK,CNHKO,CNHAA
OARNCRORK,CNHKO,CNHAA
OARNCRORK,CNHKO,CNHAA
OARNCRORK,CNHKO,CNHAA
OARNCRORK,CNHKO,CNHAA
OARNCRORK,CNHKO,CNHAA
OARNCRORK,CNHKO,CNHAA
OARNCRORK,CNHKO,CNHAA
OARNCRORK,CNHKO,CNHAA
OARNCRORK,CNHKO,CNHAA
OARNCRORK,CNHKO,CNHAA
OARNCRORK,CNHKO,CNHAA
OARNCRORK,CNHKO,CNHAA
OARNCRORK,CNHKO,CNHAA
OARNCRORK,CNHKO,CNHAA
OARNCRORK,CNHKO,CNHAA
OARNCRORK,CNHKO,CNHAA
OARNCRORK,CNHKO,CNHAA
OARNCRORK,CNHKO,CNHAA
OARNCRORK,CNHKO,CNHAA
OARNCRORK,CNHKO,CNHAA
OARNCRORK,CNHKO,CNHAA
OARNCRORK,CNHKO,CNHAA
OARNCRORK,CNHKO,CNHAA
OARNCRORK,CNHKO,CNHAA
OARNCRORK,CNHKO,CNHAA
OARNCRORK,CNHKO,CNHAA
OARNCRORK,CNHKO,CNHAA
OARNCRORK,CNHKO,CNHAA
OARNCRORK,CNHKO,CNHAA
OARNCRORK,CNHKO,CNHAA
OARNCRORK,CNHKO,CNHAA
OARNCRORK,CNHKO,CNHAA
OARNCRORK,CNHKO,CNHAA
OARNCRORK,CNHKO,CNHAA
OARNCRORK,CNHKO,CNHAA
OARNCRORK,CNHKO,CNHAA
OARNCRORK,CNHKO,CNHAA
OARNCRORK,CNHKO,CNHAA
OARNCRORK,CNHKO,CNHAA
OARNCRORK,CNHKO,CNHAA
OARNCRORK,CNHKO,CNHAA
OARNCRORK,CNHKO,CNHAA
OARNCRORK,CNHKO,CNHAA
OARNCRORK,CNHKO,CNHAA
OARNCRORK,CNHKO,CNHAA
OARNCRORK,CNHKO,CNHAA
OARNCRORK,CNHKO,CNHAA
OARNCRORK,CNHKO,CNHAA
OARNCRORK,CNHKO,CNHAA
OARNCRORK,CNHKO,CNHAA
OARNCRORK,CNHKO,CNHAA
OARNCRORK,CNHKO,CNHAA
OARNCRORK,CNHKO,CNHAA
OARNCRORK,CNHKO,CNHAA
OARNCRORK,CNHKO,CNHAA
OARNCRORK,CNHKO,CNHAA
OARNCRORK,CNHKO,CNHAA
OARNCRORK,CNHKO,CNHAA
OARNCRORK,CNHKO,CNHAA
OARNCRORK,CNHKO,CNHAA
OARNCRORK,CNHKO,CNHAA
OARNCRORK,CNHKO,CNHAA
OARNCRORK,CNHKO,CNHAA
OARNCRORK,CNHKO,CNHAA
OARNCRORK,CNHKO,CNHAA
OARNCRORK,CNHKO,CNHAA
OARNCRORK,CNHKO,CNHAA
OARNCRORK,CNHKO,CNHAA
OARNCRORK,CNHKO,CNHAA
OARNCRORK,CNHKO,CNHAA
OARNCRORK,CNHKO,CNHAA
OARNCRORK,CNHKO,CNHAA
OARNCRORK,CNHKO,CNHAA
OARNCRORK,CNHKO,CNHAA
OARNCRORK,CNHKO,CNHAA
OARNCRORK,CNHKO,CNHAA
OARNCRORK,CNHKO,CNHAA
OARNCRORK,CNHKO,CNHAA
OARNCRORK,CNHKO,CNHAA
OARNCRORK,CNHKO,CNHAA
OARNCRORK,CNHKO,CNHAA
OARNCRORK,CNHKO,CNHAA
OARNCRORK,CNHKO,CNHAA
OARNCRORK,CNHKO,CNHAA
OARNCRORK,CNHKO,CNHAA
OARNCRORK,CNHKO,CNHAA
OARNCRORK,CNHKO,CNHAA
OARNCRORK,CNHKO,CNHAA
OARNCRORK,CNHKO,CNHAA
OARNCRORK,CNHKO,CNHAA
OARNCRORK,CNHKO,CNHAA
OARNCRORK,CNHKO,CNHAA
OARNCRORK,CNHKO,CNHAA
OARNCRORK,CNHKO,CNHAA
OARNCRORK,CNHKO,CNHAA
OARNCRORK,CNHKO,CNHAA
OARNCRORK,CNHKO,CNHAA
OARNCRORK,CNHKO,CNHAA
OARNCRORK,CNHKO,CNHAA
OARNCRORK,CNHKO,CNHAA
OARNCRORK,CNHKO,CNHAA
OARNCRORK,CNHKO,CNHAA
OARNCRORK,CNHKO,CNHAA
OARNCRORK,CNHKO,CNHAA
OARNCRORK,CNHKO,CNHAA
OARNCRORK,CNHKO,CNHAA
OARNCRORK,CNHKO,CNHAA
OARNCRORK,CNHKO,CNHAA
OARNCRORK,CNHKO,CNHAA
OARNCRORK,CNHKO,CNHAA
OARNCRORK,CNHKO,CNHAA
OARNCRORK,CNHKO,CNHAA
OARNCRORK,CNHKO,CNHAA
OARNCRORK,CNHKO,CNHAA
OARNCRORK,CNHKO,CNHAA
OARNCRORK,CNHKO,CNHAA
OARNCRORK,CNHKO,CNHAA
OARNCRORK,CNHKO,CNHAA
OARNCRORK,CNHKO,CNHAA
OARNCRORK,CNHKO,CNHAA
OARNCRORK,CNHKO,CNHAA
OARNCRORK,CNHKO,CNHAA
OARNCRORK,CNHKO,CNHAA
OARNCRORK,CNHKO,CNHAA
OARNCRORK,CNHKO,CNHAA
OARNCRORK,CNHKO,CNHAA
OARNCRORK,CNHKO,CNHAA
OARNCRORK,CNHKO,CNHAA
OARNCRORK,CNHKO,CNHAA
OARNCRORK,CNHKO,CNHAA
OARNCRORK,CNHKO,CNHAA
OARNCRORK,CNHKO,CNHAA
OARNCRORK,CNHKO,CNHAA
OARNCRORK,CNHKO,CNHAA
OARNCRORK,CNHKO,CNHAA
OARNCRORK,CNHKO,CNHAA
OARNCRORK,CNHKO,CNHAA
OARNCRORK,CNHKO,CNHAA
OARNCRORK,CNHKO,CNHAA
OARNCRORK,CNHKO,CNHAA
OARNCRORK,CNHKO,CNHAA
OARNCRORK,CNHKO,CNHAA
OARNCRORK,CNHKO,CNHAA
OARNCRORK,CNHKO,CNHAA
OARNCRORK,CNHKO,CNHAA
OARNCRORK,CNHKO,CNHAA
OARNCRORK,CNHKO,CNHAA
OARNCRORK,CNHKO,CNHAA
OARNCRORK,CNHKO,CNHAA
OARNCRORK,CNHKO,CNHAA
OARNCRORK,CNHKO,CNHAA
OARNCRORK,CNHKO,CNHAA
OARNCRORK,CNHKO,CNHAA
OARNCRORK,CNHKO,CNHAA
OARNCRORK,CNHKO,CNHAA
OARNCRORK,CNHKO,CNHAA
OARNCRORK,CNHKO,CNHAA
OARNCRORK,CNHKO,CNHAA
OARNCRORK,CNHKO,CNHAA
OARNCRORK,CNHKO,CNHAA
OARNCRORK,CNHKO,CNHAA
OARNCRORK,CNHKO,CNHAA
OARNCRORK,CNHKO,CNHAA
OARNCRORK,CNHKO,CNHAA
OARNCRORK,CNHKO,CNHAA
OARNCRORK,CNHKO,CNHAA
OARNCRORK,CNHKO,CNHAA
OARNCRORK,CNHKO,CNHAA
OARNCRORK,CNHKO,CNHAA
OARNCRORK,CNHKO,CNHAA
OARNCRORK,CNHKO,CNHAA
OARNCRORK,CNHKO,CNHAA
OARNCRORK,CNHKO,CNHAA
OARNCRORK,CNHKO,CNHAA
OARNCRORK,CNHKO,CNHAA
OARNCRORK,CNHKO,CNHAA
OARNCRORK,CNHKO,CNHAA
OARNCRORK,CNHKO,CNHAA
OARNCRORK,CNHKO,CNHAA
OARNCRORK,CNHKO,CNHAA
OARNCRORK,CNHKO,CNHAA
OARNCRORK,CNHKO,CNHAA
OARNCRORK,CNHKO,CNHAA
OARNCRORK,CNHKO,CNHAA
OARNCRORK,CNHKO,CNHAA
OARNCRORK,CNHKO,CNHAA
OARNCRORK,CNHKO,CNHAA
OARNCRORK,CNHKO,CNHAA
OARNCRORK,CNHKO,CNHAA
OARNCRORK,CNHKO,CNHAA
OARNCRORK,CNHKO,CNHAA
OARNCRORK,CNHKO,CNHAA
OARNCRORK,CNHKO,CNHAA
OARNCRORK,CNHKO,CNHAA
OARNCRORK,CNHKO,CNHAA
OARNCRORK,CNHKO,CNHAA
OARNCRORK,CNHKO,CNHAA
OARNCRORK,CNHKO,CNHAA
OARNCRORK,CNHKO,CNHAA
OARNCRORK,CNHKO,CNHAA
OARNCRORK,CNHKO,CNHAA
OARNCRORK,CNHKO,CNHAA
OARNCRORK,CNHKO,CNHAA
OARNCRORK,CNHKO,CNHAA
OARNCRORK,CNHKO,CNHAA
OARNCRORK,CNHKO,CNHAA
OARNCRORK,CNHKO,CNHAA
OARNCRORK,CNHKO,CNHAA
OARNCRORK,CNHKO,CNHAA
OARNCRORK,CNHKO,CNHAA
OARNCRORK,CNHKO,CNHAA
OARNCRYSK,CNHKO,CNHAA
OARNCRYSK,CNHKO,CNHAA
OARNCRYSK,CNHKO,CNHAA
OARNCRYSK,CNHKO,CNHAA
OARNCRYSK,CNHKO,CNHAA
OARNCRYSK,CNHKO,CNHAA
OARNCRYSK,CNHKO,CNHAA
OARNCRYSK,CNHKO,CNHAA
OARNCRYSK,CNHKO,CNHAA
OARNCRYSK,CNHKO,CNHAA
OARNCRYSK,CNHKO,CNHAA
OARNCRYSK,CNHKO,CNHAA
OARNCRYSK,CNHKO,CNHAA
OARNCRYYK,CNHKO,CNHAA
OARNCRYYK,CNHKO,CNHAA
OARNCRYYK,CNHKO,CNHAA
OARNCRYYK,CNHKO,CNHAA
OARNCRYYK,CNHKO,CNHAA
OARNCRYYK,CNHKO,CNHAA
OARNCRYYK,CNHKO,CNHAA
OARNCRYYK,CNHKO,CNHAA
OARNCRYYK,CNHKO,CNHAA
OARNCRYYK,CNHKO,CNHAA
OARNCOKAK,CNHKO,CNHAA
OARNCOKAK,CNHKO,CNHAA
OARNCOKAK,CNHKO,CNHAA
OARNCOKAK,CNHKO,CNHAA
OARNCKCGK,CNHKO,CNHAA
OARCROOAK,CNHKO,CNHAA
OARNCCOSK,CNHKO,CNHAA
OARCROOAK,CNHKO,CNHAA
OARCRRNFK,CNHKO,CNHAA
OARCROOAK,CNHKO,CNHAA
OARNCCOSK,CNHKO,CNHAA
OARCROOAK,CNHKO,CNHAA
OARNCCAAK,CNHKO,CNHAA
OARCROOAK,CNHKO,CNHAA
OARNCCOSK,CNHKO,CNHAA
OARCROOAK,CNHKO,CNHAA
OARCRRNFK,CNHKO,CNHAA
OARCROOAK,CNHKO,CNHAA
OARNCCOSK,CNHKO,CNHAA
OARCROOAK,CNHKO,CNHAA
OARCROOAK,CNHKO,CNHAA
OARNCKCGK,CNHKO,CNHAA
OARNCCOSK,CNHKO,CNHAA
OARCROOAK,CNHKO,CNHAA
OARCROOAK,CNHKO,CNHAA
OARCRRNFK,CNHKO,CNHAA
OARCROOAK,CNHKO,CNHAA
OARNCCOSK,CNHKO,CNHAA
OARCROOAK,CNHKO,CNHAA
OARCROOAK,CNHKO,CNHAA
OARNCCAAK,CNHKO,CNHAA
OARCROOAK,CNHKO,CNHAA
OARCROOAK,CNHKO,CNHAA
OARNCCOSK,CNHKO,CNHAA
OARCROOAK,CNHKO,CNHAA
OARCRRNFK,CNHKO,CNHAA
OARCROOAK,CNHKO,CNHAA
OARNCCOSK,CNHKO,CNHAA
OARCROOAK,CNHKO,CNHAA
OARNCKCGK,CNHKO,CNHAA
OARCROOAK,CNHKO,CNHAA
OARNCCOSK,CNHKO,CNHAA
OARCROOAK,CNHKO,CNHAA
OARCRRNFK,CNHKO,CNHAA
OARCROOAK,CNHKO,CNHAA
OARNCCOSK,CNHKO,CNHAA
OARCROOAK,CNHKO,CNHAA
OARNCCAAK,CNHKO,CNHAA
OARCROOAK,CNHKO,CNHAA
OARNCCOSK,CNHKO,CNHAA
OARCROOAK,CNHKO,CNHAA
OARCRRNFK,CNHKO,CNHAA
OARCROOAK,CNHKO,CNHAA
OARNCCOSK,CNHKO,CNHAA
OARCROOAK,CNHKO,CNHAA
OARNCKCGK,CNHKO,CNHAA
OARCROOAK,CNHKO,CNHAA
OARNCCOSK,CNHKO,CNHAA
OARCROOAK,CNHKO,CNHAA
OARCRRNFK,CNHKO,CNHAA
OARCROOAK,CNHKO,CNHAA
OARNCCOSK,CNHKO,CNHAA
OARCROOAK,CNHKO,CNHAA
OARNCCAAK,CNHKO,CNHAA
OARNCCOSK,CNHKO,CNHAA
OARCROOAK,CNHKO,CNHAA
OARCRRNFK,CNHKO,CNHAA
OARCROOAK,CNHKO,CNHAA
OARNCCOSK,CNHKO,CNHAA
OARCROOAK,CNHKO,CNHAA
OARNCKCGK,CNHKO,CNHAA
OARCROOAK,CNHKO,CNHAA
OARCROOAK,CNHKO,CNHAA
OARCROOAK,CNHKO,CNHAA
OARNCCOSK,CNHKO,CNHAA
OARCROOAK,CNHKO,CNHAA
OARCRRNFK,CNHKO,CNHAA
OARCROOAK,CNHKO,CNHAA
OARNCCOSK,CNHKO,CNHAA
OARCROOAK,CNHKO,CNHAA
OARNCCAAK,CNHKO,CNHAA
OARNCCOSK,CNHKO,CNHAA
OARCROOAK,CNHKO,CNHAA
OARCRRNFK,CNHKO,CNHAA
OARCROOAK,CNHKO,CNHAA
OARNCCOSK,CNHKO,CNHAA
OARCROOAK,CNHKO,CNHAA
OARNCKCGK,CNHKO,CNHAA
OARCROOAK,CNHKO,CNHAA
OARNCCOSK,CNHKO,CNHAA
OARCROOAK,CNHKO,CNHAA
OARCRRNFK,CNHKO,CNHAA
OARCROOAK,CNHKO,CNHAA
OARNCCOSK,CNHKO,CNHAA
OARCROOAK,CNHKO,CNHAA
OARNCCAAK,CNHKO,CNHAA
OARCROOAK,CNHKO,CNHAA
OARNCCOSK,CNHKO,CNHAA
OARCROOAK,CNHKO,CNHAA
OARCRRNFK,CNHKO,CNHAA
OARCROOAK,CNHKO,CNHAA
OARNCCOSK,CNHKO,CNHAA
OARCROOAK,CNHKO,CNHAA
OARNCKCGK,CNHKO,CNHAA
OARCROOAK,CNHKO,CNHAA
OARNCCOSK,CNHKO,CNHAA
OARCROOAK,CNHKO,CNHAA
OARCRRNFK,CNHKO,CNHAA
OARCROOAK,CNHKO,CNHAA
OARNCCOSK,CNHKO,CNHAA
OARCROOAK,CNHKO,CNHAA
OARNCCAAK,CNHKO,CNHAA
OARCROOAK,CNHKO,CNHAA
OARNCCOSK,CNHKO,CNHAA
OARCROOAK,CNHKO,CNHAA
OARCRRNFK,CNHKO,CNHAA
OARCROOAK,CNHKO,CNHAA
OARCROOAK,CNHKO,CNHAA
OARNCCOSK,CNHKO,CNHAA
OARCROOAK,CNHKO,CNHAA
OARNCKCGK,CNHKO,CNHAA
OARCROOAK,CNHKO,CNHAA
OARNCCOSK,CNHKO,CNHAA
OARCROOAK,CNHKO,CNHAA
OARCRRNFK,CNHKO,CNHAA
OARCROOAK,CNHKO,CNHAA
OARNCCOSK,CNHKO,CNHAA
OARCROOAK,CNHKO,CNHAA
OARNCCAAK,CNHKO,CNHAA
OARCROOAK,CNHKO,CNHAA
OARNCCOSK,CNHKO,CNHAA
OARCROOAK,CNHKO,CNHAA
OARCRRNFK,CNHKO,CNHAA
OARCROOAK,CNHKO,CNHAA
OARNCCOSK,CNHKO,CNHAA
OARCROOAK,CNHKO,CNHAA
OARNCKCGK,CNHKO,CNHAA
OARCROOAK,CNHKO,CNHAA
OARNCCOSK,CNHKO,CNHAA
OARCROOAK,CNHKO,CNHAA
OARCRRNFK,CNHKO,CNHAA
OARCROOAK,CNHKO,CNHAA
OARCROOAK,CNHKO,CNHAA
OARNCCOSK,CNHKO,CNHAA
OARCROOAK,CNHKO,CNHAA
OARNCCAAK,CNHKO,CNHAA
OARCROOAK,CNHKO,CNHAA
OARCROOAK,CNHKO,CNHAA
OARNCCOSK,CNHKO,CNHAA
OARCROOAK,CNHKO,CNHAA
OARCRRNFK,CNHKO,CNHAA
OARCROOAK,CNHKO,CNHAA
OARNCCOSK,CNHKO,CNHAA
OARCROOAK,CNHKO,CNHAA
OARNCCOSK,CNHKO,CNHAA
OARCROOAK,CNHKO,CNHAA
OARNCKCGK,CNHKO,CNHAA
OARCROOAK,CNHKO,CNHAA
OARNCCOSK,CNHKO,CNHAA
OARCROOAK,CNHKO,CNHAA
OARCROOAK,CNHKO,CNHAA
OARNCCOSK,CNHKO,CNHAA
OARCROOAK,CNHKO,CNHAA
OARCRRNFK,CNHKO,CNHAA
OARNCCAAK,CNHKO,CNHAA
OARNCCOSK,CNHKO,CNHAA
OARCROOAK,CNHKO,CNHAA
OARCRRNFK,CNHKO,CNHAA
OARCROOAK,CNHKO,CNHAA
OARNCKCGK,CNHKO,CNHAA
OARCROOAK,CNHKO,CNHAA
OARNCCOSK,CNHKO,CNHAA
OARCROOAK,CNHKO,CNHAA
OARCRRNFK,CNHKO,CNHAA
OARNCCOSK,CNHKO,CNHAA
OARCROOAK,CNHKO,CNHAA
OARCROOAK,CNHKO,CNHAA
OARNCCAAK,CNHKO,CNHAA
OARCROOAK,CNHKO,CNHAA
OARCRRNFK,CNHKO,CNHAA
OARCROOAK,CNHKO,CNHAA
OARNCCOSK,CNHKO,CNHAA
OARCROOAK,CNHKO,CNHAA
OARNCCAAK,CNHKO,CNHAA
OARCROOAK,CNHKO,CNHAA
OARNCCOSK,CNHKO,CNHAA
OARCROOAK,CNHKO,CNHAA
OARCRRNFK,CNHKO,CNHAA
OARCROOAK,CNHKO,CNHAA
OARNCCOSK,CNHKO,CNHAA
OARCROOAK,CNHKO,CNHAA
OARNCCAAK,CNHKO,CNHAA
OARCROOAK,CNHKO,CNHAA
OARNCCOSK,CNHKO,CNHAA
OARCRRNFK,CNHKO,CNHAA
OARCROOAK,CNHKO,CNHAA
OARNCCOSK,CNHKO,CNHAA
OARCROOAK,CNHKO,CNHAA
OARNCCAAK,CNHKO,CNHAA
OARCROOAK,CNHKO,CNHAA
OARNCCOSK,CNHKO,CNHAA
OARCROOAK,CNHKO,CNHAA
OARCRRNFK,CNHKO,CNHAA
OARNCCOSK,CNHKO,CNHAA
OARCROOAK,CNHKO,CNHAA
OARCROOAK,CNHKO,CNHAA
OARNCCAAK,CNHKO,CNHAA
OARNCCOSK,CNHKO,CNHAA
OARCROOAK,CNHKO,CNHAA
OARCRRNFK,CNHKO,CNHAA
OARCROOAK,CNHKO,CNHAA
OARCROOAK,CNHKO,CNHAA
OARNCCOSK,CNHKO,CNHAA
OARCROOAK,CNHKO,CNHAA
OARCROOAK,CNHKO,CNHAA
OARCROOAK,CNHKO,CNHAA
OARNCCAAK,CNHKO,CNHAA
OARCROOAK,CNHKO,CNHAA
OARCROOAK,CNHKO,CNHAA
OARCROOAK,CNHKO,CNHAA
OARCROOAK,CNHKO,CNHAA
OARCROOAK,CNHKO,CNHAA
OARNCCOSK,CNHKO,CNHAA
OARCROOAK,CNHKO,CNHAA
OARCRRNFK,CNHKO,CNHAA
OARCROOAK,CNHKO,CNHAA
OARNCCOSK,CNHKO,CNHAA
OARCROOAK,CNHKO,CNHAA
OARNCAACK,CNHKO,CNHAA
OARCROOAK,CNHKO,CNHAA
OARNCCOSK,CNHKO,CNHAA
OARCROOAK,CNHKO,CNHAA
OARNCCOSK,CNHKO,CNHAA
OARCROOAK,CNHKO,CNHAA
OARCRRNFK,CNHKO,CNHAA
OARCROOAK,CNHKO,CNHAA
OARNCCOSK,CNHKO,CNHAA
OARCROOAK,CNHKO,CNHAA
OARNCCAAK,CNHKO,CNHAA
OARCROOAK,CNHKO,CNHAA
OARCROOAK,CNHKO,CNHAA
OARNCCOSK,CNHKO,CNHAA
OARCROOAK,CNHKO,CNHAA
OARCROOAK,CNHKO,CNHAA
OARCRRNFK,CNHKO,CNHAA
OARCROOAK,CNHKO,CNHAA
OARCROOAK,CNHKO,CNHAA
OARCROOAK,CNHKO,CNHAA
OARCROOAK,CNHKO,CNHAA
OARCROOAK,CNHKO,CNHAA
OARNCCOSK,CNHKO,CNHAA
OARCROOAK,CNHKO,CNHAA
OARNCCAAK,CNHKO,CNHAA
OARNCCOSK,CNHKO,CNHAA
OARCROOAK,CNHKO,CNHAA
OARCROOAK,CNHKO,CNHAA
OARCROOAK,CNHKO,CNHAA
OARCROOAK,CNHKO,CNHAA
OARCRRNFK,CNHKO,CNHAA
OARCROOAK,CNHKO,CNHAA
OARCROOAK,CNHKO,CNHAA
OARCROOAK,CNHKO,CNHAA
OARNCCOSK,CNHKO,CNHAA
OARCROOCK,CNHKO,CNHAA
OARNCCAAK,CNHKO,CNHAA
OARCROOCK,CNHKO,CNHAA
OARCRRNFK,CNHKO,CNHAA
OARCROOCK,CNHKO,CNHAA
OARNCCOSK,CNHKO,CNHAA
OARCROOCK,CNHKO,CNHAA
OARCROOCK,CNHKO,CNHAA
OARNCCAAK,CNHKO,CNHAA
OARCROOCK,CNHKO,CNHAA
OARNCCOSK,CNHKO,CNHAA
OARCROOCK,CNHKO,CNHAA
OARCRRNFK,CNHKO,CNHAA
OARNCCAAK,CNHKO,CNHAA
OARCROOCK,CNHKO,CNHAA
OARCROOCK,CNHKO,CNHAA
OARCROOCK,CNHKO,CNHAA
OARNCCOSK,CNHKO,CNHAA
OARCROOCK,CNHKO,CNHAA
OARCRRNFK,CNHKO,CNHAA
OARCROOCK,CNHKO,CNHAA
OARNCCOSK,CNHKO,CNHAA
OARNCCAAK,CNHKO,CNHAA
OARCROOCK,CNHKO,CNHAA
OARCRRNFK,CNHKO,CNHAA
OARCROOCK,CNHKO,CNHAA
OARNCCOSK,CNHKO,CNHAA
OARCROOCK,CNHKO,CNHAA
OARNCCAAK,CNHKO,CNHAA
OARCROOCK,CNHKO,CNHAA
OARNCCOSK,CNHKO,CNHAA
OARCROOCK,CNHKO,CNHAA
OARCRRNFK,CNHKO,CNHAA
OARCROOCK,CNHKO,CNHAA
OARNCCOSK,CNHKO,CNHAA
OARCROOCK,CNHKO,CNHAA
OARNCCAAK,CNHKO,CNHAA
OARCROOCK,CNHKO,CNHAA
OARCROOCK,CNHKO,CNHAA
OARNCRASK,CNHKO,CNHAA
OARCROOCK,CNHKO,CNHAA
OARCRRNFK,CNHKO,CNHAA
OARCROOCK,CNHKO,CNHAA
OARNCCOSK,CNHKO,CNHAA
OARCROOCK,CNHKO,CNHAA
OARNCCAAK,CNHKO,CNHAA
OARCROOCK,CNHKO,CNHAA
OARCRRNFK,CNHKO,CNHAA
OARCROOCK,CNHKO,CNHAA
OARCROOCK,CNHKO,CNHAA
OARCROOCK,CNHKO,CNHAA
OARCROOCK,CNHKO,CNHAA
OARCROOOK,CNHKO,CNHAA
OARCROOCK,CNHKO,CNHAA
OARNCCAAK,CNHKO,CNHAA
OARCROOCK,CNHKO,CNHAA
OARCROOOK,CNHKO,CNHAA
OARCROOCK,CNHKO,CNHAA
OARCRRNFK,CNHKO,CNHAA
OARCROOCK,CNHKO,CNHAA
OARCROOOK,CNHKO,CNHAA
OARNCCAAK,CNHKO,CNHAA
OARCROOOK,CNHKO,CNHAA
OARCROOCK,CNHKO,CNHAA
OARCRRNFK,CNHKO,CNHAA
OARCROOCK,CNHKO,CNHAA
OARCROOOK,CNHKO,CNHAA
OARCROOCK,CNHKO,CNHAA
OARNCCAAK,CNHKO,CNHAA
OARCROOCK,CNHKO,CNHAA
OARCROOOK,CNHKO,CNHAA
OARCROOCK,CNHKO,CNHAA
OARCRRNFK,CNHKO,CNHAA
OARCROOCK,CNHKO,CNHAA
OARNCCAAK,CNHKO,CNHAA
OARCROOCK,CNHKO,CNHAA
OARCRRNFK,CNHKO,CNHAA
OARCROOCK,CNHKO,CNHAA
OARNCCAAK,CNHKO,CNHAA
OARCROOCK,CNHKO,CNHAA
OARCROOOK,CNHKO,CNHAA
OARCROOCK,CNHKO,CNHAA
OARCRRNFK,CNHKO,CNHAA
OARCROOCK,CNHKO,CNHAA
OARCROOOK,CNHKO,CNHAA
OARCROOCK,CNHKO,CNHAA
OARNCCAAK,CNHKO,CNHAA
OARCROOCK,CNHKO,CNHAA
OARCROOOK,CNHKO,CNHAA
OARCROOCK,CNHKO,CNHAA
OARCRRNFK,CNHKO,CNHAA
OARCROOCK,CNHKO,CNHAA
OARCROOOK,CNHKO,CNHAA
OARCROOCK,CNHKO,CNHAA
OARNCCAAK,CNHKO,CNHAA
OARCROOCK,CNHKO,CNHAA
OARCROOOK,CNHKO,CNHAA
OARCROOCK,CNHKO,CNHAA
OARCROOOK,CNHKO,CNHAA
OARCROOCK,CNHKO,CNHAA
OARCROOCK,CNHKO,CNHAA
OARCROOCK,CNHKO,CNHAA
OARCROOCK,CNHKO,CNHAA
OARCROOCK,CNHKO,CNHAA
OARCRRNFK,CNHKO,CNHAA
OARCROOCK,CNHKO,CNHAA
OARCROOOK,CNHKO,CNHAA
OARCROOCK,CNHKO,CNHAA
OARCROOCK,CNHKO,CNHAA
OARNCCAAK,CNHKO,CNHAA
OARCROOCK,CNHKO,CNHAA
OARCROOOK,CNHKO,CNHAA
OARCROOCK,CNHKO,CNHAA
OARCRRNFK,CNHKO,CNHAA
OARCROOCK,CNHKO,CNHAA
OARCROOOK,CNHKO,CNHAA
OARCROOCK,CNHKO,CNHAA
OARNCCAAK,CNHKO,CNHAA
OARCROOCK,CNHKO,CNHAA
OARCRRNFK,CNHKO,CNHAA
OARCROOCK,CNHKO,CNHAA
OARCROOOK,CNHKO,CNHAA
OARCROOCK,CNHKO,CNHAA
OARNCCAAK,CNHKO,CNHAA
OARCROOCK,CNHKO,CNHAA
OARCROOOK,CNHKO,CNHAA
OARCROOCK,CNHKO,CNHAA
OARCRRNFK,CNHKO,CNHAA
OARCROOCK,CNHKO,CNHAA
OARCROOOK,CNHKO,CNHAA
OARCROOCK,CNHKO,CNHAA
OARNCCAAK,CNHKO,CNHAA
OARCROOCK,CNHKO,CNHAA
OARCROOOK,CNHKO,CNHAA
OARCROOCK,CNHKO,CNHAA
OARCRRNFK,CNHKO,CNHAA
OARCROOCK,CNHKO,CNHAA
OARCROOOK,CNHKO,CNHAA
OARCROOCK,CNHKO,CNHAA
OARCROOCK,CNHKO,CNHAA
OARCROOCK,CNHKO,CNHAA
OARCROOCK,CNHKO,CNHAA
OARCROOCK,CNHKO,CNHAA
OARCROOCK,CNHKO,CNHAA
OARCROOCK,CNHKO,CNHAA
OARCROOCK,CNHKO,CNHAA
OARNCCAAK,CNHKO,CNHAA
OARCROOOK,CNHKO,CNHAA
OARCRRNFK,CNHKO,CNHAA
OARCROOCK,CNHKO,CNHAA
OARCROOOK,CNHKO,CNHAA
OARCROOCK,CNHKO,CNHAA
OARNCCAAK,CNHKO,CNHAA
OARCROOCK,CNHKO,CNHAA
OARCROOOK,CNHKO,CNHAA
OARCROOCK,CNHKO,CNHAA
OARCRRNFK,CNHKO,CNHAA
OARCROOCK,CNHKO,CNHAA
OARCROOOK,CNHKO,CNHAA
OARCROOCK,CNHKO,CNHAA
OARCRRNFK,CNHKO,CNHAA
OARCROOCK,CNHKO,CNHAA
OARCROOOK,CNHKO,CNHAA
OARCROOCK,CNHKO,CNHAA
OARNCCAAK,CNHKO,CNHAA
OARCROOCK,CNHKO,CNHAA
OARCROOOK,CNHKO,CNHAA
OARCROOCK,CNHKO,CNHAA
OARCRRNFK,CNHKO,CNHAA
OARCROOCK,CNHKO,CNHAA
OARCROOOK,CNHKO,CNHAA
OARCROOCK,CNHKO,CNHAA
OARCRRNFK,CNHKO,CNHAA
OARCROOCK,CNHKO,CNHAA
OARCROOOK,CNHKO,CNHAA
OARCROOCK,CNHKO,CNHAA
OARNCCAAK,CNHKO,CNHAA
OARCROOCK,CNHKO,CNHAA
OARCROOOK,CNHKO,CNHAA
OARCROOCK,CNHKO,CNHAA
OARCROOCK,CNHKO,CNHAA
OARCRRNFK,CNHKO,CNHAA
OARCROOCK,CNHKO,CNHAA
OARCROOOK,CNHKO,CNHAA
OARCROOCK,CNHKO,CNHAA
OARNCCAAK,CNHKO,CNHAA
OARCROOCK,CNHKO,CNHAA
OARCROOOK,CNHKO,CNHAA
OARCROOCK,CNHKO,CNHAA
OARCRRNFK,CNHKO,CNHAA
OARCROOCK,CNHKO,CNHAA
OARCROOOK,CNHKO,CNHAA
OARCROOCK,CNHKO,CNHAA
OARNCCAAK,CNHKO,CNHAA
OARCROOCK,CNHKO,CNHAA
OARCROOOK,CNHKO,CNHAA
OARCROOCK,CNHKO,CNHAA
OARCRRNFK,CNHKO,CNHAA
OARCROOCK,CNHKO,CNHAA
OARCROOOK,CNHKO,CNHAA
OARCROOCK,CNHKO,CNHAA
OARNCCAAK,CNHKO,CNHAA
OARCROOCK,CNHKO,CNHAA
OARCROOOK,CNHKO,CNHAA
OARCROOCK,CNHKO,CNHAA
OARCRRNFK,CNHKO,CNHAA
OARCROOCK,CNHKO,CNHAA
OARCROOOK,CNHKO,CNHAA
OARCROOCK,CNHKO,CNHAA
OARCRRNFK,CNHKO,CNHAA
OARCROORK,CNHKO,CNHAA
OARCROOOK,CNHKO,CNHAA
OARCROORK,CNHKO,CNHAA
OARNCCAAK,CNHKO,CNHAA
OARCROORK,CNHKO,CNHAA
OARCROOOK,CNHKO,CNHAA
OARCROORK,CNHKO,CNHAA
OARCRRNFK,CNHKO,CNHAA
OARCROORK,CNHKO,CNHAA
OARCROOOK,CNHKO,CNHAA
OARCROORK,CNHKO,CNHAA
OARNCCAAK,CNHKO,CNHAA
OAOKFGKKK,CNHKO,CNRIZ
OARNCCAAK,CNHKO,CNSDG
OARNCRORK,CNHKO,CNSDG
OARNCCRYK,CNHKO,CNSYA
OARNCOKAK,CNHKO,CNSYA
OARNCRCRK,CNHKO,CNZHA
OARNCRASK,CNHKO,CNZHA
OACNCCCSK,CNHKO,CNZHA
OARNCOKAK,CNHKO,CNZHA
OARNCCRYK,CNHKO,CNZHA
OARCRRRGK,CNHKO,CNZHA
OARNCRASK,CNHKO,CNZHA
OARNCRCAK,CNHKO,CNZHA
OARRGSKKK,CNHKO,SGSGP
OARNCFKSK,CNHKO,SGSGP
OAOFKYKKK,CNHLD,CNHUA
OAOFCRKKK,CNHLD,CNJIT
OAOKFFKKK,CNHLD,CNLYG
OAOFKYKKK,CNHLD,CNQHD
OAOFCRKKK,CNHLD,CNQHD
OARCNYFSK,CNHLD,CNTAZ
OAOFCRKKK,CNHLD,CNZJG
OAOFKYKKK,CNHLD,CNZJG
OFFARFSKK,CNHPU,CNBAO
OARACYKKK,CNHPU,CNCFD
OAOAYYKKK,CNHPU,CNCFD
OARAARKKK,CNHPU,CNCFD
OARACYKKK,CNHPU,CNCFD
OAOFSNKKK,CNHPU,CNCFD
OARACRKKK,CNHPU,CNCFD
OACNYYKKK,CNHPU,CNCFD
OFFSNKOKK,CNHPU,CNFAN
OAOOYNKKK,CNHPU,CNGLA
OACNFKKKK,CNHPU,CNGLA
OAOAKAKKK,CNHPU,CNGLA
OARCOSKKK,CNHPU,CNGUA
OARAANKKK,CNHPU,CNGUA
OARAARKKK,CNHPU,CNGUA
OARAANKKK,CNHPU,CNGUA
OAOAACKKK,CNHPU,CNHUA
OARNFYKKK,CNHPU,CNHUA
OARARNKKK,CNHPU,CNHUA
OARARNKKK,CNHPU,CNHUA
OACRNRKKK,CNHPU,CNHUA
OARAYNKKK,CNHPU,CNHUA
OARAYYKKK,CNHPU,CNHUA
OARASNKKK,CNHPU,CNHUA
OARKFFKKK,CNHPU,CNHUA
OARAYOKKK,CNHPU,CNHUA
OARKFFKKK,CNHPU,CNHUA
OAOFSGKKK,CNHPU,CNJIN
OACNYYKKK,CNHPU,CNJIT
OARKKRKKK,CNHPU,CNJIT
OARNFYKKK,CNHPU,CNJIT
OAOFCFKKK,CNHPU,CNJIT
OACNFKKKK,CNHPU,CNJIT
OAOAFOKKK,CNHPU,CNLYG
OARAYAKKK,CNHPU,CNLYW
OACNGFKKK,CNHPU,CNLYW
OAOCCRKKK,CNHPU,CNLYW
OARYRSKKK,CNHPU,CNLYW
OACRNRKKK,CNHPU,CNLYW
OACNYYKKK,CNHPU,CNLYW
OARASGKKK,CNHPU,CNLYW
OACFOCKKK,CNHPU,CNLYW
OARNFYKKK,CNHPU,CNLYW
OARNFYKKK,CNHPU,CNLYW
OARASGKKK,CNHPU,CNMEZ
OACNNGKKK,CNHPU,CNMEZ
OAOCCRKKK,CNHPU,CNMEZ
OACRNRKKK,CNHPU,CNMJS
OARACCKKK,CNHPU,CNNBO
OARAYNKKK,CNHPU,CNNBO
OARASNKKK,CNHPU,CNNBO
OARKKRKKK,CNHPU,CNNDE
OAOCFCKKK,CNHPU,CNPLI
OARAANKKK,CNHPU,CNQHD
OARACRKKK,CNHPU,CNQHD
OARAAYKKK,CNHPU,CNQHD
OARAAAKKK,CNHPU,CNQHD
OARSRFKKK,CNHPU,CNQHD
OARAYOKKK,CNHPU,CNQHD
OARKKRKKK,CNHPU,CNQHD
OARAANKKK,CNHPU,CNQHD
OARARNKKK,CNHPU,CNQHD
OARAASKKK,CNHPU,CNQIZ
OARACRKKK,CNHPU,CNRIZ
OAROYCONK,CNHPU,CNSHA
OACNNGKKK,CNHPU,CNSHE
OARKFSKKK,CNHPU,CNSLH
OARAANKKK,CNHPU,CNTJN
OFFNNYFKK,CNHPU,CNXIA
OACOFRKAK,CNHPU,CNYAN
OFFCAFSKK,CNHPU,CNYPG
OAROYKOAK,CNHPU,CNZHA
OAOFASKKK,CNHPU,CNZHA
OAOFSOKKK,CNHPU,CNZHA
OAOCCRKKK,CNHPU,CNZOS
RNFKCNKKK,CNHPU,HKHKG
OFFKFAYKK,CNHPU,HKHKG
OAOFNRKKK,CNHPU,IDBAL
OAOAFOKKK,CNHPU,IDPNK
OARRRGKKK,CNHPU,IDPNK
OACKROKKK,CNHPU,PHSMA
OARRRFKKK,CNHPU,PHSMA
RNAFKKKKK,CNHPU,PHSMA
OAOFKSKKK,CNHPU,VNCAM
OARSYGKKK,CNHPU,VNCAM
OARSYGKKK,CNHPU,VNCAM
OAOKFYKKK,CNHPU,VNCAM
OFFRNACKK,CNHUA,AUDPR
OFFKCRAKK,CNHUA,AUPHE
OFFYCNGKK,CNHUA,AUPHE
OFFYCNGKK,CNHUA,AUPHE
OFFKYYNKK,CNHUA,AUPHE
OFFFKSSKK,CNHUA,AUPHE
OFFFAFAKK,CNHUA,AUPHE
OFFGYGNKK,CNHUA,AUPHE
OARCYRNNK,CNHUA,CN1087
OARCAYKYK,CNHUA,CN1087
OARANOKKK,CNHUA,CN1087
OARCYRNNK,CNHUA,CN1087
OARANCKKK,CNHUA,CN1087
OARANGKKK,CNHUA,CN9014
OARCOFKKK,CNHUA,CN9014
OARARFKKK,CNHUA,CN9014
OARCOSKKK,CNHUA,CN9014
OARANGKKK,CNHUA,CN9014
OARANGKKK,CNHUA,CN9014
OAOFCYKKK,CNHUA,CN9862
OAOFSOKKK,CNHUA,CN9862
OARANGKKK,CNHUA,CN9862
OACOFRKKK,CNHUA,CN9862
OAOFFNKKK,CNHUA,CNBAO
OAOKNSKKK,CNHUA,CNBAO
OAOFFNKKK,CNHUA,CNBAO
OAOFFNKKK,CNHUA,CNBAO
OAOFFNKKK,CNHUA,CNBAO
OAOFFNKKK,CNHUA,CNBAO
OARACYKKK,CNHUA,CNBAO
OAOFFNKKK,CNHUA,CNBAO
OARKFFKKK,CNHUA,CNBAO
OAOFFNKKK,CNHUA,CNBAO
OAOFFNKKK,CNHUA,CNBAO
OAOFFNKKK,CNHUA,CNBAO
OAOFFNKKK,CNHUA,CNBAO
OAOFFNKKK,CNHUA,CNBAO
OAOFFNKKK,CNHUA,CNBAO
OAOFFNKKK,CNHUA,CNBAO
OAOFFNKKK,CNHUA,CNBAO
OARFRGKKK,CNHUA,CNBAO
OAOFFNKKK,CNHUA,CNBAO
OACAOYKKK,CNHUA,CNBHI
OAOAYYKKK,CNHUA,CNBYQ
OARRGKKKK,CNHUA,CNBYQ
OARAGKKKK,CNHUA,CNBYQ
OARSYRKKK,CNHUA,CNBYQ
OAOFCYKKK,CNHUA,CNBYQ
OAOFSGKKK,CNHUA,CNCFD
OARRFGRYK,CNHUA,CNCFD
OARCAYKYK,CNHUA,CNCFD
OAOFOKKKK,CNHUA,CNCFD
OARYCGKKK,CNHUA,CNCFD
OARACCKKK,CNHUA,CNCFD
OARYFYKKK,CNHUA,CNCFD
OARCAYKYK,CNHUA,CNCFD
OARCSSAAK,CNHUA,CNCFD
OACFFNKKK,CNHUA,CNCFD
OACFOCKKK,CNHUA,CNCFD
OFFGGNAKK,CNHUA,CNCFD
OAOACRKKK,CNHUA,CNCHS
OARCGANGK,CNHUA,CNCHZ
OARCGANGK,CNHUA,CNCHZ
OAOFFNKKK,CNHUA,CNCJK
OAOFFRKKK,CNHUA,CNCJK
OARCNYFSK,CNHUA,CNCJK
OARCGANRK,CNHUA,CNCJK
OAOFFRKKK,CNHUA,CNCJK
OARYFYKKK,CNHUA,CNCJK
OARCNYFSK,CNHUA,CNCJK
OAOFFRKKK,CNHUA,CNCJK
OAOFFRKKK,CNHUA,CNCJK
OAOFFNKKK,CNHUA,CNCJK
OACFOCKKK,CNHUA,CNCJK
OAOFKYKKK,CNHUA,CNCJK
OARYFYKKK,CNHUA,CNCJK
OAOFFNKKK,CNHUA,CNCJK
OAOFFFKKK,CNHUA,CNCJK
OARCGANRK,CNHUA,CNCJK
OARSRFKKK,CNHUA,CNCJK
OAOFFSKKK,CNHUA,CNCJK
OAOFFNKKK,CNHUA,CNCJK
OAOFKYKKK,CNHUA,CNCJK
OAOFCGKKK,CNHUA,CNCJK
OAOFSKKKK,CNHUA,CNCJK
OARSRFKKK,CNHUA,CNCJK
OAOFCGKKK,CNHUA,CNCJK
OARGYCKKK,CNHUA,CNCJK
OAOFFNKKK,CNHUA,CNCJK
OARYSYKKK,CNHUA,CNCJK
OARYSYKKK,CNHUA,CNCJK
OAOFCRKKK,CNHUA,CNCJK
OAOFFRKKK,CNHUA,CNCJK
OACFNAKKK,CNHUA,CNCZH
OARCGANRK,CNHUA,CNDAF
OARCGAYNK,CNHUA,CNDAF
OARCGAYNK,CNHUA,CNDAF
OARCGAROK,CNHUA,CNDAF
OARCGAROK,CNHUA,CNDAF
OARCGAROK,CNHUA,CNDAF
OARCGAROK,CNHUA,CNDAF
OARCGAOFK,CNHUA,CNDAF
OARCGAOFK,CNHUA,CNDAF
OARCGANFK,CNHUA,CNDAF
OARCGANSK,CNHUA,CNDAF
OARCGCORK,CNHUA,CNDAF
OARRRYKKK,CNHUA,CNDAL
OARACCKKK,CNHUA,CNDAL
OAROCOKKK,CNHUA,CNDAL
OARCGORSK,CNHUA,CNDAL
OARCGORSK,CNHUA,CNDAL
OARCGORSK,CNHUA,CNDAL
OARCGORSK,CNHUA,CNDAL
OARACCKKK,CNHUA,CNDAL
OARCGORSK,CNHUA,CNDAL
OARAYYKKK,CNHUA,CNDAL
OARARNKKK,CNHUA,CNDAL
OARCGORSK,CNHUA,CNDAL
OARARNKKK,CNHUA,CNDAL
OARKFFKKK,CNHUA,CNDAL
OARKFFKKK,CNHUA,CNDAL
OARKFFKKK,CNHUA,CNDAL
OARKFFKKK,CNHUA,CNDAL
OARKFFKKK,CNHUA,CNDAL
OARKFFKKK,CNHUA,CNDAL
OARKFFKKK,CNHUA,CNDAL
OARARNKKK,CNHUA,CNDAL
OARCGORSK,CNHUA,CNDAL
OARANOKKK,CNHUA,CNDAL
OARACCKKK,CNHUA,CNDAL
OAOFCYKKK,CNHUA,CNDAL
OARCGORSK,CNHUA,CNDAL
OARCGORSK,CNHUA,CNDAL
OARANCKKK,CNHUA,CNDAL
OARACCKKK,CNHUA,CNDAL
OARAYAKKK,CNHUA,CNDAL
OARACCKKK,CNHUA,CNDAL
OACNYYKKK,CNHUA,CNDAL
OARACCKKK,CNHUA,CNDAL
OARACCKKK,CNHUA,CNDAL
OARYNGKKK,CNHUA,CNDDG
OARCGORSK,CNHUA,CNDDG
OARSYRKKK,CNHUA,CNDDG
OAOFCGKKK,CNHUA,CNDJK
OARCAYKYK,CNHUA,CNDJK
OACFOCKKK,CNHUA,CNDNG
OACRNRKKK,CNHUA,CNDNG
OACAFGKKK,CNHUA,CNFAN
OACKSOKKK,CNHUA,CNFAN
OAOKKYKKK,CNHUA,CNFAN
OACKNGKKK,CNHUA,CNFAN
OACKSOKKK,CNHUA,CNFAN
OARCGANFK,CNHUA,CNFUN
OACCSYKKK,CNHUA,CNGLA
OACKNGKKK,CNHUA,CNGLA
OACKNGKKK,CNHUA,CNGLA
OACKNGKKK,CNHUA,CNGLA
OACKNGKKK,CNHUA,CNGLA
OARNFYKKK,CNHUA,CNGLA
OACKSOKKK,CNHUA,CNGLA
OACKNGKKK,CNHUA,CNGLA
OACKNGKKK,CNHUA,CNGLA
OACAOYKKK,CNHUA,CNGLA
OACKSOKKK,CNHUA,CNGLA
OACKNGKKK,CNHUA,CNGLA
OACKNGKKK,CNHUA,CNGLA
OARRRGKKK,CNHUA,CNGUA
OARAARKKK,CNHUA,CNGUA
OARKKRKKK,CNHUA,CNGUA
OARNFYKKK,CNHUA,CNHPU
OARAYYKKK,CNHUA,CNHPU
OAOCCRKKK,CNHUA,CNHPU
OARAYOKKK,CNHUA,CNHPU
OARKFSKKK,CNHUA,CNHPU
OARRRFKKK,CNHUA,CNHPU
OARACRKKK,CNHUA,CNHPU
OARARNKKK,CNHUA,CNHPU
OARKKRKKK,CNHUA,CNHPU
OARAYNKKK,CNHUA,CNHPU
OARKFFKKK,CNHUA,CNHPU
OAOAACKKK,CNHUA,CNHPU
OARASNKKK,CNHUA,CNHPU
OACRNRKKK,CNHUA,CNHPU
OAOOOSKKK,CNHUA,CNHUI
OARCGAROK,CNHUA,CNHUI
OARAARKKK,CNHUA,CNHUI
OACNYYKKK,CNHUA,CNHUI
OARAAYKKK,CNHUA,CNHUI
OARAARKKK,CNHUA,CNHUI
OARCGAOFK,CNHUA,CNHUI
OARAARKKK,CNHUA,CNHUI
OARCGARFK,CNHUA,CNHUI
OAOFNNKKK,CNHUA,CNHUI
OARAARKKK,CNHUA,CNHUI
OARCGANSK,CNHUA,CNHUI
OARAAYKKK,CNHUA,CNHUI
OARCGANSK,CNHUA,CNHUI
OARCGANSK,CNHUA,CNHUI
OARCGARFK,CNHUA,CNHUI
OAOFFRKKK,CNHUA,CNJIA
OARCGCORK,CNHUA,CNJIA
OARRFGRYK,CNHUA,CNJIA
OARYSYKKK,CNHUA,CNJIA
OAOFFRKKK,CNHUA,CNJIA
OAOFCGKKK,CNHUA,CNJIA
OARACRKKK,CNHUA,CNJIA
OARYSYKKK,CNHUA,CNJIA
OARYSYKKK,CNHUA,CNJIA
OAOFFRKKK,CNHUA,CNJIA
OAOFFRKKK,CNHUA,CNJIA
OAOFCRKKK,CNHUA,CNJIA
OAOFFRKKK,CNHUA,CNJIA
OARCGAROK,CNHUA,CNJIA
OAOFSKKKK,CNHUA,CNJIA
OAOFNKKKK,CNHUA,CNJIA
OARCGCORK,CNHUA,CNJIA
OACNFKKKK,CNHUA,CNJIA
OARYSYKKK,CNHUA,CNJIA
OAOFFRKKK,CNHUA,CNJIA
OAOFFRKKK,CNHUA,CNJIA
OAOFFRKKK,CNHUA,CNJIA
OAOFFRKKK,CNHUA,CNJIA
OAOFFRKKK,CNHUA,CNJIA
OAOFFFKKK,CNHUA,CNJIA
OAOCNSKKK,CNHUA,CNJIA
OARCYFGAK,CNHUA,CNJIA
OAOFFRKKK,CNHUA,CNJIA
OARYSYKKK,CNHUA,CNJIJ
OARCGCORK,CNHUA,CNJIJ
OARYSYKKK,CNHUA,CNJIJ
OARCGCNSK,CNHUA,CNJIJ
OARYSYKKK,CNHUA,CNJIJ
OAOFFOKKK,CNHUA,CNJIJ
OARCGCNSK,CNHUA,CNJIJ
OARYSYKKK,CNHUA,CNJIJ
OARCGARNK,CNHUA,CNJIJ
OAOANGKKK,CNHUA,CNJIJ
OARCGANSK,CNHUA,CNJIJ
OAOFORKKK,CNHUA,CNJIJ
OAOANGKKK,CNHUA,CNJIJ
OAOANGKKK,CNHUA,CNJIJ
OARCGCNSK,CNHUA,CNJIJ
OARCGAROK,CNHUA,CNJIJ
OARYSYKKK,CNHUA,CNJIJ
OARYSYKKK,CNHUA,CNJIJ
OARCGCORK,CNHUA,CNJIJ
OAOFNKKKK,CNHUA,CNJIJ
OARCGCORK,CNHUA,CNJIJ
OARYSYKKK,CNHUA,CNJIJ
OARCGCNSK,CNHUA,CNJIJ
OARCGANRK,CNHUA,CNJIJ
OARCGCORK,CNHUA,CNJIJ
OARYSYKKK,CNHUA,CNJIJ
OARYFYKKK,CNHUA,CNJIJ
OARCGCNSK,CNHUA,CNJIJ
OARCGCNSK,CNHUA,CNJIJ
OARCGANOK,CNHUA,CNJIJ
OARCGCORK,CNHUA,CNJIJ
OAOFOOKKK,CNHUA,CNJIJ
OARCGCNSK,CNHUA,CNJIJ
OARYSYKKK,CNHUA,CNJIJ
OARCGCNSK,CNHUA,CNJIJ
OARRFGRYK,CNHUA,CNJIJ
OARCGCNSK,CNHUA,CNJIJ
OARCGCORK,CNHUA,CNJIJ
OARCGCNSK,CNHUA,CNJIJ
OARYSYKKK,CNHUA,CNJIJ
OARYSYKKK,CNHUA,CNJIJ
OARCGCORK,CNHUA,CNJIJ
OACOFRKKK,CNHUA,CNJIN
OARCGANSK,CNHUA,CNJIN
OAOFNNKKK,CNHUA,CNJIN
OARAGKKKK,CNHUA,CNJIN
OARANGKKK,CNHUA,CNJIN
OARARGKKK,CNHUA,CNJIN
OARARGKKK,CNHUA,CNJIN
OARGGKKKK,CNHUA,CNJIT
OARAYAKKK,CNHUA,CNJIT
OAOFACKKK,CNHUA,CNJIT
OARCGAOFK,CNHUA,CNLKU
OACAYYKKK,CNHUA,CNLKU
OARCGANSK,CNHUA,CNLKU
OAOFKNKKK,CNHUA,CNLKU
OACAYYKKK,CNHUA,CNLKU
OACAYYKKK,CNHUA,CNLKU
OACAYYKKK,CNHUA,CNLKU
OACAYYKKK,CNHUA,CNLKU
OACAYYKKK,CNHUA,CNLKU
OACAYYKKK,CNHUA,CNLKU
OARCGAOFK,CNHUA,CNLKU
OACAYYKKK,CNHUA,CNLKU
OACAYYKKK,CNHUA,CNLKU
OACAYYKKK,CNHUA,CNLKU
OACAYYKKK,CNHUA,CNLKU
OACAYYKKK,CNHUA,CNLKU
OACAYYKKK,CNHUA,CNLKU
OACAYYKKK,CNHUA,CNLKU
OACAYYKKK,CNHUA,CNLKU
OARRKCNCK,CNHUA,CNLVS
OARRKCNCK,CNHUA,CNLVS
OARRKCNCK,CNHUA,CNLVS
OARCGCRFK,CNHUA,CNLYG
OARAYFKKK,CNHUA,CNLYG
OACROOKKK,CNHUA,CNLYG
OARRKAKKK,CNHUA,CNLYW
OARCGANFK,CNHUA,CNMEZ
OARCGARNK,CNHUA,CNMEZ
OARGGKKKK,CNHUA,CNMEZ
OARCGANOK,CNHUA,CNMEZ
OAOFNNKKK,CNHUA,CNMEZ
OARCGARNK,CNHUA,CNMEZ
OARAAAKKK,CNHUA,CNMEZ
OARCGANOK,CNHUA,CNMEZ
OARCGANFK,CNHUA,CNMEZ
OARCGANSK,CNHUA,CNMEZ
OARCGANSK,CNHUA,CNMEZ
OARCGANFK,CNHUA,CNMEZ
OAOAGSKKK,CNHUA,CNMEZ
OARAAYKKK,CNHUA,CNMWN
OACNYYKKK,CNHUA,CNNBO
OACACOKKK,CNHUA,CNNBO
OARCGARNK,CNHUA,CNNBO
OARASGKKK,CNHUA,CNNBO
OARCGCNSK,CNHUA,CNNBO
OARASYKKK,CNHUA,CNNBO
OARCGANFK,CNHUA,CNNBO
OARCGARFK,CNHUA,CNNBO
OARCGARNK,CNHUA,CNNBO
OARCGANFK,CNHUA,CNNBO
OARCGARNK,CNHUA,CNNBO
OARACCKKK,CNHUA,CNNBO
OACFGNKKK,CNHUA,CNNBO
OARCGANNK,CNHUA,CNNBO
OARCGANFK,CNHUA,CNNBO
OARCGANRK,CNHUA,CNNBO
OARCGARNK,CNHUA,CNNBO
OARCGANFK,CNHUA,CNNBO
OARASOKKK,CNHUA,CNNBO
OARCGANSK,CNHUA,CNNBO
OARCGANSK,CNHUA,CNNBO
OACFGNKKK,CNHUA,CNNBO
OACNGFKKK,CNHUA,CNNBO
OARCGAROK,CNHUA,CNNBO
OARCGAROK,CNHUA,CNNBO
OAOAGGKKK,CNHUA,CNNBO
OACOFRKAK,CNHUA,CNNBO
OAOAGSKKK,CNHUA,CNNBO
OAOAGSKKK,CNHUA,CNNBO
OACFOCKKK,CNHUA,CNNBO
OARCGAYNK,CNHUA,CNNBO
OARCGARFK,CNHUA,CNNBO
OARCGANRK,CNHUA,CNNBO
OARASYKKK,CNHUA,CNNBO
OARSRFKKK,CNHUA,CNNDE
OARSRFKKK,CNHUA,CNNDE
OARCGANGK,CNHUA,CNNJG
OAOFCGKKK,CNHUA,CNNJG
OAOFORKKK,CNHUA,CNNJG
OARCGCNSK,CNHUA,CNNJG
OARCGCNSK,CNHUA,CNNJG
OARCGANGK,CNHUA,CNNJG
OARCGAOFK,CNHUA,CNNJG
OARCGANGK,CNHUA,CNNJG
OAOFCGKKK,CNHUA,CNNJG
OAOFFYKKK,CNHUA,CNNJG
OARCGANOK,CNHUA,CNNJG
OARCGCRFK,CNHUA,CNNJG
OARYFYKKK,CNHUA,CNNJG
OARCNYFSK,CNHUA,CNNJG
OARCGANOK,CNHUA,CNNJG
OAOFCGKKK,CNHUA,CNNJG
OARSYRKKK,CNHUA,CNNJG
OAOAGGKKK,CNHUA,CNNJG
OAOARYKKK,CNHUA,CNNJG
OARYFYKKK,CNHUA,CNNJG
OARRKCNAK,CNHUA,CNNJG
OARYNGKKK,CNHUA,CNNJG
OARSYRKKK,CNHUA,CNNJG
OAOAOGKKK,CNHUA,CNNJG
OAOARYKKK,CNHUA,CNNJG
OARYFYKKK,CNHUA,CNNJG
OARCGANNK,CNHUA,CNNJG
OAOFCRKKK,CNHUA,CNNJG
OARCGCORK,CNHUA,CNNJG
OAOACRKKK,CNHUA,CNNJG
OARCGANNK,CNHUA,CNNJG
OACRKCSOK,CNHUA,CNNJG
OARCGANSK,CNHUA,CNNJG
OAOACRKKK,CNHUA,CNNJG
OARCGANGK,CNHUA,CNNJG
OAOFFFKKK,CNHUA,CNNJG
OACFGNKKK,CNHUA,CNNJG
OARCGAYNK,CNHUA,CNNJG
OARCGARFK,CNHUA,CNNJG
OARCGCNSK,CNHUA,CNNJG
OAOKKOKKK,CNHUA,CNNJG
OARCGANGK,CNHUA,CNNJG
OAOFCGKKK,CNHUA,CNNJG
OARCGCNSK,CNHUA,CNNJG
OAOFCGKKK,CNHUA,CNNJG
OARCGAYNK,CNHUA,CNNJG
OARCGCNSK,CNHUA,CNNJG
OARCGANRK,CNHUA,CNNJG
OAOFORKKK,CNHUA,CNNJG
OARCGCNSK,CNHUA,CNNJG
OAOAOGKKK,CNHUA,CNNJG
OAOKFFKKK,CNHUA,CNNJG
OAOFCGKKK,CNHUA,CNNJG
OARCGANGK,CNHUA,CNNJG
OARSYRKKK,CNHUA,CNNJG
OAOFSRKKK,CNHUA,CNNJG
OAOFCGKKK,CNHUA,CNNJG
OAOAGSKKK,CNHUA,CNNJG
OARCGANFK,CNHUA,CNNJG
OAOFCGKKK,CNHUA,CNNJG
OARCGAROK,CNHUA,CNNJG
OARCGANGK,CNHUA,CNNJG
OARCNYFSK,CNHUA,CNNJG
OACFGNKKK,CNHUA,CNNTG
OARCGAOFK,CNHUA,CNNTG
OARCGAOFK,CNHUA,CNNTG
OAOFFOKKK,CNHUA,CNNTG
OARCGANSK,CNHUA,CNNTG
OARRRYKKK,CNHUA,CNNTG
OARARNKKK,CNHUA,CNNTG
OAOFCRKKK,CNHUA,CNNTG
OAOFORKKK,CNHUA,CNNTG
OARCGANRK,CNHUA,CNNTG
OARCGAOFK,CNHUA,CNNTG
OARCGCRFK,CNHUA,CNNTG
OACFNAKKK,CNHUA,CNPAN
OARSRFKKK,CNHUA,CNPAN
OARAYYKKK,CNHUA,CNPAN
OARASGKKK,CNHUA,CNPAN
OARASYKKK,CNHUA,CNPAN
OARASYKKK,CNHUA,CNQHD
OARCAYKYK,CNHUA,CNQHD
OARAOKKKK,CNHUA,CNQHD
OARRRKKKK,CNHUA,CNQHD
OACACOKKK,CNHUA,CNQIN
OACNGFKKK,CNHUA,CNQIN
OAOFKNKKK,CNHUA,CNQIN
OARARNKKK,CNHUA,CNQIZ
OARASOKKK,CNHUA,CNQIZ
OAOFAGKKK,CNHUA,CNQIZ
OACRNRKKK,CNHUA,CNQIZ
OACFFNKKK,CNHUA,CNQIZ
OACRNRKKK,CNHUA,CNQIZ
OACCSYKKK,CNHUA,CNQIZ
OAOFAGKKK,CNHUA,CNQIZ
OARYRSKKK,CNHUA,CNQIZ
OARASOKKK,CNHUA,CNQIZ
OARAYYKKK,CNHUA,CNQIZ
OARASNKKK,CNHUA,CNQIZ
OACNNGKKK,CNHUA,CNQIZ
OAOFAGKKK,CNHUA,CNQIZ
OARASNKKK,CNHUA,CNQIZ
OARASOKKK,CNHUA,CNQIZ
OACAYYKKK,CNHUA,CNQIZ
OAOFAGKKK,CNHUA,CNQIZ
OARASNKKK,CNHUA,CNQIZ
OARASNKKK,CNHUA,CNQIZ
OACFNAKKK,CNHUA,CNQIZ
OACKSOKKK,CNHUA,CNQUA
OACKSOKKK,CNHUA,CNQUA
OACAFGKKK,CNHUA,CNQUA
OFFFKSSKK,CNHUA,CNRIZ
OAOFKNKKK,CNHUA,CNSIZ
OARCYRNNK,CNHUA,CNSIZ
OARCAYKYK,CNHUA,CNSIZ
OARCAYKYK,CNHUA,CNSIZ
OARCAYKYK,CNHUA,CNSIZ
OARCAYKYK,CNHUA,CNSIZ
OAOFCYKKK,CNHUA,CNSIZ
OAOFCYKKK,CNHUA,CNSIZ
OAOFCYKKK,CNHUA,CNSIZ
OARCYRNNK,CNHUA,CNSIZ
OAOFCYKKK,CNHUA,CNSIZ
OAOFKNKKK,CNHUA,CNSIZ
OARCAYKYK,CNHUA,CNSIZ
OARCYRNNK,CNHUA,CNSIZ
OARCAYKYK,CNHUA,CNSIZ
OARCSFCFK,CNHUA,CNSIZ
OARCAYKYK,CNHUA,CNSIZ
OARCAYKYK,CNHUA,CNSIZ
OARCAYKYK,CNHUA,CNSIZ
OARCAYKYK,CNHUA,CNSIZ
OARCGAYNK,CNHUA,CNSIZ
OARCGAYNK,CNHUA,CNSIZ
OARCGAROK,CNHUA,CNSIZ
OARCGARFK,CNHUA,CNSIZ
OARCGARFK,CNHUA,CNSIZ
OARCGARFK,CNHUA,CNSIZ
OARRKCNCK,CNHUA,CNSIZ
OARCSFCFK,CNHUA,CNSIZ
OAOFKNKKK,CNHUA,CNSIZ
OAOFKNKKK,CNHUA,CNSIZ
OAOFKNKKK,CNHUA,CNSIZ
OAOFKNKKK,CNHUA,CNSIZ
OAOFKNKKK,CNHUA,CNSIZ
OAOFKNKKK,CNHUA,CNSIZ
OARCYGNRK,CNHUA,CNSTO
OARCYGNRK,CNHUA,CNSTO
OACNYYKKK,CNHUA,CNSWE
OAOFNNKKK,CNHUA,CNSWE
OAOFSRKKK,CNHUA,CNTAI
OAOFSRKKK,CNHUA,CNTAI
OARCGAYNK,CNHUA,CNTAI
OARCGANSK,CNHUA,CNTAI
OARCGAYNK,CNHUA,CNTAI
OARCGAROK,CNHUA,CNTAI
OARRRYKKK,CNHUA,CNTAI
OAOFFOKKK,CNHUA,CNTAI
OAOFNKKKK,CNHUA,CNTAI
OARFRGKKK,CNHUA,CNTAI
OARCGAYNK,CNHUA,CNTAI
OARAYYKKK,CNHUA,CNTAI
OAOFFYKKK,CNHUA,CNTAI
OARSRFKKK,CNHUA,CNTAI
OARYFYKKK,CNHUA,CNTAI
OARCGANRK,CNHUA,CNTAI
OARRRYKKK,CNHUA,CNTAI
OARSYRKKK,CNHUA,CNTAI
OARCGANOK,CNHUA,CNTAI
OARCGARNK,CNHUA,CNTAI
OARFRGKKK,CNHUA,CNTAI
OARCGANOK,CNHUA,CNTAI
OARCGANSK,CNHUA,CNTAI
OACFOCKKK,CNHUA,CNTAI
OAOFORKKK,CNHUA,CNTAI
OARFRGKKK,CNHUA,CNTAI
OARCGAOFK,CNHUA,CNTAI
OAOFOOKKK,CNHUA,CNTAI
OAOFFOKKK,CNHUA,CNTAI
OAOCNSKKK,CNHUA,CNTAI
OARCGAOFK,CNHUA,CNTAI
OAOAGGKKK,CNHUA,CNTAI
OARCGANSK,CNHUA,CNTAI
OAOFKCKKK,CNHUA,CNTAI
OAOKFGKKK,CNHUA,CNTAI
OARCGAYNK,CNHUA,CNTAI
OARCGAYNK,CNHUA,CNTAI
OAOAGGKKK,CNHUA,CNTAI
OAOFFOKKK,CNHUA,CNTAI
OAOFORKKK,CNHUA,CNTAX
OARCGAROK,CNHUA,CNTAX
OAOFSRKKK,CNHUA,CNTAX
OAOFSRKKK,CNHUA,CNTAX
OAOFFNKKK,CNHUA,CNTAZ
OAOFCRKKK,CNHUA,CNTAZ
OAOFCGKKK,CNHUA,CNTAZ
OACAOYKKK,CNHUA,CNTES
OARACRKKK,CNHUA,CNTES
OARCSFCFK,CNHUA,CNTJN
OACNFKKKK,CNHUA,CNTJN
OACACOKKK,CNHUA,CNTJN
OARCGANRK,CNHUA,CNTJN
OACOFRKAK,CNHUA,CNTJN
OARNFYKKK,CNHUA,CNTJN
OACAOYKKK,CNHUA,CNTSH
OACKSOKKK,CNHUA,CNTSH
OACAFGKKK,CNHUA,CNTSH
OACAOYKKK,CNHUA,CNTSH
OACAOYKKK,CNHUA,CNTSH
OACAFGKKK,CNHUA,CNTSH
OACAOYKKK,CNHUA,CNTSH
OACAOYKKK,CNHUA,CNTSH
OACAOYKKK,CNHUA,CNTSH
OACKSOKKK,CNHUA,CNTSH
OACAFGKKK,CNHUA,CNTSH
OACAYYKKK,CNHUA,CNTSH
OACAFGKKK,CNHUA,CNTSH
OACAOYKKK,CNHUA,CNTSH
OACAOYKKK,CNHUA,CNTSH
OACAFGKKK,CNHUA,CNTSH
OACFGNKKK,CNHUA,CNWEN
OARAYFKKK,CNHUA,CNWGQ
OARAYFKKK,CNHUA,CNWGQ
OARAYFKKK,CNHUA,CNWGQ
OARAYFKKK,CNHUA,CNWGQ
OAOFKFKKK,CNHUA,CNWGQ
OARAYFKKK,CNHUA,CNWGQ
OARAYFKKK,CNHUA,CNWGQ
OARAYFKKK,CNHUA,CNWGQ
OARAYFKKK,CNHUA,CNWGQ
OARAYFKKK,CNHUA,CNWGQ
OARAYFKKK,CNHUA,CNWGQ
OARAYFKKK,CNHUA,CNWGQ
OARASNKKK,CNHUA,CNXIA
OARCGANNK,CNHUA,CNXSN
OARCGANNK,CNHUA,CNXSN
OARCGANOK,CNHUA,CNXSN
OARCGANRK,CNHUA,CNXSN
OARCGAYNK,CNHUA,CNXSN
OARCGARSK,CNHUA,CNXSN
OARCGANRK,CNHUA,CNXSN
OARCGARSK,CNHUA,CNXSN
OARCGANRK,CNHUA,CNXSN
OARCGARSK,CNHUA,CNXSN
OARCGANRK,CNHUA,CNXSN
OARCGANRK,CNHUA,CNXSN
OARCGARSK,CNHUA,CNXSN
OARCGARSK,CNHUA,CNXSN
OACRFSFOK,CNHUA,CNXSN
OACRFSFOK,CNHUA,CNXSN
OARCGARSK,CNHUA,CNXSN
OARCGARSK,CNHUA,CNXSN
OARCGANRK,CNHUA,CNXSN
OARCGARSK,CNHUA,CNXSN
OARCGANRK,CNHUA,CNXSN
OARCGARSK,CNHUA,CNXSN
OARCGANOK,CNHUA,CNXSN
OARCGARFK,CNHUA,CNXSN
OARCGARFK,CNHUA,CNXSN
OARRKCNAK,CNHUA,CNXSN
OARCGARFK,CNHUA,CNXSN
OARRKCNCK,CNHUA,CNXSN
OARCGANOK,CNHUA,CNXSN
OAOFSCKKK,CNHUA,CNXSN
OAOFSCKKK,CNHUA,CNXSN
OAOFSCKKK,CNHUA,CNXSN
OARCGARFK,CNHUA,CNXSN
OAOFSCKKK,CNHUA,CNXSN
OAOFSCKKK,CNHUA,CNXSN
OAOFSCKKK,CNHUA,CNXSN
OAOFSCKKK,CNHUA,CNXSN
OAOFSCKKK,CNHUA,CNXSN
OARCGANNK,CNHUA,CNXSN
OAOFSCKKK,CNHUA,CNXSN
OARCGANNK,CNHUA,CNXSN
OARCGANOK,CNHUA,CNXSN
OARCGAYNK,CNHUA,CNXSN
OARCGAYNK,CNHUA,CNXSN
OARCGAYNK,CNHUA,CNXSN
OARFRGKKK,CNHUA,CNYAN
OARFRGKKK,CNHUA,CNYAN
OARFRGKKK,CNHUA,CNYAN
OARCGARNK,CNHUA,CNYAN
OARCGARNK,CNHUA,CNYAN
OARCGANOK,CNHUA,CNYAN
OARCGCOCK,CNHUA,CNYAN
OAOKFGKKK,CNHUA,CNYAN
OARCGARNK,CNHUA,CNYAN
OARCGARNK,CNHUA,CNYAN
OARCGAROK,CNHUA,CNYAN
OARCGARNK,CNHUA,CNYAN
OARRKCKSK,CNHUA,CNYAN
OARRKCKCK,CNHUA,CNYAN
OARCGARNK,CNHUA,CNYAN
OARCGANFK,CNHUA,CNYAN
OARCGANFK,CNHUA,CNYAN
OARCGANFK,CNHUA,CNYAN
OARCGARNK,CNHUA,CNYAN
OARCGANFK,CNHUA,CNYAN
OARCGARNK,CNHUA,CNYAN
OARCGARNK,CNHUA,CNYAN
OARCGANFK,CNHUA,CNYAN
OARCGANFK,CNHUA,CNYAN
OARCGANNK,CNHUA,CNYAN
OARCGANFK,CNHUA,CNYAN
OARCGANFK,CNHUA,CNYAN
OARCGANFK,CNHUA,CNYAN
OARCGANFK,CNHUA,CNYAN
OARCGANFK,CNHUA,CNYAN
OARCGAROK,CNHUA,CNYAN
OARCGANSK,CNHUA,CNYAN
OARCGAROK,CNHUA,CNYAN
OARCGANSK,CNHUA,CNYAN
OARCGAROK,CNHUA,CNYAN
OARCGANSK,CNHUA,CNYAN
OARRKCNCK,CNHUA,CNYAN
OARCGAOFK,CNHUA,CNYAN
OARCGARNK,CNHUA,CNYAN
OARCGAROK,CNHUA,CNYAN
OARCGARNK,CNHUA,CNYAN
OARCGARNK,CNHUA,CNYAN
OARCGARNK,CNHUA,CNYAN
OACFFNKKK,CNHUA,CNYJG
OARAYOKKK,CNHUA,CNYJG
OARYCGKKK,CNHUA,CNYJG
OAOAACKKK,CNHUA,CNYJG
OAOOOSKKK,CNHUA,CNYJG
OARKKRKKK,CNHUA,CNYJG
OARYCGKKK,CNHUA,CNYJG
OACNGFKKK,CNHUA,CNYJG
OARASNKKK,CNHUA,CNYJG
OACNFKKKK,CNHUA,CNYJG
OACFNAKKK,CNHUA,CNYJG
OARAYOKKK,CNHUA,CNYJG
OACNYYKKK,CNHUA,CNYJG
OARACYKKK,CNHUA,CNYJG
OACNNGKKK,CNHUA,CNYJG
OACFNAKKK,CNHUA,CNYJG
OACRNRKKK,CNHUA,CNYJG
OAOAOGKKK,CNHUA,CNYZH
OARAAAKKK,CNHUA,CNYZH
OARCGCORK,CNHUA,CNYZH
OAOAOGKKK,CNHUA,CNYZH
OARCGCNSK,CNHUA,CNYZH
OAOFFOKKK,CNHUA,CNYZH
OAOFFFKKK,CNHUA,CNYZH
OARCGAOFK,CNHUA,CNYZH
OAOFFOKKK,CNHUA,CNYZH
OACKROKKK,CNHUA,CNYZH
OAOFFFKKK,CNHUA,CNYZH
OAOFKYKKK,CNHUA,CNYZH
OARCGCORK,CNHUA,CNYZH
OAOFKYKKK,CNHUA,CNYZH
OARCGCNSK,CNHUA,CNYZH
OARCKKKKK,CNHUA,CNZHA
OARCKKKKK,CNHUA,CNZHA
OARCKKKKK,CNHUA,CNZHA
OARCKKKKK,CNHUA,CNZHA
OARCKKKKK,CNHUA,CNZHA
OARCKKKKK,CNHUA,CNZHA
OARCKKKKK,CNHUA,CNZHA
OARCKKKKK,CNHUA,CNZHA
OARCKKKKK,CNHUA,CNZHA
OARAAAKKK,CNHUA,CNZHA
OARCKKKKK,CNHUA,CNZHA
OARCGANNK,CNHUA,CNZHE
OARCGANGK,CNHUA,CNZHE
OARCGANGK,CNHUA,CNZHE
OAOFCGKKK,CNHUA,CNZHE
OAOFFNKKK,CNHUA,CNZHE
OAOFCGKKK,CNHUA,CNZHE
OARSRFKKK,CNHUA,CNZHE
OARCGANGK,CNHUA,CNZHE
OAOFCGKKK,CNHUA,CNZHE
OARCGANGK,CNHUA,CNZHE
OARCGANGK,CNHUA,CNZHE
OARCGANGK,CNHUA,CNZHE
OARCGANGK,CNHUA,CNZHE
OARCGANGK,CNHUA,CNZHE
OAOCCRKKK,CNHUA,CNZHE
OARCGCRFK,CNHUA,CNZHE
OAOFFFKKK,CNHUA,CNZHE
OAOFFFKKK,CNHUA,CNZHE
OACNGFKKK,CNHUA,CNZHE
OACNNGKKK,CNHUA,CNZHE
OAOFKYKKK,CNHUA,CNZHE
OAOFCRKKK,CNHUA,CNZHE
OAOFCRKKK,CNHUA,CNZHE
OARCGANNK,CNHUA,CNZHE
OARCGANNK,CNHUA,CNZHE
OAOFCRKKK,CNHUA,CNZHE
OACFGNKKK,CNHUA,CNZHE
OACFGNKKK,CNHUA,CNZHE
OAOAOGKKK,CNHUA,CNZHE
OARCGANOK,CNHUA,CNZHE
OAOAOGKKK,CNHUA,CNZHE
OARKFSKKK,CNHUA,CNZJG
OARKFSKKK,CNHUA,CNZJG
OARKFSKKK,CNHUA,CNZJG
OAOFFFKKK,CNHUA,CNZJG
OAOFFSKKK,CNHUA,CNZJG
OARYSYKKK,CNHUA,CNZJG
OARACCKKK,CNHUA,CNZJG
OAOFOOKKK,CNHUA,CNZJG
OARASYKKK,CNHUA,CNZJG
OARYSYKKK,CNHUA,CNZJG
OACRNRKKK,CNHUA,CNZJG
OARCGCOCK,CNHUA,CNZJG
OACNNGKKK,CNHUA,CNZJG
OAOAGGKKK,CNHUA,CNZJG
OARAYYKKK,CNHUA,CNZJG
OARKFSKKK,CNHUA,CNZJG
OAOFOOKKK,CNHUA,CNZJG
OACNGFKKK,CNHUA,CNZJG
OAOFFFKKK,CNHUA,CNZJG
OARAYNKKK,CNHUA,CNZJG
OARASNKKK,CNHUA,CNZJG
OARGYCKKK,CNHUA,CNZJG
OARGYCKKK,CNHUA,CNZJG
OARGYCKKK,CNHUA,CNZJG
OARGYCKKK,CNHUA,CNZJG
OARGYCKKK,CNHUA,CNZJG
OARCGCORK,CNHUA,CNZJG
OARGYCKKK,CNHUA,CNZJG
OARCGCNSK,CNHUA,CNZJG
OARCGCORK,CNHUA,CNZJG
OARGYCKKK,CNHUA,CNZJG
OARGYCKKK,CNHUA,CNZJG
OARCGCORK,CNHUA,CNZJG
OARGYCKKK,CNHUA,CNZJG
OARCGCORK,CNHUA,CNZJG
OARGYCKKK,CNHUA,CNZJG
OACFFNKKK,CNHUA,CNZJG
OARGYCKKK,CNHUA,CNZJG
OARCGCORK,CNHUA,CNZJG
OARGYCKKK,CNHUA,CNZJG
OAOFSKKKK,CNHUA,CNZJG
OARGYCKKK,CNHUA,CNZJG
OARGYCKKK,CNHUA,CNZJG
OAOFNKKKK,CNHUA,CNZJG
OARGYCKKK,CNHUA,CNZJG
OAOFSRKKK,CNHUA,CNZJG
OAOFNKKKK,CNHUA,CNZJG
OARSRFKKK,CNHUA,CNZJG
OARCGCOCK,CNHUA,CNZJG
OAOAGSKKK,CNHUA,CNZJG
OARCGCOCK,CNHUA,CNZJG
OARCGCORK,CNHUA,CNZJG
OACNGFKKK,CNHUA,CNZJG
OARASOKKK,CNHUA,CNZJG
OARAYYKKK,CNHUA,CNZJG
OARCGCORK,CNHUA,CNZJG
OARACYKKK,CNHUA,CNZJG
OAOANGKKK,CNHUA,CNZJG
OARYSYKKK,CNHUA,CNZJG
OAOFFOKKK,CNHUA,CNZJG
OARCGCORK,CNHUA,CNZJG
OARCGCOCK,CNHUA,CNZJG
OARKFSKKK,CNHUA,CNZJG
OARYSYKKK,CNHUA,CNZJG
OARKFSKKK,CNHUA,CNZJG
OACNYYKKK,CNHUA,CNZJG
OARCGKNRK,CNHUA,CNZOS
OARCGKNRK,CNHUA,CNZOS
OARCGKNRK,CNHUA,CNZOS
OARCGKNRK,CNHUA,CNZOS
OARCGKNRK,CNHUA,CNZOS
OAOCNSKKK,CNHUA,CNZOS
OARCGKNRK,CNHUA,CNZOS
OARCGKNRK,CNHUA,CNZOS
OARCGKNRK,CNHUA,CNZOS
OARCGKNRK,CNHUA,CNZOS
OARCGKNRK,CNHUA,CNZOS
OARCGKNRK,CNHUA,CNZOS
OAOFFFKKK,CNHUA,CNZPU
OARCGANRK,CNHUA,CNZPU
OARCNYFSK,CNHUA,CNZPU
OARAOKKKK,CNHUA,CNZPU
OARCGARSK,CNHUA,CNZPU
OARYCGKKK,CNHUA,CNZPU
OACGKOKKK,CNHUA,CNZPU
OARAYOKKK,CNHUA,CNZPU
RFAYAAKKK,CNHUA,KRYOS
OARANFKKK,CNHUI,AEZUR
OAOFANKKK,CNHUI,AUGER
OFFNYNYKK,CNHUI,AUGER
OARGSFKKK,CNHUI,AUGER
OARACKKKK,CNHUI,CN2032
OARKGYKKK,CNHUI,CN2039
OARACKKKK,CNHUI,CN2039
OARARFKKK,CNHUI,CN2039
OARACKKKK,CNHUI,CN2039
OACOFRKKK,CNHUI,CN6083
OARKFOKKK,CNHUI,CN9863
OARKGYKKK,CNHUI,CN9863
OARKFOKKK,CNHUI,CN9863
OARANGKKK,CNHUI,CN9878
OARKFOKKK,CNHUI,CN9878
OARAFSKKK,CNHUI,CN9878
OARAARKKK,CNHUI,CNCFD
OARAARKKK,CNHUI,CNCFD
OARAARKKK,CNHUI,CNCFD
OARAAAKKK,CNHUI,CNCFD
OARAARKKK,CNHUI,CNCFD
OARAAAKKK,CNHUI,CNCFD
OACOFFFOK,CNHUI,CNCHZ
OAROONGSK,CNHUI,CNCJK
OAROONGSK,CNHUI,CNCJK
OACOFGOCK,CNHUI,CNCJK
OACOFFFOK,CNHUI,CNCJK
OAROONGSK,CNHUI,CNCJK
OACOFGOCK,CNHUI,CNCJK
OAROONGSK,CNHUI,CNCJK
OAROONGSK,CNHUI,CNCJK
OAOFRCKKK,CNHUI,CNDNG
OACNCRYAK,CNHUI,CNDNG
OACOFFFOK,CNHUI,CNDNG
OARNCKCNK,CNHUI,CNDNG
OARNCKCNK,CNHUI,CNFOS
OARNCKCNK,CNHUI,CNFOS
OARNCKCNK,CNHUI,CNFOS
OARNCKCNK,CNHUI,CNFOS
OARNCKCNK,CNHUI,CNFOS
OARNCKCNK,CNHUI,CNFOS
OARNCKCNK,CNHUI,CNFOS
OARNCKCNK,CNHUI,CNFOS
OARNCKCNK,CNHUI,CNFOS
OARNCKCNK,CNHUI,CNFOS
OARNCKCNK,CNHUI,CNFOS
OARNCKCNK,CNHUI,CNFOS
OARNCKCNK,CNHUI,CNFOS
OACOFGOCK,CNHUI,CNFUN
OACNCRYAK,CNHUI,CNGUA
OARCGANSK,CNHUI,CNHUA
OARCGANFK,CNHUI,CNHUA
OARCGAROK,CNHUI,CNHUA
OARAARKKK,CNHUI,CNHUA
OARCGANOK,CNHUI,CNHUA
OARCGANSK,CNHUI,CNHUA
OARCGAOFK,CNHUI,CNHUA
OARAAYKKK,CNHUI,CNHUA
OARAAYKKK,CNHUI,CNHUA
OARAARKKK,CNHUI,CNHUA
OAOOOSKKK,CNHUI,CNHUA
OARCGARFK,CNHUI,CNHUA
OARCGANSK,CNHUI,CNHUA
OARCGAOFK,CNHUI,CNHUA
OARASGKKK,CNHUI,CNJIT
OARCGAROK,CNHUI,CNJIT
OAOFNNKKK,CNHUI,CNJIT
OARAARKKK,CNHUI,CNJIT
OARNCKCNK,CNHUI,CNJMN
OARNCKCNK,CNHUI,CNJMN
OARNCKCNK,CNHUI,CNJMN
OACNCRYAK,CNHUI,CNJYG
OARACKKKK,CNHUI,CNLSN
OAOOFOKKK,CNHUI,CNLSN
OFFCNCAKK,CNHUI,CNLSN
OARCRAFAK,CNHUI,CNLYG
OACNYYKKK,CNHUI,CNLYW
OACNNGKKK,CNHUI,CNLYW
OACOFFFOK,CNHUI,CNMEZ
OACOFFFOK,CNHUI,CNMEZ
OACNGFKKK,CNHUI,CNMEZ
OACOFFFOK,CNHUI,CNMEZ
OARCGANRK,CNHUI,CNNBO
OARASGKKK,CNHUI,CNNBO
OACOFGOCK,CNHUI,CNNJG
OACOFFFOK,CNHUI,CNNJG
OAROONGSK,CNHUI,CNNTG
OAROONGSK,CNHUI,CNNTG
OARACCKKK,CNHUI,CNQHD
OARAARKKK,CNHUI,CNQHD
OARCGANSK,CNHUI,CNQHD
OAROONGSK,CNHUI,CNQUA
OARASGKKK,CNHUI,CNSLH
OACOFGOCK,CNHUI,CNTAX
OAOCANKKK,CNHUI,CNTJN
OARCGANNK,CNHUI,CNTJN
OARCGAROK,CNHUI,CNTJN
OARCGANNK,CNHUI,CNTJN
OARCGANFK,CNHUI,CNTJN
OACNFKKKK,CNHUI,CNTJN
OACFOCKKK,CNHUI,CNYAN
OACNCRYAK,CNHUI,CNYJG
OACNCRYAK,CNHUI,CNYJG
OACNCRYAK,CNHUI,CNYJG
OACNCRYAK,CNHUI,CNYJG
OACNCRYAK,CNHUI,CNYJG
OACNCRYAK,CNHUI,CNYJG
OACNCRYAK,CNHUI,CNYJG
OARACKKKK,CNHUI,CNYPG
OFFAKKAKK,CNHUI,CNZHA
OACOFRKKK,CNHUI,CNZHA
OARAFFKKK,CNHUI,CNZHA
OAROONGSK,CNHUI,CNZHE
OAROONGSK,CNHUI,CNZHE
OAROONGSK,CNHUI,CNZHE
OARSOSKKK,CNHUI,CNZOS
OAOFROKKK,CNHUI,CNZOS
OFFCNFCKK,CNHUI,CNZOS
OAOFAYKKK,CNHUI,CNZOS
OAOFROKKK,CNHUI,CNZOS
OARYFNKKK,CNHUI,HKHKG
OARACSKKK,CNHUI,IQMAB
OFFAOCAKK,CNHUI,IQMAB
OARACAKKK,CNHUI,IQMAB
OFFAKKCKK,CNHUI,KRDAN
OFFKFAYKK,CNHUI,KRGWA
OFFCAYSKK,CNHUI,KWMAA
OAOOSKKKK,CNHUI,KWMAA
OFFCOCYKK,CNHUI,OMMAF
OFFGNCCKK,CNHUI,SARTA
OFFGOSCKK,CNHUI,SARTA
OAOFCFKKK,CNHUI,VNCAM
OAOKFYKKK,CNHUI,VNCAM
OAOFROKKK,CNHUM,CNGUA
OACGKOKKK,CNHUM,CNLYW
OACFOCKKK,CNHUM,CNMEZ
OAOFAYKKK,CNHUM,CNPAN
OAROYKOAK,CNHUM,CNTAI
OACNCRYAK,CNHUM,CNYJG
OAROYOYOK,CNHUM,CNZHA
OARSCSKKK,CNJIA,AUPHE
OFFGYGNKK,CNJIA,AUPHE
OARYSOKKK,CNJIA,AUPHE
OFFFFGNKK,CNJIA,AUPHE
OAOKFKKKK,CNJIA,AUPHE
OARSCSKKK,CNJIA,AUPHE
OFFAKRAKK,CNJIA,AUPHE
RNGKFFKKK,CNJIA,AUPHE
OAOCCRKKK,CNJIA,CNCFD
OARYCGKKK,CNJIA,CNCFD
OAOFFRKKK,CNJIA,CNCFD
OARASGKKK,CNJIA,CNCFD
OAOCNSKKK,CNJIA,CNCFD
OACKRNKKK,CNJIA,CNCFD
OARACRKKK,CNJIA,CNCFD
OAOFFRKKK,CNJIA,CNCFD
OARYSYKKK,CNJIA,CNCFD
OAOFCFKKK,CNJIA,CNCFD
OARKFSKKK,CNJIA,CNCFD
OAOFFRKKK,CNJIA,CNCFD
OAOCNSKKK,CNJIA,CNCFD
OARYRSKKK,CNJIA,CNCFD
OARAYNKKK,CNJIA,CNCFD
OFFYANOKK,CNJIA,CNCGM
OAOFCOKKK,CNJIA,CNCJK
OAOFKYKKK,CNJIA,CNCJK
OARFRGKKK,CNJIA,CNCJK
OAOFCRKKK,CNJIA,CNDJK
OAOAGSKKK,CNJIA,CNHUA
OARYCGKKK,CNJIA,CNHUA
OAOFFFKKK,CNJIA,CNHUA
OAOAGSKKK,CNJIA,CNHUA
OARCYFGAK,CNJIA,CNHUA
OACFFNKKK,CNJIA,CNHUA
OARRKAKKK,CNJIA,CNHUA
OARYSYKKK,CNJIA,CNHUA
OARYSYKKK,CNJIA,CNHUA
OAOFKYKKK,CNJIA,CNHUA
OACNNGKKK,CNJIA,CNHUA
OACFGNKKK,CNJIA,CNHUA
OAOFFRKKK,CNJIA,CNHUA
OAOFFRKKK,CNJIA,CNHUA
OARAYYKKK,CNJIA,CNHUA
OAOFFRKKK,CNJIA,CNHUA
OAOAOGKKK,CNJIA,CNHUA
OAOFFRKKK,CNJIA,CNHUA
OARYSYKKK,CNJIA,CNHUA
OAOFFRKKK,CNJIA,CNHUA
OACRNRKKK,CNJIA,CNHUA
OAOFFRKKK,CNJIA,CNHUA
OACNNGKKK,CNJIA,CNHUA
OAOFFRKKK,CNJIA,CNHUA
OARASGKKK,CNJIA,CNHUA
OACNGFKKK,CNJIA,CNHUA
OAOFCGKKK,CNJIA,CNHUA
OAOFFRKKK,CNJIA,CNHUA
OAOFORKKK,CNJIA,CNHUA
OACFOCKKK,CNJIA,CNHUA
OAOFFRKKK,CNJIA,CNHUA
OAOFORKKK,CNJIA,CNHUA
OARASNKKK,CNJIA,CNHUA
OAOFFRKKK,CNJIA,CNHUA
OAOFCRKKK,CNJIA,CNHUA
OARAYNKKK,CNJIA,CNHUA
OARAYYKKK,CNJIA,CNJIT
OAOCNSKKK,CNJIA,CNJIT
OARAYYKKK,CNJIA,CNJIT
OARSRFKKK,CNJIA,CNJIT
OAOFFRKKK,CNJIA,CNJIT
OACNFKKKK,CNJIA,CNJIT
OAOCNSKKK,CNJIA,CNJIT
OAOFKFKKK,CNJIA,CNJIT
OAOFFRKKK,CNJIA,CNJIT
OACNYYKKK,CNJIA,CNJIT
OARFRGKKK,CNJIA,CNJIT
OARASOKKK,CNJIA,CNJIT
OAOFFRKKK,CNJIA,CNJIT
OARCYGKFK,CNJIA,CNQHD
OAOFNAKKK,CNJIA,CNQHD
OAOFSKKKK,CNJIA,CNQHD
OACFFNKKK,CNJIA,CNQHD
OAOCNSKKK,CNJIA,CNQHD
OARRFGRYK,CNJIA,CNQHD
OAOFSNKKK,CNJIA,CNQHD
OAOFFRKKK,CNJIA,CNQHD
OACACOKKK,CNJIA,CNQHD
OAOFNKKKK,CNJIA,CNQHD
OARACYKKK,CNJIA,CNQHD
OARCGCORK,CNJIA,CNQHD
OAOFFRKKK,CNJIA,CNQHD
OAOFCRKKK,CNJIA,CNQHD
OACNNGKKK,CNJIA,CNQHD
OARRFGRYK,CNJIA,CNQHD
OARCNFOSK,CNJIA,CNQHD
OAOCNSKKK,CNJIA,CNQHD
OARRFGRYK,CNJIA,CNQHD
OAOCNSKKK,CNJIA,CNQHD
OARCNFOSK,CNJIA,CNQHD
OACFOCKKK,CNJIA,CNRIZ
OAOFFRKKK,CNJIA,CNRIZ
OAROFYYFK,CNJIA,CNTAI
GRGKAYRNC,CNJIA,CNTAI
OARAYAKKK,CNJIA,CNTJN
OAOFKYKKK,CNJIA,CNTJN
OARCGCORK,CNJIA,CNTJN
OARYRSKKK,CNJIA,CNTJN
OARCRSANK,CNJIA,CNTJN
OAOFCGKKK,CNJIA,CNTJN
OARYRSKKK,CNJIA,CNTJN
OAOCNSKKK,CNJIA,CNTJN
OAROONGSK,CNJIA,CNZHA
OACOFFFNK,CNJIA,CNZOS
OACOFFFNK,CNJIA,CNZOS
OFFKYYNKK,CNJIA,CNZOS
RFKKFAKKK,CNJIA,CNZOS
RNFCKRKKK,CNJIA,CNZOS
OACOFFFNK,CNJIA,CNZOS
OACOFFFNK,CNJIA,CNZOS
OAOFCOKKK,CNJIA,IDTBR
OARRKAKKK,CNJIA,IDTBR
OAOKFYKKK,CNJIA,JPHIB
OFFYNYOKK,CNJIJ,CNBAO
OAOARYKKK,CNJIJ,CNBYQ
OACFFNKKK,CNJIJ,CNCFD
OARRKCKYK,CNJIJ,CNCFD
OAOCCRKKK,CNJIJ,CNCFD
OARRKCNAK,CNJIJ,CNCFD
OAOFNKKKK,CNJIJ,CNCFD
OAOFOOKKK,CNJIJ,CNCFD
OAOANGKKK,CNJIJ,CNCFD
OAOFORKKK,CNJIJ,CNCFD
OFFYNYRKK,CNJIJ,CNCFD
OARCGCORK,CNJIJ,CNCFD
OARCNFOSK,CNJIJ,CNCFD
OARRCOKKK,CNJIJ,CNCFD
OARKKRKKK,CNJIJ,CNCFD
OAOFORKKK,CNJIJ,CNCFD
OAOFKRKKK,CNJIJ,CNCFD
OARYCGKKK,CNJIJ,CNCFD
OARACYKKK,CNJIJ,CNCFD
OARASGKKK,CNJIJ,CNCFD
OAOANGKKK,CNJIJ,CNCFD
OACNGFKKK,CNJIJ,CNCFD
OAOANGKKK,CNJIJ,CNCFD
OAOAGGKKK,CNJIJ,CNCFD
OARAYAKKK,CNJIJ,CNCFD
OAOFFOKKK,CNJIJ,CNCFD
OAOFFAKKK,CNJIJ,CNCFD
OARYSYKKK,CNJIJ,CNCFD
OARRKCKYK,CNJIJ,CNCJK
OAOAGSKKK,CNJIJ,CNDAL
OAOAGGKKK,CNJIJ,CNDAL
OAOFFFKKK,CNJIJ,CNDDG
NGRKCRGKK,CNJIJ,CNDDG
OARYSYKKK,CNJIJ,CNDDG
OARYSYKKK,CNJIJ,CNHUA
OARYSYKKK,CNJIJ,CNHUA
OACFNAKKK,CNJIJ,CNHUA
OARYSYKKK,CNJIJ,CNHUA
OAOFFOKKK,CNJIJ,CNHUA
OAOANGKKK,CNJIJ,CNHUA
OAOAGGKKK,CNJIJ,CNHUA
OARCGCNSK,CNJIJ,CNHUA
OARAYYKKK,CNJIJ,CNHUA
OARCGCNSK,CNJIJ,CNHUA
OARASNKKK,CNJIJ,CNHUA
OARYSYKKK,CNJIJ,CNHUA
OARYSYKKK,CNJIJ,CNHUA
OARCGCORK,CNJIJ,CNHUA
OARCGCNSK,CNJIJ,CNHUA
OARCGCNSK,CNJIJ,CNHUA
OAOARYKKK,CNJIJ,CNHUA
OACNGFKKK,CNJIJ,CNHUA
OAOAGGKKK,CNJIJ,CNHUA
OARCGCORK,CNJIJ,CNHUA
OARCGCORK,CNJIJ,CNHUA
OARCGCNSK,CNJIJ,CNHUA
OARCGCORK,CNJIJ,CNHUA
OARCGCNSK,CNJIJ,CNHUA
OARCGCNSK,CNJIJ,CNHUA
OARCGCNSK,CNJIJ,CNHUA
OARCGCORK,CNJIJ,CNHUA
OARYSYKKK,CNJIJ,CNHUA
OARYSYKKK,CNJIJ,CNHUA
OARYSYKKK,CNJIJ,CNHUA
OARCGCORK,CNJIJ,CNHUA
OAOFFOKKK,CNJIJ,CNHUA
OARCGARFK,CNJIJ,CNHUA
OARYSYKKK,CNJIJ,CNHUA
OARYCGKKK,CNJIJ,CNHUA
OARCGCNSK,CNJIJ,CNHUA
OAOFORKKK,CNJIJ,CNHUA
OARYSYKKK,CNJIJ,CNHUA
OARYCGKKK,CNJIJ,CNHUA
OAOFSRKKK,CNJIJ,CNJIT
OAOAGGKKK,CNJIJ,CNJIT
OAOFORKKK,CNJIJ,CNJIT
OAOFOOKKK,CNJIJ,CNJIT
OAOFFYKKK,CNJIJ,CNJIT
OAOANGKKK,CNJIJ,CNJIT
OARASGKKK,CNJIJ,CNJIT
OACFNAKKK,CNJIJ,CNJIT
OAOCCRKKK,CNJIJ,CNJIT
OACOFRKAK,CNJIJ,CNJIT
OARKFSKKK,CNJIJ,CNJIT
OARYRSKKK,CNJIJ,CNQHD
OARRFGRYK,CNJIJ,CNQHD
OARARNKKK,CNJIJ,CNQHD
OARCGCNSK,CNJIJ,CNQHD
OAOCNSKKK,CNJIJ,CNQHD
OARACRKKK,CNJIJ,CNQHD
OAOANGKKK,CNJIJ,CNQHD
OACRFSFOK,CNJIJ,CNQHD
OACRNRKKK,CNJIJ,CNQHD
OARKFFKKK,CNJIJ,CNQHD
OARCNYFSK,CNJIJ,CNQHD
OAOANGKKK,CNJIJ,CNQHD
OAOCCRKKK,CNJIJ,CNQHD
OARCGCNSK,CNJIJ,CNQHD
OAOFFYKKK,CNJIJ,CNQHD
OAOANGKKK,CNJIJ,CNQHD
OARASYKKK,CNJIJ,CNQHD
OAOFFRKKK,CNJIJ,CNQHD
OAOFSKKKK,CNJIJ,CNQHD
OARAYYKKK,CNJIJ,CNQHD
OAOAGGKKK,CNJIJ,CNQHD
OARYFYKKK,CNJIJ,CNQHD
OARAYAKKK,CNJIJ,CNQHD
OAOANGKKK,CNJIJ,CNQHD
OAOCNSKKK,CNJIJ,CNRUG
OARCAKKNK,CNJIJ,CNRUG
OFFSANNKK,CNJIJ,CNRUG
OAOCNSKKK,CNJIJ,CNSHD
OAOANGKKK,CNJIJ,CNSHD
OAOAGSKKK,CNJIJ,CNSLH
OAOAGSKKK,CNJIJ,CNSLH
OAOAGSKKK,CNJIJ,CNSLH
OFFYNYOKK,CNJIJ,CNTJN
OARCGCORK,CNJIJ,CNTJN
OARCGCORK,CNJIJ,CNTJN
OARCGANSK,CNJIJ,CNTJN
OARCGCNSK,CNJIJ,CNTJN
OARCGCNSK,CNJIJ,CNTJN
OARCGCNSK,CNJIJ,CNTJN
OAROFAKNK,CNJIJ,CNTJN
OARAYNKKK,CNJIJ,CNTJN
OARCGANRK,CNJIJ,CNTJN
OACNNGKKK,CNJIJ,CNTJN
OFFYCNOKK,CNJIJ,CNTJN
OFFSANOKK,CNJIJ,CNTJN
OAOFSKKKK,CNJIJ,CNTJN
OFFRSFNKK,CNJIJ,CNTJN
OARCGARNK,CNJIJ,CNWEI
OFFYCNOKK,CNJIJ,CNZJG
OACOFFFNK,CNJIJ,CNZOS
OACOFFFNK,CNJIJ,CNZOS
OACOFFFNK,CNJIJ,CNZOS
OARCGAROK,CNJIJ,CNZOS
OACOFFFNK,CNJIJ,CNZOS
OARCYGKFK,CNJIN,CNBHX
OARKNYKKK,CNJIN,CNBYQ
OARKNYKKK,CNJIN,CNBYQ
OACFOGKKK,CNJIN,CNBYQ
OACGRRKKK,CNJIN,CNBYQ
OARKGSKKK,CNJIN,CNBYQ
OACFARKKK,CNJIN,CNBYQ
OARFGKKKK,CNJIN,CNBYQ
OACFARKKK,CNJIN,CNBYQ
OARFGRKKK,CNJIN,CNBYQ
OARACRKKK,CNJIN,CNCFD
OAOFCRKKK,CNJIN,CNCFD
OAOFRRKKK,CNJIN,CNCFD
OAOFCRKKK,CNJIN,CNCFD
OACFNAKKK,CNJIN,CNCFD
OARCNYFSK,CNJIN,CNCHS
OARCNFOSK,CNJIN,CNCHS
OARCNYFSK,CNJIN,CNCJK
OARAGKKKK,CNJIN,CNDAL
OARARGKKK,CNJIN,CNDAL
OARARGKKK,CNJIN,CNDAL
OARARGKKK,CNJIN,CNDAL
OARARGKKK,CNJIN,CNDAL
OARARFKKK,CNJIN,CNDAL
OARARGKKK,CNJIN,CNDAL
OARARGKKK,CNJIN,CNDAL
OARARGKKK,CNJIN,CNDAL
OARARGKKK,CNJIN,CNDAL
OARARGKKK,CNJIN,CNDAL
OAOFSYKKK,CNJIN,CNDAL
OARAGKKKK,CNJIN,CNDAL
OARANGKKK,CNJIN,CNDAL
OACOFRKKK,CNJIN,CNDAL
OARARGKKK,CNJIN,CNDAL
OARARGKKK,CNJIN,CNDAL
OARARGKKK,CNJIN,CNDAL
OARARGKKK,CNJIN,CNDAL
OARARGKKK,CNJIN,CNDAL
OARARGKKK,CNJIN,CNDAL
OARARGKKK,CNJIN,CNDAL
OARARGKKK,CNJIN,CNDAL
OARARGKKK,CNJIN,CNDAL
OAOFSFKKK,CNJIN,CNDAL
OARARGKKK,CNJIN,CNDAL
OACOFRKKK,CNJIN,CNDAL
OARARGKKK,CNJIN,CNDAL
OARARGKKK,CNJIN,CNDAL
OARARGKKK,CNJIN,CNDAL
OARARGKKK,CNJIN,CNDAL
OARARGKKK,CNJIN,CNDAL
OARAGKKKK,CNJIN,CNDAL
OARAGKKKK,CNJIN,CNDAL
OARARGKKK,CNJIN,CNDAL
OARARGKKK,CNJIN,CNDAL
OARAGCKKK,CNJIN,CNDAL
OARARGKKK,CNJIN,CNDAL
OARARGKKK,CNJIN,CNDAL
OARARGKKK,CNJIN,CNDAL
OARRKCKCK,CNJIN,CNDAL
OARASAKKK,CNJIN,CNDAL
OARANCKKK,CNJIN,CNDAL
OACOFRKKK,CNJIN,CNDAL
OARARGKKK,CNJIN,CNDAL
OAOFOGKKK,CNJIN,CNDAL
OARARGKKK,CNJIN,CNDAL
OARANGKKK,CNJIN,CNDAL
OAOAFNKKK,CNJIN,CNDAL
OARYGNKKK,CNJIN,CNDAL
OARARGKKK,CNJIN,CNDAL
OARARGKKK,CNJIN,CNDAL
OARCOSKKK,CNJIN,CNDAL
OARARGKKK,CNJIN,CNDAL
OARCOSKKK,CNJIN,CNDAL
OARARGKKK,CNJIN,CNDAL
OARARGKKK,CNJIN,CNDAL
OARARGKKK,CNJIN,CNDAL
OARARGKKK,CNJIN,CNDAL
OARARGKKK,CNJIN,CNDAL
OARARFKKK,CNJIN,CNDAL
OARARFKKK,CNJIN,CNDAL
OARARGKKK,CNJIN,CNDAL
OAOAFNKKK,CNJIN,CNDAL
OARARGKKK,CNJIN,CNDAL
OACOFRKKK,CNJIN,CNDAL
OARAOAKKK,CNJIN,CNDCB
OAOFRRKKK,CNJIN,CNGUA
OARAFYKKK,CNJIN,CNGUA
OARCGANSK,CNJIN,CNHUA
OAOFCRKKK,CNJIN,CNHUA
OAOFCRKKK,CNJIN,CNHUA
OARYCGKKK,CNJIN,CNJIT
OAOFKYKKK,CNJIN,CNJIT
OAOFNNKKK,CNJIN,CNJIT
OAOFCRKKK,CNJIN,CNJIT
OARAOCKKK,CNJIN,CNLYG
OARFGKKKK,CNJIN,CNLYG
OACFOGKKK,CNJIN,CNLYG
OARFGRKKK,CNJIN,CNLYG
OARKNYKKK,CNJIN,CNLYG
OACFARKKK,CNJIN,CNLYG
OARFGRKKK,CNJIN,CNLYG
OARFGKKKK,CNJIN,CNLYG
OACFARKKK,CNJIN,CNLYG
OACFOGKKK,CNJIN,CNLYG
OARKNYKKK,CNJIN,CNLYG
OACFOGKKK,CNJIN,CNLYG
OACFARKKK,CNJIN,CNLYG
OARFGRKKK,CNJIN,CNLYG
OACFARKKK,CNJIN,CNLYG
OACFOGKKK,CNJIN,CNNBO
OARKNYKKK,CNJIN,CNNBO
OARAOOKKK,CNJIN,CNNBO
OARKNNKKK,CNJIN,CNNBO
OARANRKKK,CNJIN,CNNBO
OARARAKKK,CNJIN,CNNBO
OARAOCKKK,CNJIN,CNNBO
OARFGRKKK,CNJIN,CNNBO
OARFGRKKK,CNJIN,CNNBO
OARFGRKKK,CNJIN,CNNBO
OACFOGKKK,CNJIN,CNNBO
OARAOCKKK,CNJIN,CNNBO
OARFGRKKK,CNJIN,CNNBO
OACFARKKK,CNJIN,CNNBO
OACFARKKK,CNJIN,CNNBO
OACFARKKK,CNJIN,CNNBO
OARFGRKKK,CNJIN,CNNBO
OFFYGANKK,CNJIN,CNNDE
OARAONKKK,CNJIN,CNNSA
OACFARKKK,CNJIN,CNNSA
OARFGKKKK,CNJIN,CNNSA
OARKNYKKK,CNJIN,CNNSA
OAOFFGKKK,CNJIN,CNNTG
OARCFYGGK,CNJIN,CNNTG
OAOFCRKKK,CNJIN,CNQHD
OAOFKYKKK,CNJIN,CNQHD
OAOFKYKKK,CNJIN,CNQHD
OAOFCRKKK,CNJIN,CNQHD
OAOFKYKKK,CNJIN,CNQHD
OACNYYKKK,CNJIN,CNQHD
OARKNNKKK,CNJIN,CNQIN
OARFGKKKK,CNJIN,CNQIN
OARAGFKKK,CNJIN,CNQIN
OACFARKKK,CNJIN,CNQIN
OFFGYGGKK,CNJIN,CNSHD
OFFKCFOKK,CNJIN,CNSHD
OAOAFYKKK,CNJIN,CNSHE
OACFOGKKK,CNJIN,CNTJN
OARYGGKKK,CNJIN,CNTJN
OARFGAKKK,CNJIN,CNTJN
OARFGAKKK,CNJIN,CNTJN
OACGNSKKK,CNJIN,CNTJN
OACFNKKKK,CNJIN,CNTJN
OACFNKKKK,CNJIN,CNTJN
OACGNSKKK,CNJIN,CNTJN
OACGNSKKK,CNJIN,CNTJN
OARAOOKKK,CNJIN,CNTJN
OARYGGKKK,CNJIN,CNTJN
OARCGAOFK,CNJIN,CNTJN
OACFNKKKK,CNJIN,CNTJN
OACGNSKKK,CNJIN,CNTJN
OARFGAKKK,CNJIN,CNTJN
OACFNKKKK,CNJIN,CNTJN
OARYGGKKK,CNJIN,CNTJN
OARYGGKKK,CNJIN,CNTJN
OACGNSKKK,CNJIN,CNTJN
OACGNSKKK,CNJIN,CNTJN
OARYGGKKK,CNJIN,CNTJN
OARFGAKKK,CNJIN,CNTJN
OARFGAKKK,CNJIN,CNTJN
OARAOCKKK,CNJIN,CNWGQ
OARAOAKKK,CNJIN,CNYAN
OARFGKKKK,CNJIN,CNYAN
OAOKFKKKK,CNJIN,CNYAN
OACFOGKKK,CNJIN,CNYAN
OACFOGKKK,CNJIN,CNYAN
OACFOGKKK,CNJIN,CNYAN
OACFOGKKK,CNJIN,CNYAN
OACFOGKKK,CNJIN,CNYAN
OACFOGKKK,CNJIN,CNYAN
OACFOGKKK,CNJIN,CNYAN
OACFAOKKK,CNJIN,CNYAN
OACFNKKKK,CNJIN,CNYAN
OACFARKKK,CNJIN,CNYAN
OACFARKKK,CNJIN,CNYAN
OACFARKKK,CNJIN,CNYAN
OARFGRKKK,CNJIN,CNYAN
OACFARKKK,CNJIN,CNYAN
OACFARKKK,CNJIN,CNYAN
OACFARKKK,CNJIN,CNYAN
OACFARKKK,CNJIN,CNYAN
OARKNYKKK,CNJIN,CNYAN
OACFOGKKK,CNJIN,CNYAN
OACFARKKK,CNJIN,CNYAN
OACFARKKK,CNJIN,CNYAN
OACFARKKK,CNJIN,CNYAN
OARFGKKKK,CNJIN,CNYAN
OARFGKKKK,CNJIN,CNYAN
OARFGKKKK,CNJIN,CNYAN
OARKNYKKK,CNJIN,CNYAN
OARFGKKKK,CNJIN,CNYAN
OARAOAKKK,CNJIN,CNYAN
OARFGRKKK,CNJIN,CNYAN
OARFGKKKK,CNJIN,CNYAN
OARFGRKKK,CNJIN,CNYAN
OARFGKKKK,CNJIN,CNYAN
OARFGKKKK,CNJIN,CNYAN
OARFGKKKK,CNJIN,CNYAN
OARFGRKKK,CNJIN,CNYAN
OARFGKKKK,CNJIN,CNYAN
OACFOGKKK,CNJIN,CNYAN
OARFGKKKK,CNJIN,CNYAN
OARFGRKKK,CNJIN,CNYAN
OARFGKKKK,CNJIN,CNYAN
OACFOGKKK,CNJIN,CNYAN
OARFGKKKK,CNJIN,CNYAN
OARFGRKKK,CNJIN,CNYAN
OARFGKKKK,CNJIN,CNYAN
OARFGRKKK,CNJIN,CNYAN
OARFGKKKK,CNJIN,CNYAN
OARFGRKKK,CNJIN,CNYAN
OARFGRKKK,CNJIN,CNYAN
OARFGRKKK,CNJIN,CNYAN
OARAOAKKK,CNJIN,CNZZU
OAOFSGKKK,CNJIN,CNZZU
OAORGKKKK,CNJIN,SGSGP
OAOFRAKKK,CNJIN,SGSGP
OAOOSYKKK,CNJIN,SGSGP
OAOOSYKKK,CNJIN,SGSGP
OACFKGKKK,CNJIN,SGSGP
OFFKNKYKK,CNJIT,AUGER
OFFKAGRKK,CNJIT,AUGER
OFFRSFRKK,CNJIT,AUNTL
OFFGRFSKK,CNJIT,AUPHE
OFFGGOCKK,CNJIT,AUPHE
OFFYCNGKK,CNJIT,AUPHE
OFFGNNOKK,CNJIT,AUPHE
RFKARSKKK,CNJIT,AUPHE
OFFNNKRKK,CNJIT,AUPHE
OFFAYCCKK,CNJIT,AUPHE
OFFKSFSKK,CNJIT,AUPHE
RFKARSKKK,CNJIT,AUPHE
OFFKAKCKK,CNJIT,AUPHE
OFFNNKRKK,CNJIT,AUPHE
OFFAKKGKK,CNJIT,AUPHE
OFFGGNAKK,CNJIT,AUPWA
OARFRGKKK,CNJIT,CNBAO
OAOFNAKKK,CNJIT,CNBAS
OARYNGKKK,CNJIT,CNBYQ
OARSYRKKK,CNJIT,CNBYQ
OARRRYKKK,CNJIT,CNBYQ
OACRKCSOK,CNJIT,CNCFD
OFFAKKGKK,CNJIT,CNCFD
OAOFNKKKK,CNJIT,CNCFD
OARAANKKK,CNJIT,CNCFD
OARCRSANK,CNJIT,CNCHS
OACGKOKKK,CNJIT,CNCHS
OAOKKOKKK,CNJIT,CNCHS
OAOKKOKKK,CNJIT,CNCHS
OFFGCOYKK,CNJIT,CNCHS
OARCNFOSK,CNJIT,CNCHS
OARCRSANK,CNJIT,CNCHS
OAOAOGKKK,CNJIT,CNCHS
OAOCCRKKK,CNJIT,CNCHS
OAOAOGKKK,CNJIT,CNCHS
OARAOKKKK,CNJIT,CNCJK
OARAYFKKK,CNJIT,CNCJK
OAOAOGKKK,CNJIT,CNCJK
OACACOKKK,CNJIT,CNCJK
OARCNYFSK,CNJIT,CNCJN
OARCNYFSK,CNJIT,CNCJN
OARCNFOSK,CNJIT,CNCJN
OARCNYFSK,CNJIT,CNCJN
OARCGORSK,CNJIT,CNDAL
OFFRYFYKK,CNJIT,CNDAL
OARSYRKKK,CNJIT,CNDAL
OARCGORSK,CNJIT,CNDAL
OARARNKKK,CNJIT,CNDAL
OARACCKKK,CNJIT,CNDAL
OAOFGKKKK,CNJIT,CNDAL
OARKFFKKK,CNJIT,CNDAL
OARCGORSK,CNJIT,CNDAL
OFFNYNYKK,CNJIT,CNDAL
OACFNKKKK,CNJIT,CNDCB
OACFNKKKK,CNJIT,CNDCB
OAORCSKKK,CNJIT,CNDCB
OACGNSKKK,CNJIT,CNDCB
OARAOOKKK,CNJIT,CNDCB
OAORONKKK,CNJIT,CNDCB
OAORONKKK,CNJIT,CNDCB
OAORONKKK,CNJIT,CNDCB
OACGNSKKK,CNJIT,CNDCB
OAORONKKK,CNJIT,CNDCB
OAORCSKKK,CNJIT,CNDCB
OACGNSKKK,CNJIT,CNDCB
OAORCSKKK,CNJIT,CNDCB
OAORCSKKK,CNJIT,CNDCB
OACGNSKKK,CNJIT,CNDCB
OAORCSKKK,CNJIT,CNDCB
OAOAFOKKK,CNJIT,CNDDG
OAOFSNKKK,CNJIT,CNDDG
OFFNYNYKK,CNJIT,CNDJK
OAOFORKKK,CNJIT,CNDJK
OARRFGRYK,CNJIT,CNDNG
OACOFRKAK,CNJIT,CNDSN
OAOFORKKK,CNJIT,CNDSN
OAORCSKKK,CNJIT,CNFUN
OACGNSKKK,CNJIT,CNFUN
OAOROCKKK,CNJIT,CNFUN
OAORONKKK,CNJIT,CNFUN
OAORONKKK,CNJIT,CNFUN
OAORONKKK,CNJIT,CNFUN
OAORCSKKK,CNJIT,CNFUN
OAORCSKKK,CNJIT,CNFUN
OARYGGKKK,CNJIT,CNGLA
OARYSOKKK,CNJIT,CNGLA
OARKKRKKK,CNJIT,CNGLA
OARYSRKKK,CNJIT,CNGLA
OARYSRKKK,CNJIT,CNGLA
OARAAAKKK,CNJIT,CNGLA
OARYSOKKK,CNJIT,CNGLA
OARYSOKKK,CNJIT,CNGLA
OARYSRKKK,CNJIT,CNGLA
OACNNGKKK,CNJIT,CNGUA
OARYSRKKK,CNJIT,CNGUA
OARGGKKKK,CNJIT,CNGUA
OARGGKKKK,CNJIT,CNGUA
OACOFRKAK,CNJIT,CNGUA
OACNYYKKK,CNJIT,CNHPU
OACNFKKKK,CNJIT,CNHPU
OARASGKKK,CNJIT,CNHPU
OACFOCKKK,CNJIT,CNHPU
OACNFKKKK,CNJIT,CNHPU
OARNFYKKK,CNJIT,CNHPU
OACNYYKKK,CNJIT,CNHPU
OAOAACKKK,CNJIT,CNHPU
OFFKYYNKK,CNJIT,CNHUA
OACNNGKKK,CNJIT,CNHUI
OARAARKKK,CNJIT,CNHUI
OARACCKKK,CNJIT,CNHUI
OARAAAKKK,CNJIT,CNHUI
OARYRSKKK,CNJIT,CNJIA
OFFKYYNKK,CNJIT,CNJIA
OAOFFRKKK,CNJIT,CNJIA
OAOFKYKKK,CNJIT,CNJIA
OAOFFRKKK,CNJIT,CNJIA
OAOFFRKKK,CNJIT,CNJIA
OAOFORKKK,CNJIT,CNJIA
OAOCNSKKK,CNJIT,CNJIA
OARCRSANK,CNJIT,CNJIA
OAOAGSKKK,CNJIT,CNJIA
OAOFKFKKK,CNJIT,CNJIA
OAOAGGKKK,CNJIT,CNJIJ
OARAYAKKK,CNJIT,CNJIJ
OAOAGGKKK,CNJIT,CNJIJ
OAOFSRKKK,CNJIT,CNJIJ
OAOFORKKK,CNJIT,CNJIJ
OAOANGKKK,CNJIT,CNJIJ
OAOANGKKK,CNJIT,CNJIJ
OARKFFKKK,CNJIT,CNJIJ
OAOANGKKK,CNJIT,CNJIJ
OAOAGGKKK,CNJIT,CNJIJ
OAOCNSKKK,CNJIT,CNJIJ
OARCNFOSK,CNJIT,CNJIJ
OACFNAKKK,CNJIT,CNJIN
OARKFSKKK,CNJIT,CNLVS
OACNYYKKK,CNJIT,CNLYG
OARYRSKKK,CNJIT,CNLYG
OARAOCKKK,CNJIT,CNLYG
OARAOCKKK,CNJIT,CNLYG
OAORONKKK,CNJIT,CNLYG
OAOCCRKKK,CNJIT,CNLYG
OAOFOKKKK,CNJIT,CNLYG
OAORONKKK,CNJIT,CNLYG
OAORAKKKK,CNJIT,CNLYG
OARAYAKKK,CNJIT,CNLZH
OARAARKKK,CNJIT,CNMEZ
OARASGKKK,CNJIT,CNMEZ
OARARNKKK,CNJIT,CNMEZ
OAOFNNKKK,CNJIT,CNMEZ
OARAYYKKK,CNJIT,CNMEZ
OARNFYKKK,CNJIT,CNMEZ
OAOFCOKKK,CNJIT,CNMEZ
OARASYKKK,CNJIT,CNNBO
OACNYYKKK,CNJIT,CNNBO
OACACOKKK,CNJIT,CNNBO
OACACOKKK,CNJIT,CNNBO
OARAOKKKK,CNJIT,CNNBO
OARASNKKK,CNJIT,CNNBO
OARCGANNK,CNJIT,CNNBO
OACGKOKKK,CNJIT,CNNBO
OAOFOOKKK,CNJIT,CNNBO
OAOFOOKKK,CNJIT,CNNJG
OAOKKOKKK,CNJIT,CNNJG
OARCGCRFK,CNJIT,CNNJG
OAOAGGKKK,CNJIT,CNNJG
OAOFFYKKK,CNJIT,CNNJG
OAOFFYKKK,CNJIT,CNNJG
OARSYRKKK,CNJIT,CNNJG
OARAOKKKK,CNJIT,CNNJG
OARSYRKKK,CNJIT,CNNJG
OAOAGGKKK,CNJIT,CNNJG
OAOFFYKKK,CNJIT,CNNJG
OAOACRKKK,CNJIT,CNNJG
OAOAOGKKK,CNJIT,CNNJG
OAOAGSKKK,CNJIT,CNNJG
OAOFSKKKK,CNJIT,CNNJG
OAOFOOKKK,CNJIT,CNNJG
OAOAGSKKK,CNJIT,CNNJG
OARFRGKKK,CNJIT,CNNJG
OARFGCKKK,CNJIT,CNNSA
OARFGAKKK,CNJIT,CNNSA
OARSRFKKK,CNJIT,CNNTG
OAOFFFKKK,CNJIT,CNNTG
OAOFFYKKK,CNJIT,CNNTG
OAOFCFKKK,CNJIT,CNPAN
OACFOCKKK,CNJIT,CNPAN
OAOFSRKKK,CNJIT,CNPAN
OACRRAKKK,CNJIT,CNQHD
OARRFGKKK,CNJIT,CNQHD
OAOOOSKKK,CNJIT,CNQHD
OACFOCKKK,CNJIT,CNQIN
OACNCRSYK,CNJIT,CNQIN
OAOFARKKK,CNJIT,CNQIN
OAOAACKKK,CNJIT,CNQIZ
OACRNRKKK,CNJIT,CNQIZ
OARFGAKKK,CNJIT,CNQIZ
OACNGFKKK,CNJIT,CNQIZ
OARAAAKKK,CNJIT,CNQIZ
OARRKCKCK,CNJIT,CNRIZ
OARASOKKK,CNJIT,CNRIZ
OARRKCKCK,CNJIT,CNRIZ
OARRKCKCK,CNJIT,CNRIZ
OACFNKKKK,CNJIT,CNRIZ
OARRKCKCK,CNJIT,CNRIZ
OARRKCKCK,CNJIT,CNRIZ
OAOAOGKKK,CNJIT,CNRUG
OARKFSKKK,CNJIT,CNRUG
RNGFYAKKK,CNJIT,CNSHD
OARCGANNK,CNJIT,CNSIZ
OAOFKCKKK,CNJIT,CNSTO
OARAAYKKK,CNJIT,CNSWE
OACOFRKAK,CNJIT,CNSWE
OACRNRKKK,CNJIT,CNSWE
OARAAYKKK,CNJIT,CNSWE
OACFNAKKK,CNJIT,CNSWE
OACRKCSOK,CNJIT,CNTAI
OARCNYFSK,CNJIT,CNTAI
OAORCSKKK,CNJIT,CNTJN
OAORCSKKK,CNJIT,CNTJN
OAORONKKK,CNJIT,CNTJN
OFFKARRKK,CNJIT,CNTJN
OACGNSKKK,CNJIT,CNTJN
OAORONKKK,CNJIT,CNTJN
OAORONKKK,CNJIT,CNTJN
OAORCSKKK,CNJIT,CNTJN
OAORONKKK,CNJIT,CNTJN
OACGNSKKK,CNJIT,CNTJN
OACGNSKKK,CNJIT,CNTJN
OAORONKKK,CNJIT,CNTJN
OAORCSKKK,CNJIT,CNTJN
OACGNSKKK,CNJIT,CNTJN
OAORONKKK,CNJIT,CNTJN
OACGNSKKK,CNJIT,CNTJN
OAORCSKKK,CNJIT,CNTJN
OACGNSKKK,CNJIT,CNTJN
OACFNKKKK,CNJIT,CNTJN
OACFNKKKK,CNJIT,CNTJN
OAORONKKK,CNJIT,CNTJN
OAORCSKKK,CNJIT,CNTJN
OARYGGKKK,CNJIT,CNTJN
OAORONKKK,CNJIT,CNTJN
OAORONKKK,CNJIT,CNTJN
OAORCSKKK,CNJIT,CNTJN
OAORCSKKK,CNJIT,CNTJN
OAORONKKK,CNJIT,CNTJN
OACGNSKKK,CNJIT,CNTJN
OARYGGKKK,CNJIT,CNTJN
OACGNSKKK,CNJIT,CNTJN
OARFGAKKK,CNJIT,CNTJN
OAORONKKK,CNJIT,CNTJN
OAORCSKKK,CNJIT,CNTJN
OAORONKKK,CNJIT,CNTJN
OACGNSKKK,CNJIT,CNTJN
OAORCSKKK,CNJIT,CNTJN
OAOFFSKKK,CNJIT,CNTJN
OARYGGKKK,CNJIT,CNTJN
OACGNSKKK,CNJIT,CNTJN
OAORCSKKK,CNJIT,CNTJN
OACAFGKKK,CNJIT,CNTSH
OARKFSKKK,CNJIT,CNWEI
OARAYFKKK,CNJIT,CNWGQ
OARAYFKKK,CNJIT,CNWGQ
OAOFKFKKK,CNJIT,CNWGQ
OAOFKFKKK,CNJIT,CNWGQ
OAOFKFKKK,CNJIT,CNWGQ
OAOFSKKKK,CNJIT,CNWGQ
OAOFKFKKK,CNJIT,CNWGQ
OACFFNKKK,CNJIT,CNWGQ
OAOFSKKKK,CNJIT,CNWGQ
OAOFSKKKK,CNJIT,CNWGQ
OAOFKFKKK,CNJIT,CNWGQ
OACFFNKKK,CNJIT,CNWGQ
OAOFKFKKK,CNJIT,CNWGQ
OAOFKFKKK,CNJIT,CNWGQ
OAOFSKKKK,CNJIT,CNWGQ
OAOFKFKKK,CNJIT,CNWGQ
OAOFKFKKK,CNJIT,CNWGQ
OAOFKFKKK,CNJIT,CNWGQ
OARCNYFSK,CNJIT,CNWGQ
OAOFKFKKK,CNJIT,CNWGQ
OAOFKFKKK,CNJIT,CNWGQ
OAOFKFKKK,CNJIT,CNWGQ
OAOFKFKKK,CNJIT,CNWGQ
OAOFKFKKK,CNJIT,CNWGQ
OAOFKFKKK,CNJIT,CNWGQ
OARCNYFSK,CNJIT,CNWGQ
OACGKOKKK,CNJIT,CNWGQ
OAOFKFKKK,CNJIT,CNWGQ
OAOFKFKKK,CNJIT,CNWGQ
OACGKOKKK,CNJIT,CNWGQ
OARKKRKKK,CNJIT,CNWGQ
OACACOKKK,CNJIT,CNWGQ
OAOFSRKKK,CNJIT,CNXIA
OARKKRKKK,CNJIT,CNXIA
OACACOKKK,CNJIT,CNXIA
OAOFFFKKK,CNJIT,CNXIA
OARRKCNAK,CNJIT,CNXSN
OARRFGRYK,CNJIT,CNXSN
OARRKCNAK,CNJIT,CNXSN
OARRKCNAK,CNJIT,CNXSN
OAOFSCKKK,CNJIT,CNXSN
OARRKCNCK,CNJIT,CNXSN
OARRKCNAK,CNJIT,CNXSN
OARCGAYNK,CNJIT,CNXSN
OAOFSCKKK,CNJIT,CNXSN
OARRKCNCK,CNJIT,CNXSN
OARRKCNAK,CNJIT,CNXSN
OARRFGRYK,CNJIT,CNXSN
OARRKCNCK,CNJIT,CNXSN
OACRFSFOK,CNJIT,CNXSN
OARCGANRK,CNJIT,CNXSN
OFFFFGNKK,CNJIT,CNYAN
OARCGAROK,CNJIT,CNYAN
OAOKFGKKK,CNJIT,CNYAN
OARCGANSK,CNJIT,CNYAN
OAOKFGKKK,CNJIT,CNYAN
OACGKOKKK,CNJIT,CNYJG
OARASOKKK,CNJIT,CNYJG
OARAYYKKK,CNJIT,CNYJG
OARASGKKK,CNJIT,CNYJG
OARAYAKKK,CNJIT,CNYJG
OARNFYKKK,CNJIT,CNYJG
OACNNGKKK,CNJIT,CNYJG
OARAYAKKK,CNJIT,CNYJG
OAOCCRKKK,CNJIT,CNYJG
OARGGKKKK,CNJIT,CNYJG
OACNNGKKK,CNJIT,CNYJG
OACFNAKKK,CNJIT,CNYJG
OARARNKKK,CNJIT,CNYJG
OAOFOOKKK,CNJIT,CNYZH
OARASNKKK,CNJIT,CNYZH
OAOFKYKKK,CNJIT,CNYZH
OAOAOGKKK,CNJIT,CNYZH
OAOFSKKKK,CNJIT,CNYZH
OAOFCRKKK,CNJIT,CNYZH
OAOFSKKKK,CNJIT,CNYZH
OAOFFOKKK,CNJIT,CNYZH
OAOFSRKKK,CNJIT,CNYZH
OAOFFYKKK,CNJIT,CNYZH
OAOFSKKKK,CNJIT,CNYZH
OARKFSKKK,CNJIT,CNYZH
OARCGAOFK,CNJIT,CNYZH
OAOFFYKKK,CNJIT,CNYZH
OARAAYKKK,CNJIT,CNZHA
OACNRRKKK,CNJIT,CNZHA
OACFOGKKK,CNJIT,CNZHA
OACNGFKKK,CNJIT,CNZHA
OAOKKOKKK,CNJIT,CNZHE
OAOAOGKKK,CNJIT,CNZHE
OACFGNKKK,CNJIT,CNZHE
OAOAGGKKK,CNJIT,CNZHE
OAOACRKKK,CNJIT,CNZHE
OARAYAKKK,CNJIT,CNZHE
OAOFCRKKK,CNJIT,CNZHE
OAOFCRKKK,CNJIT,CNZHE
OARCGAOFK,CNJIT,CNZHE
OACOFRKAK,CNJIT,CNZHE
OAOFFFKKK,CNJIT,CNZHE
OAOKKOKKK,CNJIT,CNZHE
OAOKKOKKK,CNJIT,CNZHE
OAOKKOKKK,CNJIT,CNZHE
OARAOKKKK,CNJIT,CNZHE
OARCGANGK,CNJIT,CNZHE
OAOFCGKKK,CNJIT,CNZHE
OARSRFKKK,CNJIT,CNZHE
OARCGCOCK,CNJIT,CNZJG
OARACCKKK,CNJIT,CNZJG
OARACRKKK,CNJIT,CNZJG
OARACYKKK,CNJIT,CNZJG
OARCGCOCK,CNJIT,CNZJG
OACFFNKKK,CNJIT,CNZJG
OARASOKKK,CNJIT,CNZJG
OACACOKKK,CNJIT,CNZJG
OARGGKKKK,CNJIT,CNZJG
OAOFSKKKK,CNJIT,CNZJG
OARCGCNSK,CNJIT,CNZJG
OARCGKNRK,CNJIT,CNZOS
OARAYYKKK,CNJIT,CNZOS
OACFFNKKK,CNJIT,CNZOS
OARRKCKCK,CNJIT,CNZPU
OACNFKKKK,CNJIT,CNZPU
OFFNCOYKK,CNJIT,VNHPG
OARCFYGGK,CNJMN,CNDAL
OARNCKCNK,CNJMN,CNHUI
OACNCRYAK,CNJMN,CNHUI
OARNCKCNK,CNJMN,CNHUI
OARNCKCNK,CNJMN,CNHUI
OARNCKCNK,CNJMN,CNHUI
OACNCRYAK,CNJYG,CNBHI
OACNCRYAK,CNJYG,CNHUI
OAOFOSKKK,CNLAZ,CN1087
OARAFFKKK,CNLAZ,CN1087
OARAFFKKK,CNLAZ,CN9014
OARAFSKKK,CNLAZ,CN9014
OARAFSKKK,CNLAZ,CN9862
OARRKCKCK,CNLAZ,CNCFD
OARCNYFSK,CNLAZ,CNCFD
OARRKCKCK,CNLAZ,CNCFD
OARAGCKKK,CNLAZ,CNDAL
OACOFRKKK,CNLAZ,CNJIN
OARRKCKCK,CNLAZ,CNQHD
OAOFCKKKK,CNLAZ,CNSIZ
OARANOKKK,CNLAZ,CNTJN
OARCAYKYK,CNLAZ,CNWEF
OACNFKKKK,CNLED,CNBAS
OARKFOKKK,CNLKU,CN8965
OACOFAKKK,CNLKU,CN8965
OARAFSKKK,CNLKU,CN9862
OARCOFKKK,CNLKU,CN9862
OARAFSKKK,CNLKU,CN9873
OACAYYKKK,CNLKU,CNCFD
OACCSSKKK,CNLKU,CNCFD
OACAYYKKK,CNLKU,CNCFD
OARCGAOFK,CNLKU,CNCFD
OARRKCKYK,CNLKU,CNCFD
OAOFRCKKK,CNLKU,CNDAL
OACYNKKKK,CNLKU,CNDAL
OACAYYKKK,CNLKU,CNHUA
OACAYYKKK,CNLKU,CNHUA
OACAYYKKK,CNLKU,CNHUA
OACAYYKKK,CNLKU,CNHUA
OACAYYKKK,CNLKU,CNHUA
OARCGARFK,CNLKU,CNHUA
OACAYYKKK,CNLKU,CNHUA
OACAYYKKK,CNLKU,CNHUA
OACAYYKKK,CNLKU,CNHUA
OACAYYKKK,CNLKU,CNHUA
OARCGAOFK,CNLKU,CNHUA
OACAYYKKK,CNLKU,CNHUA
OARCGANSK,CNLKU,CNHUA
OACAYYKKK,CNLKU,CNHUA
OARCGAOFK,CNLKU,CNHUA
OAOFAYKKK,CNLKU,CNHUM
OACOFRKAK,CNLKU,CNJIT
OAOFRCKKK,CNLKU,CNLSN
OAOFAYKKK,CNLKU,CNPAN
OACAYYKKK,CNLKU,CNQHD
OACAYYKKK,CNLKU,CNQHD
OACAYYKKK,CNLKU,CNQHD
OACAYYKKK,CNLKU,CNQHD
OAOFSCKKK,CNLKU,CNQHD
OACCSYKKK,CNLKU,CNQHD
OACAYYKKK,CNLKU,CNQHD
OACAAYKKK,CNLKU,CNSHA
OACRFSFOK,CNLKU,CNSHG
OACAYYKKK,CNLKU,CNTJN
OACAFGKKK,CNLKU,CNTJN
OAOFOCKKK,CNLKU,CNTJN
OARCGAOFK,CNLKU,CNTJN
OARCGARFK,CNLKU,CNTJN
OARCYRCOK,CNLKU,CNWEF
OAOFKNKKK,CNLKU,CNZOS
OARKGYKKK,CNLKU,CNZOS
OARKFOKKK,CNLKU,CNZOS
OACOFAKKK,CNLKU,RUKZM
OACOFAKKK,CNLKU,RUKZM
OARSOSKKK,CNLKU,RUKZM
OARYFNKKK,CNLKU,RUKZM
RNFCKRKKK,CNLSN,AUCPN
OFFARAGKK,CNLSN,AUHAY
OARYSOKKK,CNLSN,AUPHE
OFFRNANKK,CNLSN,AUPHE
RFKKFAKKK,CNLSN,AUPHE
OFFFAFAKK,CNLSN,AUPHE
OACOFAKKK,CNLSN,CN8965
OARSYKKKK,CNLSN,CNBAO
OAOFSYKKK,CNLSN,CNBHI
OACCSSKKK,CNLSN,CNCFD
OAOKFYKKK,CNLSN,CNCFD
OAOOOSKKK,CNLSN,CNCFD
OAOAFYKKK,CNLSN,CNCFD
OAOKKYKKK,CNLSN,CNCFD
OFFFRKRKK,CNLSN,CNCGM
OAOFSOKKK,CNLSN,CNDAL
OFFCOCSKK,CNLSN,CNDAL
OFFCOCYKK,CNLSN,CNDAL
OARACKKKK,CNLSN,CNDAL
RFCCNAKKK,CNLSN,CNDAL
OFFAKKGKK,CNLSN,CNDJK
OARACKKKK,CNLSN,CNDSN
OARCYRCOK,CNLSN,CNDYI
OAOFKNKKK,CNLSN,CNDYI
OARAFFKKK,CNLSN,CNDYI
OARAYNKKK,CNLSN,CNFAN
OFFKYYNKK,CNLSN,CNHUA
OARRRFKKK,CNLSN,CNHUA
OFFCNCAKK,CNLSN,CNHUI
OFFGYGNKK,CNLSN,CNJIA
OARYSOKKK,CNLSN,CNJIA
OFFAOCAKK,CNLSN,CNJIN
OACNRRKKK,CNLSN,CNJIT
OAROYASRK,CNLSN,CNLYG
OAROFSCRK,CNLSN,CNLYG
OARAFGKKK,CNLSN,CNNBO
OAOFRCKKK,CNLSN,CNNTG
OAOOOSKKK,CNLSN,CNQHD
OAOKFYKKK,CNLSN,CNQHD
OARRKCKYK,CNLSN,CNQHD
OAOFKNKKK,CNLSN,CNQIN
OAOFFAKKK,CNLSN,CNRIZ
OAROFAYFK,CNLSN,CNSHA
OACRONKKK,CNLSN,CNSHD
OFFGNNOKK,CNLSN,CNTJN
OAROYRKSK,CNLSN,CNTJN
OAOKFGKKK,CNLSN,CNTJN
OACRONKKK,CNLSN,CNTJN
OFFGGOCKK,CNLSN,CNTJN
OFFYGFYKK,CNLSN,CNTJN
OFFFAFAKK,CNLSN,CNTJN
OFFFGFRKK,CNLSN,CNWEI
NGRKASOKK,CNLSN,CNYAN
OFFCOCSKK,CNLSN,CNZHA
OACNCRSYK,CNLSN,CNZJG
OACKRNKKK,CNLSN,CNZJG
OFFAFRCKK,CNLSN,CNZOS
OFFCNFCKK,CNLSN,IQMAB
NGRKCCCKK,CNLSN,IQMAB
OARAFGKKK,CNLSN,KRYOS
OFFCOCYKK,CNLSN,OMMAF
OFFAGCAKK,CNLSN,PHSUR
OFFAGCAKK,CNLSN,PHSUR
OACRKCSOK,CNLSN,PHSUR
OAOOFOKKK,CNLSN,SAJUT
OAOCKSKKK,CNLSN,SAJUT
OARACAKKK,CNLSN,SAJUT
OFFCOCFKK,CNLSN,SAJUT
OFFAOCAKK,CNLSN,SAJUT
OAROFAYNK,CNLVS,AUWHY
OFFRSFFKK,CNLVS,AUWHY
OARRKCNCK,CNLVS,CNCFD
OARRKCNCK,CNLVS,CNCFD
OACRFSFOK,CNLVS,CNCFD
OARRKCNCK,CNLVS,CNCFD
OARRFGRYK,CNLVS,CNCFD
OARRKCNCK,CNLVS,CNCFD
OACRFSFOK,CNLVS,CNHUA
OARRKCNCK,CNLVS,CNHUA
OARRKCNCK,CNLVS,CNHUA
OARRKCNCK,CNLVS,CNHUA
OARKKRKKK,CNLVS,CNHUA
OARKFSKKK,CNLVS,CNHUA
OARRKCKYK,CNLVS,CNQHD
OACRFSFOK,CNLVS,CNQHD
OARRFYAFK,CNLVS,CNTJN
OARRFGRYK,CNLVS,CNZOS
OAROYCSNK,CNLVS,PLGDY
OFFKNKYKK,CNLYG,AUGER
OFFKAGRKK,CNLYG,AUGER
OFFFFGNKK,CNLYG,AUPHE
OARYSRKKK,CNLYG,AUPHE
OFFKCRAKK,CNLYG,AUPHE
OFFRNANKK,CNLYG,AUPHE
RNRSKAKKK,CNLYG,AUPHE
OFFNNKRKK,CNLYG,AUPHE
RNGKFFKKK,CNLYG,AUPHE
OFFKSFSKK,CNLYG,AUPHE
OFFFKSSKK,CNLYG,AUPHE
OFFOCOYKK,CNLYG,AUPWA
OFFAKKGKK,CNLYG,AUPWA
OACOFRKKK,CNLYG,CN9014
OFFFRKRKK,CNLYG,CNBAO
OAOROCKKK,CNLYG,CNBYQ
OAOAYYKKK,CNLYG,CNCFD
OARNFYKKK,CNLYG,CNCFD
OARNFYKKK,CNLYG,CNCFD
OFFAYCCKK,CNLYG,CNCFD
OARNFYKKK,CNLYG,CNCFD
OARYRSKKK,CNLYG,CNCFD
OARNFYKKK,CNLYG,CNCFD
OARACYKKK,CNLYG,CNCFD
OARRKCKKK,CNLYG,CNCFD
OACFNAKKK,CNLYG,CNCFD
OACROOKKK,CNLYG,CNCFD
OACFFNKKK,CNLYG,CNCFD
RNOFYFKKK,CNLYG,CNCGM
RNOFYFKKK,CNLYG,CNCHS
RNCFFRKKK,CNLYG,CNCHS
OAROYOYOK,CNLYG,CNCJK
RNOFYFKKK,CNLYG,CNCJK
RFKASSKKK,CNLYG,CNCJK
RNOFYFKKK,CNLYG,CNCJK
OACKRNKKK,CNLYG,CNCJK
OACFFNKKK,CNLYG,CNDAF
OARKGNKKK,CNLYG,CNDAL
OFFGSOAKK,CNLYG,CNDAL
OARKGYKKK,CNLYG,CNDAL
OFFCNCFKK,CNLYG,CNDAL
RFCFCFKKK,CNLYG,CNDAL
OFFKCFNKK,CNLYG,CNDAL
OFFNCOYKK,CNLYG,CNDAL
OAOFSFKKK,CNLYG,CNDAL
OARFGKKKK,CNLYG,CNDCB
OARKNYKKK,CNLYG,CNDCB
OAORAKKKK,CNLYG,CNDCB
OARFGKKKK,CNLYG,CNDCB
OARKNYKKK,CNLYG,CNDCB
OARFGRKKK,CNLYG,CNDCB
OARKNYKKK,CNLYG,CNDCB
OACFARKKK,CNLYG,CNDCB
OACFARKKK,CNLYG,CNDCB
OACFOGKKK,CNLYG,CNDCB
OAOFSGKKK,CNLYG,CNDDG
OARKGYKKK,CNLYG,CNDJK
OARAOGKKK,CNLYG,CNDJK
OARKGYKKK,CNLYG,CNDJK
OACOFFFOK,CNLYG,CNDSN
OAROYOYOK,CNLYG,CNFAN
OARFGRKKK,CNLYG,CNGLA
OAOKFFKKK,CNLYG,CNHUA
OAOCCRKKK,CNLYG,CNHUA
OACNYYKKK,CNLYG,CNHUA
OARSYKKKK,CNLYG,CNJIA
OACFOGKKK,CNLYG,CNJIN
OAOFCRKKK,CNLYG,CNJIN
NGRACONKK,CNLYG,CNJIT
NGRAASOKK,CNLYG,CNJIT
OACNNGKKK,CNLYG,CNJIT
OARRKCKYK,CNLYG,CNLKU
OARAOAKKK,CNLYG,CNNBO
OARAOGKKK,CNLYG,CNNBO
OARKGRKKK,CNLYG,CNNBO
OFFAFFCKK,CNLYG,CNNBO
OARAOYKKK,CNLYG,CNNBO
OARKGRKKK,CNLYG,CNNBO
OARAOAKKK,CNLYG,CNNBO
OAORNKKKK,CNLYG,CNNBO
OARAOAKKK,CNLYG,CNNBO
OARAOAKKK,CNLYG,CNNBO
OARCRAFAK,CNLYG,CNNBO
OAOFARKKK,CNLYG,CNNBO
OAOFARKKK,CNLYG,CNNBO
OARAOAKKK,CNLYG,CNNBO
OARAOGKKK,CNLYG,CNNBO
OAORNKKKK,CNLYG,CNNBO
OAOFARKKK,CNLYG,CNNBO
OAOROCKKK,CNLYG,CNNBO
OARAOFKKK,CNLYG,CNNBO
OFFRAAGKK,CNLYG,CNNBO
OARARAKKK,CNLYG,CNNBO
OAORNKKKK,CNLYG,CNNBO
OAOFRGKKK,CNLYG,CNNBO
OARAOFKKK,CNLYG,CNNBO
OFFRAAGKK,CNLYG,CNNBO
OARKNYKKK,CNLYG,CNNBO
OAOFRGKKK,CNLYG,CNNBO
OARAOAKKK,CNLYG,CNNBO
OARCRAFAK,CNLYG,CNNBO
OARAOCKKK,CNLYG,CNNBO
OAOROCKKK,CNLYG,CNNBO
OARAOCKKK,CNLYG,CNNBO
OAOFARKKK,CNLYG,CNNBO
OARAOYKKK,CNLYG,CNNBO
OAOFARKKK,CNLYG,CNNBO
OAORONKKK,CNLYG,CNNBO
OAOFARKKK,CNLYG,CNNBO
OARAOYKKK,CNLYG,CNNBO
OARKNYKKK,CNLYG,CNNBO
OAOFRGKKK,CNLYG,CNNSA
OACFOGKKK,CNLYG,CNNSA
OARFGRKKK,CNLYG,CNNSA
OACFARKKK,CNLYG,CNNSA
OARFGRKKK,CNLYG,CNNSA
OACFOGKKK,CNLYG,CNNSA
OACFARKKK,CNLYG,CNNSA
OAOFSNKKK,CNLYG,CNQHD
OAOCCRKKK,CNLYG,CNQHD
OARRFGKKK,CNLYG,CNQHD
OARACCKKK,CNLYG,CNQHD
OARNFYKKK,CNLYG,CNQHD
OAOANGKKK,CNLYG,CNQHD
OACROOKKK,CNLYG,CNQHD
OARRRKKKK,CNLYG,CNQHD
RFKASSKKK,CNLYG,CNQIN
RNRKGGKKK,CNLYG,CNQIN
OFFCFOOKK,CNLYG,CNQIN
OAOFNSKKK,CNLYG,CNQIN
OFFKNGOKK,CNLYG,CNQIN
RNOSSGKKK,CNLYG,CNQIN
OAOFNSKKK,CNLYG,CNQIN
OAOFCAKKK,CNLYG,CNQIN
OAORKOKKK,CNLYG,CNQIN
OAROFAYNK,CNLYG,CNQIN
OAOFCAKKK,CNLYG,CNQIN
OAORKOKKK,CNLYG,CNQIN
OAROFSCRK,CNLYG,CNQIN
OFFAKFCKK,CNLYG,CNQIN
OFFAOSFKK,CNLYG,CNQIN
OAOFNSKKK,CNLYG,CNQIN
RNRKGGKKK,CNLYG,CNQIN
OAOFCAKKK,CNLYG,CNQIN
OAORKOKKK,CNLYG,CNQIN
OFFAOSFKK,CNLYG,CNQIN
OAROYOYOK,CNLYG,CNQIN
OARAOCKKK,CNLYG,CNQIN
OFFAYOSKK,CNLYG,CNQIN
RNRKGGKKK,CNLYG,CNQIN
RNCGRAKKK,CNLYG,CNQIN
OACFNKKKK,CNLYG,CNQIZ
OARYGGKKK,CNLYG,CNQIZ
OACFNKKKK,CNLYG,CNQIZ
OARAOAKKK,CNLYG,CNQIZ
OAOFCAKKK,CNLYG,CNQIZ
OARFGAKKK,CNLYG,CNQIZ
OACFNKKKK,CNLYG,CNQIZ
OARFGAKKK,CNLYG,CNQIZ
OAORNKKKK,CNLYG,CNQIZ
OARYGGKKK,CNLYG,CNQIZ
OARYGGKKK,CNLYG,CNQIZ
OAOFOKKKK,CNLYG,CNRIZ
OAOROCKKK,CNLYG,CNRIZ
OAOFKSKKK,CNLYG,CNRIZ
OARAOGKKK,CNLYG,CNRIZ
OARAOGKKK,CNLYG,CNRIZ
OARAOAKKK,CNLYG,CNRIZ
OARAOGKKK,CNLYG,CNRIZ
OAROYOYOK,CNLYG,CNSHA
OAOFCKKKK,CNLYG,CNSIZ
OFFFKSSKK,CNLYG,CNTAI
OAOFNSKKK,CNLYG,CNTJN
OAORKOKKK,CNLYG,CNTJN
OAORKOKKK,CNLYG,CNTJN
OAORKOKKK,CNLYG,CNTJN
OAORKOKKK,CNLYG,CNTJN
OAORAKKKK,CNLYG,CNTJN
OAORAKKKK,CNLYG,CNTJN
OAOFCAKKK,CNLYG,CNTJN
OAORAKKKK,CNLYG,CNTJN
OAOFNSKKK,CNLYG,CNTJN
OAORKOKKK,CNLYG,CNTJN
OARCGCRFK,CNLYG,CNTJN
OAOFCAKKK,CNLYG,CNTJN
OARKGNKKK,CNLYG,CNTJN
OARCGCRFK,CNLYG,CNTJN
OAORKRKKK,CNLYG,CNTJN
OARFKCKRK,CNLYG,CNTJN
OAOFCAKKK,CNLYG,CNTJN
OAOFCAKKK,CNLYG,CNTJN
OARAOOKKK,CNLYG,CNTJN
OAOFNSKKK,CNLYG,CNTJN
OAOFCAKKK,CNLYG,CNTJN
OAOFNSKKK,CNLYG,CNTJN
OARKNSKKK,CNLYG,CNTJN
OAOFNSKKK,CNLYG,CNTJN
OAOFNSKKK,CNLYG,CNTJN
OARKGNKKK,CNLYG,CNTJN
OARKGNKKK,CNLYG,CNTJN
OAOFCAKKK,CNLYG,CNTJN
OAROFAKNK,CNLYG,CNWEI
RNGNSAKKK,CNLYG,CNWGQ
OACAGRKKK,CNLYG,CNWGQ
RFCFCFKKK,CNLYG,CNWGQ
RFKASSKKK,CNLYG,CNWGQ
RNCGRAKKK,CNLYG,CNWGQ
OFFKNGOKK,CNLYG,CNWGQ
OARAYFKKK,CNLYG,CNWGQ
OFFASYRKK,CNLYG,CNWGQ
OAROFYYFK,CNLYG,CNYAN
OARAOAKKK,CNLYG,CNYPG
OARAOAKKK,CNLYG,CNYPG
OARKNYKKK,CNLYG,CNYPG
OARCKKKKK,CNLYG,CNZHA
OFFKSFSKK,CNLYG,CNZJG
OACKRNKKK,CNLYG,CNZJG
OACKRNKKK,CNLYG,CNZJG
OACKRNKKK,CNLYG,CNZJG
OAROYOYOK,CNLYG,CNZJG
OACKRNKKK,CNLYG,CNZJG
OARCRAFAK,CNLYG,CNZOS
OARCRAFAK,CNLYG,CNZOS
OARAOYKKK,CNLYG,HKHKG
OAOAFYKKK,CNLYG,IDBNI
OAOFCOKKK,CNLYG,IDBNI
OAOFCCKKK,CNLYG,IDSAM
OAOFKSKKK,CNLYG,JPHIB
RNRKGGKKK,CNLYG,KRBUS
RNRKGGKKK,CNLYG,KRBUS
RNRKGGKKK,CNLYG,KRBUS
RNRKGGKKK,CNLYG,KRBUS
RNRKGGKKK,CNLYG,KRBUS
RNRKGGKKK,CNLYG,KRBUS
RNRKGGKKK,CNLYG,KRBUS
RNRKGGKKK,CNLYG,KRBUS
RNRKGGKKK,CNLYG,KRBUS
RNRKGGKKK,CNLYG,KRBUS
RNRKGGKKK,CNLYG,KRBUS
RNRKGGKKK,CNLYG,KRBUS
RNRKGGKKK,CNLYG,KRBUS
RNRKGGKKK,CNLYG,KRBUS
RNRKGGKKK,CNLYG,KRBUS
RNRKGGKKK,CNLYG,KRBUS
RNRKGGKKK,CNLYG,KRBUS
RNRKGGKKK,CNLYG,KRBUS
RNRKGGKKK,CNLYG,KRBUS
RNRKGGKKK,CNLYG,KRBUS
RNRKGGKKK,CNLYG,KRBUS
RNRKGGKKK,CNLYG,KRBUS
RNRKGGKKK,CNLYG,KRBUS
RNRKGGKKK,CNLYG,KRBUS
OFFYOFFKK,CNLYG,KRBUS
OFFYOFFKK,CNLYG,KRBUS
OFFYOFFKK,CNLYG,KRBUS
OFFYOFFKK,CNLYG,KRBUS
RNRKGGKKK,CNLYG,KRBUS
RNRKGGKKK,CNLYG,KRBUS
OACOFFFOK,CNLYG,KRDAN
OFFROFNKK,CNLYG,KRDAN
RNNNASKKK,CNLYG,KRGWA
OACOFFFOK,CNLYG,KRULS
OACAGRKKK,CNLYG,PHMAN
OACAGRKKK,CNLYG,PHMAN
OFFAGCAKK,CNLYG,PHSUR
OFFKCRAKK,CNLYW,AUPHE
OARSCSKKK,CNLYW,AUPHE
OARFRGKKK,CNLYW,CNCFD
OACRKCSOK,CNLYW,CNCFD
OAOCCRKKK,CNLYW,CNCJK
OARRKCKSK,CNLYW,CNHUA
OARFRGKKK,CNLYW,CNHUA
OACRNRKKK,CNLYW,CNHUA
OARYRSKKK,CNLYW,CNJIA
OACNNGKKK,CNLYW,CNJIA
OACFOCKKK,CNLYW,CNJIA
OARAYAKKK,CNLYW,CNJIJ
OARARNKKK,CNLYW,CNJIJ
OARKKRKKK,CNLYW,CNJIJ
OARACYKKK,CNLYW,CNJIJ
OAOCCRKKK,CNLYW,CNJIJ
OACFFNKKK,CNLYW,CNJIJ
OARYRSKKK,CNLYW,CNJIJ
OARACRKKK,CNLYW,CNJIN
OARNFYKKK,CNLYW,CNLYG
OAOCCRKKK,CNLYW,CNNTG
OACNYYKKK,CNLYW,CNNTG
OAOFCNKKK,CNLYW,CNNTG
OACFOCKKK,CNLYW,CNNTG
OACGKOKKK,CNLYW,CNNTG
OFFAFFCKK,CNLYW,CNQIN
OARRKAKKK,CNLYW,CNRIZ
OFFGYGNKK,CNLYW,CNRIZ
OACRNRKKK,CNLYW,CNTAX
OACFNAKKK,CNLYW,CNTAX
OARACYKKK,CNLYW,CNTAX
OACNGFKKK,CNLYW,CNTAX
OARAYAKKK,CNLYW,CNTAX
OARAYYKKK,CNLYW,CNTAX
OAOFNRKKK,CNLYW,CNTAX
OARAYOKKK,CNLYW,CNTAX
OAOKFGKKK,CNLYW,CNTJN
OARNFYKKK,CNLYW,CNWEN
OARRKCKYK,CNLYW,CNXIA
OFFARAGKK,CNLYW,CNXIA
OFFNNCNKK,CNLYW,CNZHE
OACNYYKKK,CNLYW,CNZHE
OFFCYROKK,CNLYW,CNZOS
OFFAAONKK,CNLYW,IDPAL
OARRKCKKK,CNLYW,IDSAM
OFFSNKOKK,CNLYW,PHSMA
OACCSYKKK,CNLZH,CNDAL
OACFOCKKK,CNLZH,CNHUA
OARSRFKKK,CNLZH,CNHUA
OACOFGOCK,CNMEZ,CNBAS
OACOFFFOK,CNMEZ,CNBAS
OACOFGOCK,CNMEZ,CNBAS
OARAAYKKK,CNMEZ,CNCFD
OARASGKKK,CNMEZ,CNCFD
OAOFRRKKK,CNMEZ,CNCFD
OARKKRKKK,CNMEZ,CNCFD
OACGKOKKK,CNMEZ,CNCJK
OAOFROKKK,CNMEZ,CNDSN
OARYSYKKK,CNMEZ,CNHUA
OARCGANFK,CNMEZ,CNHUA
OARAYNKKK,CNMEZ,CNHUA
OAOFNNKKK,CNMEZ,CNHUA
OAOFNNKKK,CNMEZ,CNHUA
OARCGANOK,CNMEZ,CNHUA
OARCGAOFK,CNMEZ,CNHUA
OARCGANSK,CNMEZ,CNHUA
OARCGANFK,CNMEZ,CNHUA
OARCGARNK,CNMEZ,CNHUA
OARCGANFK,CNMEZ,CNHUA
OACOFGOCK,CNMEZ,CNHUI
OACOFFFOK,CNMEZ,CNHUI
OACOFFFOK,CNMEZ,CNHUI
OACFOCKKK,CNMEZ,CNJIA
OAOCCRKKK,CNMEZ,CNJIJ
OAOCCRKKK,CNMEZ,CNJIJ
OAOAGSKKK,CNMEZ,CNJIT
OACCSYKKK,CNMEZ,CNJIT
OARAAAKKK,CNMEZ,CNJIT
OARCGANSK,CNMEZ,CNJIT
OARGGKKKK,CNMEZ,CNJIT
OARAAAKKK,CNMEZ,CNJIT
OARAYYKKK,CNMEZ,CNLYW
OACFFNKKK,CNMEZ,CNLYW
OARSCSKKK,CNMEZ,CNLYW
OARACRKKK,CNMEZ,CNLYW
OARARNKKK,CNMEZ,CNLYW
OACOFGOCK,CNMEZ,CNNBO
OARCAKKNK,CNMEZ,CNPLI
OARNFYKKK,CNMEZ,CNQHD
OACNFKKKK,CNMEZ,CNQHD
OARAAYKKK,CNMEZ,CNQHD
OAOCCRKKK,CNMEZ,CNQHD
OARAARKKK,CNMEZ,CNQHD
OAOFNNKKK,CNMEZ,CNQHD
OARAARKKK,CNMEZ,CNQHD
OACNGFKKK,CNMEZ,CNQUA
OACGKOKKK,CNMEZ,CNRUG
RNCFFRKKK,CNMEZ,CNSHA
OACFNAKKK,CNMEZ,CNTAX
OARCGANOK,CNMEZ,CNTJN
OARRFGRYK,CNMEZ,CNXSN
OACOFGOCK,CNMEZ,CNZHA
OARASGKKK,CNMEZ,CNZHE
OACNNGKKK,CNMEZ,CNZJG
OAOCCRKKK,CNMEZ,CNZOS
OACACOKKK,CNMEZ,CNZPU
OAOANCKKK,CNMEZ,IDBON
OARRKCKKK,CNMEZ,IDTBR
OAOFCCKKK,CNMEZ,IDTBR
RFASOFKKK,CNMEZ,KWMAA
OFFKFAYKK,CNMEZ,MYPGG
OARAFCKKK,CNMEZ,MYPGG
OFFCNFCKK,CNMEZ,SAJUT
OFFGSGAKK,CNMEZ,SGSGP
OARAFCKKK,CNMEZ,SGSGP
OARNCFYAK,CNMEZ,SGSGP
OFFFFYFKK,CNMJS,AUPHE
OFFFRYCKK,CNMJS,AUPHE
OFFFFYFKK,CNMJS,AUPHE
OFFGCSRKK,CNMJS,AUPHE
OFFFFYFKK,CNMJS,CNBAO
OFFFFYFKK,CNMJS,CNBAO
OFFGNCYKK,CNMJS,CNBAO
OFFFFYFKK,CNMJS,CNBAO
OFFGNCYKK,CNMJS,CNBAO
OFFGCSRKK,CNMJS,CNBAO
OFFFFYFKK,CNMJS,CNBAO
OAOAGSKKK,CNMJS,CNCJK
OAOFNKKKK,CNMJS,CNNJG
OAOAGSKKK,CNMJS,CNNJG
OARASNKKK,CNMJS,CNNJG
OACRNRKKK,CNMJS,CNNJG
OAOAGSKKK,CNMJS,CNNJG
OARASOKKK,CNMJS,CNNJG
OAOAGSKKK,CNMJS,CNNJG
OARKKRKKK,CNMJS,CNNJG
OAOFNKKKK,CNMJS,CNNJG
OFFGNCYKK,CNMJS,CNTAI
OARSCSKKK,CNMJS,CNTAI
OACKRNKKK,CNMJS,CNTAZ
OFFOARFKK,CNMJS,CNZHA
OFFGNCYKK,CNMJS,CNZHE
OFFGNCYKK,CNMJS,CNZHE
OACKRNKKK,CNMJS,CNZJG
OFFGNCYKK,CNMJS,CNZJG
OFFRAYCKK,CNMJS,CNZJG
OFFRAYCKK,CNMJS,CNZJG
OFFKYASKK,CNMJS,CNZOS
OFFFRYCKK,CNMJS,CNZOS
OARAARKKK,CNMWN,CNCFD
OARAAYKKK,CNMWN,CNCFD
OARAAAKKK,CNMWN,CNHUA
OARAARKKK,CNMWN,CNHUA
OARAARKKK,CNMWN,CNJIT
OAOFRCKKK,CNMWN,CNPAN
OAOFOGKKK,CNMWN,CNZOS
OFFNYRGKK,CNMWN,SGSGP
OFFNYRGKK,CNMWN,SGSGP
OAORKOKKK,CNMWN,TWKAO
OAORKOKKK,CNMWN,TWKAO
OFFNYNNKK,CNNBO,AEFUJ
OARACAKKK,CNNBO,AEFUJ
OFFGNCYKK,CNNBO,AUDPR
OFFFFGNKK,CNNBO,AUDPR
OFFOOACKK,CNNBO,AUDPR
OFFGRFSKK,CNNBO,AUPHE
OFFGGOCKK,CNNBO,AUPHE
OARAFRKKK,CNNBO,CAPRR
OARAGGKKK,CNNBO,CAPRR
OARAGGKKK,CNNBO,CAPRR
OARAGGKKK,CNNBO,CAPRR
OFFFGSAKK,CNNBO,CAPRR
OARAOFKKK,CNNBO,CAPRR
OARAOFKKK,CNNBO,CAVCR
OARKGSKKK,CNNBO,CAVCR
OAOFSYKKK,CNNBO,CN1087
OACOFRKKK,CNNBO,CN1087
OARCOFKKK,CNNBO,CN1087
OARARFKKK,CNNBO,CN2039
OACOFRKKK,CNNBO,CN2039
OARANCKKK,CNNBO,CN2039
OARAFSKKK,CNNBO,CN9014
OARANGKKK,CNNBO,CN9862
OARARFKKK,CNNBO,CN9862
OARAFSKKK,CNNBO,CN9862
OARANCKKK,CNNBO,CN9862
OACOFRKKK,CNNBO,CN9873
OAOFCKKKK,CNNBO,CN9873
OARANOKKK,CNNBO,CN9873
OARAFSKKK,CNNBO,CN9873
OARAFSKKK,CNNBO,CN9878
OARCOSKKK,CNNBO,CN9878
OFFGYGYKK,CNNBO,CNBAO
OAOFSOKKK,CNNBO,CNBHI
OACOFRKKK,CNNBO,CNBHI
OACOFRKKK,CNNBO,CNBHI
OAOFSFKKK,CNNBO,CNBHI
OAOFSYKKK,CNNBO,CNBHI
OACFARKKK,CNNBO,CNBYQ
OAOFARKKK,CNNBO,CNBYQ
OACFOCKKK,CNNBO,CNCFD
NGRKCCCKK,CNNBO,CNCFD
OARAYYKKK,CNNBO,CNCFD
OACFGNKKK,CNNBO,CNCFD
OACFGNKKK,CNNBO,CNCFD
OARCGARNK,CNNBO,CNCFD
OARACCKKK,CNNBO,CNCFD
OARYRSKKK,CNNBO,CNCFD
OACOFRKAK,CNNBO,CNCFD
OACOFRKAK,CNNBO,CNCFD
OARAOKKKK,CNNBO,CNCFD
OACGKOKKK,CNNBO,CNCFD
OARANRKKK,CNNBO,CNCGM
OACOGYKKK,CNNBO,CNCHS
OAOAGSKKK,CNNBO,CNCHZ
OAOFNKKKK,CNNBO,CNCHZ
OACKRNKKK,CNNBO,CNCHZ
OAOFNKKKK,CNNBO,CNCHZ
OACOFFFOK,CNNBO,CNCJK
OAOAGSKKK,CNNBO,CNCJK
RNCANRKKK,CNNBO,CNCJK
OARAYNKKK,CNNBO,CNCJK
OACKRNKKK,CNNBO,CNCJK
OFFRNANKK,CNNBO,CNCJK
OACOFFFOK,CNNBO,CNCJK
OACOFGOCK,CNNBO,CNCJK
OACOFGOCK,CNNBO,CNCJK
OAOFNKKKK,CNNBO,CNCJK
OAORKRKKK,CNNBO,CNCJK
OACOFGOCK,CNNBO,CNCJK
OACOFGOCK,CNNBO,CNCJK
OACKRNKKK,CNNBO,CNCJK
OACOFGOCK,CNNBO,CNCJK
OACKRNKKK,CNNBO,CNCJK
OARSCSKKK,CNNBO,CNCJK
OAOFNKKKK,CNNBO,CNCJK
OARCRAFAK,CNNBO,CNCJK
OARANOKKK,CNNBO,CNCJK
OACOFFFOK,CNNBO,CNCJK
OACKRNKKK,CNNBO,CNCJK
OACOFFFOK,CNNBO,CNCJK
OACOFFFOK,CNNBO,CNCJK
OACOFFFOK,CNNBO,CNCJK
OACOFGOCK,CNNBO,CNCJK
OACOFGOCK,CNNBO,CNCJK
OACKRNKKK,CNNBO,CNCJK
OACOFGOCK,CNNBO,CNCJN
OACOFFFNK,CNNBO,CNCJN
OARCNYFSK,CNNBO,CNCJN
OARCRAFAK,CNNBO,CNCJN
OARCFGKFK,CNNBO,CNCZH
OAOFNSKKK,CNNBO,CNDAL
OAROONGSK,CNNBO,CNDAL
OFFORNYKK,CNNBO,CNDAL
OARCGSNFK,CNNBO,CNDAL
OARCGSNFK,CNNBO,CNDAL
OARCGSNFK,CNNBO,CNDAL
OARCGSNFK,CNNBO,CNDAL
OAORAKKKK,CNNBO,CNDAL
OFFCAYSKK,CNNBO,CNDAL
OAOFAYKKK,CNNBO,CNDAL
OAROYRNOK,CNNBO,CNDAL
OAROYRNOK,CNNBO,CNDAL
OAROYRNOK,CNNBO,CNDAL
OARKNNKKK,CNNBO,CNDAL
OAOFOGKKK,CNNBO,CNDAL
OAOFOSKKK,CNNBO,CNDAL
OARCOFKKK,CNNBO,CNDAL
OARFGRKKK,CNNBO,CNDCB
OARFGCKKK,CNNBO,CNDCB
OAORONKKK,CNNBO,CNDCB
OARAOGKKK,CNNBO,CNDCB
OARAOCKKK,CNNBO,CNDCB
OAORONKKK,CNNBO,CNDCB
OAORONKKK,CNNBO,CNDCB
OARARAKKK,CNNBO,CNDCB
OARANGKKK,CNNBO,CNDJK
OAROONGSK,CNNBO,CNDJK
OAOFCYKKK,CNNBO,CNDJK
OARCFGKFK,CNNBO,CNDSN
OARCFGKFK,CNNBO,CNDSN
OARCFGKFK,CNNBO,CNDSN
OARAFFKKK,CNNBO,CNENP
OARAFFKKK,CNNBO,CNENP
OFFRAAGKK,CNNBO,CNFUN
OARAOYKKK,CNNBO,CNFUN
OAOFARKKK,CNNBO,CNFUN
OAOFARKKK,CNNBO,CNFUN
OAOFARKKK,CNNBO,CNFUN
OARAOYKKK,CNNBO,CNFUN
OARAOYKKK,CNNBO,CNFUN
OFFRAAGKK,CNNBO,CNFUN
OARAFRKKK,CNNBO,CNFUN
OARCRAFAK,CNNBO,CNFUN
OAROONGSK,CNNBO,CNFUN
OARAOFKKK,CNNBO,CNFUN
OACOFGOCK,CNNBO,CNFUN
OFFRAAGKK,CNNBO,CNFUN
OARKNOKKK,CNNBO,CNFUN
OAOFARKKK,CNNBO,CNFUN
OAOFARKKK,CNNBO,CNFUN
OARKNOKKK,CNNBO,CNFUN
CRNKGFYRA,CNNBO,CNFUN
CRNKGFYRA,CNNBO,CNFUN
OARKNOKKK,CNNBO,CNFUN
CRNKGFYRA,CNNBO,CNFUN
OFFRAAGKK,CNNBO,CNFUN
CRNKGFYRA,CNNBO,CNFUN
CRNKGFYRA,CNNBO,CNFUN
OARKNOKKK,CNNBO,CNFUN
CRNKGFYRA,CNNBO,CNFUN
OARKNOKKK,CNNBO,CNFUN
OAOFARKKK,CNNBO,CNFUN
OARKNOKKK,CNNBO,CNFUN
CRNKGFYRA,CNNBO,CNFUN
OARKNOKKK,CNNBO,CNFUN
OAOFARKKK,CNNBO,CNFUN
OARANAKKK,CNNBO,CNFUN
OAOFARKKK,CNNBO,CNFUN
OARCGSNFK,CNNBO,CNFUN
OAROONGSK,CNNBO,CNFUZ
OAROONGSK,CNNBO,CNFUZ
OAROONGSK,CNNBO,CNFUZ
OARANRKKK,CNNBO,CNGLA
OAOCFGKKK,CNNBO,CNGUA
OAOCGKKKK,CNNBO,CNGUA
OAOCGKKKK,CNNBO,CNGUA
OAOCGKKKK,CNNBO,CNGUA
OAOCGKKKK,CNNBO,CNGUA
OAOCGKKKK,CNNBO,CNGUA
OAOCGKKKK,CNNBO,CNGUA
OAOCGKKKK,CNNBO,CNGUA
OAOCFGKKK,CNNBO,CNGUA
OAOCFGKKK,CNNBO,CNGUA
OAOCFGKKK,CNNBO,CNGUA
OAOCGKKKK,CNNBO,CNGUA
OAOCFGKKK,CNNBO,CNGUA
OAOCFGKKK,CNNBO,CNGUA
OAOCFGKKK,CNNBO,CNGUA
OAOCGKKKK,CNNBO,CNGUA
OAOCFGKKK,CNNBO,CNGUA
OAOCFGKKK,CNNBO,CNGUA
OAOCFGKKK,CNNBO,CNGUA
OAOCFGKKK,CNNBO,CNGUA
OAOCFGKKK,CNNBO,CNGUA
OAOCGKKKK,CNNBO,CNGUA
OAOCFGKKK,CNNBO,CNGUA
OAOCGKKKK,CNNBO,CNGUA
OACGRRKKK,CNNBO,CNGUA
OAOCGKKKK,CNNBO,CNGUA
OARCOSKKK,CNNBO,CNHPU
OARASGKKK,CNNBO,CNHUA
OACFOCKKK,CNNBO,CNHUA
OACNGFKKK,CNNBO,CNHUA
OARCGANRK,CNNBO,CNHUA
OARCGANFK,CNNBO,CNHUA
OARCGARNK,CNNBO,CNHUA
OARCGARNK,CNNBO,CNHUA
OARASYKKK,CNNBO,CNHUA
OARCGANFK,CNNBO,CNHUA
OACFOCKKK,CNNBO,CNHUA
OARCGANFK,CNNBO,CNHUA
OARCGCNSK,CNNBO,CNHUA
OARCGARNK,CNNBO,CNHUA
OACNYYKKK,CNNBO,CNHUA
OARCGANFK,CNNBO,CNHUA
OARCGAYNK,CNNBO,CNHUA
OARCGANNK,CNNBO,CNHUA
OARCGARNK,CNNBO,CNHUA
OARASYKKK,CNNBO,CNHUA
OARCGANSK,CNNBO,CNHUA
OARCGANSK,CNNBO,CNHUA
OAROONGSK,CNNBO,CNHUI
OAOOSKKKK,CNNBO,CNHUI
OAROONGSK,CNNBO,CNHUI
OFFGOSCKK,CNNBO,CNHUI
OAOFCOKKK,CNNBO,CNJIA
OFFFFGNKK,CNNBO,CNJIA
OARAYNKKK,CNNBO,CNJIA
OARAYGKKK,CNNBO,CNJIA
OARASNKKK,CNNBO,CNJIA
OARASNKKK,CNNBO,CNJIJ
OAOAGSKKK,CNNBO,CNJIJ
OFFAGCAKK,CNNBO,CNJIJ
OARAYYKKK,CNNBO,CNJIJ
OARKNYKKK,CNNBO,CNJIN
OACFOGKKK,CNNBO,CNJIN
OACFOGKKK,CNNBO,CNJIN
OACFOGKKK,CNNBO,CNJIN
OACFOGKKK,CNNBO,CNJIN
OARYGGKKK,CNNBO,CNJIN
OARFGRKKK,CNNBO,CNJIN
OARFGRKKK,CNNBO,CNJIN
OACFNKKKK,CNNBO,CNJIN
OACFNKKKK,CNNBO,CNJIN
OACFNKKKK,CNNBO,CNJIN
OARFGRKKK,CNNBO,CNJIN
OACFARKKK,CNNBO,CNJIN
OARFGRKKK,CNNBO,CNJIN
OARFGKKKK,CNNBO,CNJIN
OARFGAKKK,CNNBO,CNJIN
OACFARKKK,CNNBO,CNJIN
OARFGKKKK,CNNBO,CNJIN
OACFARKKK,CNNBO,CNJIN
OARFGKKKK,CNNBO,CNJIN
OARFGKKKK,CNNBO,CNJIN
OACFARKKK,CNNBO,CNJIN
OARFGKKKK,CNNBO,CNJIN
OARKNYKKK,CNNBO,CNJIN
OACFARKKK,CNNBO,CNJIN
OARFGKKKK,CNNBO,CNJIN
OACFARKKK,CNNBO,CNJIN
OARKNYKKK,CNNBO,CNJIN
OARAGFKKK,CNNBO,CNJIN
OARFGAKKK,CNNBO,CNJIN
OARYGGKKK,CNNBO,CNJIN
OARFGRKKK,CNNBO,CNJIN
OARFGKKKK,CNNBO,CNJIN
OACFARKKK,CNNBO,CNJIN
OACFARKKK,CNNBO,CNJIN
OARFGKKKK,CNNBO,CNJIN
OARKNYKKK,CNNBO,CNJIN
OACFARKKK,CNNBO,CNJIN
OARFGKKKK,CNNBO,CNJIN
OACFOGKKK,CNNBO,CNJIN
OACFOGKKK,CNNBO,CNJIN
OACFOGKKK,CNNBO,CNJIN
OACFOGKKK,CNNBO,CNJIN
OACFOGKKK,CNNBO,CNJIN
OACGNSKKK,CNNBO,CNJIN
OACFOGKKK,CNNBO,CNJIN
OARFGRKKK,CNNBO,CNJIN
OARFGKKKK,CNNBO,CNJIN
OARYGGKKK,CNNBO,CNJIN
OARFGRKKK,CNNBO,CNJIN
OARYGGKKK,CNNBO,CNJIN
OARANCKKK,CNNBO,CNJIN
OACGNSKKK,CNNBO,CNJIN
OACOFRKKK,CNNBO,CNJIN
OARFGRKKK,CNNBO,CNJIN
OARARGKKK,CNNBO,CNJIN
OARFGKKKK,CNNBO,CNJIN
OARFGRKKK,CNNBO,CNJIN
OARAOOKKK,CNNBO,CNJIN
OARFGAKKK,CNNBO,CNJIN
OARFGRKKK,CNNBO,CNJIN
OARYGGKKK,CNNBO,CNJIN
OARFGAKKK,CNNBO,CNJIN
OARFGRKKK,CNNBO,CNJIN
OARFGRKKK,CNNBO,CNJIN
OARFGAKKK,CNNBO,CNJIT
OARAOKKKK,CNNBO,CNJIT
OACFNKKKK,CNNBO,CNJIT
OACOFRKAK,CNNBO,CNJIT
OACGNSKKK,CNNBO,CNJIT
OACGKOKKK,CNNBO,CNJIT
OACFNKKKK,CNNBO,CNJIT
OACACOKKK,CNNBO,CNJIT
OARYGGKKK,CNNBO,CNJIT
OACGKOKKK,CNNBO,CNJIT
OACFOCKKK,CNNBO,CNJIT
OACGNSKKK,CNNBO,CNJIT
OARYGGKKK,CNNBO,CNJIT
OACGNSKKK,CNNBO,CNJIT
OAOAGGKKK,CNNBO,CNJIT
OACYNKKKK,CNNBO,CNLKU
OFFSSORKK,CNNBO,CNLSN
OARACSKKK,CNNBO,CNLSN
OFFAFRCKK,CNNBO,CNLSN
NGRKCCCKK,CNNBO,CNLSN
OAOFNSKKK,CNNBO,CNLYG
OAORKOKKK,CNNBO,CNLYG
OAORKOKKK,CNNBO,CNLYG
OAOFCAKKK,CNNBO,CNLYG
OAOFCAKKK,CNNBO,CNLYG
OARKGNKKK,CNNBO,CNLYG
OAOFCAKKK,CNNBO,CNLYG
OARKGNKKK,CNNBO,CNLYG
OARKGNKKK,CNNBO,CNLYG
OARAOGKKK,CNNBO,CNLYG
OAORAKKKK,CNNBO,CNLYG
OACOFFFOK,CNNBO,CNLYG
OAOFCAKKK,CNNBO,CNLYG
OAOFCAKKK,CNNBO,CNLYG
OACOFFFOK,CNNBO,CNLYG
OACACOKKK,CNNBO,CNLYG
OACOFFFOK,CNNBO,CNLYG
OAOFNSKKK,CNNBO,CNLYG
OAOFNSKKK,CNNBO,CNLYG
OAOFCAKKK,CNNBO,CNLYG
OAOFNSKKK,CNNBO,CNLYG
OAOFNSKKK,CNNBO,CNLYG
OAORKOKKK,CNNBO,CNLYG
OAOFCAKKK,CNNBO,CNLYG
OAORKOKKK,CNNBO,CNLYG
OARCRAFAK,CNNBO,CNLYG
OARCRAFAK,CNNBO,CNLYG
OAORKOKKK,CNNBO,CNLYG
OACOFGOCK,CNNBO,CNMEZ
OACOFGOCK,CNNBO,CNMEZ
OACOFFFOK,CNNBO,CNMEZ
OACOFFFOK,CNNBO,CNMEZ
OACOFGOCK,CNNBO,CNMEZ
OACOFFFOK,CNNBO,CNMEZ
OAORKOKKK,CNNBO,CNMWN
OAORKOKKK,CNNBO,CNMWN
OACOFGOCK,CNNBO,CNNJG
OAOFNKKKK,CNNBO,CNNJG
OAOFNKKKK,CNNBO,CNNJG
OAOAGSKKK,CNNBO,CNNJG
OAOAGSKKK,CNNBO,CNNJG
OAOAGSKKK,CNNBO,CNNJG
OAOFNKKKK,CNNBO,CNNJG
OARFGCKKK,CNNBO,CNNSA
OARFGCKKK,CNNBO,CNNSA
OFFRAYRKK,CNNBO,CNNSA
OARARCKKK,CNNBO,CNNSA
OFFKFFFKK,CNNBO,CNNSA
OARFGRKKK,CNNBO,CNNSA
OFFKFFFKK,CNNBO,CNNSA
OFFRKSAKK,CNNBO,CNNSA
OFFAKKRKK,CNNBO,CNNSA
OARARCKKK,CNNBO,CNNSA
OFFRONYKK,CNNBO,CNNSA
OFFYOFGKK,CNNBO,CNNSA
OARARCKKK,CNNBO,CNNSA
OFFOFGSKK,CNNBO,CNNSA
OFFCCYOKK,CNNBO,CNNSA
OARARAKKK,CNNBO,CNNSA
OFFFACOKK,CNNBO,CNNSA
OARARAKKK,CNNBO,CNNSA
OFFOFGSKK,CNNBO,CNNSA
OARAGGKKK,CNNBO,CNNSA
OARAONKKK,CNNBO,CNNSA
OFFYOFGKK,CNNBO,CNNSA
OFFRKCYKK,CNNBO,CNNSA
OARFGCKKK,CNNBO,CNNSA
OARFGCKKK,CNNBO,CNNSA
OFFRONYKK,CNNBO,CNNSA
OARAOGKKK,CNNBO,CNNSA
OFFKFFFKK,CNNBO,CNNSA
OARFGCKKK,CNNBO,CNNSA
OARYGNKKK,CNNBO,CNNSA
OFFRONYKK,CNNBO,CNNSA
OFFKFFFKK,CNNBO,CNNSA
OFFOFGSKK,CNNBO,CNNSA
OAORNKKKK,CNNBO,CNNSA
OARARAKKK,CNNBO,CNNSA
OFFNYSOKK,CNNBO,CNNSA
OFFRKCYKK,CNNBO,CNNSA
OACFAOKKK,CNNBO,CNNSA
OFFRAAGKK,CNNBO,CNNSA
OFFCCYOKK,CNNBO,CNNSA
OARARCKKK,CNNBO,CNNSA
OFFKFFFKK,CNNBO,CNNSA
OARAONKKK,CNNBO,CNNSA
OFFRAYRKK,CNNBO,CNNSA
OFFCCYOKK,CNNBO,CNNSA
OARANRKKK,CNNBO,CNNSA
OARFGRKKK,CNNBO,CNNSA
OARAONKKK,CNNBO,CNNSA
OARYGNKKK,CNNBO,CNNSA
OARAOGKKK,CNNBO,CNNSA
OARANRKKK,CNNBO,CNNSA
OARAOOKKK,CNNBO,CNNSA
OAOFGKKKK,CNNBO,CNNSA
OARFGCKKK,CNNBO,CNNSA
OFFNYSOKK,CNNBO,CNNSA
OFFOFGSKK,CNNBO,CNNSA
OAOROCKKK,CNNBO,CNNSA
OARAOOKKK,CNNBO,CNNSA
OARYGNKKK,CNNBO,CNNSA
OFFRAYRKK,CNNBO,CNNSA
OACGRRKKK,CNNBO,CNNSA
OARAOCKKK,CNNBO,CNNSA
OARANRKKK,CNNBO,CNNSA
OARARCKKK,CNNBO,CNNSA
OARARCKKK,CNNBO,CNNSA
OACFAOKKK,CNNBO,CNNSA
OACGRRKKK,CNNBO,CNNSA
OARAOGKKK,CNNBO,CNNSA
OACGRRKKK,CNNBO,CNNSA
OACFAOKKK,CNNBO,CNNSA
OACGRRKKK,CNNBO,CNNSA
OFFRAAGKK,CNNBO,CNNSA
OARYGNKKK,CNNBO,CNNSA
OARAOGKKK,CNNBO,CNNSA
OFFKFFFKK,CNNBO,CNNSA
OACGRRKKK,CNNBO,CNNSA
OARFGRKKK,CNNBO,CNNSA
OACFAOKKK,CNNBO,CNNSA
OARARCKKK,CNNBO,CNNSA
OFFCCYOKK,CNNBO,CNNSA
OFFCFOOKK,CNNBO,CNNSA
OFFNYSOKK,CNNBO,CNNSA
OARAOGKKK,CNNBO,CNNSA
OACFAOKKK,CNNBO,CNNSA
OFFARYYKK,CNNBO,CNNSA
OFFKFFFKK,CNNBO,CNNSA
OACGRRKKK,CNNBO,CNNSA
OARKNYKKK,CNNBO,CNNSA
OARAONKKK,CNNBO,CNNSA
OARFGCKKK,CNNBO,CNNSA
OFFKFFFKK,CNNBO,CNNSA
OFFNYSOKK,CNNBO,CNNSA
OFFOGONKK,CNNBO,CNNSA
OARARAKKK,CNNBO,CNNSA
OFFRKCYKK,CNNBO,CNNSA
OFFKFFFKK,CNNBO,CNNSA
OARFGRKKK,CNNBO,CNNSA
OFFRKSAKK,CNNBO,CNNSA
OFFRKSAKK,CNNBO,CNNSA
OFFRKSAKK,CNNBO,CNNSA
OFFRAAGKK,CNNBO,CNNSA
OFFYOFGKK,CNNBO,CNNSA
OACFOGKKK,CNNBO,CNNSA
OACFOGKKK,CNNBO,CNNSA
OFFKFFFKK,CNNBO,CNNSA
OARYGNKKK,CNNBO,CNNSA
OARAONKKK,CNNBO,CNNSA
OFFCCYOKK,CNNBO,CNNSA
OACFAOKKK,CNNBO,CNNSA
OFFCCYOKK,CNNBO,CNNSA
OARAONKKK,CNNBO,CNNSA
OFFARGSKK,CNNBO,CNNSA
OFFARGSKK,CNNBO,CNNSA
OFFNYSOKK,CNNBO,CNNSA
OARFGCKKK,CNNBO,CNNSA
OARARAKKK,CNNBO,CNNSA
OAOFGKKKK,CNNBO,CNNSA
OACGRRKKK,CNNBO,CNNSA
OACFARKKK,CNNBO,CNNSA
OARANRKKK,CNNBO,CNNSA
OACGRRKKK,CNNBO,CNNSA
OARANRKKK,CNNBO,CNNSA
OARAONKKK,CNNBO,CNNSA
OFFAGSYKK,CNNBO,CNNSA
OACFARKKK,CNNBO,CNNSA
OFFAGSYKK,CNNBO,CNNSA
OARARCKKK,CNNBO,CNNSA
OFFFACSKK,CNNBO,CNNSA
OARARCKKK,CNNBO,CNNSA
OFFAGSYKK,CNNBO,CNNSA
OFFFACOKK,CNNBO,CNNSA
OFFRAYRKK,CNNBO,CNNSA
OACFARKKK,CNNBO,CNNSA
OARYGNKKK,CNNBO,CNNSA
OARFGCKKK,CNNBO,CNNSA
OFFOFGSKK,CNNBO,CNNSA
OARANRKKK,CNNBO,CNNSA
OARFGCKKK,CNNBO,CNNSA
OFFAGSYKK,CNNBO,CNNSA
OAOAGSKKK,CNNBO,CNNTG
OAOFROKKK,CNNBO,CNNTG
OARASGKKK,CNNBO,CNNTG
OACYNKKKK,CNNBO,CNPAN
OAOFAYKKK,CNNBO,CNPAN
OARAFSKKK,CNNBO,CNPYU
OACOFRKKK,CNNBO,CNPYU
OARAFSKKK,CNNBO,CNPYU
OARAFSKKK,CNNBO,CNPYU
OARAFSKKK,CNNBO,CNPYU
OACFOCKKK,CNNBO,CNQHD
OARRKCKCK,CNNBO,CNQHD
OARAOKKKK,CNNBO,CNQHD
OARSRFKKK,CNNBO,CNQHD
OARASYKKK,CNNBO,CNQHD
OARAOKKKK,CNNBO,CNQHD
OACFGNKKK,CNNBO,CNQHD
OARAOKKKK,CNNBO,CNQHD
OARAOKKKK,CNNBO,CNQHD
OARASNKKK,CNNBO,CNQHD
OACFOCKKK,CNNBO,CNQHD
OACFOCKKK,CNNBO,CNQHD
OAOFANKKK,CNNBO,CNQHD
OAOFCAKKK,CNNBO,CNQIN
OACYNKKKK,CNNBO,CNQIN
OAOFNSKKK,CNNBO,CNQIN
NGRKCCCKK,CNNBO,CNQIN
OAORKRKKK,CNNBO,CNQIN
OAOFNSKKK,CNNBO,CNQIN
OFFSRCCKK,CNNBO,CNQIN
OAOFNSKKK,CNNBO,CNQIN
OFFGANFKK,CNNBO,CNQIN
OARKNYKKK,CNNBO,CNQIZ
OAOFRGKKK,CNNBO,CNQIZ
OARKGRKKK,CNNBO,CNQIZ
OARARFKKK,CNNBO,CNQIZ
OAOFRGKKK,CNNBO,CNQIZ
OARYGNKKK,CNNBO,CNQUA
OARKGRKKK,CNNBO,CNQUA
OACNYYKKK,CNNBO,CNRIZ
OACFNAKKK,CNNBO,CNRIZ
OAORNKKKK,CNNBO,CNRIZ
OACYNKKKK,CNNBO,CNRUG
OAOFOGKKK,CNNBO,CNRUG
OACNROKKK,CNNBO,CNRUG
OACKRNKKK,CNNBO,CNRUG
OFFGRYSKK,CNNBO,CNSDG
OAOFRCKKK,CNNBO,CNSHA
OAOFRGKKK,CNNBO,CNSHE
OARKFCKKK,CNNBO,CNSHE
OARKGOKKK,CNNBO,CNSHE
OFFRAANKK,CNNBO,CNSHE
OARKGOKKK,CNNBO,CNSHE
OARKGKKKK,CNNBO,CNSHE
OFFRAANKK,CNNBO,CNSHE
RNOSSGKKK,CNNBO,CNSHE
OARKGKKKK,CNNBO,CNSHE
OARKGKKKK,CNNBO,CNSHE
OFFKNGOKK,CNNBO,CNSHE
OAOFRGKKK,CNNBO,CNSHE
OARKGNKKK,CNNBO,CNSHE
OARAGFKKK,CNNBO,CNSHE
OFFANSFKK,CNNBO,CNSHE
OAOFAOKKK,CNNBO,CNSHE
OFFRAANKK,CNNBO,CNSHE
OFFRAANKK,CNNBO,CNSHE
OFFRAANKK,CNNBO,CNSHE
OFFRAANKK,CNNBO,CNSHE
OFFRAANKK,CNNBO,CNSHE
OARKGOKKK,CNNBO,CNSHE
RNOSSGKKK,CNNBO,CNSHE
OAOFRGKKK,CNNBO,CNSHE
OFFRAANKK,CNNBO,CNSHE
OFFRAANKK,CNNBO,CNSHE
OARKGNKKK,CNNBO,CNSHE
OARKFCKKK,CNNBO,CNSHE
OFFRAANKK,CNNBO,CNSHE
OFFAKFCKK,CNNBO,CNSHE
OAOFRGKKK,CNNBO,CNSHE
OFFRAANKK,CNNBO,CNSHE
OAOFRGKKK,CNNBO,CNSHE
OFFCSCYKK,CNNBO,CNSHE
OAOFCKKKK,CNNBO,CNSIZ
OAOFCKKKK,CNNBO,CNSIZ
OARNORKKK,CNNBO,CNTAI
OFFKCRAKK,CNNBO,CNTAI
OFFKCRAKK,CNNBO,CNTAI
OFFRNANKK,CNNBO,CNTAI
OAOFARKKK,CNNBO,CNTAI
OACOFGOCK,CNNBO,CNTAX
OACOFFFOK,CNNBO,CNTAX
OARCRAFAK,CNNBO,CNTAX
OACOFGOCK,CNNBO,CNTAX
OACOFGOCK,CNNBO,CNTAX
OACOFFFOK,CNNBO,CNTAX
OACOFFFOK,CNNBO,CNTAX
OARCGARFK,CNNBO,CNTJN
OARFGAKKK,CNNBO,CNTJN
OACFNKKKK,CNNBO,CNTJN
OACFNKKKK,CNNBO,CNTJN
OACFNKKKK,CNNBO,CNTJN
OARYGGKKK,CNNBO,CNTJN
OARCGANNK,CNNBO,CNTJN
OAOFCAKKK,CNNBO,CNTJN
OARKNNKKK,CNNBO,CNTJN
OACFNKKKK,CNNBO,CNTJN
OARFGAKKK,CNNBO,CNTJN
OARYGGKKK,CNNBO,CNTJN
OARCGARSK,CNNBO,CNTJN
OACFNKKKK,CNNBO,CNTJN
OACAGRKKK,CNNBO,CNTJN
OARYGGKKK,CNNBO,CNTJN
OARFGAKKK,CNNBO,CNTJN
OARFGAKKK,CNNBO,CNTJN
OARYGGKKK,CNNBO,CNTJN
OARAOKKKK,CNNBO,CNTJN
OARFGAKKK,CNNBO,CNTJN
OARKGNKKK,CNNBO,CNTJN
OARYGGKKK,CNNBO,CNTJN
OAOFCAKKK,CNNBO,CNTJN
OACFNKKKK,CNNBO,CNTJN
OARFGAKKK,CNNBO,CNTJN
OARFGAKKK,CNNBO,CNTJN
OACFNKKKK,CNNBO,CNTJN
OACGKOKKK,CNNBO,CNTJN
OAOFOOKKK,CNNBO,CNTJN
OARYGGKKK,CNNBO,CNTJN
OFFARYYKK,CNNBO,CNTJN
OARYGGKKK,CNNBO,CNTJN
OACFNKKKK,CNNBO,CNTJN
OARCGANRK,CNNBO,CNWEI
OARCGARFK,CNNBO,CNWEI
RNCANRKKK,CNNBO,CNWGQ
RNCANRKKK,CNNBO,CNWGQ
OARAGCKKK,CNNBO,CNWGQ
OARSOSKKK,CNNBO,CNWGQ
OARSOSKKK,CNNBO,CNWGQ
RNCANRKKK,CNNBO,CNWGQ
RNCANRKKK,CNNBO,CNWGQ
OARAGCKKK,CNNBO,CNWGQ
RNCANRKKK,CNNBO,CNWGQ
RNCANRKKK,CNNBO,CNWGQ
RNCANRKKK,CNNBO,CNWGQ
RNCANRKKK,CNNBO,CNWGQ
RNCANRKKK,CNNBO,CNWGQ
RNCANRKKK,CNNBO,CNWGQ
OARSOSKKK,CNNBO,CNWGQ
RNCANRKKK,CNNBO,CNWGQ
RNCANRKKK,CNNBO,CNWGQ
OAOFCYKKK,CNNBO,CNWGQ
RNCANRKKK,CNNBO,CNWGQ
RNCANRKKK,CNNBO,CNWGQ
CRNKGFYRA,CNNBO,CNWGQ
RNCANRKKK,CNNBO,CNWGQ
RNCANRKKK,CNNBO,CNWGQ
OARANOKKK,CNNBO,CNWGQ
RNCANRKKK,CNNBO,CNWGQ
RNCANRKKK,CNNBO,CNWGQ
RNCANRKKK,CNNBO,CNWGQ
OARANOKKK,CNNBO,CNWGQ
OARANOKKK,CNNBO,CNWGQ
OFFRAYRKK,CNNBO,CNWGQ
RNCANRKKK,CNNBO,CNWGQ
RNCANRKKK,CNNBO,CNWGQ
RNCANRKKK,CNNBO,CNWGQ
OARKFOKKK,CNNBO,CNWGQ
RNCANRKKK,CNNBO,CNWGQ
RNCANRKKK,CNNBO,CNWGQ
OARKFOKKK,CNNBO,CNWGQ
RNCANRKKK,CNNBO,CNWGQ
RNCANRKKK,CNNBO,CNWGQ
RNCANRKKK,CNNBO,CNWGQ
RNCANRKKK,CNNBO,CNWGQ
RNCANRKKK,CNNBO,CNWGQ
OARCYRNNK,CNNBO,CNWGQ
RNCANRKKK,CNNBO,CNWGQ
OAORKOKKK,CNNBO,CNWGQ
OARCSSAAK,CNNBO,CNWGQ
OAORKOKKK,CNNBO,CNWGQ
OAORKRKKK,CNNBO,CNWGQ
RNRKGGKKK,CNNBO,CNWGQ
RNRKGGKKK,CNNBO,CNWGQ
OARARAKKK,CNNBO,CNWGQ
RNCANRKKK,CNNBO,CNWGQ
RFCYROKKK,CNNBO,CNXIA
OFFKNFAKK,CNNBO,CNXIA
OFFFGNSKK,CNNBO,CNXIA
OFFSRCRKK,CNNBO,CNXIA
OARAOYKKK,CNNBO,CNXIA
OFFRASCKK,CNNBO,CNXIA
OFFYGFSKK,CNNBO,CNXIA
OFFSRCCKK,CNNBO,CNXIA
OFFKKOFKK,CNNBO,CNXIA
OFFFACSKK,CNNBO,CNXIA
OFFCGYRKK,CNNBO,CNXIA
OFFKNFAKK,CNNBO,CNXIA
OFFKFFSKK,CNNBO,CNXIA
OFFOGOOKK,CNNBO,CNXIA
OFFKNFAKK,CNNBO,CNXIA
OFFKKOFKK,CNNBO,CNXIA
OFFFGNSKK,CNNBO,CNXIA
OFFCGYRKK,CNNBO,CNXIA
OFFKNFAKK,CNNBO,CNXIA
OFFKNFAKK,CNNBO,CNXIA
OFFYGFFKK,CNNBO,CNXIA
OFFFGNSKK,CNNBO,CNXIA
OFFCRCSKK,CNNBO,CNXIA
OFFCRCSKK,CNNBO,CNXIA
OFFOGOOKK,CNNBO,CNXIA
OFFYGFSKK,CNNBO,CNXIA
OFFRAYRKK,CNNBO,CNXIA
OFFOGOOKK,CNNBO,CNXIA
OFFYGFSKK,CNNBO,CNXIA
OFFYGFFKK,CNNBO,CNXIA
OARAOYKKK,CNNBO,CNXIA
OFFAASGKK,CNNBO,CNXIA
OFFRASCKK,CNNBO,CNXIA
OFFAASGKK,CNNBO,CNXIA
OFFAASGKK,CNNBO,CNXIA
OFFFACOKK,CNNBO,CNXIA
OFFOGOOKK,CNNBO,CNXIA
OFFRASCKK,CNNBO,CNXIA
RFCYROKKK,CNNBO,CNXIA
OFFOGOOKK,CNNBO,CNXIA
OFFSRCRKK,CNNBO,CNXIA
OFFFGNSKK,CNNBO,CNXIA
OFFKKAFKK,CNNBO,CNXIA
OFFYGFFKK,CNNBO,CNXIA
OFFKKAFKK,CNNBO,CNXIA
OFFKKAFKK,CNNBO,CNXIA
OFFKKAFKK,CNNBO,CNXIA
OARAOFKKK,CNNBO,CNXIA
OFFKKOFKK,CNNBO,CNXIA
OFFYGFSKK,CNNBO,CNXIA
OFFKKOFKK,CNNBO,CNXIA
OFFSRCRKK,CNNBO,CNXIA
OFFFGNSKK,CNNBO,CNXIA
OFFSRCRKK,CNNBO,CNXIA
OFFYGFFKK,CNNBO,CNXIA
OFFKFFSKK,CNNBO,CNXIA
OFFCRCSKK,CNNBO,CNXIA
OFFCGYRKK,CNNBO,CNXIA
OARCGARSK,CNNBO,CNXSN
OARCGANRK,CNNBO,CNXSN
OARCGANOK,CNNBO,CNXSN
OARCGARSK,CNNBO,CNXSN
OAOFSCKKK,CNNBO,CNXSN
OAOFCKKKK,CNNBO,CNYAN
OACOFFFOK,CNNBO,CNYIZ
OARCFNYRK,CNNBO,CNYIZ
OACOFFFOK,CNNBO,CNYIZ
OACOFGOCK,CNNBO,CNYIZ
OACOFFFOK,CNNBO,CNYIZ
OACOFGOCK,CNNBO,CNYIZ
OACOFFFOK,CNNBO,CNYIZ
OACOFGOCK,CNNBO,CNYIZ
OACOFFFOK,CNNBO,CNYIZ
OARCRAFAK,CNNBO,CNYJG
OAOROCKKK,CNNBO,CNYPG
OARAOAKKK,CNNBO,CNYPG
OARAOAKKK,CNNBO,CNYPG
OARARAKKK,CNNBO,CNYPG
OARAOAKKK,CNNBO,CNYPG
OARFGAKKK,CNNBO,CNYPG
OAOFRGKKK,CNNBO,CNYPG
OARAOGKKK,CNNBO,CNYPG
OARAOAKKK,CNNBO,CNYPG
OAORNKKKK,CNNBO,CNYPG
OAORNKKKK,CNNBO,CNYPG
OARKNYKKK,CNNBO,CNYPG
OAOROCKKK,CNNBO,CNYPG
OARAOAKKK,CNNBO,CNYPG
OAORNKKKK,CNNBO,CNYPG
OARAOAKKK,CNNBO,CNYPG
OFFCRCCKK,CNNBO,CNYSN
OARKGRKKK,CNNBO,CNYSN
OFFFGSAKK,CNNBO,CNYSN
OFFCRCCKK,CNNBO,CNYSN
OFFCSGCKK,CNNBO,CNYSN
OFFFACOKK,CNNBO,CNYSN
OFFASRSKK,CNNBO,CNYSN
OFFOGOOKK,CNNBO,CNYSN
OARKGRKKK,CNNBO,CNYSN
OFFFGSAKK,CNNBO,CNYSN
OFFSRCCKK,CNNBO,CNYSN
OFFCRCCKK,CNNBO,CNYSN
OFFKORCKK,CNNBO,CNYSN
RNCGRAKKK,CNNBO,CNYTN
OFFSNSSKK,CNNBO,CNYTN
RFKASSKKK,CNNBO,CNYTN
OFFCFOOKK,CNNBO,CNYTN
OFFAOSFKK,CNNBO,CNYTN
OARAOFKKK,CNNBO,CNYTN
OFFCGGSKK,CNNBO,CNYTN
OFFCAROKK,CNNBO,CNYTN
OARAFRKKK,CNNBO,CNYTN
OFFRRRYKK,CNNBO,CNYTN
OFFAKFCKK,CNNBO,CNYTN
OFFKORCKK,CNNBO,CNYTN
OFFAYOSKK,CNNBO,CNYTN
OARSCSKKK,CNNBO,CNYZH
OAROONGSK,CNNBO,CNZHA
OARCFNYRK,CNNBO,CNZHA
OARCOFKKK,CNNBO,CNZHA
RFKKFAKKK,CNNBO,CNZHE
OACNNGKKK,CNNBO,CNZHE
OAOKFRKKK,CNNBO,CNZHE
OARYSOKKK,CNNBO,CNZHE
OAOFANKKK,CNNBO,CNZHE
OARYSOKKK,CNNBO,CNZHE
OACNYYKKK,CNNBO,CNZHE
OARACCKKK,CNNBO,CNZHE
OFFKNKYKK,CNNBO,CNZJG
OACKRNKKK,CNNBO,CNZJG
RNFCKRKKK,CNNBO,CNZJG
OARCGSNFK,CNNBO,CNZJG
OFFYNKNKK,CNNBO,CNZJG
OACKRNKKK,CNNBO,CNZJG
OACKRNKKK,CNNBO,CNZJG
OFFYNKNKK,CNNBO,CNZJG
RNFCKRKKK,CNNBO,CNZJG
OACKRNKKK,CNNBO,CNZJG
OACKRNKKK,CNNBO,CNZJG
OACKRNKKK,CNNBO,CNZJG
OARRKCNCK,CNNBO,CNZJG
OAROCOKKK,CNNBO,CNZJG
OACKRNKKK,CNNBO,CNZJG
OFFGYOFKK,CNNBO,CNZJG
OARSCSKKK,CNNBO,CNZJG
OACKRNKKK,CNNBO,CNZJG
OARASOKKK,CNNBO,CNZOS
OAOOOSKKK,CNNBO,CNZOS
OARANCKKK,CNNBO,CNZOS
OACOFFFNK,CNNBO,CNZOS
OARCGSNFK,CNNBO,CNZOS
OARAFFKKK,CNNBO,CNZOS
OARCRAFAK,CNNBO,CNZOS
OAOFSOKKK,CNNBO,CNZOS
OAOFCYKKK,CNNBO,CNZOS
OARAGCKKK,CNNBO,CNZOS
OACOFFFNK,CNNBO,CNZOS
OARKNRKKK,CNNBO,CNZOS
OACOFFFNK,CNNBO,CNZOS
OACOFFFNK,CNNBO,CNZOS
OACFOGKKK,CNNBO,CNZOS
OARCSFCFK,CNNBO,CNZOS
OACOFFFNK,CNNBO,CNZOS
OACOFFFNK,CNNBO,CNZOS
OACOFFFNK,CNNBO,CNZOS
OARCYOSNK,CNNBO,CNZOS
OARCRAFAK,CNNBO,CNZPU
OAOFRCKKK,CNNBO,CNZPU
OAOFOGKKK,CNNBO,CNZPU
OARCRAFAK,CNNBO,CNZPU
OARCRAFAK,CNNBO,CNZPU
OAOFRCKKK,CNNBO,CNZPU
OARAOCKKK,CNNBO,CNZZU
OFFAASGKK,CNNBO,HKHKG
OARKGSKKK,CNNBO,HKHKG
OFFAOSFKK,CNNBO,HKHKG
OFFYOFGKK,CNNBO,HKHKG
OFFCGGSKK,CNNBO,HKHKG
OARAOYKKK,CNNBO,HKHKG
OARAGGKKK,CNNBO,HKHKG
OFFOGOOKK,CNNBO,HKHKG
OARAOFKKK,CNNBO,HKHKG
OFFFACSKK,CNNBO,HKHKG
OFFCAROKK,CNNBO,HKHKG
OFFCFOOKK,CNNBO,HKHKG
OFFYOFGKK,CNNBO,HKHKG
OFFRRRYKK,CNNBO,HKHKG
OFFYOFGKK,CNNBO,HKHKG
OARAGGKKK,CNNBO,HKHKG
OAROYCONK,CNNBO,HKHKG
OFFKORCKK,CNNBO,HKHKG
OFFRRRYKK,CNNBO,HKHKG
OFFAAFOKK,CNNBO,HKHKG
OARAFAKKK,CNNBO,HKHKG
OAOFRGKKK,CNNBO,HKHKG
OARAOYKKK,CNNBO,HKHKG
OFFRRRYKK,CNNBO,HKHKG
OFFAAFOKK,CNNBO,HKHKG
OFFAOSFKK,CNNBO,HKHKG
OARKGSKKK,CNNBO,HKHKG
OARARCKKK,CNNBO,IDJAK
OARAOSKKK,CNNBO,IDJAK
OFFYOFGKK,CNNBO,IDJAK
OAOFOKKKK,CNNBO,IDSAM
OARACSKKK,CNNBO,IQMAB
OFFCOCYKK,CNNBO,IQMAB
OFFCSGCKK,CNNBO,KRBUS
OFFCSGCKK,CNNBO,KRBUS
RNCANRKKK,CNNBO,KRBUS
OARNCFYSK,CNNBO,KRULS
OARAGAKKK,CNNBO,MXMAN
OFFRGKSKK,CNNBO,MXMAN
OARAGAKKK,CNNBO,MXMAN
OARAGAKKK,CNNBO,MXMAN
OFFRGKSKK,CNNBO,MXMAN
OACACAKKK,CNNBO,MXMAN
OFFRGKSKK,CNNBO,MXMAN
OARKNFKKK,CNNBO,MYPKE
RFCYROKKK,CNNBO,MYPKE
OAORAKKKK,CNNBO,MYPKE
OARACAKKK,CNNBO,OMMAF
OFFAFRCKK,CNNBO,OMMAF
OFFSNKGKK,CNNBO,OMMAF
OFFAKKCKK,CNNBO,PHBAT
NGRKOGGKK,CNNBO,SAJUT
OARACAKKK,CNNBO,SAJUT
OARKNFKKK,CNNBO,SGSGP
OAORAKKKK,CNNBO,SGSGP
OARANRKKK,CNNBO,SGSGP
OFFARYAKK,CNNBO,SGSGP
OFFRONYKK,CNNBO,SGSGP
OARKNNKKK,CNNBO,SGSGP
OFFOGROKK,CNNBO,SGSGP
OFFARYAKK,CNNBO,SGSGP
OFFAYOAKK,CNNBO,SGSGP
OFFANFSKK,CNNBO,SGSGP
OFFANFSKK,CNNBO,SGSGP
OFFANFSKK,CNNBO,SGSGP
OFFANFSKK,CNNBO,SGSGP
OFFAOSSKK,CNNBO,SGSGP
OFFANFOKK,CNNBO,SGSGP
OFFAYOAKK,CNNBO,SGSGP
OFFAYOAKK,CNNBO,SGSGP
OFFAGSYKK,CNNBO,SGSGP
OFFAOSSKK,CNNBO,SGSGP
OAORKRKKK,CNNBO,SGSGP
OFFAGSYKK,CNNBO,SGSGP
OFFANFOKK,CNNBO,SGSGP
OARKNFKKK,CNNBO,SGSGP
OFFANOFKK,CNNBO,SGSGP
OAORAKKKK,CNNBO,SGSGP
OFFAOSSKK,CNNBO,SGSGP
OAORAKKKK,CNNBO,SGSGP
OFFANOFKK,CNNBO,SGSGP
OARKFCKKK,CNNBO,SGSGP
OARAOYKKK,CNNBO,SGSGP
OFFFNCRKK,CNNBO,SGSGP
OFFANOFKK,CNNBO,SGSGP
OARKNFKKK,CNNBO,SGSGP
OFFNYSOKK,CNNBO,SGSGP
OFFFNCRKK,CNNBO,SGSGP
OFFFNCRKK,CNNBO,SGSGP
OFFOFGSKK,CNNBO,SGSGP
OFFANOFKK,CNNBO,SGSGP
OFFASRSKK,CNNBO,SGSGP
OFFANOFKK,CNNBO,SGSGP
OFFANFOKK,CNNBO,SGSGP
OAORKRKKK,CNNBO,SGSGP
OAORAKKKK,CNNBO,SGSGP
OARKFCKKK,CNNBO,SGSGP
OARKNFKKK,CNNBO,SGSGP
OFFKKOGKK,CNNBO,SGSGP
OFFKKOGKK,CNNBO,SGSGP
OFFKKOGKK,CNNBO,SGSGP
OFFKKOGKK,CNNBO,SGSGP
OFFKKOGKK,CNNBO,SGSGP
OFFFACOKK,CNNBO,SGSGP
OAORAKKKK,CNNBO,SGSGP
OFFAYOOKK,CNNBO,SGSGP
OFFAGGNKK,CNNBO,SGSGP
OFFAGGNKK,CNNBO,SGSGP
OFFAGGNKK,CNNBO,SGSGP
OFFRKCYKK,CNNBO,SGSGP
OARKNFKKK,CNNBO,SGSGP
OARNCGKGK,CNNBO,SGSGP
OFFARYAKK,CNNBO,SGSGP
OFFANFOKK,CNNBO,SGSGP
OFFAFCFKK,CNNBO,SGSGP
OFFAYOOKK,CNNBO,SGSGP
OFFAYOAKK,CNNBO,SGSGP
OFFAFCFKK,CNNBO,SGSGP
OFFARYAKK,CNNBO,SGSGP
OFFAFCFKK,CNNBO,SGSGP
OARNCFYSK,CNNBO,THRAY
OFFCGGSKK,CNNBO,TWKAO
OFFCAROKK,CNNBO,TWKAO
OFFAOSFKK,CNNBO,TWKAO
OARKNKKKK,CNNBO,TWKAO
OFFCFOOKK,CNNBO,TWKAO
OFFCGGSKK,CNNBO,TWKAO
OFFGYSGKK,CNNBO,TWKAO
OFFARYYKK,CNNBO,TWTAP
OFFARYYKK,CNNBO,TWTAP
RFKASSKKK,CNNBO,USLGB
RFKASSKKK,CNNBO,USLGB
OFFGRFGKK,CNNBO,USLGB
RNOSSGKKK,CNNBO,USLGB
OFFAKKRKK,CNNBO,USLGB
OFFGNCRKK,CNNBO,USLGB
OFFKNGOKK,CNNBO,USLGB
OFFKNGOKK,CNNBO,USLGB
RNGNSAKKK,CNNBO,USLGB
RNGNSAKKK,CNNBO,USLGB
RNOSSGKKK,CNNBO,USLGB
OFFAKKRKK,CNNBO,USLGB
RNCGRAKKK,CNNBO,USLGB
RFKASSKKK,CNNBO,USLGB
RNCGRAKKK,CNNBO,USLGB
RNCGRAKKK,CNNBO,USLGB
OARAFRKKK,CNNBO,USLGB
OFFASYRKK,CNNBO,USLGB
RNCGRAKKK,CNNBO,USLGB
OFFAKFCKK,CNNBO,USLGB
OFFAKFCKK,CNNBO,USLGB
RFKASSKKK,CNNBO,USLGB
OFFARGSKK,CNNBO,USLGB
OFFAKFCKK,CNNBO,USLGB
OFFARGSKK,CNNBO,USLGB
OFFARGSKK,CNNBO,USLGB
OFFARGSKK,CNNBO,USLGB
OFFAKFCKK,CNNBO,USLGB
OFFKNGOKK,CNNBO,USLGB
OFFKNGOKK,CNNBO,USLGB
RNGNSAKKK,CNNBO,USLSA
RNFKCNKKK,CNNBO,VNHPG
OARNCFYSK,CNNBO,VNHPG
RNCGRNKKK,CNNDE,CNDAL
OARSRFKKK,CNNDE,CNHUA
OARSRFKKK,CNNDE,CNHUA
OARSRFKKK,CNNDE,CNJIT
OARSRFKKK,CNNDE,CNQHD
OARKKRKKK,CNNDE,CNQHD
OAOKFYKKK,CNNDE,CNQHD
OFFCARFKK,CNNDE,CNTJN
OFFYGANKK,CNNDE,CNZPU
OACRKCSOK,CNNDE,PHSUR
OARRRKKKK,CNNDE,PHSUR
OAOFCGKKK,CNNJG,CNCFD
OAOAGGKKK,CNNJG,CNCFD
OAOAGGKKK,CNNJG,CNCFD
OAOAGGKKK,CNNJG,CNCFD
OARYNGKKK,CNNJG,CNCFD
OAOKKOKKK,CNNJG,CNCFD
OARRRGKKK,CNNJG,CNCFD
OAOFCGKKK,CNNJG,CNCFD
OAOFSRKKK,CNNJG,CNCFD
OARYFYKKK,CNNJG,CNCFD
OARSYRKKK,CNNJG,CNCFD
OAOFKRKKK,CNNJG,CNCFD
OACFGNKKK,CNNJG,CNCFD
OAOFNNKKK,CNNJG,CNCFD
OAOAOGKKK,CNNJG,CNCFD
OAOAOGKKK,CNNJG,CNCFD
OAOAOGKKK,CNNJG,CNCFD
OAOAOGKKK,CNNJG,CNCFD
OARSYRKKK,CNNJG,CNCFD
OAOARYKKK,CNNJG,CNCFD
OARYFYKKK,CNNJG,CNCFD
OAOFFFKKK,CNNJG,CNCFD
OAOFSRKKK,CNNJG,CNCFD
OAOKFFKKK,CNNJG,CNCFD
OARKKRKKK,CNNJG,CNCFD
OAOACRKKK,CNNJG,CNCFD
OAOACRKKK,CNNJG,CNCFD
OARCGARFK,CNNJG,CNCFD
OAOFOOKKK,CNNJG,CNCFD
OARYFYKKK,CNNJG,CNCFD
OAOFORKKK,CNNJG,CNCFD
OAOFORKKK,CNNJG,CNCFD
OAOFORKKK,CNNJG,CNCFD
OARYFYKKK,CNNJG,CNCFD
OARAOKKKK,CNNJG,CNCFD
OAOAGGKKK,CNNJG,CNCFD
OARYNGKKK,CNNJG,CNCFD
OAOAGSKKK,CNNJG,CNCJK
OAOFFAKKK,CNNJG,CNCJK
OAOFOOKKK,CNNJG,CNCJK
OAOFNKKKK,CNNJG,CNCJK
OAOFORKKK,CNNJG,CNCJK
OAOACRKKK,CNNJG,CNCJK
OACRNRKKK,CNNJG,CNCJK
OAOAGSKKK,CNNJG,CNCJK
OARCGCRFK,CNNJG,CNCJK
OARRGYKKK,CNNJG,CNCJN
OAOARYKKK,CNNJG,CNDDG
OAOAGGKKK,CNNJG,CNDDG
OAOOOSKKK,CNNJG,CNDDG
OAOARYKKK,CNNJG,CNDDG
OAOFCRKKK,CNNJG,CNDJK
OAOFCRKKK,CNNJG,CNDJK
OAOFKYKKK,CNNJG,CNHLD
OARCGANOK,CNNJG,CNHUA
OARCGANGK,CNNJG,CNHUA
OAOAGGKKK,CNNJG,CNHUA
OARCGANOK,CNNJG,CNHUA
OARCGCORK,CNNJG,CNHUA
OARCGANFK,CNNJG,CNHUA
OARASNKKK,CNNJG,CNHUA
OARYFYKKK,CNNJG,CNHUA
OACRNRKKK,CNNJG,CNHUA
OAOFCGKKK,CNNJG,CNHUA
OARCGCRFK,CNNJG,CNHUA
OARCGANGK,CNNJG,CNHUA
OARCGANSK,CNNJG,CNHUA
OARCGANNK,CNNJG,CNHUA
OARYFYKKK,CNNJG,CNHUA
OAOFCGKKK,CNNJG,CNHUA
OAOARYKKK,CNNJG,CNHUA
OAOFFFKKK,CNNJG,CNHUA
OAOFCGKKK,CNNJG,CNHUA
OAOFCGKKK,CNNJG,CNHUA
OARYNGKKK,CNNJG,CNHUA
OARCGARFK,CNNJG,CNHUA
OARCGANNK,CNNJG,CNHUA
OARCGCNSK,CNNJG,CNHUA
OARCGAROK,CNNJG,CNHUA
OAOFOOKKK,CNNJG,CNHUA
OACRKCSOK,CNNJG,CNHUA
OARSYRKKK,CNNJG,CNHUA
OARCGANRK,CNNJG,CNHUA
OARCGANRK,CNNJG,CNHUA
OARCGANGK,CNNJG,CNHUA
OARCGCNSK,CNNJG,CNHUA
OAOFKCKKK,CNNJG,CNHUA
OARSYRKKK,CNNJG,CNHUA
OAOFOOKKK,CNNJG,CNHUA
OARCGANGK,CNNJG,CNHUA
OAOFSKKKK,CNNJG,CNHUA
OARYCGKKK,CNNJG,CNHUA
OARCGCNSK,CNNJG,CNHUA
OAOAGSKKK,CNNJG,CNHUA
OARCGCNSK,CNNJG,CNHUA
OAOKKOKKK,CNNJG,CNHUA
OAOFCGKKK,CNNJG,CNHUA
OAOFCGKKK,CNNJG,CNHUA
OARCNYFSK,CNNJG,CNHUA
OAOFSRKKK,CNNJG,CNHUA
OAOFNKKKK,CNNJG,CNHUA
OAOFFYKKK,CNNJG,CNHUA
OARCGCRFK,CNNJG,CNHUA
OAOACRKKK,CNNJG,CNHUA
OARCGANGK,CNNJG,CNHUA
OARCGCNSK,CNNJG,CNHUA
OAOFFFKKK,CNNJG,CNHUA
OARAYOKKK,CNNJG,CNJIT
OAOFKYKKK,CNNJG,CNJIT
OAOFNAKKK,CNNJG,CNJIT
OARCGCRFK,CNNJG,CNJIT
OAOFFYKKK,CNNJG,CNJIT
OARAAYKKK,CNNJG,CNJIT
OARSRFKKK,CNNJG,CNJIT
OAOAOGKKK,CNNJG,CNJIT
OAOFFOKKK,CNNJG,CNJIT
OAOFFYKKK,CNNJG,CNJIT
OAOFFYKKK,CNNJG,CNJIT
OAOAOGKKK,CNNJG,CNJIT
OAOAGSKKK,CNNJG,CNJIT
OARSYRKKK,CNNJG,CNJIT
OARCNYFSK,CNNJG,CNJIT
OAOFSKKKK,CNNJG,CNJIT
OARSYRKKK,CNNJG,CNJIT
OAOFORKKK,CNNJG,CNJIT
OARSYRKKK,CNNJG,CNJIT
OAOKKOKKK,CNNJG,CNJIT
OARCGAYNK,CNNJG,CNJIT
OAOKKOKKK,CNNJG,CNJIT
OAOFKYKKK,CNNJG,CNJIT
OARACRKKK,CNNJG,CNJIT
OAOAGGKKK,CNNJG,CNJIT
OAOKKOKKK,CNNJG,CNJIT
OAOACRKKK,CNNJG,CNJIT
OACOFGOCK,CNNJG,CNMEZ
OAOFNKKKK,CNNJG,CNMJS
OAOAGSKKK,CNNJG,CNMJS
OAOAGSKKK,CNNJG,CNMJS
OAOAGSKKK,CNNJG,CNMJS
OARASOKKK,CNNJG,CNMJS
OAOFNKKKK,CNNJG,CNNBO
OACOFFFOK,CNNJG,CNNBO
OAOFNKKKK,CNNJG,CNNBO
OAOAGSKKK,CNNJG,CNNBO
OAOAGSKKK,CNNJG,CNNBO
OAOFNKKKK,CNNJG,CNNBO
OACOFGOCK,CNNJG,CNNBO
OACOFGOCK,CNNJG,CNNBO
GRGKANAAK,CNNJG,CNNTG
OARSYRKKK,CNNJG,CNQHD
OAOFFYKKK,CNNJG,CNQHD
OAOKKOKKK,CNNJG,CNQHD
OAOFOOKKK,CNNJG,CNQHD
OAOACRKKK,CNNJG,CNQHD
OACFGNKKK,CNNJG,CNQHD
OARCGCNSK,CNNJG,CNQHD
OAOKKOKKK,CNNJG,CNQHD
OARYNGKKK,CNNJG,CNQHD
OAOKKOKKK,CNNJG,CNQHD
OACRNRKKK,CNNJG,CNQHD
OARASOKKK,CNNJG,CNQHD
OAOARYKKK,CNNJG,CNQHD
OAOKKOKKK,CNNJG,CNQHD
OAOFNKKKK,CNNJG,CNQHD
OAOFKYKKK,CNNJG,CNQHD
OAOFFYKKK,CNNJG,CNQHD
OAOCCRKKK,CNNJG,CNQHD
OARSYRKKK,CNNJG,CNQHD
OARCGANGK,CNNJG,CNQHD
OAOAGSKKK,CNNJG,CNQHD
OARRRYKKK,CNNJG,CNQHD
OAOARYKKK,CNNJG,CNQHD
OAOFNKKKK,CNNJG,CNQHD
OAOKKOKKK,CNNJG,CNQHD
OAOACRKKK,CNNJG,CNQHD
OAOKKOKKK,CNNJG,CNQHD
OAOACRKKK,CNNJG,CNQHD
OAOFFYKKK,CNNJG,CNQHD
OAOFFYKKK,CNNJG,CNQHD
OAOFCGKKK,CNNJG,CNQHD
OAOFFYKKK,CNNJG,CNQHD
OAOFCRKKK,CNNJG,CNQIN
OARCFGKFK,CNNJG,CNQUA
OACOFFFOK,CNNJG,CNQUA
OAOFKYKKK,CNNJG,CNRIZ
OARYFYKKK,CNNJG,CNRIZ
OAOFNKKKK,CNNJG,CNSLH
OAOAGSKKK,CNNJG,CNSLH
OAOFNKKKK,CNNJG,CNSLH
OAOAGSKKK,CNNJG,CNSLH
OAOAGSKKK,CNNJG,CNSLH
OAOAGSKKK,CNNJG,CNSLH
OAOAGSKKK,CNNJG,CNSLH
OACRNRKKK,CNNJG,CNSLH
OAOAGSKKK,CNNJG,CNSLH
OARCGANGK,CNNJG,CNTJN
OARCGCRFK,CNNJG,CNTJN
OARCGCRFK,CNNJG,CNTJN
OAOFFFKKK,CNNJG,CNTJN
OAOFSKKKK,CNNJG,CNTJN
OARCGCRFK,CNNJG,CNTJN
OARCGANGK,CNNJG,CNTJN
OARCGANOK,CNNJG,CNTJN
OARCGANGK,CNNJG,CNTJN
OARCGCRFK,CNNJG,CNTJN
OARCGANOK,CNNJG,CNTJN
OAOFCGKKK,CNNJG,CNTJN
OARCGANGK,CNNJG,CNTJN
OARRRYKKK,CNNJG,CNTJN
OARYNGKKK,CNNJG,CNTJN
OARCGAYNK,CNNJG,CNTJN
OARCGANNK,CNNJG,CNTJN
OAOFOOKKK,CNNJG,CNZHA
OAOFFOKKK,CNNJG,CNZHA
OARRGYKKK,CNNJG,CNZHE
OACOFFFOK,CNNJG,CNZOS
OAOFOGKKK,CNNJG,CNZOS
OAOFNKKKK,CNNJG,CNZOS
OACOFGOCK,CNNJG,CNZOS
OAOAGSKKK,CNNJG,CNZOS
OAOFOGKKK,CNNJG,CNZOS
OAOFNKKKK,CNNJG,CNZOS
OAOFFAKKK,CNNJG,IDMUS
OAOFNAKKK,CNNJG,IDMUS
OAOFNAKKK,CNNJG,JPHIB
OACOFFFOK,CNNJG,KRULS
OAOFKRKKK,CNNJG,KRULS
OFFAKKCKK,CNNJG,PHBAT
OARARAKKK,CNNSA,CNBYQ
OARAOOKKK,CNNSA,CNBYQ
OARAOOKKK,CNNSA,CNBYQ
OARAOOKKK,CNNSA,CNBYQ
OARAOOKKK,CNNSA,CNBYQ
OARAOOKKK,CNNSA,CNBYQ
OARAOOKKK,CNNSA,CNBYQ
OARAOOKKK,CNNSA,CNBYQ
OARAOOKKK,CNNSA,CNBYQ
OARAOOKKK,CNNSA,CNBYQ
OARAOOKKK,CNNSA,CNBYQ
OARAOOKKK,CNNSA,CNBYQ
OARAONKKK,CNNSA,CNBYQ
OARAONKKK,CNNSA,CNBYQ
OARAONKKK,CNNSA,CNBYQ
OARAONKKK,CNNSA,CNBYQ
OARAONKKK,CNNSA,CNBYQ
OARAONKKK,CNNSA,CNBYQ
OARAONKKK,CNNSA,CNBYQ
OARAONKKK,CNNSA,CNBYQ
OARARAKKK,CNNSA,CNBYQ
OARAONKKK,CNNSA,CNBYQ
OARAONKKK,CNNSA,CNBYQ
OARAONKKK,CNNSA,CNBYQ
OARARAKKK,CNNSA,CNBYQ
OARAONKKK,CNNSA,CNBYQ
OARARAKKK,CNNSA,CNBYQ
OARAONKKK,CNNSA,CNBYQ
OARAONKKK,CNNSA,CNBYQ
OARARAKKK,CNNSA,CNBYQ
OARAONKKK,CNNSA,CNBYQ
OARARAKKK,CNNSA,CNBYQ
OARARAKKK,CNNSA,CNBYQ
OARAONKKK,CNNSA,CNBYQ
OARARAKKK,CNNSA,CNBYQ
OARAONKKK,CNNSA,CNBYQ
OARARAKKK,CNNSA,CNBYQ
OARAONKKK,CNNSA,CNBYQ
OARARAKKK,CNNSA,CNBYQ
OARAONKKK,CNNSA,CNBYQ
OARAONKKK,CNNSA,CNBYQ
OARAOGKKK,CNNSA,CNBYQ
OARAOGKKK,CNNSA,CNBYQ
OARAOGKKK,CNNSA,CNBYQ
OARAOGKKK,CNNSA,CNBYQ
OARAOGKKK,CNNSA,CNBYQ
OARAOGKKK,CNNSA,CNBYQ
OARAOGKKK,CNNSA,CNBYQ
OARAOGKKK,CNNSA,CNBYQ
OARAOGKKK,CNNSA,CNBYQ
OACGRRKKK,CNNSA,CNBYQ
OACGRRKKK,CNNSA,CNBYQ
OACGRRKKK,CNNSA,CNBYQ
OACGRRKKK,CNNSA,CNBYQ
OACGRRKKK,CNNSA,CNBYQ
OACGRRKKK,CNNSA,CNBYQ
OACGRRKKK,CNNSA,CNBYQ
OACGRRKKK,CNNSA,CNBYQ
OACGRRKKK,CNNSA,CNBYQ
OACGRRKKK,CNNSA,CNBYQ
OACGRRKKK,CNNSA,CNBYQ
OACGRRKKK,CNNSA,CNBYQ
OACGRRKKK,CNNSA,CNBYQ
OACGRRKKK,CNNSA,CNBYQ
OACGRRKKK,CNNSA,CNBYQ
OACGRRKKK,CNNSA,CNBYQ
OACGRRKKK,CNNSA,CNBYQ
OACGRRKKK,CNNSA,CNBYQ
OACGRRKKK,CNNSA,CNBYQ
OACFAOKKK,CNNSA,CNBYQ
OACFAOKKK,CNNSA,CNBYQ
OACFAOKKK,CNNSA,CNBYQ
OACFAOKKK,CNNSA,CNBYQ
OACFAOKKK,CNNSA,CNBYQ
OACFAOKKK,CNNSA,CNBYQ
OACFAOKKK,CNNSA,CNBYQ
OACFAOKKK,CNNSA,CNBYQ
OACFAOKKK,CNNSA,CNBYQ
OACFAOKKK,CNNSA,CNBYQ
OACFAOKKK,CNNSA,CNBYQ
OACFAOKKK,CNNSA,CNBYQ
OACFAOKKK,CNNSA,CNBYQ
OACFAOKKK,CNNSA,CNBYQ
OACFAOKKK,CNNSA,CNBYQ
OACFAOKKK,CNNSA,CNBYQ
OACFAOKKK,CNNSA,CNBYQ
OAORNKKKK,CNNSA,CNBYQ
OARARAKKK,CNNSA,CNBYQ
OARARAKKK,CNNSA,CNBYQ
OARARAKKK,CNNSA,CNBYQ
OARARAKKK,CNNSA,CNBYQ
OARARAKKK,CNNSA,CNBYQ
OARARAKKK,CNNSA,CNBYQ
OARARAKKK,CNNSA,CNBYQ
OARYGNKKK,CNNSA,CNBYQ
OARYGNKKK,CNNSA,CNBYQ
OARYGNKKK,CNNSA,CNBYQ
OARYGNKKK,CNNSA,CNBYQ
OARYGNKKK,CNNSA,CNBYQ
OARYGNKKK,CNNSA,CNBYQ
OARANRKKK,CNNSA,CNBYQ
OARYGNKKK,CNNSA,CNBYQ
OARANRKKK,CNNSA,CNBYQ
OARYGNKKK,CNNSA,CNBYQ
OARANRKKK,CNNSA,CNBYQ
OARYGNKKK,CNNSA,CNBYQ
OARYGNKKK,CNNSA,CNBYQ
OARANRKKK,CNNSA,CNBYQ
OARYGNKKK,CNNSA,CNBYQ
OARYGNKKK,CNNSA,CNBYQ
OARANRKKK,CNNSA,CNBYQ
OARYGNKKK,CNNSA,CNBYQ
OARYGNKKK,CNNSA,CNBYQ
OARANRKKK,CNNSA,CNBYQ
OARANRKKK,CNNSA,CNBYQ
OARYGNKKK,CNNSA,CNBYQ
OARYGNKKK,CNNSA,CNBYQ
OARANRKKK,CNNSA,CNBYQ
OARYGNKKK,CNNSA,CNBYQ
OARYGNKKK,CNNSA,CNBYQ
OARANRKKK,CNNSA,CNBYQ
OARYGNKKK,CNNSA,CNBYQ
OARFGCKKK,CNNSA,CNBYQ
OARFGCKKK,CNNSA,CNBYQ
OARFGCKKK,CNNSA,CNBYQ
OARFGCKKK,CNNSA,CNBYQ
OARFGCKKK,CNNSA,CNBYQ
OARFGCKKK,CNNSA,CNBYQ
OARFGCKKK,CNNSA,CNBYQ
OARFGCKKK,CNNSA,CNBYQ
OARFGCKKK,CNNSA,CNBYQ
OARFGCKKK,CNNSA,CNBYQ
OARFGCKKK,CNNSA,CNBYQ
OARFGCKKK,CNNSA,CNBYQ
OARFGCKKK,CNNSA,CNBYQ
OARFGCKKK,CNNSA,CNBYQ
OARFGCKKK,CNNSA,CNBYQ
OARFGCKKK,CNNSA,CNBYQ
OARFGCKKK,CNNSA,CNBYQ
OARFGCKKK,CNNSA,CNBYQ
OARFGCKKK,CNNSA,CNBYQ
OARFGCKKK,CNNSA,CNBYQ
OARFGCKKK,CNNSA,CNBYQ
OARFGCKKK,CNNSA,CNBYQ
OFFOGONKK,CNNSA,CNCJK
OAORAKKKK,CNNSA,CNDAL
OAORAKKKK,CNNSA,CNDAL
OARKNFKKK,CNNSA,CNDAL
OACGRRKKK,CNNSA,CNDAL
OACGRRKKK,CNNSA,CNDAL
OAORAKKKK,CNNSA,CNDAL
OAORAKKKK,CNNSA,CNDAL
OAORAKKKK,CNNSA,CNDAL
OARKNFKKK,CNNSA,CNDAL
OAORAKKKK,CNNSA,CNDAL
OARKNFKKK,CNNSA,CNDAL
OFFFRKAKK,CNNSA,CNDAL
OARKNFKKK,CNNSA,CNDAL
OARKNYKKK,CNNSA,CNGLA
OARFGKKKK,CNNSA,CNGLA
OACOFSFCK,CNNSA,CNGLA
OAOROCKKK,CNNSA,CNGLA
OARKNYKKK,CNNSA,CNJIN
OACFOGKKK,CNNSA,CNJIN
OACFARKKK,CNNSA,CNJIN
OARFGKKKK,CNNSA,CNJIN
OACFOGKKK,CNNSA,CNJIN
OARFGKKKK,CNNSA,CNJIN
OACFARKKK,CNNSA,CNJIN
OACFARKKK,CNNSA,CNJIN
OARKNNKKK,CNNSA,CNJIN
OARFGAKKK,CNNSA,CNJIN
OARFGKKKK,CNNSA,CNJIN
OACFAOKKK,CNNSA,CNJIN
OARAOAKKK,CNNSA,CNJIN
OARAOAKKK,CNNSA,CNJIN
OARARAKKK,CNNSA,CNJIN
OACFARKKK,CNNSA,CNJIN
OACFOGKKK,CNNSA,CNJIN
OARFGRKKK,CNNSA,CNJIN
OAORONKKK,CNNSA,CNJIT
OARAOGKKK,CNNSA,CNLYG
OARKNYKKK,CNNSA,CNNBO
OARFGRKKK,CNNSA,CNNBO
OARFGKKKK,CNNSA,CNNBO
OACFNKKKK,CNNSA,CNNBO
OACFARKKK,CNNSA,CNNBO
OACFNKKKK,CNNSA,CNNBO
OACFOGKKK,CNNSA,CNNBO
OACFOGKKK,CNNSA,CNNBO
OARFGKKKK,CNNSA,CNNBO
OACFOGKKK,CNNSA,CNNBO
OACFOGKKK,CNNSA,CNNBO
OACFOGKKK,CNNSA,CNNBO
OACFOGKKK,CNNSA,CNNBO
OACFOGKKK,CNNSA,CNNBO
OACFARKKK,CNNSA,CNNBO
OACFARKKK,CNNSA,CNNBO
OARFGKKKK,CNNSA,CNNBO
OACFARKKK,CNNSA,CNNBO
OACFOGKKK,CNNSA,CNNBO
OFFCRCSKK,CNNSA,CNNBO
OACFOGKKK,CNNSA,CNNBO
OACFOGKKK,CNNSA,CNNBO
OAOFNSKKK,CNNSA,CNNBO
OACFOGKKK,CNNSA,CNNBO
OACFOGKKK,CNNSA,CNNBO
OARFGRKKK,CNNSA,CNNBO
OARFGRKKK,CNNSA,CNNBO
OFFCGYRKK,CNNSA,CNNBO
OARFGRKKK,CNNSA,CNNBO
OARFGRKKK,CNNSA,CNNBO
OARFGRKKK,CNNSA,CNNBO
OARFGRKKK,CNNSA,CNNBO
OARAONKKK,CNNSA,CNNBO
OARFGRKKK,CNNSA,CNNBO
OARFGRKKK,CNNSA,CNNBO
OARFGRKKK,CNNSA,CNNBO
OARKNYKKK,CNNSA,CNNBO
OARFGRKKK,CNNSA,CNNBO
OARFGKKKK,CNNSA,CNNBO
OARAGFKKK,CNNSA,CNNBO
OACFARKKK,CNNSA,CNNBO
OARAGFKKK,CNNSA,CNNBO
OARFGKKKK,CNNSA,CNNBO
OARYGGKKK,CNNSA,CNNBO
OARFGKKKK,CNNSA,CNNBO
OARFGRKKK,CNNSA,CNNBO
OARFGKKKK,CNNSA,CNNBO
OARFGRKKK,CNNSA,CNNBO
OARKNYKKK,CNNSA,CNNBO
OARFGKKKK,CNNSA,CNNBO
OARFGKKKK,CNNSA,CNNBO
OACFARKKK,CNNSA,CNNBO
OARFGKKKK,CNNSA,CNNBO
OACFARKKK,CNNSA,CNNBO
OACFARKKK,CNNSA,CNNBO
OACFARKKK,CNNSA,CNNBO
OACFARKKK,CNNSA,CNNBO
OFFCFOOKK,CNNSA,CNQIN
OACFARKKK,CNNSA,CNQIN
OFFNYSOKK,CNNSA,CNQIN
OARFGCKKK,CNNSA,CNQIN
OACFAOKKK,CNNSA,CNQIN
OFFOFGSKK,CNNSA,CNQIN
OFFFACOKK,CNNSA,CNQIN
OFFCCYOKK,CNNSA,CNQIN
OFFRKCYKK,CNNSA,CNQIN
OFFCFOOKK,CNNSA,CNQIN
OFFFACOKK,CNNSA,CNQIN
OFFRKSAKK,CNNSA,CNQIN
OACFAOKKK,CNNSA,CNQIN
OFFRKCYKK,CNNSA,CNQIN
OFFRONYKK,CNNSA,CNQIN
OFFRONYKK,CNNSA,CNQIN
OARAOGKKK,CNNSA,CNQIN
OFFRKCYKK,CNNSA,CNQIN
OFFCCYOKK,CNNSA,CNQIN
OARYGGKKK,CNNSA,CNQIZ
OAOFCAKKK,CNNSA,CNQIZ
OAOFRGKKK,CNNSA,CNQIZ
OAOROCKKK,CNNSA,CNQIZ
OARYGGKKK,CNNSA,CNQIZ
OARYGGKKK,CNNSA,CNQIZ
OACFOGKKK,CNNSA,CNQIZ
OARYGGKKK,CNNSA,CNQIZ
OACFNKKKK,CNNSA,CNQIZ
OARYGGKKK,CNNSA,CNQIZ
OARYGGKKK,CNNSA,CNQIZ
OARFGAKKK,CNNSA,CNQIZ
OACGNSKKK,CNNSA,CNQIZ
OARAGYKKK,CNNSA,CNRIZ
OARARSKKK,CNNSA,CNRIZ
OARANKKKK,CNNSA,CNRIZ
OARAGYKKK,CNNSA,CNRIZ
OARARSKKK,CNNSA,CNRIZ
OARAOOKKK,CNNSA,CNRIZ
OARAGYKKK,CNNSA,CNRIZ
OFFFGNYKK,CNNSA,CNRIZ
OARAGYKKK,CNNSA,CNRIZ
OARANKKKK,CNNSA,CNRIZ
OARAGYKKK,CNNSA,CNRIZ
OARAOOKKK,CNNSA,CNRIZ
OARAOOKKK,CNNSA,CNRIZ
OARAGYKKK,CNNSA,CNRIZ
OARAGYKKK,CNNSA,CNRIZ
OARANKKKK,CNNSA,CNRIZ
OARANKKKK,CNNSA,CNRIZ
OARARSKKK,CNNSA,CNRIZ
OFFFGNYKK,CNNSA,CNRIZ
OARARSKKK,CNNSA,CNRIZ
OARARSKKK,CNNSA,CNRIZ
OARANKKKK,CNNSA,CNRIZ
OARARSKKK,CNNSA,CNRIZ
OFFFGNYKK,CNNSA,CNRIZ
OARAOOKKK,CNNSA,CNTAI
OAOFKKKKK,CNNSA,CNTJN
OAOFAOKKK,CNNSA,CNTJN
OAOFAOKKK,CNNSA,CNTJN
OAOFAOKKK,CNNSA,CNTJN
OAOFAOKKK,CNNSA,CNTJN
OAOFAOKKK,CNNSA,CNTJN
OAORNKKKK,CNNSA,CNTJN
OAORNKKKK,CNNSA,CNTJN
OAORNKKKK,CNNSA,CNTJN
OAORNKKKK,CNNSA,CNTJN
OAORNKKKK,CNNSA,CNTJN
OAOFAOKKK,CNNSA,CNTJN
OAORNKKKK,CNNSA,CNTJN
OAOFKKKKK,CNNSA,CNTJN
OAORNKKKK,CNNSA,CNTJN
OAOFAOKKK,CNNSA,CNTJN
OAOFKKKKK,CNNSA,CNTJN
OAOFKKKKK,CNNSA,CNTJN
OAOFKKKKK,CNNSA,CNTJN
OAOFAOKKK,CNNSA,CNTJN
OAOFKKKKK,CNNSA,CNTJN
OAOFKKKKK,CNNSA,CNTJN
OAOFAOKKK,CNNSA,CNTJN
OAOFNCKKK,CNNSA,CNTJN
OAOFNCKKK,CNNSA,CNTJN
OAOFNCKKK,CNNSA,CNTJN
OAOFAOKKK,CNNSA,CNTJN
OAOFNCKKK,CNNSA,CNTJN
OAOFNCKKK,CNNSA,CNTJN
OAOFNCKKK,CNNSA,CNTJN
OAOFNCKKK,CNNSA,CNTJN
OAOFNCKKK,CNNSA,CNTJN
OAOFNCKKK,CNNSA,CNTJN
OAOFNCKKK,CNNSA,CNTJN
OAOFKKKKK,CNNSA,CNTJN
OAOFNCKKK,CNNSA,CNTJN
OAOFNCKKK,CNNSA,CNTJN
OAOFKKKKK,CNNSA,CNTJN
OAOFNCKKK,CNNSA,CNTJN
OAOFNCKKK,CNNSA,CNTJN
OAOFNCKKK,CNNSA,CNTJN
OAOFNCKKK,CNNSA,CNTJN
OAOFNCKKK,CNNSA,CNTJN
OAOFNCKKK,CNNSA,CNTJN
OAOFKKKKK,CNNSA,CNTJN
OARAOYKKK,CNNSA,CNTJN
OAOFKKKKK,CNNSA,CNTJN
OAOFNSKKK,CNNSA,CNTJN
OAOFKKKKK,CNNSA,CNTJN
OAOFNSKKK,CNNSA,CNTJN
OAOFNSKKK,CNNSA,CNTJN
OAOFAOKKK,CNNSA,CNTJN
OAOFNSKKK,CNNSA,CNTJN
OAOFNSKKK,CNNSA,CNTJN
OAOFNSKKK,CNNSA,CNTJN
OAOFNSKKK,CNNSA,CNTJN
OAOFNSKKK,CNNSA,CNTJN
OAOFNSKKK,CNNSA,CNTJN
OAOFNSKKK,CNNSA,CNTJN
OAOFGKKKK,CNNSA,CNTJN
OAOFGKKKK,CNNSA,CNTJN
OAOFGKKKK,CNNSA,CNTJN
OAOFGKKKK,CNNSA,CNTJN
OAOFGKKKK,CNNSA,CNTJN
OARANRKKK,CNNSA,CNTJN
OAOFGKKKK,CNNSA,CNTJN
OAOFGKKKK,CNNSA,CNTJN
OAOFGKKKK,CNNSA,CNTJN
OAOFGKKKK,CNNSA,CNTJN
OAOFGKKKK,CNNSA,CNTJN
OAOFGKKKK,CNNSA,CNTJN
OAOFGKKKK,CNNSA,CNTJN
OAOFGKKKK,CNNSA,CNTJN
OAOFGKKKK,CNNSA,CNTJN
OAOFGKKKK,CNNSA,CNTJN
OAOFGKKKK,CNNSA,CNTJN
OAOFGKKKK,CNNSA,CNTJN
OAOFGKKKK,CNNSA,CNTJN
OAOFGKKKK,CNNSA,CNTJN
OARKNYKKK,CNNSA,CNTJN
OARKNYKKK,CNNSA,CNTJN
OARKNYKKK,CNNSA,CNTJN
OARKNYKKK,CNNSA,CNTJN
OARKNYKKK,CNNSA,CNTJN
OARKNYKKK,CNNSA,CNTJN
OAOFKKKKK,CNNSA,CNTJN
OARKNFKKK,CNNSA,CNTJN
OAOFKKKKK,CNNSA,CNTJN
OAOFAOKKK,CNNSA,CNTJN
OARAOGKKK,CNNSA,CNTJN
OAOFKKKKK,CNNSA,CNTJN
OARAOOKKK,CNNSA,CNTJN
OAOFCAKKK,CNNSA,CNTJN
OARAOOKKK,CNNSA,CNTJN
OARAOOKKK,CNNSA,CNTJN
OARAOGKKK,CNNSA,CNTJN
OARAOOKKK,CNNSA,CNTJN
OAOFKKKKK,CNNSA,CNTJN
OAOFAOKKK,CNNSA,CNTJN
OAOFKKKKK,CNNSA,CNTJN
OAOFKKKKK,CNNSA,CNTJN
OARAOGKKK,CNNSA,CNTJN
OAOFKKKKK,CNNSA,CNTJN
OAOFKKKKK,CNNSA,CNTJN
OARAOGKKK,CNNSA,CNTJN
OARAOGKKK,CNNSA,CNTJN
OARAOGKKK,CNNSA,CNTJN
OARAOGKKK,CNNSA,CNTJN
OARKNFKKK,CNNSA,CNTJN
OARAOAKKK,CNNSA,CNTJN
OARAOAKKK,CNNSA,CNTJN
OARAOAKKK,CNNSA,CNTJN
OARAOAKKK,CNNSA,CNTJN
OARAOAKKK,CNNSA,CNTJN
OAORAKKKK,CNNSA,CNTJN
OAOFAOKKK,CNNSA,CNTJN
OAOFAOKKK,CNNSA,CNTJN
OAOFAOKKK,CNNSA,CNTJN
OAOFAOKKK,CNNSA,CNTJN
OAOFAOKKK,CNNSA,CNTJN
OAOFAOKKK,CNNSA,CNTJN
OAOFAOKKK,CNNSA,CNTJN
OAOFRGKKK,CNNSA,CNTJN
OAOFAOKKK,CNNSA,CNTJN
OAOFAOKKK,CNNSA,CNTJN
OFFRAAGKK,CNNSA,CNWGQ
OARANRKKK,CNNSA,CNWGQ
OAOFRGKKK,CNNSA,CNWGQ
OARAONKKK,CNNSA,CNWGQ
OARYGNKKK,CNNSA,CNWGQ
OARAOSKKK,CNNSA,CNWGQ
OFFRAAGKK,CNNSA,CNWGQ
OARANAKKK,CNNSA,CNWGQ
OARARSKKK,CNNSA,CNWGQ
OFFRAAGKK,CNNSA,CNWGQ
OARANAKKK,CNNSA,CNWGQ
OARANAKKK,CNNSA,CNWGQ
OARARAKKK,CNNSA,CNWGQ
OARAOSKKK,CNNSA,CNWGQ
OFFOGONKK,CNNSA,CNWGQ
OFFOGONKK,CNNSA,CNWGQ
OARAOSKKK,CNNSA,CNWGQ
OFFOGONKK,CNNSA,CNWGQ
OARANAKKK,CNNSA,CNWGQ
OARANKKKK,CNNSA,CNWGQ
OAOFARKKK,CNNSA,CNWGQ
OARANRKKK,CNNSA,CNWGQ
OAOFNCKKK,CNNSA,CNWGQ
OFFOGONKK,CNNSA,CNWGQ
OARANAKKK,CNNSA,CNWGQ
CRNKGSKRC,CNNSA,CNWGQ
OARAOSKKK,CNNSA,CNWGQ
OAOFNCKKK,CNNSA,CNWGQ
OFFRAAGKK,CNNSA,CNWGQ
OAOFKKKKK,CNNSA,CNWGQ
OAOFKKKKK,CNNSA,CNWGQ
OARKNNKKK,CNNSA,CNXIA
RNFKCNKKK,CNNSA,CNXIA
OARFGRKKK,CNNSA,CNXIA
RNFKCNKKK,CNNSA,CNXIA
RNFKCNKKK,CNNSA,CNXIA
OFFCAROKK,CNNSA,CNXIA
RNFKCNKKK,CNNSA,CNXIA
OFFOOASKK,CNNSA,CNXIA
OARFGKKKK,CNNSA,CNXIA
RFCYROKKK,CNNSA,CNXIA
RNFKCNKKK,CNNSA,CNXIA
RNNOFOKKK,CNNSA,CNXIA
RNCONGKKK,CNNSA,CNXIA
OACGRRKKK,CNNSA,CNXIA
OARYGNKKK,CNNSA,CNXIA
RNNOFOKKK,CNNSA,CNXIA
OARAOCKKK,CNNSA,CNXIA
OARANRKKK,CNNSA,CNXIA
RNFKCNKKK,CNNSA,CNXIA
OACFOGKKK,CNNSA,CNXIA
OACFAOKKK,CNNSA,CNXIA
RNNOFOKKK,CNNSA,CNXIA
OACFOGKKK,CNNSA,CNXIA
RNNOFOKKK,CNNSA,CNXIA
RNNOFOKKK,CNNSA,CNXIA
RNFKCNKKK,CNNSA,CNXIA
OAOFRGKKK,CNNSA,CNYAN
OARAOOKKK,CNNSA,CNYPG
OAOFNCKKK,CNNSA,CNYPG
OARAOOKKK,CNNSA,CNYPG
OAOFKKKKK,CNNSA,CNYPG
OACFAOKKK,CNNSA,CNYSN
OARAONKKK,CNNSA,CNYSN
OFFKFFSKK,CNNSA,CNYSN
OFFRRRYKK,CNNSA,CNYSN
OARANRKKK,CNNSA,CNYSN
OARAGYKKK,CNNSA,CNYSN
OAOFARKKK,CNNSA,CNZHA
OAOFARKKK,CNNSA,CNZHA
OFFYGRSKK,CNNSA,HKHKG
RNCONGKKK,CNNSA,HKHKG
OFFGYSGKK,CNNSA,HKHKG
OFFCFAOKK,CNNSA,HKHKG
OFFSONGKK,CNNSA,HKHKG
OFFAYOGKK,CNNSA,HKHKG
OFFFFGCKK,CNNSA,HKHKG
OFFAGGGKK,CNNSA,HKHKG
OFFAGGGKK,CNNSA,HKHKG
RNFKCNKKK,CNNSA,HKHKG
OFFCAROKK,CNNSA,HKHKG
OFFCRRRKK,CNNSA,HKHKG
RNFKCNKKK,CNNSA,HKHKG
RNFKCNKKK,CNNSA,HKHKG
OFFCRRRKK,CNNSA,HKHKG
OFFCFAOKK,CNNSA,HKHKG
OFFCFAOKK,CNNSA,HKHKG
OFFFFGCKK,CNNSA,HKHKG
OFFFACSKK,CNNSA,HKHKG
OFFOCRSKK,CNNSA,HKHKG
OFFFFGCKK,CNNSA,HKHKG
OFFAYOGKK,CNNSA,HKHKG
OFFFGSAKK,CNNSA,HKHKG
OFFSONGKK,CNNSA,HKHKG
OFFFFGCKK,CNNSA,HKHKG
OFFCFAOKK,CNNSA,HKHKG
OFFOCRSKK,CNNSA,HKHKG
OFFOCFNKK,CNNSA,HKHKG
OFFSONGKK,CNNSA,HKHKG
RNCONGKKK,CNNSA,HKHKG
OFFKRKFKK,CNNSA,HKHKG
RNFKCNKKK,CNNSA,HKHKG
RNNOFOKKK,CNNSA,HKHKG
OFFOGRNKK,CNNSA,HKHKG
OFFOCOGKK,CNNSA,HKHKG
RNFKCNKKK,CNNSA,HKHKG
OFFCRRRKK,CNNSA,HKHKG
OFFAGGGKK,CNNSA,HKHKG
OFFAGGGKK,CNNSA,HKHKG
OARKNNKKK,CNNSA,HKHKG
RNNOFOKKK,CNNSA,HKHKG
OFFKRKFKK,CNNSA,HKHKG
OFFCFAOKK,CNNSA,HKHKG
OFFAKKRKK,CNNSA,HKHKG
OFFOCOGKK,CNNSA,HKHKG
RNNOFOKKK,CNNSA,HKHKG
OFFAGGGKK,CNNSA,HKHKG
OFFKRKFKK,CNNSA,HKHKG
RNNOFOKKK,CNNSA,HKHKG
RNFKCNKKK,CNNSA,HKHKG
OFFGNCRKK,CNNSA,HKHKG
RNFKCNKKK,CNNSA,HKHKG
OFFAYOSKK,CNNSA,HKHKG
OFFYGRSKK,CNNSA,HKHKG
OFFGNCRKK,CNNSA,HKHKG
OFFOCOGKK,CNNSA,HKHKG
RNFKCNKKK,CNNSA,HKHKG
OFFAGGGKK,CNNSA,HKHKG
RNNOFOKKK,CNNSA,HKHKG
RNNOFOKKK,CNNSA,HKHKG
OARAGAKKK,CNNSA,HKHKG
OFFAYOGKK,CNNSA,HKHKG
OFFGYSGKK,CNNSA,HKHKG
RNNOFOKKK,CNNSA,HKHKG
OFFKFFFKK,CNNSA,IDJAK
OFFRAYRKK,CNNSA,IDJAK
OFFRAAGKK,CNNSA,IDJAK
OFFRAYRKK,CNNSA,IDJAK
OARAOSKKK,CNNSA,IDJAK
OARARCKKK,CNNSA,IDJAK
OARARCKKK,CNNSA,IDJAK
OFFRAAGKK,CNNSA,IDJAK
OFFRAAGKK,CNNSA,IDJAK
OFFKFFFKK,CNNSA,IDJAK
OFFKFFFKK,CNNSA,IDJAK
OFFKFFFKK,CNNSA,IDJAK
OARARCKKK,CNNSA,IDJAK
OFFKFFFKK,CNNSA,IDJAK
OFFKFFFKK,CNNSA,IDJAK
OFFYOFGKK,CNNSA,IDJAK
OFFYOFGKK,CNNSA,IDJAK
OFFKFFFKK,CNNSA,IDJAK
OARARCKKK,CNNSA,IDJAK
OFFKFFFKK,CNNSA,IDJAK
OARARCKKK,CNNSA,IDSUR
OFFCRCSKK,CNNSA,KRGWA
OFFCSCYKK,CNNSA,MYPKE
OFFRAAGKK,CNNSA,MYPKE
OARANAKKK,CNNSA,MYPKE
OFFCRCSKK,CNNSA,SGSGP
OFFOGONKK,CNNSA,SGSGP
OARAOSKKK,CNNSA,SGSGP
OFFFACOKK,CNNSA,SGSGP
OFFOFGSKK,CNNSA,SGSGP
OFFCCYOKK,CNNSA,SGSGP
OFFOGONKK,CNNSA,SGSGP
OFFRAYRKK,CNNSA,SGSGP
OFFRONYKK,CNNSA,SGSGP
OFFRONYKK,CNNSA,SGSGP
OFFRONYKK,CNNSA,SGSGP
OFFRONYKK,CNNSA,SGSGP
OAOFNCKKK,CNNSA,SGSGP
OFFOGONKK,CNNSA,SGSGP
OFFRONYKK,CNNSA,SGSGP
OFFRKSAKK,CNNSA,SGSGP
OFFRKSAKK,CNNSA,SGSGP
OFFAKFCKK,CNNSA,SGSGP
OARKNSKKK,CNNSA,SGSGP
OFFOFGSKK,CNNSA,SGSGP
OFFRKSAKK,CNNSA,SGSGP
OFFRKSAKK,CNNSA,SGSGP
OFFRKCYKK,CNNSA,SGSGP
OFFOFGSKK,CNNSA,SGSGP
OFFCCYOKK,CNNSA,SGSGP
OFFCCYOKK,CNNSA,SGSGP
OARARCKKK,CNNSA,SGSGP
OFFRKCYKK,CNNSA,SGSGP
OFFGNCRKK,CNNSA,SGSGP
OFFGNCRKK,CNNSA,SGSGP
RNOSSGKKK,CNNSA,SGSGP
OFFCCYOKK,CNNSA,SGSGP
OFFFACOKK,CNNSA,SGSGP
OFFAKKRKK,CNNSA,SGSGP
OFFAKKRKK,CNNSA,SGSGP
OFFNYSOKK,CNNSA,SGSGP
OARANAKKK,CNNSA,SGSGP
OFFARYYKK,CNNSA,SGSGP
OFFKNGOKK,CNNSA,SGSGP
OFFCCYOKK,CNNSA,SGSGP
OFFNYSOKK,CNNSA,SGSGP
OFFAGSYKK,CNNSA,SGSGP
OFFAGSYKK,CNNSA,SGSGP
OFFCRCSKK,CNNSA,SGSGP
OFFANSFKK,CNNSA,SGSGP
OARAOSKKK,CNNSA,SGSGP
OFFCSCYKK,CNNSA,SGSGP
OFFRAAGKK,CNNSA,SGSGP
OFFARGSKK,CNNSA,SGSGP
OFFARGSKK,CNNSA,SGSGP
OARARSKKK,CNNSA,THLCB
OARARSKKK,CNNSA,THLCB
OARANKKKK,CNNSA,THLCB
OARANKKKK,CNNSA,THLCB
OARARSKKK,CNNSA,THLCB
OARANKKKK,CNNSA,THLCB
OARARSKKK,CNNSA,THLCB
OFFFGNYKK,CNNSA,THLCB
OARANKKKK,CNNSA,THLCB
OARAGYKKK,CNNSA,THLCB
OARARSKKK,CNNSA,THLCB
OARAGYKKK,CNNSA,THLCB
OARANKKKK,CNNSA,THLCB
OARARSKKK,CNNSA,THLCB
OARARSKKK,CNNSA,THLCB
OFFRGKSKK,CNNSA,TWKAO
OAOFFGKKK,CNNSA,VNCAM
OFFOCFNKK,CNNSA,VNCMP
OFFAOSFKK,CNNSA,VNCMP
OFFYGRSKK,CNNSA,VNCMP
RNCONGKKK,CNNSA,VNDAN
RNCONGKKK,CNNSA,VNDAN
RNCONGKKK,CNNSA,VNDAN
RNCONGKKK,CNNSA,VNDAN
RNRCOAKKK,CNNSA,VNHCM
RNRCOAKKK,CNNSA,VNHCM
RNCONGKKK,CNNSA,VNHCM
RNRCOAKKK,CNNSA,VNHCM
RNRCOAKKK,CNNSA,VNHCM
RNCONGKKK,CNNSA,VNHCM
RNNOFOKKK,CNNSA,VNHPG
RNNOFOKKK,CNNSA,VNHPG
RNFKCNKKK,CNNSA,VNHPG
OARASFKKK,CNNTG,CAVCR
OACSNYKKK,CNNTG,CAVCR
OARRFYAFK,CNNTG,CNBAO
OAOFSNKKK,CNNTG,CNBYQ
OARSRFKKK,CNNTG,CNCFD
OARRKCKCK,CNNTG,CNCFD
OACFGNKKK,CNNTG,CNCFD
OARARNKKK,CNNTG,CNCFD
OARAYAKKK,CNNTG,CNCFD
OARCGANSK,CNNTG,CNCJK
OAOFROKKK,CNNTG,CNDAL
OFFSNOSKK,CNNTG,CNDAL
OARCFYGGK,CNNTG,CNDAL
OAOAGSKKK,CNNTG,CNDDG
OARCFNYRK,CNNTG,CNDSN
OARCGAOFK,CNNTG,CNHUA
OARASYKKK,CNNTG,CNHUA
OARYSYKKK,CNNTG,CNHUA
OARRRYKKK,CNNTG,CNHUA
OARCGANRK,CNNTG,CNHUA
OARCGCNSK,CNNTG,CNHUA
OAOFORKKK,CNNTG,CNHUA
OARCGANSK,CNNTG,CNHUA
OAOFFFKKK,CNNTG,CNHUA
OAOFFFKKK,CNNTG,CNHUA
OARCGANNK,CNNTG,CNHUA
OAOFFOKKK,CNNTG,CNHUA
OARCGAOFK,CNNTG,CNHUA
OARCGAOFK,CNNTG,CNHUA
OARCGAOFK,CNNTG,CNHUA
OARCGCOCK,CNNTG,CNHUA
OACNYYKKK,CNNTG,CNHUA
OAROONGSK,CNNTG,CNHUI
OAROONGSK,CNNTG,CNHUI
OAOAACKKK,CNNTG,CNJIT
OARACCKKK,CNNTG,CNJIT
OACACOKKK,CNNTG,CNJIT
OARFKCKRK,CNNTG,CNLYG
OAOFNKKKK,CNNTG,CNNBO
OAOFRCKKK,CNNTG,CNPAN
OAOFSGKKK,CNNTG,CNQHD
OAOAOGKKK,CNNTG,CNQHD
OAOFFYKKK,CNNTG,CNQHD
OARCGCRFK,CNNTG,CNQHD
OARASGKKK,CNNTG,CNQHD
OARCGANSK,CNNTG,CNQHD
OAOCCRKKK,CNNTG,CNQHD
OAOFFYKKK,CNNTG,CNQHD
OAROONGSK,CNNTG,CNQUA
OARCGCRFK,CNNTG,CNTJN
OARCGANGK,CNNTG,CNTJN
OARCGCRFK,CNNTG,CNTJN
OARCGCRFK,CNNTG,CNTJN
OACGKOKKK,CNNTG,CNTJN
OAOFCFKKK,CNNTG,CNWEI
OAOARYKKK,CNNTG,CNYAN
OAROONGSK,CNNTG,CNZHA
OAROONGSK,CNNTG,CNZHA
OACOFFFNK,CNNTG,CNZOS
OACOFFFNK,CNNTG,CNZOS
OAOFROKKK,CNNTG,CNZOS
OACOFFFNK,CNNTG,CNZOS
OACOFFFNK,CNNTG,CNZOS
OACOFFFNK,CNNTG,CNZOS
OACOFFFNK,CNNTG,CNZOS
GRGKANAAK,CNNTG,JPTMI
RNOFYFKKK,CNNTG,PHBAT
RNOFYFKKK,CNNTG,PHBAT
OAOKFYKKK,CNNTG,VNCAM
OFFFRKAKK,CNNTG,VNNGH
OARANGKKK,CNPAN,CN1087
OAOFSOKKK,CNPAN,CN1087
OARACKKKK,CNPAN,CN8965
OARACKKKK,CNPAN,CN8965
OARKGYKKK,CNPAN,CN8965
OARACKKKK,CNPAN,CN8965
OARCOSKKK,CNPAN,CN9014
OARAFFKKK,CNPAN,CN9862
OARANGKKK,CNPAN,CN9862
OARANCKKK,CNPAN,CN9862
OAOFSNKKK,CNPAN,CNBYQ
OAOAFOKKK,CNPAN,CNBYQ
OARARFKKK,CNPAN,CNBYQ
OARANSKKK,CNPAN,CNBYQ
OARANGKKK,CNPAN,CNBYQ
OARAGKKKK,CNPAN,CNBYQ
OARRRFKKK,CNPAN,CNBYQ
OARANSKKK,CNPAN,CNBYQ
OARAGKKKK,CNPAN,CNBYQ
OARAGKKKK,CNPAN,CNBYQ
OARAGKKKK,CNPAN,CNBYQ
OARANSKKK,CNPAN,CNBYQ
OARAGKKKK,CNPAN,CNBYQ
OARKGRKKK,CNPAN,CNBYQ
OARANOKKK,CNPAN,CNBYQ
OAOFSGKKK,CNPAN,CNBYQ
OARSRFKKK,CNPAN,CNCFD
OARCAYKYK,CNPAN,CNCFD
OAOFCFKKK,CNPAN,CNCFD
OARASGKKK,CNPAN,CNCFD
OAOAFYKKK,CNPAN,CNCFD
OARANGKKK,CNPAN,CNDAL
OAOFSOKKK,CNPAN,CNDAL
OARARFKKK,CNPAN,CNDAL
OACOFAKKK,CNPAN,CNDAL
OARARFKKK,CNPAN,CNDAL
OARARFKKK,CNPAN,CNDAL
OARARFKKK,CNPAN,CNDAL
OAOFSYKKK,CNPAN,CNDAL
OAOFSYKKK,CNPAN,CNDAL
OAOFSYKKK,CNPAN,CNDAL
OAOFSYKKK,CNPAN,CNDAL
OAOFSYKKK,CNPAN,CNDAL
OAOFSFKKK,CNPAN,CNDAL
OARCOSKKK,CNPAN,CNDAL
OARCOSKKK,CNPAN,CNDAL
OARCOSKKK,CNPAN,CNDAL
OARCOSKKK,CNPAN,CNDAL
OARCOSKKK,CNPAN,CNDAL
OARAGCKKK,CNPAN,CNDAL
OARSOSKKK,CNPAN,CNDAL
OARANSKKK,CNPAN,CNDAL
OARANCKKK,CNPAN,CNDAL
OARSOSKKK,CNPAN,CNDAL
OARANSKKK,CNPAN,CNDAL
OARANSKKK,CNPAN,CNDAL
OARANSKKK,CNPAN,CNDAL
OARANSKKK,CNPAN,CNDAL
OARANSKKK,CNPAN,CNDAL
OARANSKKK,CNPAN,CNDAL
OARSOSKKK,CNPAN,CNDAL
OARANSKKK,CNPAN,CNDAL
OARANSKKK,CNPAN,CNDAL
OARANSKKK,CNPAN,CNDAL
OARANSKKK,CNPAN,CNDAL
OARANSKKK,CNPAN,CNDAL
OARANOKKK,CNPAN,CNDAL
OARANOKKK,CNPAN,CNDAL
OARANGKKK,CNPAN,CNDAL
OARANOKKK,CNPAN,CNDAL
OARANGKKK,CNPAN,CNDAL
OARANGKKK,CNPAN,CNDAL
OARANGKKK,CNPAN,CNDAL
OARANGKKK,CNPAN,CNDAL
OARKGYKKK,CNPAN,CNDAL
OAOFAYKKK,CNPAN,CNDAL
OARAGCKKK,CNPAN,CNDAL
OARAGCKKK,CNPAN,CNDAL
OARACKKKK,CNPAN,CNDAL
OARACKKKK,CNPAN,CNDAL
OARACKKKK,CNPAN,CNDAL
OARACKKKK,CNPAN,CNDAL
OARACKKKK,CNPAN,CNDAL
OARACKKKK,CNPAN,CNDAL
OARACKKKK,CNPAN,CNDAL
OARACKKKK,CNPAN,CNDAL
OARAGKKKK,CNPAN,CNDAL
OARAGKKKK,CNPAN,CNDAL
OARAGKKKK,CNPAN,CNDAL
OARAGKKKK,CNPAN,CNDAL
OARAGKKKK,CNPAN,CNDAL
OARAGKKKK,CNPAN,CNDAL
OARAGKKKK,CNPAN,CNDAL
OARAGKKKK,CNPAN,CNDAL
OARAFSKKK,CNPAN,CNDAL
OARAGKKKK,CNPAN,CNDAL
OARAFSKKK,CNPAN,CNDAL
OARAFSKKK,CNPAN,CNDAL
OARAFSKKK,CNPAN,CNDAL
OARAFSKKK,CNPAN,CNDAL
OARAFSKKK,CNPAN,CNDAL
OARAFSKKK,CNPAN,CNDAL
OARAFFKKK,CNPAN,CNDAL
OARAFFKKK,CNPAN,CNDAL
OARAFFKKK,CNPAN,CNDAL
OARAFFKKK,CNPAN,CNDAL
OARAFFKKK,CNPAN,CNDAL
OARAFFKKK,CNPAN,CNDAL
OARAGKKKK,CNPAN,CNDAL
OARAFFKKK,CNPAN,CNDAL
OARAFFKKK,CNPAN,CNDAL
OARAFFKKK,CNPAN,CNDAL
OARANSKKK,CNPAN,CNDAL
OARANSKKK,CNPAN,CNDAL
OARANSKKK,CNPAN,CNDAL
OARANOKKK,CNPAN,CNDJK
OARAYNKKK,CNPAN,CNDNG
OAOFRCKKK,CNPAN,CNDNG
OAOFAYKKK,CNPAN,CNDNG
OARCFYGGK,CNPAN,CNDNG
OARASCKKK,CNPAN,CNFUN
OARASCKKK,CNPAN,CNFUN
OAOFRCKKK,CNPAN,CNFUN
OACYNKKKK,CNPAN,CNFUN
OACYNKKKK,CNPAN,CNFUN
OAOFRCKKK,CNPAN,CNFUN
OARASAKKK,CNPAN,CNFUN
OARAOGKKK,CNPAN,CNFUN
OARASAKKK,CNPAN,CNFUN
OAOFRCKKK,CNPAN,CNFUN
OAOFROKKK,CNPAN,CNGUA
OAOFOGKKK,CNPAN,CNGUA
OAOFRCKKK,CNPAN,CNGUA
OAOFOOKKK,CNPAN,CNHUA
OARAYOKKK,CNPAN,CNHUA
OARSRFKKK,CNPAN,CNHUA
OARACRKKK,CNPAN,CNHUA
OAOFROKKK,CNPAN,CNHUM
OARANCKKK,CNPAN,CNJIN
OARANGKKK,CNPAN,CNJIN
OARAGKKKK,CNPAN,CNJIN
OARAGKKKK,CNPAN,CNJIN
OAOAFYKKK,CNPAN,CNJIN
OAOFSFKKK,CNPAN,CNJIN
OAOFSYKKK,CNPAN,CNJIN
OARARFKKK,CNPAN,CNJIN
OARARFKKK,CNPAN,CNJIN
OAOAACKKK,CNPAN,CNJIT
OARAYYKKK,CNPAN,CNJIT
OAOFRCKKK,CNPAN,CNLKU
OAOFRCKKK,CNPAN,CNLKU
OAOFAYKKK,CNPAN,CNLKU
OAOFAYKKK,CNPAN,CNNBO
OARANSKKK,CNPAN,CNQHD
OACNNGKKK,CNPAN,CNQHD
OACFNAKKK,CNPAN,CNQHD
OARASYKKK,CNPAN,CNQHD
OAOFCFKKK,CNPAN,CNQHD
OAOFRCKKK,CNPAN,CNQIZ
OAOFROKKK,CNPAN,CNRUG
OAOFCKKKK,CNPAN,CNSIZ
OARCSFCFK,CNPAN,CNSIZ
OARAGCKKK,CNPAN,CNTJN
OAOFSRKKK,CNPAN,CNTJN
OAOFAYKKK,CNPAN,CNXIA
OACYNKKKK,CNPAN,CNXIA
OAOFAYKKK,CNPAN,CNZHA
OARAFFKKK,CNPAN,CNZOS
OARKGYKKK,CNPAN,CNZOS
OARSOSKKK,CNPAN,CNZOS
OARAGKKKK,CNPAN,CNZPU
OARAGCKKK,CNPAN,CNZPU
OARCSSAAK,CNPAN,CNZPU
OARANSKKK,CNPAN,CNZPU
OARANOKKK,CNPAN,CNZPU
OARYFNKKK,CNPAN,JPKII
OARYFNKKK,CNPAN,RUKZM
OARYFNKKK,CNPAN,RUKZM
OAOFKAKKK,CNPAN,USSEA
OFFGOAYKK,CNPLI,CNCJK
OACOFSFRK,CNPLI,CNLYG
OACOFSFRK,CNPLI,CNLYG
OFFRSFFKK,CNPLI,CNSHS
OAROYASRK,CNPLI,CNTAI
OFFGOAYKK,CNPLI,CNTAI
OACROGKKK,CNPLI,CNTJN
OARSYGKKK,CNPLI,CNTJN
OARAGKKKK,CNPLI,CNZPU
OACKNNKKK,CNPLI,KRGWA
OFFGOAYKK,CNPLI,PKQAS
OAROYCONK,CNPLI,PKQAS
OAROFYYFK,CNPLI,PKQAS
OARAFSKKK,CNPYU,CNDYI
OARAFSKKK,CNPYU,CNDYI
OAOFSOKKK,CNPYU,CNDYI
OARACKKKK,CNPYU,CNHUI
OARAFSKKK,CNPYU,CNHUI
OARAFFKKK,CNPYU,CNLAZ
OARAFSKKK,CNPYU,CNLAZ
OARAFSKKK,CNPYU,CNLKU
OARAFSKKK,CNPYU,CNLKU
OACOFRKKK,CNPYU,CNNBO
OAOFKNKKK,CNPYU,CNTJN
OARCAYKYK,CNPYU,CNTJN
OAROYRKSK,CNQHD,AUPLD
OAOFSYKKK,CNQHD,CN9014
OACFGNKKK,CNQHD,CNBAO
OARYFYKKK,CNQHD,CNBAO
OARSYRKKK,CNQHD,CNBAO
OARYFYKKK,CNQHD,CNBAO
OACGKOKKK,CNQHD,CNBAO
OAOFNNKKK,CNQHD,CNBHI
OACCSSKKK,CNQHD,CNBHI
OARSYRKKK,CNQHD,CNBYQ
OARYNGKKK,CNQHD,CNBYQ
OARYNGKKK,CNQHD,CNBYQ
OFFRKAAKK,CNQHD,CNBYQ
OARRRYKKK,CNQHD,CNBYQ
OARRRYKKK,CNQHD,CNBYQ
OARRRYKKK,CNQHD,CNBYQ
OACKROKKK,CNQHD,CNCFD
OARCRSANK,CNQHD,CNCHS
OARCRSANK,CNQHD,CNCHS
OARCRSANK,CNQHD,CNCHS
OARCRSANK,CNQHD,CNCHS
OARCNFOSK,CNQHD,CNCHS
OARCNFOSK,CNQHD,CNCHS
OAOACRKKK,CNQHD,CNCHS
OAOACRKKK,CNQHD,CNCHS
OAOFNNKKK,CNQHD,CNCHS
OAOACRKKK,CNQHD,CNCHS
OAOFNKKKK,CNQHD,CNCHS
OARCGANGK,CNQHD,CNCJK
OAOFKYKKK,CNQHD,CNCJK
OARCRSANK,CNQHD,CNCJK
OARSRFKKK,CNQHD,CNCJK
OARACYKKK,CNQHD,CNCJK
OARSRFKKK,CNQHD,CNCJK
OARRRFKKK,CNQHD,CNCJK
OARRKCKYK,CNQHD,CNCJK
OARAYAKKK,CNQHD,CNCJK
OAOFFFKKK,CNQHD,CNCJK
OARCGCNSK,CNQHD,CNCJK
OAOFFYKKK,CNQHD,CNCJK
OAOFSRKKK,CNQHD,CNCJK
OAOFKYKKK,CNQHD,CNCJK
OACFGKKKK,CNQHD,CNCJK
OARCGANGK,CNQHD,CNCJK
OARCNYFSK,CNQHD,CNCJN
OARCNYFSK,CNQHD,CNCJN
OARCNFOSK,CNQHD,CNCJN
OACACOKKK,CNQHD,CNCZH
OACGKOKKK,CNQHD,CNCZH
OARCGORSK,CNQHD,CNDAL
OARCGORSK,CNQHD,CNDAL
OARCGORSK,CNQHD,CNDAL
OARCGORSK,CNQHD,CNDAL
OARCGORSK,CNQHD,CNDAL
OARANSKKK,CNQHD,CNDAL
OARCGORSK,CNQHD,CNDAL
OARCGORSK,CNQHD,CNDAL
OARCGORSK,CNQHD,CNDAL
OARCGORSK,CNQHD,CNDAL
OARCGORSK,CNQHD,CNDAL
OARAANKKK,CNQHD,CNDNG
OARAANKKK,CNQHD,CNDNG
OARAANKKK,CNQHD,CNDNG
OACRNRKKK,CNQHD,CNDSN
OARAYGKKK,CNQHD,CNGLA
OACCSSKKK,CNQHD,CNGLA
OARAANKKK,CNQHD,CNGUA
OACGKOKKK,CNQHD,CNGUA
OARAANKKK,CNQHD,CNGUA
OARAANKKK,CNQHD,CNGUA
OARAARKKK,CNQHD,CNGUA
OARAANKKK,CNQHD,CNGUA
OARAANKKK,CNQHD,CNGUA
OARAANKKK,CNQHD,CNGUA
OAOCCRKKK,CNQHD,CNHPU
OARACYKKK,CNQHD,CNHPU
OAOFCFKKK,CNQHD,CNHPU
OARAANKKK,CNQHD,CNHPU
OARAANKKK,CNQHD,CNHPU
OARAANKKK,CNQHD,CNHPU
OARAANKKK,CNQHD,CNHPU
OACNYYKKK,CNQHD,CNHPU
OAOAFOKKK,CNQHD,CNHPU
OARKFFKKK,CNQHD,CNHPU
OARACYKKK,CNQHD,CNHPU
OACOFRKAK,CNQHD,CNHPU
OARAGKKKK,CNQHD,CNHUA
OARCAYKYK,CNQHD,CNHUA
OARCAYKYK,CNQHD,CNHUA
OAOFCYKKK,CNQHD,CNHUA
OAOFCYKKK,CNQHD,CNHUA
OARANOKKK,CNQHD,CNHUA
OARCGANSK,CNQHD,CNHUI
OARAARKKK,CNQHD,CNHUI
OAOFANKKK,CNQHD,CNHUI
OAOKFYKKK,CNQHD,CNHUI
OAOCNSKKK,CNQHD,CNJIA
OAOAGSKKK,CNQHD,CNJIA
OAOFCFKKK,CNQHD,CNJIA
OARRFGRYK,CNQHD,CNJIA
OAOFFRKKK,CNQHD,CNJIA
OAOCCRKKK,CNQHD,CNJIA
OAOFSNKKK,CNQHD,CNJIA
OAOFFRKKK,CNQHD,CNJIA
OAOCNSKKK,CNQHD,CNJIA
OARRFGRYK,CNQHD,CNJIA
OARFRGKKK,CNQHD,CNJIA
OARRFGRYK,CNQHD,CNJIA
OARCYGKFK,CNQHD,CNJIA
OARCNFOSK,CNQHD,CNJIA
OAOCNSKKK,CNQHD,CNJIA
OAOFKYKKK,CNQHD,CNJIA
OAOAGGKKK,CNQHD,CNJIJ
OAOANGKKK,CNQHD,CNJIJ
OAOANGKKK,CNQHD,CNJIJ
OARCGCNSK,CNQHD,CNJIJ
OAOARYKKK,CNQHD,CNJIJ
OAOANGKKK,CNQHD,CNJIJ
OARCGCNSK,CNQHD,CNJIJ
OARCGCORK,CNQHD,CNJIJ
OACOFRKAK,CNQHD,CNJIJ
OAOANGKKK,CNQHD,CNJIJ
OAOFFYKKK,CNQHD,CNJIJ
OAOANGKKK,CNQHD,CNJIJ
OAOFFFKKK,CNQHD,CNJIJ
OAOANGKKK,CNQHD,CNJIJ
OAOCNSKKK,CNQHD,CNJIJ
OARASYKKK,CNQHD,CNJIJ
OAOARYKKK,CNQHD,CNJIJ
OAOFORKKK,CNQHD,CNJIJ
OFFKCFOKK,CNQHD,CNJIN
OARYCGKKK,CNQHD,CNJIN
OACRRAKKK,CNQHD,CNJIT
OACRRAKKK,CNQHD,CNJIT
OARCYRCOK,CNQHD,CNLKU
OACAYYKKK,CNQHD,CNLKU
OACAYYKKK,CNQHD,CNLKU
OACAYYKKK,CNQHD,CNLKU
OACAYYKKK,CNQHD,CNLKU
OACAYYKKK,CNQHD,CNLKU
OARCGARFK,CNQHD,CNLKU
OACAFGKKK,CNQHD,CNLKU
OACAYYKKK,CNQHD,CNLKU
OACCSSKKK,CNQHD,CNLKU
OARRFGRYK,CNQHD,CNLVS
OARRFGRYK,CNQHD,CNLVS
OARAYOKKK,CNQHD,CNLVS
OARNFYKKK,CNQHD,CNLYG
OACFFNKKK,CNQHD,CNLYG
OACNNGKKK,CNQHD,CNLYG
OARNFYKKK,CNQHD,CNLYG
OARACCKKK,CNQHD,CNLYG
OAOKFGKKK,CNQHD,CNLYW
OARFRGKKK,CNQHD,CNLYW
OARSRFKKK,CNQHD,CNLZH
OACCSYKKK,CNQHD,CNMEZ
OAOCCRKKK,CNQHD,CNMEZ
OACFFNKKK,CNQHD,CNMEZ
OARAARKKK,CNQHD,CNMWN
OACOFRKAK,CNQHD,CNNBO
OACFOCKKK,CNQHD,CNNBO
OACFOCKKK,CNQHD,CNNBO
OARAOKKKK,CNQHD,CNNBO
OARAOKKKK,CNQHD,CNNBO
OARYRSKKK,CNQHD,CNNBO
OARAOKKKK,CNQHD,CNNBO
OACFGNKKK,CNQHD,CNNBO
OAOOOSKKK,CNQHD,CNNBO
OARAOKKKK,CNQHD,CNNBO
OARASYKKK,CNQHD,CNNBO
OARAOKKKK,CNQHD,CNNBO
OACOFRKAK,CNQHD,CNNBO
OARAOKKKK,CNQHD,CNNBO
OACOFRKAK,CNQHD,CNNBO
OARAOKKKK,CNQHD,CNNBO
OACFOCKKK,CNQHD,CNNBO
OARSRFKKK,CNQHD,CNNDE
OARSRFKKK,CNQHD,CNNDE
OAOFFYKKK,CNQHD,CNNJG
OAOKKOKKK,CNQHD,CNNJG
OAOFKYKKK,CNQHD,CNNJG
OAOFNAKKK,CNQHD,CNNJG
OARYFYKKK,CNQHD,CNNJG
OAOAOGKKK,CNQHD,CNNJG
OAOKKOKKK,CNQHD,CNNJG
OAOARYKKK,CNQHD,CNNJG
OAOOOSKKK,CNQHD,CNNJG
OAOKKOKKK,CNQHD,CNNJG
OAOFFOKKK,CNQHD,CNNJG
OAOFCRKKK,CNQHD,CNNJG
OARSYRKKK,CNQHD,CNNJG
OAOFOOKKK,CNQHD,CNNJG
OAOFFYKKK,CNQHD,CNNJG
OAOKKOKKK,CNQHD,CNNJG
OAOFFFKKK,CNQHD,CNNJG
OAOKKOKKK,CNQHD,CNNJG
OAOFFYKKK,CNQHD,CNNJG
OAOFFYKKK,CNQHD,CNNJG
OAOFFYKKK,CNQHD,CNNJG
OAOFNAKKK,CNQHD,CNNJG
OAOKKOKKK,CNQHD,CNNJG
OACRFSFOK,CNQHD,CNNJG
OARCGANGK,CNQHD,CNNJG
OAOFKRKKK,CNQHD,CNNJG
OARSRFKKK,CNQHD,CNNJG
OARSRFKKK,CNQHD,CNNJG
OAOFORKKK,CNQHD,CNNJG
OAOFSRKKK,CNQHD,CNNJG
OAOAGGKKK,CNQHD,CNNJG
OARCGANGK,CNQHD,CNNJG
OAOACRKKK,CNQHD,CNNJG
OARRKCNCK,CNQHD,CNNJG
OAOFNAKKK,CNQHD,CNNSA
OACFGKKKK,CNQHD,CNNTG
OAOARYKKK,CNQHD,CNNTG
OAOFFYKKK,CNQHD,CNNTG
OARYRSKKK,CNQHD,CNNTG
OARAYAKKK,CNQHD,CNNTG
OARACRKKK,CNQHD,CNPAN
OARAYOKKK,CNQHD,CNPAN
OARSRFKKK,CNQHD,CNPAN
OAOFCFKKK,CNQHD,CNPAN
OACRFSFOK,CNQHD,CNQIN
OARKFSKKK,CNQHD,CNQIZ
OACCSSKKK,CNQHD,CNQIZ
OARRFGKKK,CNQHD,CNQIZ
OARACRKKK,CNQHD,CNQIZ
OARAYSKKK,CNQHD,CNQIZ
OARAAAKKK,CNQHD,CNQIZ
OACFOCKKK,CNQHD,CNQUA
OARRKCKCK,CNQHD,CNRIZ
OARRKCKCK,CNQHD,CNRIZ
OARRKCKCK,CNQHD,CNRIZ
OARRKCKCK,CNQHD,CNRIZ
OAOCNSKKK,CNQHD,CNRUG
OAOFKNKKK,CNQHD,CNSIZ
OARAAYKKK,CNQHD,CNSWE
OARRRYKKK,CNQHD,CNTAI
OARKKRKKK,CNQHD,CNTAI
OARFRGKKK,CNQHD,CNTAI
OAOFFOKKK,CNQHD,CNTAI
OARSYRKKK,CNQHD,CNTAI
OARRRYKKK,CNQHD,CNTAI
OAOFAGKKK,CNQHD,CNTAI
OARACYKKK,CNQHD,CNTAI
OARRRYKKK,CNQHD,CNTAI
OAOARYKKK,CNQHD,CNTAI
OACACOKKK,CNQHD,CNTAI
OARRKCKYK,CNQHD,CNTAI
OAOCNSKKK,CNQHD,CNTES
OAORNKKKK,CNQHD,CNTJN
OARCAYKYK,CNQHD,CNWEF
OARCAYKYK,CNQHD,CNWEF
OARKFSKKK,CNQHD,CNWEI
OARAYNKKK,CNQHD,CNWEI
OAOCCRKKK,CNQHD,CNWEI
OARACCKKK,CNQHD,CNWEI
OARASOKKK,CNQHD,CNWEI
OACOFRKAK,CNQHD,CNWEN
OACOFRKAK,CNQHD,CNWEN
OARAOKKKK,CNQHD,CNWEN
OACGKOKKK,CNQHD,CNWEN
OARASYKKK,CNQHD,CNWEN
OARAOKKKK,CNQHD,CNWEN
OARAOKKKK,CNQHD,CNWEN
OACRKCSOK,CNQHD,CNWEN
OAOAGGKKK,CNQHD,CNWGQ
OACACOKKK,CNQHD,CNWGQ
OACACOKKK,CNQHD,CNWGQ
OACFOCKKK,CNQHD,CNWGQ
OAOCCRKKK,CNQHD,CNWGQ
OARACRKKK,CNQHD,CNWGQ
OARACRKKK,CNQHD,CNWGQ
OAOFKFKKK,CNQHD,CNWGQ
OACRNRKKK,CNQHD,CNWGQ
OAOFSRKKK,CNQHD,CNWGQ
OARARNKKK,CNQHD,CNWGQ
OARRRFKKK,CNQHD,CNWGQ
OACNYYKKK,CNQHD,CNXIA
OAOKFYKKK,CNQHD,CNXIA
OARRFGRYK,CNQHD,CNXSN
OACRFSFOK,CNQHD,CNXSN
OACRFSFOK,CNQHD,CNXSN
OAOFSCKKK,CNQHD,CNXSN
OAOFSCKKK,CNQHD,CNXSN
OARRKCNCK,CNQHD,CNXSN
OARCGANNK,CNQHD,CNXSN
OARRKCNAK,CNQHD,CNXSN
OACRFSFOK,CNQHD,CNXSN
OACRFSFOK,CNQHD,CNXSN
OARRKCKSK,CNQHD,CNYAN
OARCGANSK,CNQHD,CNYAN
OARGSFKKK,CNQHD,CNYJG
OACNFKKKK,CNQHD,CNYJG
OAOKFYKKK,CNQHD,CNYJG
OAOFSNKKK,CNQHD,CNYJG
OACNNGKKK,CNQHD,CNYJG
OARGSFKKK,CNQHD,CNYJG
OARYCGKKK,CNQHD,CNYJG
OAOKKYKKK,CNQHD,CNYJG
OAOAACKKK,CNQHD,CNYJG
OARAAAKKK,CNQHD,CNYJG
OAOAFOKKK,CNQHD,CNYJG
OACFNAKKK,CNQHD,CNYJG
OARAYNKKK,CNQHD,CNYJG
OAOFSGKKK,CNQHD,CNYJG
OARYRSKKK,CNQHD,CNYJG
OARRRKKKK,CNQHD,CNYJG
OARRRKKKK,CNQHD,CNYJG
OARAYOKKK,CNQHD,CNYPG
OAOFSKKKK,CNQHD,CNYZH
OAOFFAKKK,CNQHD,CNYZH
OACFGNKKK,CNQHD,CNYZH
OACROOKKK,CNQHD,CNYZH
OAOFKYKKK,CNQHD,CNYZH
OARYRSKKK,CNQHD,CNYZH
OARSRFKKK,CNQHD,CNYZH
OAOFFYKKK,CNQHD,CNYZH
OAOFFAKKK,CNQHD,CNYZH
OARAYOKKK,CNQHD,CNYZH
OARACYKKK,CNQHD,CNYZH
OARAOKKKK,CNQHD,CNYZH
OAOCNSKKK,CNQHD,CNYZH
OAOFNKKKK,CNQHD,CNYZH
OAOFFFKKK,CNQHD,CNYZH
OAOFCRKKK,CNQHD,CNYZH
OAOANGKKK,CNQHD,CNYZH
OARGSFKKK,CNQHD,CNYZH
OARCGARFK,CNQHD,CNYZH
OAOFOOKKK,CNQHD,CNYZH
OARRKAKKK,CNQHD,CNZHA
OARRFGKKK,CNQHD,CNZHA
OAOFKYKKK,CNQHD,CNZHE
OAOFCRKKK,CNQHD,CNZHE
OAOFCRKKK,CNQHD,CNZHE
OARCGANGK,CNQHD,CNZHE
OACGKOKKK,CNQHD,CNZHE
OAOFCGKKK,CNQHD,CNZHE
OAOFSRKKK,CNQHD,CNZHE
OARCGCRFK,CNQHD,CNZHE
OARCGCRFK,CNQHD,CNZHE
OARCGCRFK,CNQHD,CNZHE
OARSYRKKK,CNQHD,CNZHE
OARAOKKKK,CNQHD,CNZHE
OACROOKKK,CNQHD,CNZHE
OARCGANRK,CNQHD,CNZHE
OACFGKKKK,CNQHD,CNZHE
OACNNGKKK,CNQHD,CNZHE
OARAOKKKK,CNQHD,CNZHE
OAOFKYKKK,CNQHD,CNZHE
OAOKKOKKK,CNQHD,CNZHE
OAOFKYKKK,CNQHD,CNZHE
OAOFOOKKK,CNQHD,CNZHE
OACRNRKKK,CNQHD,CNZHE
OARASOKKK,CNQHD,CNZHE
OARASNKKK,CNQHD,CNZHE
OARASGKKK,CNQHD,CNZHE
OACFGNKKK,CNQHD,CNZHE
OACFGNKKK,CNQHD,CNZHE
OACFGNKKK,CNQHD,CNZHE
OAOFNNKKK,CNQHD,CNZHE
OAOFFYKKK,CNQHD,CNZHE
OAOCNSKKK,CNQHD,CNZHE
OAOFFYKKK,CNQHD,CNZHE
OAOFNKKKK,CNQHD,CNZHE
OAOARYKKK,CNQHD,CNZHE
OAOFFYKKK,CNQHD,CNZHE
OAOFFYKKK,CNQHD,CNZHE
OAOACRKKK,CNQHD,CNZHE
OAOARYKKK,CNQHD,CNZHE
OAOARYKKK,CNQHD,CNZHE
OARCGCOCK,CNQHD,CNZJG
OARCGCORK,CNQHD,CNZJG
OACNFKKKK,CNQHD,CNZJG
OAOAGGKKK,CNQHD,CNZJG
OAOAOGKKK,CNQHD,CNZJG
OARAYAKKK,CNQHD,CNZJG
OARAYNKKK,CNQHD,CNZJG
OARAYAKKK,CNQHD,CNZJG
OARCGKNRK,CNQHD,CNZOS
OARCRSANK,CNQHD,CNZPU
OARFRGKKK,CNQHD,CNZPU
OACOFRKAK,CNQHD,CNZPU
OACOFRKAK,CNQHD,CNZPU
OARASYKKK,CNQHD,CNZPU
OAOCKSKKK,CNQIN,AEZUR
OAOKFRKKK,CNQIN,AUCPN
OFFAYCCKK,CNQIN,AUPHE
OFFNNKRKK,CNQIN,AUPHE
OFFNNKRKK,CNQIN,AUPHE
OFFGNNOKK,CNQIN,AUPHE
RNFCKRKKK,CNQIN,AUPHE
OFFOCOYKK,CNQIN,AUPWA
OFFCYRYKK,CNQIN,CAPRR
OARKGRKKK,CNQIN,CAPRR
OFFKFFSKK,CNQIN,CAPRR
OARKNNKKK,CNQIN,CAPRR
RFCYROKKK,CNQIN,CAPRR
OFFRAYRKK,CNQIN,CAPRR
OFFFCCCKK,CNQIN,CAPRR
OARCOFKKK,CNQIN,CN1087
OAOFSOKKK,CNQIN,CN1087
OARCOSKKK,CNQIN,CN9014
OARARFKKK,CNQIN,CN9014
OARFGCKKK,CNQIN,CNBYQ
OAOONNKKK,CNQIN,CNBYQ
OARAOGKKK,CNQIN,CNBYQ
OACFAOKKK,CNQIN,CNBYQ
OACFAOKKK,CNQIN,CNBYQ
OACFAOKKK,CNQIN,CNBYQ
OAOFCAKKK,CNQIN,CNBYQ
OARANGKKK,CNQIN,CNBYQ
OARANRKKK,CNQIN,CNBYQ
OARANRKKK,CNQIN,CNBYQ
OARARFKKK,CNQIN,CNBYQ
OARAOCKKK,CNQIN,CNBYQ
OAOAFNKKK,CNQIN,CNCFD
OAOAFOKKK,CNQIN,CNCFD
OFFGRCNKK,CNQIN,CNCGM
OARAGNKKK,CNQIN,CNCGM
OAROYOFAK,CNQIN,CNCHS
OAROYCSNK,CNQIN,CNCHS
OARCKYFNK,CNQIN,CNCHS
OACRYSKKK,CNQIN,CNCHS
OAOKACKKK,CNQIN,CNCHS
OARSCSKKK,CNQIN,CNCJK
OACRYSKKK,CNQIN,CNCJK
OARAOFKKK,CNQIN,CNCJK
OARANKKKK,CNQIN,CNCJK
OARAGNKKK,CNQIN,CNCJK
OAROYRKSK,CNQIN,CNDAF
OFFARYAKK,CNQIN,CNDAL
OARSOSKKK,CNQIN,CNDAL
OARSOSKKK,CNQIN,CNDAL
OFFAYOOKK,CNQIN,CNDAL
OARCOSKKK,CNQIN,CNDAL
OARCOFKKK,CNQIN,CNDAL
OFFANFSKK,CNQIN,CNDAL
OARARFKKK,CNQIN,CNDAL
OARRFYAFK,CNQIN,CNDAL
OFFANOFKK,CNQIN,CNDAL
OARKGOKKK,CNQIN,CNDAL
OARKGYKKK,CNQIN,CNDAL
OARKFOKKK,CNQIN,CNDAL
OARANGKKK,CNQIN,CNDAL
OARANGKKK,CNQIN,CNDAL
OARANOKKK,CNQIN,CNDAL
OAOFNSKKK,CNQIN,CNDAL
OFFAFCFKK,CNQIN,CNDAL
OFFAFCFKK,CNQIN,CNDAL
OARFGKKKK,CNQIN,CNDCB
OARCKYFNK,CNQIN,CNDCB
RNNSYYKKK,CNQIN,CNDDG
OAOFKYKKK,CNQIN,CNHLD
OARASFKKK,CNQIN,CNHPU
OACRFSFOK,CNQIN,CNHUA
OFFKNFFKK,CNQIN,CNHUI
OARSCSKKK,CNQIN,CNJIA
OACFARKKK,CNQIN,CNJIN
OAOFCRKKK,CNQIN,CNJIN
OARARGKKK,CNQIN,CNJIN
OAOFKNKKK,CNQIN,CNLSN
RNRKGGKKK,CNQIN,CNLYG
RNRKGGKKK,CNQIN,CNLYG
RNRKGGKKK,CNQIN,CNLYG
OAOFARKKK,CNQIN,CNLYG
RNRKGGKKK,CNQIN,CNLYG
RNRKGGKKK,CNQIN,CNLYG
RNRKGGKKK,CNQIN,CNLYG
RNRKGGKKK,CNQIN,CNLYG
RNRKGGKKK,CNQIN,CNLYG
RNRKGGKKK,CNQIN,CNLYG
OARAOYKKK,CNQIN,CNLYG
RNRKGGKKK,CNQIN,CNLYG
OAOFARKKK,CNQIN,CNLYG
RNRKGGKKK,CNQIN,CNLYG
RNRKGGKKK,CNQIN,CNLYG
RNRKGGKKK,CNQIN,CNLYG
OFFRSFFKK,CNQIN,CNLYG
OFFSRCCKK,CNQIN,CNLYG
RNRKGGKKK,CNQIN,CNLYG
RNRKGGKKK,CNQIN,CNLYG
OFFRAAGKK,CNQIN,CNLYG
OARAOFKKK,CNQIN,CNLYG
RNRKGGKKK,CNQIN,CNLYG
OAOFARKKK,CNQIN,CNLYG
RNRKGGKKK,CNQIN,CNLYG
RNRKGGKKK,CNQIN,CNLYG
OARAOYKKK,CNQIN,CNLYG
RNRKGGKKK,CNQIN,CNLYG
OFFRAAGKK,CNQIN,CNLYG
OARAOYKKK,CNQIN,CNLYG
RNRKGGKKK,CNQIN,CNLYG
OFFNYSOKK,CNQIN,CNLYG
OARANAKKK,CNQIN,CNLYG
RNRKGGKKK,CNQIN,CNLYG
RNRKGGKKK,CNQIN,CNLYG
OAOFARKKK,CNQIN,CNLYG
OFFSRCCKK,CNQIN,CNLYG
OARAOYKKK,CNQIN,CNLYG
RNRKGGKKK,CNQIN,CNLYG
OFFRAAGKK,CNQIN,CNLYG
RNRKGGKKK,CNQIN,CNLYG
RNRKGGKKK,CNQIN,CNLYG
RNRKGGKKK,CNQIN,CNLYG
OAOFARKKK,CNQIN,CNLYG
RNRKGGKKK,CNQIN,CNLYG
OARAOFKKK,CNQIN,CNLYG
OARKNFKKK,CNQIN,CNNBO
OFFKNGOKK,CNQIN,CNNBO
OAOFCAKKK,CNQIN,CNNBO
OAORAKKKK,CNQIN,CNNBO
OFFKFFFKK,CNQIN,CNNBO
OAORAKKKK,CNQIN,CNNBO
OFFFACOKK,CNQIN,CNNBO
OFFRAYRKK,CNQIN,CNNBO
OFFKFFFKK,CNQIN,CNNBO
OFFRAYRKK,CNQIN,CNNBO
OFFRAYRKK,CNQIN,CNNBO
OARANRKKK,CNQIN,CNNBO
OAOFNSKKK,CNQIN,CNNBO
OAORAKKKK,CNQIN,CNNBO
OAORAKKKK,CNQIN,CNNBO
OFFCRCCKK,CNQIN,CNNBO
OFFASRSKK,CNQIN,CNNBO
OFFYOFGKK,CNQIN,CNNBO
OARANRKKK,CNQIN,CNNBO
OFFYOFGKK,CNQIN,CNNBO
OFFKFFFKK,CNQIN,CNNBO
OFFARYYKK,CNQIN,CNNBO
OFFRONYKK,CNQIN,CNNBO
OFFAGGNKK,CNQIN,CNNBO
OFFKFFFKK,CNQIN,CNNBO
OFFOGONKK,CNQIN,CNNBO
OAOFCAKKK,CNQIN,CNNBO
OARKNFKKK,CNQIN,CNNBO
OAOFCAKKK,CNQIN,CNNBO
OARARCKKK,CNQIN,CNNBO
OFFYOFGKK,CNQIN,CNNBO
OFFAGSYKK,CNQIN,CNNBO
OFFCSGCKK,CNQIN,CNNBO
OFFAOSFKK,CNQIN,CNNBO
OFFCSGCKK,CNQIN,CNNBO
OACYNKKKK,CNQIN,CNNBO
OFFAOSSKK,CNQIN,CNNBO
OAOFNSKKK,CNQIN,CNNBO
OARKNFKKK,CNQIN,CNNBO
OAOFCAKKK,CNQIN,CNNBO
OFFSRCCKK,CNQIN,CNNBO
OFFKFFFKK,CNQIN,CNNBO
OAOFNSKKK,CNQIN,CNNBO
OFFCGYOKK,CNQIN,CNNBO
OFFCGYOKK,CNQIN,CNNBO
OARKNFKKK,CNQIN,CNNBO
OFFGYSGKK,CNQIN,CNNBO
OFFAOSSKK,CNQIN,CNNBO
OAOFCAKKK,CNQIN,CNNBO
OARKGSKKK,CNQIN,CNNBO
OFFFNCRKK,CNQIN,CNNBO
OAORKOKKK,CNQIN,CNNBO
OAORKOKKK,CNQIN,CNNBO
OARKGNKKK,CNQIN,CNNBO
OAORKRKKK,CNQIN,CNNBO
OAORKOKKK,CNQIN,CNNBO
OFFAYOAKK,CNQIN,CNNBO
OAOFNSKKK,CNQIN,CNNBO
OFFANFOKK,CNQIN,CNNBO
OAOFNSKKK,CNQIN,CNNBO
OARKGNKKK,CNQIN,CNNBO
OFFCRCCKK,CNQIN,CNNBO
OFFAGSYKK,CNQIN,CNNBO
OARAOSKKK,CNQIN,CNNBO
OARKGNKKK,CNQIN,CNNBO
OAOFNSKKK,CNQIN,CNNBO
OAORKOKKK,CNQIN,CNNBO
OFFKFFFKK,CNQIN,CNNBO
OARAOSKKK,CNQIN,CNNBO
OAORKOKKK,CNQIN,CNNBO
OAOFNSKKK,CNQIN,CNNBO
OARKGNKKK,CNQIN,CNNBO
OARAOSKKK,CNQIN,CNNBO
OARKGNKKK,CNQIN,CNNBO
OFFYOFGKK,CNQIN,CNNBO
OAORKRKKK,CNQIN,CNNBO
OAORAKKKK,CNQIN,CNNBO
OFFASRYKK,CNQIN,CNNBO
OARKGNKKK,CNQIN,CNNBO
OFFASRYKK,CNQIN,CNNBO
OAORAKKKK,CNQIN,CNNBO
OAOFNSKKK,CNQIN,CNNBO
OAOFNSKKK,CNQIN,CNNBO
OFFRKCYKK,CNQIN,CNNBO
OFFASRYKK,CNQIN,CNNBO
OAORAKKKK,CNQIN,CNNBO
OFFKFFFKK,CNQIN,CNNBO
OFFRAYRKK,CNQIN,CNNBO
OARAOYKKK,CNQIN,CNNBO
OFFARYYKK,CNQIN,CNNBO
OARARCKKK,CNQIN,CNNBO
OARARCKKK,CNQIN,CNNBO
OFFRAAGKK,CNQIN,CNNBO
OARARCKKK,CNQIN,CNNBO
OAOFGKKKK,CNQIN,CNNBO
OARARCKKK,CNQIN,CNNBO
OARARCKKK,CNQIN,CNNBO
OFFAOSSKK,CNQIN,CNNBO
OFFRAAGKK,CNQIN,CNNBO
OARARCKKK,CNQIN,CNNBO
OARKNFKKK,CNQIN,CNNBO
OARARCKKK,CNQIN,CNNBO
OAOFARKKK,CNQIN,CNNBO
OFFASRSKK,CNQIN,CNNBO
OAOFCAKKK,CNQIN,CNNBO
OARKNFKKK,CNQIN,CNNBO
OAOFGKKKK,CNQIN,CNNBO
OFFOFGSKK,CNQIN,CNNBO
OFFCRCCKK,CNQIN,CNNBO
OFFGANFKK,CNQIN,CNNBO
OFFNYSOKK,CNQIN,CNNBO
OFFCGYOKK,CNQIN,CNNBO
OFFCGYOKK,CNQIN,CNNBO
OARKGRKKK,CNQIN,CNNBO
OARAOFKKK,CNQIN,CNNBO
OFFRAAGKK,CNQIN,CNNBO
NGRKOGGKK,CNQIN,CNNBO
OARKNNKKK,CNQIN,CNNBO
OARKGOKKK,CNQIN,CNNBO
OAORKOKKK,CNQIN,CNNBO
OAOFCAKKK,CNQIN,CNNBO
OARKGOKKK,CNQIN,CNNBO
OARARCKKK,CNQIN,CNNSA
OARAGFKKK,CNQIN,CNNSA
OARFGKKKK,CNQIN,CNNSA
OFFYOFGKK,CNQIN,CNNSA
OACFARKKK,CNQIN,CNNSA
OAOFARKKK,CNQIN,CNNSA
OARFGKKKK,CNQIN,CNNSA
OAROFSCRK,CNQIN,CNPLI
OAOFKNKKK,CNQIN,CNQHD
OFFGRCNKK,CNQIN,CNRIZ
OAROSYYCK,CNQIN,CNRUG
OAROYOFAK,CNQIN,CNSHD
OARKGRKKK,CNQIN,CNSHE
CRNKGFYSF,CNQIN,CNSHE
OAROFAKNK,CNQIN,CNSHS
OARCFYGGK,CNQIN,CNSHZ
OAOFCKKKK,CNQIN,CNSIZ
OARRFYAFK,CNQIN,CNTAI
OAOFNSKKK,CNQIN,CNTJN
OAOFCAKKK,CNQIN,CNTJN
OACNGFKKK,CNQIN,CNTJN
OARKNNKKK,CNQIN,CNTJN
OAOFNSKKK,CNQIN,CNTJN
OAOFARKKK,CNQIN,CNTJN
OAROFAYNK,CNQIN,CNTJN
OAROYCSNK,CNQIN,CNTJN
OAOFARKKK,CNQIN,CNTJN
OAOFNSKKK,CNQIN,CNTJN
OFFCARFKK,CNQIN,CNTJN
OARAOYKKK,CNQIN,CNTJN
OAORKOKKK,CNQIN,CNTJN
OAOFOSKKK,CNQIN,CNTJN
OACACOKKK,CNQIN,CNTJN
OAORKOKKK,CNQIN,CNTJN
RNRCOAKKK,CNQIN,CNTJN
OAORKOKKK,CNQIN,CNTJN
OACCGKKKK,CNQIN,CNTJN
OFFRSFFKK,CNQIN,CNTJN
OAOFCAKKK,CNQIN,CNTJN
OAOFCAKKK,CNQIN,CNTJN
RNRCOAKKK,CNQIN,CNTJN
OARKGRKKK,CNQIN,CNTJN
CRNKGFYSF,CNQIN,CNWEI
CRNKGSKNA,CNQIN,CNWEI
OARKNFKKK,CNQIN,CNWEI
OARAGYKKK,CNQIN,CNWGQ
OFFKKOGKK,CNQIN,CNWGQ
OARKNKKKK,CNQIN,CNWGQ
OFFKKOGKK,CNQIN,CNWGQ
OARKFCKKK,CNQIN,CNWGQ
OFFFNCRKK,CNQIN,CNWGQ
OFFKKOGKK,CNQIN,CNWGQ
OFFKKOGKK,CNQIN,CNWGQ
OFFKKOGKK,CNQIN,CNWGQ
OARAGYKKK,CNQIN,CNWGQ
OFFKKOGKK,CNQIN,CNWGQ
OARAGYKKK,CNQIN,CNWGQ
OARAGYKKK,CNQIN,CNWGQ
OFFFGNYKK,CNQIN,CNWGQ
OARAOFKKK,CNQIN,CNWGQ
OARAGYKKK,CNQIN,CNWGQ
OARAGYKKK,CNQIN,CNWGQ
OFFFNCRKK,CNQIN,CNWGQ
OARANKKKK,CNQIN,CNWGQ
OFFARGSKK,CNQIN,CNWGQ
OARANKKKK,CNQIN,CNWGQ
OARARSKKK,CNQIN,CNWGQ
OARANKKKK,CNQIN,CNWGQ
OARARSKKK,CNQIN,CNWGQ
OARARSKKK,CNQIN,CNWGQ
OARARSKKK,CNQIN,CNWGQ
OARARSKKK,CNQIN,CNWGQ
OARANKKKK,CNQIN,CNWGQ
OARANKKKK,CNQIN,CNWGQ
OARARSKKK,CNQIN,CNWGQ
OARARSKKK,CNQIN,CNWGQ
OARARSKKK,CNQIN,CNWGQ
OARANKKKK,CNQIN,CNWGQ
OARANKKKK,CNQIN,CNWGQ
OARANKKKK,CNQIN,CNWGQ
OARANKKKK,CNQIN,CNWGQ
OARAGYKKK,CNQIN,CNWGQ
OARAGYKKK,CNQIN,CNWGQ
OARKNKKKK,CNQIN,CNWGQ
OARKNKKKK,CNQIN,CNWGQ
OARAGYKKK,CNQIN,CNWGQ
OARKNSKKK,CNQIN,CNWGQ
OARKNSKKK,CNQIN,CNWGQ
OARKNKKKK,CNQIN,CNWGQ
OARKNKKKK,CNQIN,CNWGQ
OARKNSKKK,CNQIN,CNWGQ
OARKNKKKK,CNQIN,CNWGQ
OARKNSKKK,CNQIN,CNWGQ
OARKNKKKK,CNQIN,CNWGQ
OAOFCAKKK,CNQIN,CNWGQ
CRNKGSKNA,CNQIN,CNXIA
OARARSKKK,CNQIN,CNXIA
OARARSKKK,CNQIN,CNXIA
OARANKKKK,CNQIN,CNXIA
OARAGYKKK,CNQIN,CNXIA
OARAGYKKK,CNQIN,CNXIA
OARKNYKKK,CNQIN,CNYAN
OFFCGGSKK,CNQIN,CNYSN
OFFARYYKK,CNQIN,CNYSN
OFFRONYKK,CNQIN,CNYSN
OARKFCKKK,CNQIN,CNYSN
OFFCCYOKK,CNQIN,CNYSN
RNOSSGKKK,CNQIN,CNYSN
OFFOFGSKK,CNQIN,CNYSN
OFFCCYOKK,CNQIN,CNYSN
OFFOFGSKK,CNQIN,CNYSN
OFFNYSOKK,CNQIN,CNYSN
OFFAGSYKK,CNQIN,CNYSN
OFFCFARKK,CNQIN,CNYSN
OFFRONYKK,CNQIN,CNYSN
OFFRONYKK,CNQIN,CNYSN
OFFRKSAKK,CNQIN,CNYSN
OFFCCYOKK,CNQIN,CNYSN
OFFOFGSKK,CNQIN,CNYSN
OFFCAROKK,CNQIN,CNYSN
OFFCFARKK,CNQIN,CNYSN
OFFAGSYKK,CNQIN,CNYSN
OFFCFOOKK,CNQIN,CNYSN
OFFRONYKK,CNQIN,CNYSN
OFFRONYKK,CNQIN,CNYSN
OAORKRKKK,CNQIN,CNYSN
OFFANFSKK,CNQIN,CNYSN
OFFCFARKK,CNQIN,CNYSN
OFFOFGSKK,CNQIN,CNYSN
OFFCFOOKK,CNQIN,CNYSN
OFFCCYOKK,CNQIN,CNYSN
OFFCFARKK,CNQIN,CNYSN
OFFCCYOKK,CNQIN,CNYSN
OFFCGGSKK,CNQIN,CNYSN
OFFCFOOKK,CNQIN,CNYSN
OAORKRKKK,CNQIN,CNYSN
OFFASRSKK,CNQIN,CNYSN
OARAGGKKK,CNQIN,CNYSN
OFFCYRYKK,CNQIN,CNYSN
OFFFACOKK,CNQIN,CNYSN
OFFANFSKK,CNQIN,CNYSN
OFFGRFGKK,CNQIN,CNYSN
OFFRKSAKK,CNQIN,CNYSN
OFFAGSYKK,CNQIN,CNYSN
OARAGGKKK,CNQIN,CNYSN
OFFCYRYKK,CNQIN,CNYSN
OFFAGGNKK,CNQIN,CNYSN
OFFCYRYKK,CNQIN,CNYSN
OFFARYAKK,CNQIN,CNYSN
OFFSOSFKK,CNQIN,CNYSN
OFFRKSAKK,CNQIN,CNYSN
OFFAOSFKK,CNQIN,CNYSN
OFFSOSFKK,CNQIN,CNYSN
OFFRKSAKK,CNQIN,CNYSN
OFFCYRYKK,CNQIN,CNYSN
OFFRKCYKK,CNQIN,CNYSN
OFFFACOKK,CNQIN,CNYSN
OFFCGGSKK,CNQIN,CNYSN
OFFAKKRKK,CNQIN,CNYSN
OFFSOSFKK,CNQIN,CNYSN
OFFCFARKK,CNQIN,CNYSN
OFFSOSFKK,CNQIN,CNYSN
OARAGGKKK,CNQIN,CNYSN
OFFANOFKK,CNQIN,CNYSN
OFFANOFKK,CNQIN,CNYSN
OFFAAFYKK,CNQIN,CNYSN
OFFAOSSKK,CNQIN,CNYSN
OFFANSFKK,CNQIN,CNYSN
OFFAYOAKK,CNQIN,CNYSN
OFFAYOAKK,CNQIN,CNYSN
OFFANOFKK,CNQIN,CNYSN
OFFGNCRKK,CNQIN,CNYSN
OFFAGGNKK,CNQIN,CNYSN
OFFAAFYKK,CNQIN,CNYSN
OFFAAFYKK,CNQIN,CNYSN
OFFANFOKK,CNQIN,CNYSN
OFFAAFYKK,CNQIN,CNYSN
OFFCNFAKK,CNQIN,CNYSN
OFFAAFYKK,CNQIN,CNYSN
OFFCNFAKK,CNQIN,CNYSN
OARKFCKKK,CNQIN,CNYSN
RNCGRAKKK,CNQIN,CNYSN
OFFFACOKK,CNQIN,CNYSN
OFFANFSKK,CNQIN,CNYSN
OFFARYAKK,CNQIN,CNYSN
OFFCGGSKK,CNQIN,CNYSN
OFFARYAKK,CNQIN,CNYSN
OFFCNFAKK,CNQIN,CNYSN
RFKASSKKK,CNQIN,CNYSN
OFFAGSYKK,CNQIN,CNYSN
OFFAOSSKK,CNQIN,CNYSN
OFFCNFAKK,CNQIN,CNYSN
OFFANOFKK,CNQIN,CNYSN
RFCYROKKK,CNQIN,CNYSN
OFFAYOAKK,CNQIN,CNYSN
OFFRKCYKK,CNQIN,CNYSN
OFFAKFCKK,CNQIN,CNYSN
OFFCNFAKK,CNQIN,CNYSN
OFFRKCYKK,CNQIN,CNYSN
OFFRKCYKK,CNQIN,CNYSN
OFFCNFAKK,CNQIN,CNYSN
OFFAOSFKK,CNQIN,CNYSN
OFFASRSKK,CNQIN,CNYSN
OFFANFOKK,CNQIN,CNYSN
OFFAGGNKK,CNQIN,CNYSN
OFFAFCFKK,CNQIN,CNYSN
OFFAFCFKK,CNQIN,CNYSN
OFFGYSGKK,CNQIN,CNYSN
OFFRKCYKK,CNQIN,CNYSN
OARAOSKKK,CNQIN,CNYSN
OFFAYOOKK,CNQIN,CNYSN
OFFCAROKK,CNQIN,CNYSN
OFFOFGSKK,CNQIN,CNYSN
OFFNYSOKK,CNQIN,CNYSN
OFFCGGSKK,CNQIN,CNYSN
OFFOFGSKK,CNQIN,CNYSN
RNFCKRKKK,CNQIN,CNZHE
OARARFKKK,CNQIN,CNZOS
OARKFOKKK,CNQIN,CNZOS
OFFCGYOKK,CNQIN,CNZOS
OARKFOKKK,CNQIN,CNZOS
CRNKGSKNA,CNQIN,HKHKG
OAOFNSKKK,CNQIN,HKHKG
CRNKGSKNA,CNQIN,HKHKG
CRNKGFYSF,CNQIN,HKHKG
CRNKGSKNA,CNQIN,HKHKG
OFFROKOKK,CNQIN,HKHKG
CRNKGSKNA,CNQIN,HKHKG
CRNKGFYSF,CNQIN,HKHKG
CRNKGFYSF,CNQIN,HKHKG
CRNKGFYSF,CNQIN,HKHKG
CRNKGFYSF,CNQIN,HKHKG
CRNKGSKNA,CNQIN,HKHKG
CRNKGSKNA,CNQIN,HKHKG
CRNKGFYSF,CNQIN,HKHKG
CRNKGFYSF,CNQIN,HKHKG
CRNKGFYSF,CNQIN,HKHKG
CRNKGSKNA,CNQIN,HKHKG
OACGNOKKK,CNQIN,HKHKG
CRNKGSKNA,CNQIN,HKHKG
CRNKGFYSF,CNQIN,HKHKG
CRNKGFYSF,CNQIN,HKHKG
CRNKGSKNA,CNQIN,HKHKG
OFFYGFYKK,CNQIN,IQMAB
RFASOFKKK,CNQIN,IQMAB
OARSNSKKK,CNQIN,JPCBA
OFFKFAYKK,CNQIN,JPCBA
OARFFKKKK,CNQIN,JPYOK
OARAGNKKK,CNQIN,KRBUS
OARAGFKKK,CNQIN,KRBUS
OARAGFKKK,CNQIN,KRBUS
OARKFCKKK,CNQIN,KRBUS
OARANYKKK,CNQIN,KRBUS
RNNSKSKKK,CNQIN,KRBUS
OFFKORCKK,CNQIN,KRBUS
OARAGNKKK,CNQIN,KRBUS
RNRKGGKKK,CNQIN,KRBUS
OARKNRKKK,CNQIN,KRBUS
OARKGRKKK,CNQIN,KRBUS
RNRKGGKKK,CNQIN,KRBUS
RNNSKSKKK,CNQIN,KRBUS
OARANYKKK,CNQIN,KRBUS
OFFRGKSKK,CNQIN,KRBUS
OFFANSFKK,CNQIN,KRBUS
RNNSKSKKK,CNQIN,KRBUS
OARAFAKKK,CNQIN,KRBUS
OARAGNKKK,CNQIN,KRBUS
OAORKRKKK,CNQIN,KRBUS
OARKNNKKK,CNQIN,KRBUS
OARAGFKKK,CNQIN,KRBUS
OAORKRKKK,CNQIN,KRBUS
OARAGNKKK,CNQIN,KRBUS
RNRKGGKKK,CNQIN,KRBUS
RNNSKSKKK,CNQIN,KRBUS
RNNSKSKKK,CNQIN,KRBUS
OARKGKKKK,CNQIN,KRGWA
OFFAOCAKK,CNQIN,KRGWA
OARKGOKKK,CNQIN,KRGWA
OARKGKKKK,CNQIN,KRGWA
OARKGKKKK,CNQIN,KRGWA
OARKGOKKK,CNQIN,KRGWA
OACAAYKKK,CNQIN,KRPOH
OACGNOKKK,CNQIN,KRULS
OAROFSCRK,CNQIN,KRULS
OACRYSKKK,CNQIN,KRULS
OFFGOSGKK,CNQIN,KRULS
OAONSSKKK,CNQIN,KRULS
OACCGKKKK,CNQIN,KRULS
OFFGCOYKK,CNQIN,KRULS
OACGNOKKK,CNQIN,KRULS
OARFFKKKK,CNQIN,KRYOS
OARAGNKKK,CNQIN,MXESE
OAROYOFAK,CNQIN,MXMAN
OARKGRKKK,CNQIN,MXMAN
OFFSRCCKK,CNQIN,MXMAN
OARKNNKKK,CNQIN,MXMAN
OACACKKKK,CNQIN,MXMAN
OACFKGKKK,CNQIN,MYPGG
OFFGCARKK,CNQIN,MYPGG
OFFAKKCKK,CNQIN,PHLMY
OARSNSKKK,CNQIN,RUKZM
OARYFNKKK,CNQIN,RUKZM
OACOFAKKK,CNQIN,RUKZM
OFFGNCAKK,CNQIN,SAJUT
OFFGNCCKK,CNQIN,SAJUT
OAORAKKKK,CNQIN,SGSGP
OFFARYYKK,CNQIN,TWTAP
OFFGRFGKK,CNQIN,USLGB
OFFCYRYKK,CNQIN,USLSA
OFFASYRKK,CNQIN,USLSA
OFFFRKAKK,CNQIN,USLSA
OFFGYSGKK,CNQIN,VNCMP
OARASSKKK,CNQIZ,AERUW
OAOOSKKKK,CNQIZ,AERUW
OAOCKSKKK,CNQIZ,AERUW
OARASOKKK,CNQIZ,CNBAS
OARAYYKKK,CNQIZ,CNBAS
OARASOKKK,CNQIZ,CNBAS
OARARNKKK,CNQIZ,CNBAS
OACNNGKKK,CNQIZ,CNBAS
OACFFNKKK,CNQIZ,CNBAS
OACNFKKKK,CNQIZ,CNBAS
OARAGCKKK,CNQIZ,CNBHI
OACFOGKKK,CNQIZ,CNBYQ
OARAOCKKK,CNQIZ,CNBYQ
OAORNKKKK,CNQIZ,CNBYQ
OARAOCKKK,CNQIZ,CNBYQ
OARAOCKKK,CNQIZ,CNBYQ
OARAOCKKK,CNQIZ,CNBYQ
OARAOCKKK,CNQIZ,CNBYQ
OARAOCKKK,CNQIZ,CNBYQ
OARAOCKKK,CNQIZ,CNBYQ
OAOFARKKK,CNQIZ,CNBYQ
OAOFCAKKK,CNQIZ,CNBYQ
OAOFCAKKK,CNQIZ,CNBYQ
OARFGRKKK,CNQIZ,CNBYQ
OARFGRKKK,CNQIZ,CNBYQ
OAOAYYKKK,CNQIZ,CNBYQ
OARAAAKKK,CNQIZ,CNCFD
OARARNKKK,CNQIZ,CNCFD
OARYRSKKK,CNQIZ,CNFAN
OAOROCKKK,CNQIZ,CNFAN
OARYRSKKK,CNQIZ,CNFAN
OARYRSKKK,CNQIZ,CNFAN
OAOROCKKK,CNQIZ,CNFAN
OAOROCKKK,CNQIZ,CNFAN
OARKKRKKK,CNQIZ,CNFAN
OAOFRGKKK,CNQIZ,CNGLA
OARAOGKKK,CNQIZ,CNGLA
OARAOGKKK,CNQIZ,CNGLA
OAOROCKKK,CNQIZ,CNGLA
OARKGRKKK,CNQIZ,CNGLA
OAOFCAKKK,CNQIZ,CNGLA
OARKGRKKK,CNQIZ,CNGLA
OARKGRKKK,CNQIZ,CNGLA
OAOFRGKKK,CNQIZ,CNGLA
OARRFGKKK,CNQIZ,CNHPU
OACROGKKK,CNQIZ,CNHPU
OARAASKKK,CNQIZ,CNHPU
OAOFAGKKK,CNQIZ,CNHUA
OARAAAKKK,CNQIZ,CNHUA
OAOFAGKKK,CNQIZ,CNHUA
OACAYYKKK,CNQIZ,CNHUA
OARASNKKK,CNQIZ,CNHUA
OARASNKKK,CNQIZ,CNHUA
OARASNKKK,CNQIZ,CNHUA
OARGYCKKK,CNQIZ,CNHUA
OARASNKKK,CNQIZ,CNHUA
OAOFAGKKK,CNQIZ,CNHUA
OARFGRKKK,CNQIZ,CNJIN
OACFNKKKK,CNQIZ,CNJIN
OACNNGKKK,CNQIZ,CNJIT
OACCSYKKK,CNQIZ,CNJIT
OARAAYKKK,CNQIZ,CNJIT
OFFNCOYKK,CNQIZ,CNLYG
OARAOOKKK,CNQIZ,CNLYG
OARYRSKKK,CNQIZ,CNLYW
OARFGAKKK,CNQIZ,CNNBO
OARFGAKKK,CNQIZ,CNNBO
OARFGAKKK,CNQIZ,CNNBO
OAORAKKKK,CNQIZ,CNNBO
OARFGAKKK,CNQIZ,CNNBO
OARFGAKKK,CNQIZ,CNNBO
OARYGGKKK,CNQIZ,CNNBO
OARYGGKKK,CNQIZ,CNNBO
OARYGGKKK,CNQIZ,CNNBO
OARYGGKKK,CNQIZ,CNNBO
OACFNKKKK,CNQIZ,CNNBO
OACFNKKKK,CNQIZ,CNNBO
OACFNKKKK,CNQIZ,CNNBO
OACFNKKKK,CNQIZ,CNNBO
OACFNKKKK,CNQIZ,CNNBO
OARYGGKKK,CNQIZ,CNNBO
OACFNKKKK,CNQIZ,CNNBO
OARFGAKKK,CNQIZ,CNNBO
OACFNKKKK,CNQIZ,CNNBO
OAORNKKKK,CNQIZ,CNNBO
OARYGGKKK,CNQIZ,CNNBO
OARYGGKKK,CNQIZ,CNNBO
OARNCFYSK,CNQIZ,CNNBO
OARFGAKKK,CNQIZ,CNNBO
OAOFARKKK,CNQIZ,CNNBO
OARYGGKKK,CNQIZ,CNNBO
OACGNSKKK,CNQIZ,CNNBO
OACGNSKKK,CNQIZ,CNNBO
OACGNSKKK,CNQIZ,CNNBO
OARFGAKKK,CNQIZ,CNNBO
OACGNSKKK,CNQIZ,CNNBO
OACGNSKKK,CNQIZ,CNNBO
OARKGSKKK,CNQIZ,CNNBO
OACFOGKKK,CNQIZ,CNNSA
OACFNKKKK,CNQIZ,CNNSA
OACFNKKKK,CNQIZ,CNNSA
OARYGGKKK,CNQIZ,CNNSA
OACFOGKKK,CNQIZ,CNNSA
OARFGAKKK,CNQIZ,CNNSA
OAOROCKKK,CNQIZ,CNNSA
OAOFRCKKK,CNQIZ,CNPAN
OAOFRCKKK,CNQIZ,CNPAN
OFFKKOGKK,CNQIZ,CNQIN
OFFFNCRKK,CNQIZ,CNQIN
OFFFNCRKK,CNQIZ,CNQIN
OFFOGROKK,CNQIZ,CNQIN
OFFSRCCKK,CNQIZ,CNQIN
OFFKKOGKK,CNQIZ,CNQIN
OAORNKKKK,CNQIZ,CNQUA
OAOFRGKKK,CNQIZ,CNQUA
OAOROCKKK,CNQIZ,CNQUA
OARCRAFAK,CNQIZ,CNQUA
OAORNKKKK,CNQIZ,CNQUA
OAORNKKKK,CNQIZ,CNQUA
OAORNKKKK,CNQIZ,CNQUA
OAORNKKKK,CNQIZ,CNQUA
OARAOCKKK,CNQIZ,CNRIZ
OAOFCAKKK,CNQIZ,CNRIZ
OAOFCAKKK,CNQIZ,CNRIZ
OAROFAYNK,CNQIZ,CNTJN
OARFGAKKK,CNQIZ,CNTJN
OAOFCAKKK,CNQIZ,CNTJN
OAORNKKKK,CNQIZ,CNTJN
OARKNYKKK,CNQIZ,CNTJN
OARAOAKKK,CNQIZ,CNTJN
OARAOOKKK,CNQIZ,CNTJN
CRNKGFYRA,CNQIZ,CNWGQ
OFFFNCRKK,CNQIZ,CNWGQ
OFFKKOGKK,CNQIZ,CNWGQ
OFFFNCRKK,CNQIZ,CNWGQ
OARFGKKKK,CNQIZ,CNXIA
OFFOGROKK,CNQIZ,CNXIA
OARAOCKKK,CNQIZ,CNXIA
OARAOCKKK,CNQIZ,CNXIA
OARFGAKKK,CNQIZ,CNYPG
OAOROCKKK,CNQIZ,CNYPG
OAOROCKKK,CNQIZ,CNYPG
OAOROCKKK,CNQIZ,CNYPG
OAOROCKKK,CNQIZ,CNYPG
OAOROCKKK,CNQIZ,CNYPG
OAOROCKKK,CNQIZ,CNYPG
OAOROCKKK,CNQIZ,CNYPG
OAOROCKKK,CNQIZ,CNYPG
OAOROCKKK,CNQIZ,CNYPG
OACFNKKKK,CNQIZ,CNYPG
OAOROCKKK,CNQIZ,CNYPG
OAOROCKKK,CNQIZ,CNYPG
OAOROCKKK,CNQIZ,CNYPG
OACFNKKKK,CNQIZ,CNYPG
OAOROCKKK,CNQIZ,CNYPG
OAOROCKKK,CNQIZ,CNYPG
OAOROCKKK,CNQIZ,CNYPG
OAOROCKKK,CNQIZ,CNYPG
OAOROCKKK,CNQIZ,CNYPG
OARYGGKKK,CNQIZ,CNYPG
RNCONGKKK,CNQIZ,CNYPG
OAOROCKKK,CNQIZ,CNYPG
OACNFKKKK,CNQIZ,CNYPG
OARYGGKKK,CNQIZ,CNYPG
OARYGGKKK,CNQIZ,CNYPG
OARYGGKKK,CNQIZ,CNYPG
RNFKCNKKK,CNQIZ,CNYPG
OAOROCKKK,CNQIZ,CNYPG
RNFKCNKKK,CNQIZ,CNYPG
OAOROCKKK,CNQIZ,CNYPG
OARFGCKKK,CNQIZ,CNYPG
OAORNKKKK,CNQIZ,CNYPG
OARAOGKKK,CNQIZ,CNYPG
OAOROCKKK,CNQIZ,CNYPG
OAOROCKKK,CNQIZ,CNYPG
OARFGCKKK,CNQIZ,CNYPG
OACRNRKKK,CNQIZ,CNZHA
RNCONGKKK,CNQIZ,CNZHA
RNRCOAKKK,CNQIZ,CNZHA
RNCONGKKK,CNQIZ,CNZHA
OARYRSKKK,CNQIZ,CNZHA
OACRNRKKK,CNQIZ,CNZHA
OARAGCKKK,CNQIZ,CNZHA
RNCONGKKK,CNQIZ,CNZHA
OACFFNKKK,CNQIZ,CNZHA
RNRCOAKKK,CNQIZ,CNZHA
OACRNRKKK,CNQIZ,CNZHA
OACFNAKKK,CNQIZ,CNZHA
OARARFKKK,CNQIZ,CNZHA
OARKFSKKK,CNQIZ,CNZHA
RNRCOAKKK,CNQIZ,CNZHA
OACNGFKKK,CNQIZ,CNZHA
OARASOKKK,CNQIZ,CNZHA
OARKFSKKK,CNQIZ,CNZHA
RNRCOAKKK,CNQIZ,CNZHA
RNNOFOKKK,CNQIZ,CNZHA
RNCONGKKK,CNQIZ,CNZHA
RNCONGKKK,CNQIZ,CNZHA
RNCONGKKK,CNQIZ,CNZHA
RNRCOAKKK,CNQIZ,CNZHA
RNCONGKKK,CNQIZ,CNZHA
OACFFNKKK,CNQIZ,CNZHA
RNCONGKKK,CNQIZ,CNZHA
OARANCKKK,CNQIZ,CNZHA
RNRCOAKKK,CNQIZ,CNZHA
OARACRKKK,CNQIZ,CNZHA
RNRCOAKKK,CNQIZ,CNZHA
RNNOFOKKK,CNQIZ,CNZHA
RNNOFOKKK,CNQIZ,CNZHA
OAOCCRKKK,CNQIZ,CNZHA
RNCONGKKK,CNQIZ,CNZHA
OFFOGROKK,CNQIZ,HKHKG
RNNOFOKKK,CNQIZ,HKHKG
RNNOFOKKK,CNQIZ,HKHKG
OFFCSCYKK,CNQIZ,HKHKG
OFFSRCCKK,CNQIZ,HKHKG
OFFOGRNKK,CNQIZ,HKHKG
OFFNYNNKK,CNQIZ,IQMAB
OARANFKKK,CNQIZ,IQMAB
OFFNOAFKK,CNQIZ,IQMAB
OARNCFYSK,CNQIZ,KRGWA
OARASRKKK,CNQIZ,OMMAF
OAOCKSKKK,CNQIZ,OMMAF
OAOCANKKK,CNQIZ,OMMAF
OFFGNCAKK,CNQIZ,SAJUT
OFFSSORKK,CNQIZ,SAJUT
OARNCFKSK,CNQIZ,SGSGP
OARNCFKSK,CNQIZ,SGSGP
OARRGSKKK,CNQIZ,SGSGP
OARNCFKSK,CNQIZ,SGSGP
OARNCFYSK,CNQIZ,SGSGP
OFFROKOKK,CNQIZ,SGSGP
OAORGKKKK,CNQIZ,SGSGP
OARNCFYSK,CNQIZ,SGSGP
OFFAKSCKK,CNQIZ,SGSGP
OFFFNCRKK,CNQIZ,TWKAO
OFFOGRNKK,CNQIZ,TWKAO
OFFFNCOKK,CNQIZ,TWKAO
OFFKNFOKK,CNQIZ,VNCAM
OAROYRNOK,CNQLN,CNNBO
OARAOAKKK,CNQUA,CNBYQ
OARAOAKKK,CNQUA,CNBYQ
OARAOCKKK,CNQUA,CNBYQ
OARAOCKKK,CNQUA,CNBYQ
OARAOCKKK,CNQUA,CNBYQ
OARAOCKKK,CNQUA,CNBYQ
OAOFRGKKK,CNQUA,CNBYQ
OARAOAKKK,CNQUA,CNBYQ
OARCRAFAK,CNQUA,CNCHZ
OACOFFFOK,CNQUA,CNCJK
OARCRAFAK,CNQUA,CNCJK
OARCRAFAK,CNQUA,CNCJK
OACOFFFOK,CNQUA,CNCJK
OARCRAFAK,CNQUA,CNDYI
OAOROCKKK,CNQUA,CNFAN
OARAOAKKK,CNQUA,CNFUN
OARAOCKKK,CNQUA,CNFUN
OACKSOKKK,CNQUA,CNHUA
OACKSOKKK,CNQUA,CNHUA
OACAYYKKK,CNQUA,CNHUA
OACKSOKKK,CNQUA,CNHUA
OARAOAKKK,CNQUA,CNLYG
OACFOCKKK,CNQUA,CNLYW
OARYGNKKK,CNQUA,CNNSA
OARRFYAFK,CNQUA,CNNTG
OARYGGKKK,CNQUA,CNQIZ
OAORNKKKK,CNQUA,CNQIZ
OAOROCKKK,CNQUA,CNQIZ
OAORNKKKK,CNQUA,CNQIZ
OAOROCKKK,CNQUA,CNQIZ
OAORNKKKK,CNQUA,CNQIZ
OAORNKKKK,CNQUA,CNQIZ
OAOROCKKK,CNQUA,CNQIZ
OARKGRKKK,CNQUA,CNQIZ
OAORNKKKK,CNQUA,CNRIZ
OACNGFKKK,CNQUA,CNRIZ
OAOROCKKK,CNQUA,CNRIZ
OAORNKKKK,CNQUA,CNRIZ
OAORNKKKK,CNQUA,CNRIZ
OAORNKKKK,CNQUA,CNRIZ
OACKSOKKK,CNQUA,CNRUG
OACACKKKK,CNQUA,CNSHA
OAROFAYFK,CNQUA,CNSHA
RNRCOAKKK,CNQUA,CNSTO
RNRCOAKKK,CNQUA,CNSTO
RNRCOAKKK,CNQUA,CNSTO
RNRCOAKKK,CNQUA,CNSTO
RNRCOAKKK,CNQUA,CNSTO
OACOFFFOK,CNQUA,CNTAX
OACOFFFOK,CNQUA,CNTAX
OACAAYKKK,CNQUA,CNTJN
OACKSOKKK,CNQUA,CNTJN
OACAFGKKK,CNQUA,CNTJN
OACKSOKKK,CNQUA,CNTJN
OARAOCKKK,CNQUA,CNXIA
OARCRAFAK,CNQUA,CNYIZ
OACOFFFOK,CNQUA,CNYIZ
OAORNKKKK,CNQUA,CNYPG
OACAOYKKK,CNQUA,CNZOS
OAROONGSK,CNQUA,CNZPU
OFFFKGOKK,CNRIZ,AUPHE
OFFGNNOKK,CNRIZ,AUPHE
OFFKCRAKK,CNRIZ,AUPHE
OARYSRKKK,CNRIZ,AUPHE
OARYSOKKK,CNRIZ,AUPHE
OFFGGNFKK,CNRIZ,AUPHE
OFFYCNGKK,CNRIZ,AUPHE
OFFGYGNKK,CNRIZ,AUPHE
OFFYCNGKK,CNRIZ,AUPHE
OFFFKSSKK,CNRIZ,AUPHE
OFFCFGSKK,CNRIZ,AUPHE
OACNRRKKK,CNRIZ,AUPHE
OARASFKKK,CNRIZ,CAVCR
OAOFSKKKK,CNRIZ,CNBAO
OAOFFNKKK,CNRIZ,CNBAO
OAROFAYGK,CNRIZ,CNBAO
OACRNRKKK,CNRIZ,CNBAO
OAOFCAKKK,CNRIZ,CNBYQ
OARRRYKKK,CNRIZ,CNBYQ
OARAOCKKK,CNRIZ,CNBYQ
OARRKCKCK,CNRIZ,CNCFD
OARRKCKCK,CNRIZ,CNCFD
OARFRGKKK,CNRIZ,CNCFD
OARRKCKCK,CNRIZ,CNCFD
OAOAYYKKK,CNRIZ,CNCFD
OARRKCKKK,CNRIZ,CNCFD
OARRKCKCK,CNRIZ,CNCFD
OFFGCSRKK,CNRIZ,CNCFD
OARRKCKCK,CNRIZ,CNCFD
OARRKCKCK,CNRIZ,CNCFD
OAOFFGKKK,CNRIZ,CNCFD
OARYFYKKK,CNRIZ,CNCJK
OARRRYKKK,CNRIZ,CNCJK
OARCNYFSK,CNRIZ,CNCJN
OFFCNCYKK,CNRIZ,CNDAL
OARRRYKKK,CNRIZ,CNDAL
OACNYYKKK,CNRIZ,CNDAL
OARCGORSK,CNRIZ,CNDAL
OACFOCKKK,CNRIZ,CNGUA
OARAYOKKK,CNRIZ,CNGUA
OAOFCRKKK,CNRIZ,CNHLD
OARSRFKKK,CNRIZ,CNHPU
OARRKCKCK,CNRIZ,CNHUA
OARRRGKKK,CNRIZ,CNHUA
OFFFAFAKK,CNRIZ,CNHUA
OARASOKKK,CNRIZ,CNHUA
OACFOCKKK,CNRIZ,CNHUI
OARRKAKKK,CNRIZ,CNJIA
OAOFFAKKK,CNRIZ,CNJIJ
OAOFCRKKK,CNRIZ,CNJIN
OAOFCRKKK,CNRIZ,CNJIN
OAOFCRKKK,CNRIZ,CNJIN
OAOFKYKKK,CNRIZ,CNJIN
OAOFKYKKK,CNRIZ,CNJIN
OARRKCKCK,CNRIZ,CNJIT
OARRKCKCK,CNRIZ,CNJIT
OARRKCKCK,CNRIZ,CNJIT
OARASYKKK,CNRIZ,CNJIT
OARRKCKCK,CNRIZ,CNJIT
OFFFAFAKK,CNRIZ,CNLSN
OACFNAKKK,CNRIZ,CNLYG
OAOFRGKKK,CNRIZ,CNLYG
OAOROCKKK,CNRIZ,CNLYG
OAOFCAKKK,CNRIZ,CNNBO
OARACRKKK,CNRIZ,CNNBO
OACFOCKKK,CNRIZ,CNNBO
OAOARYKKK,CNRIZ,CNNJG
OAOACRKKK,CNRIZ,CNNJG
OARRRYKKK,CNRIZ,CNNJG
OAOFOOKKK,CNRIZ,CNNJG
OARYFYKKK,CNRIZ,CNNJG
OARAOOKKK,CNRIZ,CNNSA
OARAOOKKK,CNRIZ,CNNSA
OARAOOKKK,CNRIZ,CNNSA
OARFRGKKK,CNRIZ,CNQHD
OAOKKYKKK,CNRIZ,CNQHD
OARRKCKCK,CNRIZ,CNQHD
OAOFCFKKK,CNRIZ,CNQHD
OARRKCKSK,CNRIZ,CNQHD
OARANKKKK,CNRIZ,CNQIN
OARANKKKK,CNRIZ,CNQIN
OARARSKKK,CNRIZ,CNQIN
OARARSKKK,CNRIZ,CNQIN
OARARSKKK,CNRIZ,CNQIN
OARARSKKK,CNRIZ,CNQIN
OARAGYKKK,CNRIZ,CNQIN
OARAGYKKK,CNRIZ,CNQIN
OARARSKKK,CNRIZ,CNQIN
OARAGYKKK,CNRIZ,CNQIN
OARANKKKK,CNRIZ,CNQIN
OARARSKKK,CNRIZ,CNQIN
OARAGYKKK,CNRIZ,CNQIN
OARARSKKK,CNRIZ,CNQIN
OARARSKKK,CNRIZ,CNQIN
OARARSKKK,CNRIZ,CNQIN
OARANKKKK,CNRIZ,CNQIN
OARARSKKK,CNRIZ,CNQIN
OARANKKKK,CNRIZ,CNQIN
OARAGYKKK,CNRIZ,CNQIN
OARARSKKK,CNRIZ,CNQIN
OARAGYKKK,CNRIZ,CNQIN
OARAGYKKK,CNRIZ,CNQIN
OARANKKKK,CNRIZ,CNQIN
OARANKKKK,CNRIZ,CNQIN
OARANKKKK,CNRIZ,CNQIN
OARAGYKKK,CNRIZ,CNQIN
OARAGYKKK,CNRIZ,CNQIN
OFFFGNYKK,CNRIZ,CNQIN
OARAGYKKK,CNRIZ,CNQIN
OARAGYKKK,CNRIZ,CNQIN
OFFFGNYKK,CNRIZ,CNQIN
OARANKKKK,CNRIZ,CNQIN
OARANKKKK,CNRIZ,CNQIN
OFFGOAGKK,CNRIZ,CNQIN
OACGNSKKK,CNRIZ,CNQIZ
OARAOGKKK,CNRIZ,CNQIZ
OAORNKKKK,CNRIZ,CNQIZ
OACFNKKKK,CNRIZ,CNQIZ
OARFGAKKK,CNRIZ,CNQIZ
OARFGAKKK,CNRIZ,CNQIZ
OAORNKKKK,CNRIZ,CNQIZ
OAORNKKKK,CNRIZ,CNQUA
OAORNKKKK,CNRIZ,CNQUA
OAOROCKKK,CNRIZ,CNQUA
OAORNKKKK,CNRIZ,CNQUA
OAOROCKKK,CNRIZ,CNQUA
OAORNKKKK,CNRIZ,CNQUA
OAORNKKKK,CNRIZ,CNQUA
OAOKFFKKK,CNRIZ,CNSTO
OFFGRFSKK,CNRIZ,CNTAI
OAOFACKKK,CNRIZ,CNTJN
OARAOGKKK,CNRIZ,CNYPG
OARAOAKKK,CNRIZ,CNYPG
OARAOGKKK,CNRIZ,CNYPG
OAOAOGKKK,CNRIZ,CNYZH
OARYRSKKK,CNRIZ,CNZHA
OARASGKKK,CNRIZ,CNZHA
OACACOKKK,CNRIZ,CNZHA
OARASNKKK,CNRIZ,CNZHA
OFFAYCCKK,CNRIZ,CNZOS
OARRRYKKK,CNRIZ,CNZPU
OAOFFRKKK,CNRIZ,CNZPU
NGRKCRGKK,CNRIZ,MYSAM
OFFRSFRKK,CNRIZ,PESNI
OACNROKKK,CNRUG,AUCPN
OARRFGRYK,CNRUG,CNBYQ
OARASYKKK,CNRUG,CNCFD
OAOAOGKKK,CNRUG,CNCFD
OACKRNKKK,CNRUG,CNCJK
OARCGSNFK,CNRUG,CNCJN
OARCGSNFK,CNRUG,CNDAL
OFFAKSCKK,CNRUG,CNDAL
OARCGSNFK,CNRUG,CNDAL
OARCGSNFK,CNRUG,CNDAL
OARCGSNFK,CNRUG,CNDAL
OARCGSNFK,CNRUG,CNDAL
OARCGSNFK,CNRUG,CNDAL
OARCGSNFK,CNRUG,CNDAL
OARCGSNFK,CNRUG,CNFUN
OARCGSNFK,CNRUG,CNFUN
OARCGSNFK,CNRUG,CNFUN
OARASOKKK,CNRUG,CNHUA
OACKSOKKK,CNRUG,CNHUA
OACKROKKK,CNRUG,CNHUA
OACKNGKKK,CNRUG,CNHUA
OAOFORKKK,CNRUG,CNJIT
OACNFKKKK,CNRUG,CNJIT
OARRFGRYK,CNRUG,CNJIT
OACNCRSYK,CNRUG,CNLSN
OFFGSOAKK,CNRUG,CNLYG
OACKRNKKK,CNRUG,CNNBO
OAOFAYKKK,CNRUG,CNPAN
OARKFSKKK,CNRUG,CNQHD
OAOCNSKKK,CNRUG,CNQHD
OAOCNSKKK,CNRUG,CNQHD
OAOFOOKKK,CNRUG,CNQHD
OARCYGKFK,CNRUG,CNQHD
OACGKOKKK,CNRUG,CNQHD
OAROSYYCK,CNRUG,CNQIN
OACKRNKKK,CNRUG,CNSLH
OFFRSFOKK,CNRUG,CNTAX
OFFKARCKK,CNRUG,CNTJN
OARCGCRFK,CNRUG,CNTJN
OACFNAKKK,CNRUG,CNZHE
OAOFOGKKK,CNRUG,CNZOS
OACYNKKKK,CNRUG,CNZOS
OACYNKKKK,CNRUG,CNZOS
OACYNKKKK,CNRUG,CNZOS
OAOFOGKKK,CNRUG,CNZPU
OACOFFFNK,CNSDG,CNCZH
OARCFYGGK,CNSDG,CNDAL
OARCFGKFK,CNSDG,CNDSN
OARCRRGOK,CNSDG,CNHAA
OARCRORYK,CNSDG,CNHAA
OARCRRRSK,CNSDG,CNHAA
OARNCRORK,CNSDG,CNHKO
OARNCCAAK,CNSDG,CNHKO
OFFCNFCKK,CNSDG,CNHUI
OARNCGKGK,CNSDG,CNQIZ
OARNCFGGK,CNSDG,KRULS
OARNCFGGK,CNSDG,SGSGP
OARNCFYSK,CNSDG,SGSGP
OACAAYKKK,CNSHA,BDCTG
OACACKKKK,CNSHA,BDCTG
OACAAYKKK,CNSHA,BDCTG
OFFGRSSKK,CNSHA,CNBYQ
OAROYKOAK,CNSHA,CNCFD
OARCFYGGK,CNSHA,CNDAL
OARCFYGGK,CNSHA,CNDAL
OAOFOGKKK,CNSHA,CNJIN
OAROYOYOK,CNSHA,CNLYG
OAROFSCOK,CNSHA,CNNSA
OACOFSFCK,CNSHA,CNNSA
OAOFRCKKK,CNSHA,CNPAN
OAROFAYFK,CNSHA,CNTJN
OFFRSYCKK,CNSHA,CNTJN
OACACKKKK,CNSHA,CNZHE
OAOFOGKKK,CNSHA,CNZOS
RNCFFRKKK,CNSHA,CNZZU
OFFSANNKK,CNSHA,KRINC
OAROFYYFK,CNSHA,KRKHN
OAROYCONK,CNSHA,KRKHN
RNCFFRKKK,CNSHA,KRULS
OAROYNFGK,CNSHA,TWTCH
RNOFYFKKK,CNSHA,VNHCM
OARRRGKKK,CNSHD,CNBYQ
OAOFNAKKK,CNSHD,CNCFD
OARGYCKKK,CNSHD,CNHUA
OARFRGKKK,CNSHD,CNHUA
OACKNNKKK,CNSHD,CNHYG
OAOANGKKK,CNSHD,CNQHD
OAOCNSKKK,CNSHD,CNQHD
OACGKOKKK,CNSHD,CNQHD
OAROYOFAK,CNSHD,CNTAI
OACACOKKK,CNSHD,CNYAN
RNGFYAKKK,CNSHD,USKAL
OARKFGKKK,CNSHE,CNNBO
OACNNGKKK,CNSHE,CNQHD
OFFOGONKK,CNSHE,CNWGQ
OAORKRKKK,CNSHE,CNXIA
OARKNRKKK,CNSHE,CNYSN
OARKFGKKK,CNSHE,HKHKG
OAOFRGKKK,CNSHE,HKHKG
OARACNKKK,CNSHE,HKHKG
OARACNKKK,CNSHE,HKHKG
OARACNKKK,CNSHE,HKHKG
OARACNKKK,CNSHE,HKHKG
CRNKGSKCY,CNSHE,HKHKG
CRNKGSKCY,CNSHE,HKHKG
CRNKGSKCY,CNSHE,HKHKG
CRNKGSKCY,CNSHE,HKHKG
OFFSRCCKK,CNSHE,HKHKG
CRNKGSKCY,CNSHE,HKHKG
CRNKGSKCY,CNSHE,HKHKG
CRNKGSKRA,CNSHE,HKHKG
CRNKGSKCY,CNSHE,HKHKG
CRNKGSKRA,CNSHE,HKHKG
CRNKGSKRA,CNSHE,HKHKG
OARACNKKK,CNSHE,HKHKG
CRNKGSKRA,CNSHE,HKHKG
CRNKGSKCY,CNSHE,HKHKG
CRNKGSKRA,CNSHE,HKHKG
OAOFRGKKK,CNSHE,HKHKG
OARKFGKKK,CNSHE,HKHKG
OARKFGKKK,CNSHE,HKHKG
OARACNKKK,CNSHE,HKHKG
CRNKGSKRA,CNSHE,HKHKG
OFFRAANKK,CNSHE,IDJAK
OFFRAANKK,CNSHE,IDJAK
OFFRAANKK,CNSHE,IDJAK
OFFRAANKK,CNSHE,IDJAK
OFFRAANKK,CNSHE,IDJAK
OFFRAANKK,CNSHE,IDJAK
CRNKGFYRA,CNSHE,MYPKE
CRNKGFYRA,CNSHE,MYPKE
OARKNOKKK,CNSHE,MYPKE
OARKGNKKK,CNSHE,MYPKE
OFFKFFSKK,CNSHE,SAJED
OARKGNKKK,CNSHE,SAJED
OARKGOKKK,CNSHE,SGSGP
OFFARYYKK,CNSHE,SGSGP
OFFSRCCKK,CNSHE,SGSGP
OFFARYYKK,CNSHE,SGSGP
OFFFNCOKK,CNSHE,SGSGP
OARKGKKKK,CNSHE,SGSGP
OAOFRGKKK,CNSHE,SGSGP
OARKNOKKK,CNSHE,SGSGP
OARKNOKKK,CNSHE,SGSGP
OFFKNFAKK,CNSHE,SGSGP
OFFKNFAKK,CNSHE,SGSGP
OAOFRGKKK,CNSHE,SGSGP
OFFFNCOKK,CNSHE,SGSGP
OARANAKKK,CNSHE,SGSGP
OAORKRKKK,CNSHE,SGSGP
OFFAASGKK,CNSHE,SGSGP
OFFKNFAKK,CNSHE,SGSGP
OFFFNCOKK,CNSHE,SGSGP
OFFKNFAKK,CNSHE,SGSGP
OAOFRGKKK,CNSHE,SGSGP
OFFAASGKK,CNSHE,SGSGP
OFFKNFAKK,CNSHE,SGSGP
OFFFNCOKK,CNSHE,SGSGP
OARKFCKKK,CNSHE,SGSGP
OARKNSKKK,CNSHE,SGSGP
OFFYOFGKK,CNSHE,SGSGP
OARKNSKKK,CNSHE,SGSGP
OFFOGRNKK,CNSHE,SGSGP
OFFYOFGKK,CNSHE,SGSGP
CRNKGFYSF,CNSHE,THLCB
CRNKGSKNA,CNSHE,THLCB
CRNKGSKNA,CNSHE,THLCB
CRNKGFYSF,CNSHE,THLCB
OAORKOKKK,CNSHE,TWKAO
OARAFKKKK,CNSHE,TWKAO
OARAFKKKK,CNSHE,TWKAO
OARAFKKKK,CNSHE,TWKAO
OARAFKKKK,CNSHE,TWKAO
OARAFKKKK,CNSHE,TWKAO
RNCONGKKK,CNSHE,VNHCM
RNCONGKKK,CNSHE,VNHCM
OACRFSFOK,CNSHG,CNHUA
OACAGRKKK,CNSHS,CNGUA
OAROYRNRK,CNSHS,CNTJN
OFFGRSSKK,CNSHS,CNTJN
OAROYCONK,CNSHS,CNTJN
OFFRSFFKK,CNSHS,CNZHA
OARCGANNK,CNSHZ,CNHUI
OARCFYGGK,CNSHZ,CNQIN
OAOFCYKKK,CNSIZ,CNBYQ
OARCSSAAK,CNSIZ,CNBYQ
OAOFKNKKK,CNSIZ,CNBYQ
OAOFCYKKK,CNSIZ,CNBYQ
OAOFKNKKK,CNSIZ,CNDYI
OAOFCKKKK,CNSIZ,CNDYI
OARCYRNNK,CNSIZ,CNDYI
OARCAYKYK,CNSIZ,CNDYI
OARCAYKYK,CNSIZ,CNDYI
OAOFCYKKK,CNSIZ,CNDYI
OAOFCYKKK,CNSIZ,CNDYI
OAOFKNKKK,CNSIZ,CNDYI
OAOFKNKKK,CNSIZ,CNDYI
OAOFKNKKK,CNSIZ,CNDYI
OAOFCYKKK,CNSIZ,CNDYI
OAOFCYKKK,CNSIZ,CNDYI
OARCSFCFK,CNSIZ,CNDYI
OAOFKNKKK,CNSIZ,CNDYI
OARCAYKYK,CNSIZ,CNHUA
OAOFKNKKK,CNSIZ,CNHUA
OAOFKNKKK,CNSIZ,CNHUA
OARCAYKYK,CNSIZ,CNHUA
OARCAYKYK,CNSIZ,CNHUA
OARCYRNNK,CNSIZ,CNHUA
OARCAYKYK,CNSIZ,CNHUA
OARCYRNNK,CNSIZ,CNHUA
OARCSFCFK,CNSIZ,CNHUA
OARCYRNNK,CNSIZ,CNHUA
OARCYRNNK,CNSIZ,CNHUA
OAOFKNKKK,CNSIZ,CNHUA
OAOFKNKKK,CNSIZ,CNHUA
OARCGAYNK,CNSIZ,CNHUA
OAOFCYKKK,CNSIZ,CNHUA
OARCGAROK,CNSIZ,CNHUA
OAOFCYKKK,CNSIZ,CNHUA
OARCAYKYK,CNSIZ,CNHUA
OARCAYKYK,CNSIZ,CNHUA
OARCSSAAK,CNSIZ,CNHUA
OARCGARFK,CNSIZ,CNHUA
OARCGARFK,CNSIZ,CNHUA
OARCYRNNK,CNSIZ,CNHUA
OARCSFCFK,CNSIZ,CNHUA
OARCGARFK,CNSIZ,CNHUA
OARCGARFK,CNSIZ,CNHUA
OAOFKNKKK,CNSIZ,CNHUA
OARCGAYNK,CNSIZ,CNHUA
OARCGARFK,CNSIZ,CNHUA
OARCAYKYK,CNSIZ,CNHUA
OARCSFCFK,CNSIZ,CNHUA
OARCAYKYK,CNSIZ,CNHUA
OAOFKNKKK,CNSIZ,CNHUA
OAOFKNKKK,CNSIZ,CNHUA
OARCAYKYK,CNSIZ,CNHUA
OARCYRNNK,CNSIZ,CNHUA
OAOFKNKKK,CNSIZ,CNHUA
OAOFKNKKK,CNSIZ,CNHUA
OAOFKNKKK,CNSIZ,CNHUA
OARCAYKYK,CNSIZ,CNHUA
OARCAYKYK,CNSIZ,CNHUA
OARRKCNCK,CNSIZ,CNJIT
OARCYRCOK,CNSIZ,CNNBO
OARCSFCFK,CNSIZ,CNNBO
OAOFCKKKK,CNSIZ,CNNBO
OAOFCKKKK,CNSIZ,CNTAZ
OAOFCKKKK,CNSIZ,CNTAZ
OAOFCKKKK,CNSIZ,CNTAZ
OAOFCKKKK,CNSIZ,CNTAZ
OAOFCKKKK,CNSIZ,CNTAZ
OAOFCKKKK,CNSIZ,CNTAZ
OAOFCKKKK,CNSIZ,CNTAZ
OAOFCKKKK,CNSIZ,CNTAZ
OAOFCKKKK,CNSIZ,CNTAZ
OARCGANNK,CNSIZ,CNTJN
OARCYRNNK,CNSIZ,CNWEF
OAOFCKKKK,CNSIZ,CNZHA
OAOFCYKKK,CNSIZ,CNZHA
OARSCFKKK,CNSLH,AUPHE
OARASOKKK,CNSLH,CNCHZ
OAOAGSKKK,CNSLH,CNCHZ
OARKFSKKK,CNSLH,CNCHZ
OAOAGSKKK,CNSLH,CNCJK
OAOAGSKKK,CNSLH,CNCJK
OACKRNKKK,CNSLH,CNCJK
OACKRNKKK,CNSLH,CNCJK
OFFAAONKK,CNSLH,CNDAF
NGRKGFGKK,CNSLH,CNDJK
OARAYNKKK,CNSLH,CNJIJ
OAOAGSKKK,CNSLH,CNJIJ
OAOAGSKKK,CNSLH,CNJIJ
OARASGKKK,CNSLH,CNJIJ
OAOAGSKKK,CNSLH,CNJIJ
OACRNRKKK,CNSLH,CNJIJ
OAOFSYKKK,CNSLH,CNLSN
OARCYOSNK,CNSLH,CNNBO
OAOFCYKKK,CNSLH,CNNBO
OAOAGSKKK,CNSLH,CNNJG
OAOAGSKKK,CNSLH,CNNJG
OACRNRKKK,CNSLH,CNNJG
OAOFNKKKK,CNSLH,CNNJG
OAOFNKKKK,CNSLH,CNNJG
OACRNRKKK,CNSLH,CNNJG
OAOAGSKKK,CNSLH,CNNJG
OAOAGSKKK,CNSLH,CNNJG
OARASOKKK,CNSLH,CNNJG
OAOAGSKKK,CNSLH,CNNJG
OAOFNKKKK,CNSLH,CNNJG
OACKRNKKK,CNSLH,CNTAX
OAOAGSKKK,CNSLH,CNTAZ
OARASCKKK,CNSLH,CNTJN
OAOAGSKKK,CNSLH,CNZHE
OFFOOACKK,CNSLH,CNZJG
OACKRNKKK,CNSLH,CNZJG
OACKRNKKK,CNSLH,CNZJG
OACKRNKKK,CNSLH,CNZJG
OACKRNKKK,CNSLH,CNZJG
OARSCSKKK,CNSLH,CNZJG
OFFOOACKK,CNSLH,CNZJG
OACNROKKK,CNSTO,AUCPN
OARNCKCNK,CNSTO,CNFOS
RNRCOAKKK,CNSTO,CNSHE
RNRCOAKKK,CNSTO,CNSHE
OARRKCKYK,CNSTO,CNXIA
OFFFNYGKK,CNSTO,CNZOS
OFFFGOSKK,CNSTO,CNZOS
OAOFKRKKK,CNSTO,IDKLR
OAOKFFKKK,CNSTO,IDSAM
OAOKFFKKK,CNSTO,IDSAM
OAOKFFKKK,CNSTO,IDTBR
OFFSNACKK,CNSTO,IDTBR
OFFFGOSKK,CNSTO,TWKAO
OFFKNKYKK,CNSWE,AUGER
OAOFCOKKK,CNSWE,AUGER
OARAAYKKK,CNSWE,CNCFD
OARAAYKKK,CNSWE,CNCFD
OARAAYKKK,CNSWE,CNCFD
OARAYCKKK,CNSWE,CNHPU
OARAAYKKK,CNSWE,CNHPU
OACFNAKKK,CNSWE,CNHUA
OARAAAKKK,CNSWE,CNHUA
OAOFRRKKK,CNSWE,CNJIN
OAOFCOKKK,CNSWE,CNJIT
OAOAACKKK,CNSWE,CNQHD
OARAYGKKK,CNSWE,CNQHD
OACOFRKAK,CNSWE,CNQHD
OARAAYKKK,CNSWE,CNTJN
OAOANCKKK,CNSWE,IDBNI
OAOFCOKKK,CNSWE,IDBNI
OAOANCKKK,CNSWE,IDBNI
OARAYSKKK,CNSWE,IDSAM
OACKRCKKK,CNSWE,IDSAM
OAOKFFKKK,CNSWE,IDTAB
OAOFRRKKK,CNSWE,IDTAB
OARRKAKKK,CNSWE,IDTAB
OAOFNNKKK,CNSWE,IDTAI
OARAYCKKK,CNSWE,IDTMH
OARNCOKAK,CNSYA,CNHAA
OARNCGCRK,CNSYA,CNHAA
OARNCGCRK,CNSYA,CNHKO
OACCRFKKK,CNSYA,CNHPU
OARNCGCRK,CNSYA,CNZOS
OFFGNCYKK,CNTAI,AUDPR
OFFGRFSKK,CNTAI,AUESP
OFFKCRAKK,CNTAI,AUESP
OARSCSKKK,CNTAI,AUPHE
OFFKCRAKK,CNTAI,AUPHE
OFFRNANKK,CNTAI,AUPHE
OFFFKSSKK,CNTAI,AUPHE
OARNORKKK,CNTAI,AUPWA
OFFGRGAKK,CNTAI,AUPWA
OAOFSKKKK,CNTAI,CNCFD
OARRKCKYK,CNTAI,CNCFD
OARCGAYNK,CNTAI,CNCFD
OAOFFOKKK,CNTAI,CNCFD
OARCNYFSK,CNTAI,CNCFD
OAOAFYKKK,CNTAI,CNCFD
OARACYKKK,CNTAI,CNCFD
OAOFFOKKK,CNTAI,CNCFD
OAOFAGKKK,CNTAI,CNCFD
OARAYYKKK,CNTAI,CNCFD
OARYNGKKK,CNTAI,CNCFD
OARRRGKKK,CNTAI,CNCFD
OARCGANSK,CNTAI,CNCFD
OARSYRKKK,CNTAI,CNCFD
OARRRYKKK,CNTAI,CNCFD
OAOCNSKKK,CNTAI,CNCFD
OACRKCSOK,CNTAI,CNCFD
OARRRYKKK,CNTAI,CNCFD
OARRKCNAK,CNTAI,CNCFD
OACRKCSOK,CNTAI,CNCFD
OACRKCSOK,CNTAI,CNCFD
OARYNGKKK,CNTAI,CNCFD
OAOFSRKKK,CNTAI,CNCJK
OARFRGKKK,CNTAI,CNCJK
OAOKFFKKK,CNTAI,CNCJK
OARFRGKKK,CNTAI,CNCJK
OARRKCKYK,CNTAI,CNCJK
OARFRGKKK,CNTAI,CNCJK
OARSYKKKK,CNTAI,CNCJK
OAOKFGKKK,CNTAI,CNCJK
OARFRGKKK,CNTAI,CNCJK
OACRKCSOK,CNTAI,CNCJK
OACNGFKKK,CNTAI,CNDAL
OARCGSNFK,CNTAI,CNDAL
OAROFAYNK,CNTAI,CNDAL
OARCGSNFK,CNTAI,CNFUN
OARCGARNK,CNTAI,CNHUA
OARCGAYNK,CNTAI,CNHUA
OARCGAYNK,CNTAI,CNHUA
OARCGANRK,CNTAI,CNHUA
OAOFSRKKK,CNTAI,CNHUA
OAOFAGKKK,CNTAI,CNHUA
OARCGANSK,CNTAI,CNHUA
OAOFFOKKK,CNTAI,CNHUA
OARCGARFK,CNTAI,CNHUA
OARCGARNK,CNTAI,CNHUA
OARCGANSK,CNTAI,CNHUA
OARYFYKKK,CNTAI,CNHUA
OARYFYKKK,CNTAI,CNHUA
OARCGAROK,CNTAI,CNHUA
OARCGARFK,CNTAI,CNHUA
OARCGAYNK,CNTAI,CNHUA
OARFRGKKK,CNTAI,CNHUA
OARCGANOK,CNTAI,CNHUA
OARCGAYNK,CNTAI,CNHUA
OARFRGKKK,CNTAI,CNHUA
OARFRGKKK,CNTAI,CNHUA
OAOCNSKKK,CNTAI,CNHUA
OAOCNSKKK,CNTAI,CNHUA
OARRRYKKK,CNTAI,CNHUA
OARRRYKKK,CNTAI,CNHUA
OARCGANSK,CNTAI,CNHUA
OAOFOOKKK,CNTAI,CNHUA
OARSRFKKK,CNTAI,CNHUA
OAOFNKKKK,CNTAI,CNHUA
OAOFSCKKK,CNTAI,CNHUA
OACRYSKKK,CNTAI,CNHUM
OARKNYKKK,CNTAI,CNJIN
OAOKFGKKK,CNTAI,CNJIT
OAOFORKKK,CNTAI,CNJIT
OAOKFGKKK,CNTAI,CNJIT
OAOAGGKKK,CNTAI,CNJIT
OARKKRKKK,CNTAI,CNJIT
OACACOKKK,CNTAI,CNJIT
OAOFSRKKK,CNTAI,CNJIT
OARSYKKKK,CNTAI,CNJIT
OAOFFYKKK,CNTAI,CNJIT
OAOAGGKKK,CNTAI,CNJIT
OARFRGKKK,CNTAI,CNQHD
OARRRFKKK,CNTAI,CNQHD
OARASYKKK,CNTAI,CNQHD
OAOFORKKK,CNTAI,CNQHD
OARRRYKKK,CNTAI,CNQHD
OARYNGKKK,CNTAI,CNQHD
OAOARYKKK,CNTAI,CNQHD
OARSYRKKK,CNTAI,CNQHD
OAOFFOKKK,CNTAI,CNQHD
OAOARYKKK,CNTAI,CNQHD
OFFRSFFKK,CNTAI,CNQIN
OAROYOFAK,CNTAI,CNQIN
OARRRYKKK,CNTAI,CNRIZ
OAOKFFKKK,CNTAI,CNRIZ
OACFOCKKK,CNTAI,CNRIZ
OARRRYKKK,CNTAI,CNRIZ
OARFRGKKK,CNTAI,CNTJN
OAOFARKKK,CNTAI,CNTJN
OAROYASRK,CNTAI,CNTJN
OAROYASRK,CNTAI,CNTJN
OARCGAOFK,CNTAI,CNTJN
OARCGANOK,CNTAI,CNTJN
OARYNGKKK,CNTAI,CNTJN
OFFGRSSKK,CNTAI,CNTJN
OARCGAROK,CNTAI,CNTJN
OFFGOAYKK,CNTAI,CNWEI
OARAOOKKK,CNTAI,CNYSN
OARKGRKKK,CNTAI,CNYSN
OARYGGKKK,CNTAI,CNYSN
OARCAYGAK,CNTAI,IDBNI
OARRKCKKK,CNTAI,IDBNI
OAOFFAKKK,CNTAI,IDKLR
OAOFKRKKK,CNTAI,IDKLR
OARSYGKKK,CNTAI,IDSAM
OAOKFYKKK,CNTAI,RUVLD
OFFSANRKK,CNTAI,SIKOP
OFFGOAYKK,CNTAI,VNHCM
GRGKAYRNC,CNTAI,VNHCM
OAROYASRK,CNTAI,VNHCM
OACOFFFOK,CNTAX,CNBAS
OACOFFFOK,CNTAX,CNBAS
OACNGFKKK,CNTAX,CNCFD
OARCGAYNK,CNTAX,CNCFD
OARASGKKK,CNTAX,CNCFD
OARCFNYRK,CNTAX,CNCJN
OARCGAROK,CNTAX,CNHUA
OACFNAKKK,CNTAX,CNHUA
OARAYYKKK,CNTAX,CNHUA
OACFNAKKK,CNTAX,CNHUA
OARACYKKK,CNTAX,CNHUA
OAOFCGKKK,CNTAX,CNHUA
OACOFFFOK,CNTAX,CNHUI
OARAYAKKK,CNTAX,CNJIT
OACKRNKKK,CNTAX,CNMJS
OACOFFFOK,CNTAX,CNNBO
OACOFGOCK,CNTAX,CNNBO
OACOFGOCK,CNTAX,CNNBO
OACKRNKKK,CNTAX,CNNBO
OACOFFFOK,CNTAX,CNNBO
OACOFFFOK,CNTAX,CNNBO
OACOFGOCK,CNTAX,CNNJG
OACOFGOCK,CNTAX,CNNJG
OAOARYKKK,CNTAX,CNQHD
OACRNRKKK,CNTAX,CNQHD
OAOFSRKKK,CNTAX,CNQHD
OARAYOKKK,CNTAX,CNQHD
OAOFNRKKK,CNTAX,CNQHD
OAOFORKKK,CNTAX,CNTJN
OARCFNYRK,CNTAX,CNWEF
OACOFGOCK,CNTAX,CNZOS
OACOFGOCK,CNTAX,CNZOS
OACOFFFOK,CNTAX,CNZOS
OACOFGOCK,CNTAX,KRDAN
OACOFFFOK,CNTAX,KRDAN
OACOFRKKK,CNTAZ,CN1087
OACOFRKKK,CNTAZ,CN2032
OAOFCKKKK,CNTAZ,CN9873
OAOFCKKKK,CNTAZ,CN9873
OAOFCKKKK,CNTAZ,CNBHI
OAOFCKKKK,CNTAZ,CNBHI
OARCRSANK,CNTAZ,CNCFD
OAOFSOKKK,CNTAZ,CNDAL
OAOFSOKKK,CNTAZ,CNHPU
OAOFFNKKK,CNTAZ,CNHUA
OAOFFFKKK,CNTAZ,CNHUA
OACNGFKKK,CNTAZ,CNJIT
OAOAGSKKK,CNTAZ,CNNBO
OAOFCKKKK,CNTAZ,CNNBO
OARANOKKK,CNTAZ,CNNBO
OAOFCGKKK,CNTAZ,CNQHD
OAOFCRKKK,CNTAZ,CNRIZ
OAOFCKKKK,CNTAZ,CNSIZ
OAOFCKKKK,CNTAZ,CNSIZ
OAOFCKKKK,CNTAZ,CNSIZ
OAOFCKKKK,CNTAZ,CNYSN
OACOFRKKK,CNTAZ,CNYSN
OACOFRKKK,CNTAZ,CNZHA
OARAGCKKK,CNTAZ,CNZOS
OAOFFGKKK,CNTAZ,IDSAM
OARCRRGNK,CNTES,CNHAA
OACAOYKKK,CNTES,CNHUA
OAOCNSKKK,CNTES,CNQIZ
OARRRKKKK,CNTES,VNCAM
OARRKCKSK,CNTES,VNCAM
RFAAACKKK,CNTJN,AUAPT
OFFRNANKK,CNTJN,AUAPT
OFFGGNFKK,CNTJN,AUDPR
OFFGGNAKK,CNTJN,AUDPR
OFFNNCGKK,CNTJN,AUGER
OFFGYGFKK,CNTJN,AUHAY
OFFCYROKK,CNTJN,AUNTL
OARNORKKK,CNTJN,AUPHE
OFFGYGFKK,CNTJN,AUPHE
OFFGNNOKK,CNTJN,AUPHE
OARSCSKKK,CNTJN,AUPHE
OFFAKRAKK,CNTJN,AUPHE
OFFFAFAKK,CNTJN,AUPHE
OFFAKRAKK,CNTJN,AUPHE
OFFRNANKK,CNTJN,AUPHE
OARNORKKK,CNTJN,AUPHE
OFFFAFAKK,CNTJN,AUPHE
OFFNNKRKK,CNTJN,AUPHE
OFFFFGNKK,CNTJN,AUPHE
OFFNNKRKK,CNTJN,AUPHE
OFFNNKRKK,CNTJN,AUPHE
OFFNNKRKK,CNTJN,AUPHE
OFFGGOCKK,CNTJN,AUPWA
RNOYKSKKK,CNTJN,AUPWA
OFFGGNFKK,CNTJN,AUPWA
OAOFSOKKK,CNTJN,CN1087
OAOFSYKKK,CNTJN,CN9862
OAOFSOKKK,CNTJN,CN9862
OARANGKKK,CNTJN,CN9862
RNCGRNKKK,CNTJN,CNBAO
OAOAYYKKK,CNTJN,CNBAO
OARRCOKKK,CNTJN,CNBAO
OARFRGKKK,CNTJN,CNBAO
OAOFCAKKK,CNTJN,CNBYQ
OACFOGKKK,CNTJN,CNBYQ
NGRKCRGKK,CNTJN,CNBYQ
OAOFSGKKK,CNTJN,CNBYQ
OFFKARRKK,CNTJN,CNBYQ
NGNAKKKKK,CNTJN,CNBYQ
OARANSKKK,CNTJN,CNBYQ
OARANSKKK,CNTJN,CNBYQ
OAOFGKKKK,CNTJN,CNBYQ
OARAGCKKK,CNTJN,CNBYQ
OAOFCAKKK,CNTJN,CNBYQ
OAROCOKKK,CNTJN,CNCFD
OACNFKKKK,CNTJN,CNCFD
OAOFOCKKK,CNTJN,CNCFD
OACACOKKK,CNTJN,CNCFD
OAONSSKKK,CNTJN,CNCHS
OACGNOKKK,CNTJN,CNCHS
OACRYSKKK,CNTJN,CNCHS
OARCGCRFK,CNTJN,CNCHZ
OACNRRKKK,CNTJN,CNCJK
OAROFAYNK,CNTJN,CNCJK
OACOFRKAK,CNTJN,CNCJK
OARCGANOK,CNTJN,CNCJK
OAOFOOKKK,CNTJN,CNCJK
OARAYAKKK,CNTJN,CNCJK
OFFRSFFKK,CNTJN,CNDAF
OFFARYAKK,CNTJN,CNDAL
OFFAGGNKK,CNTJN,CNDAL
OFFASRSKK,CNTJN,CNDAL
OFFANFOKK,CNTJN,CNDAL
OARAOSKKK,CNTJN,CNDAL
OARKFFKKK,CNTJN,CNDAL
OARARCKKK,CNTJN,CNDAL
OFFRKCYKK,CNTJN,CNDAL
OFFYOFGKK,CNTJN,CNDAL
OFFKFFFKK,CNTJN,CNDAL
OAROYNFGK,CNTJN,CNDAL
CRNKGSKNA,CNTJN,CNDAL
OARKGNKKK,CNTJN,CNDAL
OFFANOFKK,CNTJN,CNDAL
OFFANFOKK,CNTJN,CNDAL
OFFRKCYKK,CNTJN,CNDAL
OFFAYOAKK,CNTJN,CNDAL
OFFKFFFKK,CNTJN,CNDAL
OARYNGKKK,CNTJN,CNDAL
OFFKFFFKK,CNTJN,CNDAL
OFFSRCCKK,CNTJN,CNDAL
OFFRAAGKK,CNTJN,CNDAL
OFFAGGNKK,CNTJN,CNDAL
OARARCKKK,CNTJN,CNDAL
OFFAGSYKK,CNTJN,CNDAL
OARARCKKK,CNTJN,CNDAL
OFFGYSGKK,CNTJN,CNDAL
OFFAFCFKK,CNTJN,CNDAL
OFFYCNOKK,CNTJN,CNDAL
OFFGYSGKK,CNTJN,CNDAL
OFFAFCFKK,CNTJN,CNDAL
OFFKFFFKK,CNTJN,CNDAL
OARARCKKK,CNTJN,CNDAL
OFFKFFFKK,CNTJN,CNDAL
OFFANFSKK,CNTJN,CNDAL
OFFAYOOKK,CNTJN,CNDAL
CRNKGSKNA,CNTJN,CNDAL
OFFKFFFKK,CNTJN,CNDAL
OFFYKCGKK,CNTJN,CNDAL
OFFFACOKK,CNTJN,CNDAL
OARARCKKK,CNTJN,CNDAL
CRNKGSKNA,CNTJN,CNDAL
OFFRAAGKK,CNTJN,CNDAL
OFFANFSKK,CNTJN,CNDAL
OAOFGKKKK,CNTJN,CNDAL
OFFAYOAKK,CNTJN,CNDAL
OAROFAYNK,CNTJN,CNDAL
OFFYOFGKK,CNTJN,CNDAL
CRNKGFYSF,CNTJN,CNDAL
CRNKGSKNA,CNTJN,CNDAL
OFFANFSKK,CNTJN,CNDAL
OFFYOFGKK,CNTJN,CNDAL
OFFYOFGKK,CNTJN,CNDAL
OFFANFOKK,CNTJN,CNDAL
OFFCARFKK,CNTJN,CNDAL
CRNKGFYSF,CNTJN,CNDAL
OFFASRSKK,CNTJN,CNDAL
CRNKGFYSF,CNTJN,CNDAL
OARAOSKKK,CNTJN,CNDAL
OFFASRSKK,CNTJN,CNDAL
OFFAOSSKK,CNTJN,CNDAL
OFFARYYKK,CNTJN,CNDAL
CRNKGSKNA,CNTJN,CNDAL
OARAOSKKK,CNTJN,CNDAL
OFFAYOAKK,CNTJN,CNDAL
CRNKGFYSF,CNTJN,CNDAL
OFFYOFGKK,CNTJN,CNDAL
OAOFNSKKK,CNTJN,CNDAL
OFFRAYRKK,CNTJN,CNDAL
OACACAKKK,CNTJN,CNDAL
OARARCKKK,CNTJN,CNDAL
OARANGKKK,CNTJN,CNDAL
OARKFRKKK,CNTJN,CNDAL
CRNKGFYSF,CNTJN,CNDAL
OFFRAAGKK,CNTJN,CNDAL
CRNKGSKNA,CNTJN,CNDAL
OFFAGGNKK,CNTJN,CNDAL
CRNKGFYSF,CNTJN,CNDAL
OFFANOFKK,CNTJN,CNDAL
OFFRAYRKK,CNTJN,CNDAL
CRNKGFYSF,CNTJN,CNDAL
OFFRAYRKK,CNTJN,CNDAL
OFFAGGNKK,CNTJN,CNDAL
OFFANOFKK,CNTJN,CNDAL
CRNKGSKNA,CNTJN,CNDAL
OFFANOFKK,CNTJN,CNDAL
OARYGGKKK,CNTJN,CNDCB
OARFGAKKK,CNTJN,CNDCB
OAORCSKKK,CNTJN,CNDCB
OAORCSKKK,CNTJN,CNDCB
OACFNKKKK,CNTJN,CNDCB
OARAOOKKK,CNTJN,CNDCB
OAORONKKK,CNTJN,CNDCB
OACCGKKKK,CNTJN,CNDCB
OACGNSKKK,CNTJN,CNDCB
OAORCSKKK,CNTJN,CNDCB
OACGNSKKK,CNTJN,CNDCB
OARYGGKKK,CNTJN,CNDCB
NGRKCRGKK,CNTJN,CNDDG
OARCSSAAK,CNTJN,CNDYI
OARANCKKK,CNTJN,CNDYI
OAORCSKKK,CNTJN,CNFUN
OAORCSKKK,CNTJN,CNFUN
OAORONKKK,CNTJN,CNFUN
OAORONKKK,CNTJN,CNFUN
OACGNSKKK,CNTJN,CNFUN
OAORONKKK,CNTJN,CNFUN
OAORCSKKK,CNTJN,CNFUN
OAORCSKKK,CNTJN,CNFUN
OAOFKKKKK,CNTJN,CNFUN
OACGKOKKK,CNTJN,CNFUN
OACGNSKKK,CNTJN,CNFUN
OACGNSKKK,CNTJN,CNFUN
OAORCSKKK,CNTJN,CNFUN
OACGNSKKK,CNTJN,CNFUN
OAORONKKK,CNTJN,CNFUN
OAORONKKK,CNTJN,CNFUN
OACGNSKKK,CNTJN,CNFUN
OAORCSKKK,CNTJN,CNFUN
OAORONKKK,CNTJN,CNFUN
OAORONKKK,CNTJN,CNFUN
OAORONKKK,CNTJN,CNFUN
OAORCSKKK,CNTJN,CNFUN
OAORCSKKK,CNTJN,CNFUN
OAORCSKKK,CNTJN,CNFUN
OACGNSKKK,CNTJN,CNFUN
OAORONKKK,CNTJN,CNFUN
OACKNGKKK,CNTJN,CNGLA
OACKNGKKK,CNTJN,CNGLA
OAOCGKKKK,CNTJN,CNGUA
OAOCGKKKK,CNTJN,CNGUA
OAOCFGKKK,CNTJN,CNGUA
OACAGRKKK,CNTJN,CNGUA
OAOCFGKKK,CNTJN,CNGUA
OAOCGKKKK,CNTJN,CNGUA
OAOCGKKKK,CNTJN,CNGUA
OAOCFGKKK,CNTJN,CNGUA
OAOCFGKKK,CNTJN,CNGUA
OAOCGKKKK,CNTJN,CNGUA
OAOCFGKKK,CNTJN,CNGUA
OAOCFGKKK,CNTJN,CNGUA
OAOCGKKKK,CNTJN,CNGUA
OAOCGKKKK,CNTJN,CNGUA
OAOCFGKKK,CNTJN,CNGUA
OAOCGKKKK,CNTJN,CNGUA
OAOCGKKKK,CNTJN,CNGUA
OARAANKKK,CNTJN,CNGUA
OAOCFGKKK,CNTJN,CNGUA
OAOCFGKKK,CNTJN,CNGUA
OAOCFGKKK,CNTJN,CNGUA
OAOCGKKKK,CNTJN,CNGUA
OAOCFGKKK,CNTJN,CNGUA
OAOCFGKKK,CNTJN,CNGUA
OAOCGKKKK,CNTJN,CNGUA
OAOCGKKKK,CNTJN,CNGUA
OARSYGKKK,CNTJN,CNHPU
OAROYKOAK,CNTJN,CNHPU
OARNFYKKK,CNTJN,CNHPU
OFFYCNGKK,CNTJN,CNHUA
OAOFNSKKK,CNTJN,CNHUA
OFFYCNGKK,CNTJN,CNHUA
OARCGANOK,CNTJN,CNHUI
OARCGAOFK,CNTJN,CNHUI
OARCGANFK,CNTJN,CNHUI
OARCGAROK,CNTJN,CNHUI
OARCGANNK,CNTJN,CNHUI
OARCGANSK,CNTJN,CNHUI
OARCGANRK,CNTJN,CNHUI
OFFAKKAKK,CNTJN,CNHUI
OARCGAOFK,CNTJN,CNHUI
OAROFAYFK,CNTJN,CNHUM
OARCGCNSK,CNTJN,CNJIJ
OARCGCNSK,CNTJN,CNJIJ
OACGNSKKK,CNTJN,CNJIN
OACGNSKKK,CNTJN,CNJIN
OACGNSKKK,CNTJN,CNJIN
OACFNKKKK,CNTJN,CNJIN
OACGNSKKK,CNTJN,CNJIN
OAOFSOKKK,CNTJN,CNJIT
OARAOOKKK,CNTJN,CNJIT
OACGNSKKK,CNTJN,CNJIT
OACFNKKKK,CNTJN,CNJIT
OACFNKKKK,CNTJN,CNJIT
OAOFARKKK,CNTJN,CNJIT
OAORONKKK,CNTJN,CNJIT
OARFGAKKK,CNTJN,CNJIT
OAOFGKKKK,CNTJN,CNJIT
OARYGGKKK,CNTJN,CNJIT
OARYGGKKK,CNTJN,CNJIT
OARFGAKKK,CNTJN,CNJIT
OAORCSKKK,CNTJN,CNJIT
OARCAYKYK,CNTJN,CNLAZ
OARCGAOFK,CNTJN,CNLKU
OARAFFKKK,CNTJN,CNLSN
OAOFFGKKK,CNTJN,CNLVS
OAROFYAAK,CNTJN,CNLVS
OFFYOFFKK,CNTJN,CNLYG
OACFNKKKK,CNTJN,CNLYG
OFFYOFFKK,CNTJN,CNLYG
OARYGGKKK,CNTJN,CNLYG
OAOFNSKKK,CNTJN,CNLYG
OARYGGKKK,CNTJN,CNLYG
OARCGCRFK,CNTJN,CNLYG
OARYGGKKK,CNTJN,CNLYG
OACFNKKKK,CNTJN,CNLYG
OARFGAKKK,CNTJN,CNLYG
RFCFCFKKK,CNTJN,CNLYG
OARFGAKKK,CNTJN,CNLYG
OFFYOFFKK,CNTJN,CNLYG
OFFYOFFKK,CNTJN,CNLYG
OAOFARKKK,CNTJN,CNLYG
OACFNKKKK,CNTJN,CNLYG
OARAAYKKK,CNTJN,CNMEZ
OARAYNKKK,CNTJN,CNMEZ
OAOCFGKKK,CNTJN,CNNBO
OAOCGKKKK,CNTJN,CNNBO
OAOFCAKKK,CNTJN,CNNBO
OAOCFGKKK,CNTJN,CNNBO
OAOCFGKKK,CNTJN,CNNBO
OAOCFGKKK,CNTJN,CNNBO
OAOCFGKKK,CNTJN,CNNBO
OAOCFGKKK,CNTJN,CNNBO
OAOCFGKKK,CNTJN,CNNBO
OAOFARKKK,CNTJN,CNNBO
OAOCGKKKK,CNTJN,CNNBO
OAOCGKKKK,CNTJN,CNNBO
OARFGAKKK,CNTJN,CNNBO
OAOCGKKKK,CNTJN,CNNBO
OAOCGKKKK,CNTJN,CNNBO
OAOCGKKKK,CNTJN,CNNBO
OACGKOKKK,CNTJN,CNNBO
OAOCGKKKK,CNTJN,CNNBO
OAOCGKKKK,CNTJN,CNNBO
OAOCFGKKK,CNTJN,CNNBO
OAOCGKKKK,CNTJN,CNNBO
OAOCGKKKK,CNTJN,CNNBO
OAOCGKKKK,CNTJN,CNNBO
OAOCFGKKK,CNTJN,CNNBO
OAOCFGKKK,CNTJN,CNNBO
OARCRAFAK,CNTJN,CNNBO
OAOCFGKKK,CNTJN,CNNBO
OAOCFGKKK,CNTJN,CNNBO
OAOCFGKKK,CNTJN,CNNBO
OARCGANNK,CNTJN,CNNJG
OAOFCGKKK,CNTJN,CNNJG
OARCGANGK,CNTJN,CNNJG
OARCGCRFK,CNTJN,CNNJG
OAOFCGKKK,CNTJN,CNNJG
OARCGCRFK,CNTJN,CNNJG
OAOFSRKKK,CNTJN,CNNJG
OAOFSKKKK,CNTJN,CNNJG
OARCGANOK,CNTJN,CNNJG
OAOFCGKKK,CNTJN,CNNJG
OAOFORKKK,CNTJN,CNNJG
OARYNGKKK,CNTJN,CNNJG
OARCGCRFK,CNTJN,CNNJG
OARCGANGK,CNTJN,CNNJG
OARCGCRFK,CNTJN,CNNJG
OARCGCRFK,CNTJN,CNNJG
OAOFNCKKK,CNTJN,CNNSA
OAOFGKKKK,CNTJN,CNNSA
OAOFGKKKK,CNTJN,CNNSA
OAOFNCKKK,CNTJN,CNNSA
OARKNYKKK,CNTJN,CNNSA
OAOFGKKKK,CNTJN,CNNSA
OAORNKKKK,CNTJN,CNNSA
OAORNKKKK,CNTJN,CNNSA
OAOFGKKKK,CNTJN,CNNSA
OAORNKKKK,CNTJN,CNNSA
OAOFCAKKK,CNTJN,CNNSA
OAORONKKK,CNTJN,CNNSA
OARKNYKKK,CNTJN,CNNSA
OAOFGKKKK,CNTJN,CNNSA
OAOFGKKKK,CNTJN,CNNSA
OAORNKKKK,CNTJN,CNNSA
OAOFGKKKK,CNTJN,CNNSA
OAOFNCKKK,CNTJN,CNNSA
OARKNYKKK,CNTJN,CNNSA
OAOFNCKKK,CNTJN,CNNSA
OAOFNCKKK,CNTJN,CNNSA
OARAOAKKK,CNTJN,CNNSA
OARAOAKKK,CNTJN,CNNSA
OARAOAKKK,CNTJN,CNNSA
OARAOAKKK,CNTJN,CNNSA
OARAOAKKK,CNTJN,CNNSA
OAOFGKKKK,CNTJN,CNNSA
OAORNKKKK,CNTJN,CNNSA
OAOFNCKKK,CNTJN,CNNSA
OAOFKKKKK,CNTJN,CNNSA
OAOFKKKKK,CNTJN,CNNSA
OAOFKKKKK,CNTJN,CNNSA
OAOFKKKKK,CNTJN,CNNSA
OAOFKKKKK,CNTJN,CNNSA
OAOFKKKKK,CNTJN,CNNSA
OAOFKKKKK,CNTJN,CNNSA
OAOFKKKKK,CNTJN,CNNSA
OAOFKKKKK,CNTJN,CNNSA
OAOFKKKKK,CNTJN,CNNSA
OAOFNCKKK,CNTJN,CNNSA
OAOFKKKKK,CNTJN,CNNSA
OAOFKKKKK,CNTJN,CNNSA
OAOFKKKKK,CNTJN,CNNSA
OAOFKKKKK,CNTJN,CNNSA
OAOFKKKKK,CNTJN,CNNSA
OAORNKKKK,CNTJN,CNNSA
OAOFKKKKK,CNTJN,CNNSA
OAOFKKKKK,CNTJN,CNNSA
OAOFKKKKK,CNTJN,CNNSA
OAOFKKKKK,CNTJN,CNNSA
OAOFKKKKK,CNTJN,CNNSA
OAORNKKKK,CNTJN,CNNSA
OAOFNSKKK,CNTJN,CNNSA
OARYGGKKK,CNTJN,CNNSA
OARYGGKKK,CNTJN,CNNSA
OAOFRGKKK,CNTJN,CNNSA
OAOFNSKKK,CNTJN,CNNSA
OAOFRGKKK,CNTJN,CNNSA
OAOFNSKKK,CNTJN,CNNSA
OAOFNCKKK,CNTJN,CNNSA
OAOFAOKKK,CNTJN,CNNSA
OAOFNSKKK,CNTJN,CNNSA
OAORNKKKK,CNTJN,CNNSA
OARYGGKKK,CNTJN,CNNSA
OAOFNCKKK,CNTJN,CNNSA
OAOFGKKKK,CNTJN,CNNSA
OAOFNSKKK,CNTJN,CNNSA
OAOFAOKKK,CNTJN,CNNSA
OAOFGKKKK,CNTJN,CNNSA
OAOFAOKKK,CNTJN,CNNSA
OAOFAOKKK,CNTJN,CNNSA
OAOFGKKKK,CNTJN,CNNSA
OAOFAOKKK,CNTJN,CNNSA
OAOFNSKKK,CNTJN,CNNSA
OAOFNSKKK,CNTJN,CNNSA
OARKNYKKK,CNTJN,CNNSA
OAOFNCKKK,CNTJN,CNNSA
OAOFNSKKK,CNTJN,CNNSA
OAOFNSKKK,CNTJN,CNNSA
OARYGGKKK,CNTJN,CNNSA
OAOFAOKKK,CNTJN,CNNSA
OAOFGKKKK,CNTJN,CNNSA
OAOFGKKKK,CNTJN,CNNSA
OAOFGKKKK,CNTJN,CNNSA
OAOFNCKKK,CNTJN,CNNSA
OAOFAOKKK,CNTJN,CNNSA
OAOFAOKKK,CNTJN,CNNSA
OAOFAOKKK,CNTJN,CNNSA
OAOFGKKKK,CNTJN,CNNSA
OAOFGKKKK,CNTJN,CNNSA
OAOFAOKKK,CNTJN,CNNSA
OAOFNCKKK,CNTJN,CNNSA
OAOFGKKKK,CNTJN,CNNSA
OAOFNCKKK,CNTJN,CNNSA
OAOFAOKKK,CNTJN,CNNSA
OAOFAOKKK,CNTJN,CNNSA
OARYGGKKK,CNTJN,CNNSA
OAOFAOKKK,CNTJN,CNNSA
OAOFAOKKK,CNTJN,CNNSA
OARYGGKKK,CNTJN,CNNSA
OAOFAOKKK,CNTJN,CNNSA
OAOFGKKKK,CNTJN,CNNSA
OAOFGKKKK,CNTJN,CNNSA
OAOFAOKKK,CNTJN,CNNSA
OAOFAOKKK,CNTJN,CNNSA
OAOFAOKKK,CNTJN,CNNSA
OAOFNCKKK,CNTJN,CNNSA
OARAOOKKK,CNTJN,CNNSA
OARAOOKKK,CNTJN,CNNSA
OARAOOKKK,CNTJN,CNNSA
OARAOOKKK,CNTJN,CNNSA
OAOFAOKKK,CNTJN,CNNSA
OAOFAOKKK,CNTJN,CNNSA
OAOFAOKKK,CNTJN,CNNSA
OARKNYKKK,CNTJN,CNNSA
OAOFNCKKK,CNTJN,CNNSA
OARKNYKKK,CNTJN,CNNSA
OARAOGKKK,CNTJN,CNNSA
OARAOGKKK,CNTJN,CNNSA
OACGNSKKK,CNTJN,CNNSA
OARAOGKKK,CNTJN,CNNSA
OARAOGKKK,CNTJN,CNNSA
OARAOGKKK,CNTJN,CNNSA
OARAOGKKK,CNTJN,CNNSA
OACFNKKKK,CNTJN,CNNSA
OARAOGKKK,CNTJN,CNNSA
OAOFNCKKK,CNTJN,CNNSA
OARCGANGK,CNTJN,CNNTG
OARCGCRFK,CNTJN,CNNTG
OARCGAOFK,CNTJN,CNNTG
OARCGCRFK,CNTJN,CNNTG
OARCGCNSK,CNTJN,CNNTG
OARCGCOCK,CNTJN,CNNTG
OARCGCRFK,CNTJN,CNNTG
OARAGKKKK,CNTJN,CNPAN
OARANSKKK,CNTJN,CNPAN
OAOFOOKKK,CNTJN,CNPAN
OFFRSFFKK,CNTJN,CNPLI
OFFGOAYKK,CNTJN,CNPLI
OFFGKSGKK,CNTJN,CNQHD
OAROFYAAK,CNTJN,CNQHD
OAROYRKSK,CNTJN,CNQHD
OFFKCFOKK,CNTJN,CNQHD
OAORNKKKK,CNTJN,CNQHD
OACROOKKK,CNTJN,CNQHD
OFFANFSKK,CNTJN,CNQIN
OFFAOSSKK,CNTJN,CNQIN
OAOFCAKKK,CNTJN,CNQIN
OAOFCAKKK,CNTJN,CNQIN
OAOFCAKKK,CNTJN,CNQIN
OAOFCAKKK,CNTJN,CNQIN
OAOFCAKKK,CNTJN,CNQIN
OAOFCAKKK,CNTJN,CNQIN
OAOFCAKKK,CNTJN,CNQIN
OAOFCAKKK,CNTJN,CNQIN
OAOFCAKKK,CNTJN,CNQIN
OAOFCAKKK,CNTJN,CNQIN
OFFARYAKK,CNTJN,CNQIN
OFFARYAKK,CNTJN,CNQIN
OFFARYAKK,CNTJN,CNQIN
OFFARYAKK,CNTJN,CNQIN
OACOFRKKK,CNTJN,CNQIN
OFFCYRYKK,CNTJN,CNQIN
OFFCYRYKK,CNTJN,CNQIN
OFFCYRYKK,CNTJN,CNQIN
OFFCYRYKK,CNTJN,CNQIN
OFFCYRYKK,CNTJN,CNQIN
OAOFARKKK,CNTJN,CNQIN
OAOFARKKK,CNTJN,CNQIN
OAOFARKKK,CNTJN,CNQIN
OAOFARKKK,CNTJN,CNQIN
OAOFARKKK,CNTJN,CNQIN
OAOFARKKK,CNTJN,CNQIN
OAOFARKKK,CNTJN,CNQIN
OFFARYYKK,CNTJN,CNQIN
OAROFAKNK,CNTJN,CNQIN
OFFANOFKK,CNTJN,CNQIN
OFFCFARKK,CNTJN,CNQIN
OFFCFARKK,CNTJN,CNQIN
OFFCFARKK,CNTJN,CNQIN
OFFCFARKK,CNTJN,CNQIN
OFFCFARKK,CNTJN,CNQIN
CRNKGFYSF,CNTJN,CNQIN
OARKGRKKK,CNTJN,CNQIN
CRNKGFYSF,CNTJN,CNQIN
CRNKGFYSF,CNTJN,CNQIN
CRNKGFYSF,CNTJN,CNQIN
OARKGNKKK,CNTJN,CNQIN
OARKGNKKK,CNTJN,CNQIN
OARKGNKKK,CNTJN,CNQIN
OARKGNKKK,CNTJN,CNQIN
OARKGNKKK,CNTJN,CNQIN
OARKGNKKK,CNTJN,CNQIN
OFFCNFAKK,CNTJN,CNQIN
OFFCNFAKK,CNTJN,CNQIN
OFFCNFAKK,CNTJN,CNQIN
OFFKFFFKK,CNTJN,CNQIN
OFFRAAGKK,CNTJN,CNQIN
OFFCNFAKK,CNTJN,CNQIN
OFFCNFAKK,CNTJN,CNQIN
OFFRAAGKK,CNTJN,CNQIN
OFFAGSYKK,CNTJN,CNQIN
OFFASRSKK,CNTJN,CNQIN
OARARCKKK,CNTJN,CNQIN
OFFRAAGKK,CNTJN,CNQIN
CRNKGSKNA,CNTJN,CNQIN
CRNKGSKNA,CNTJN,CNQIN
OFFNYSOKK,CNTJN,CNQIN
OFFNYSOKK,CNTJN,CNQIN
OFFGRFGKK,CNTJN,CNQIN
OFFGRFGKK,CNTJN,CNQIN
OFFGRFGKK,CNTJN,CNQIN
OFFGRFGKK,CNTJN,CNQIN
OFFGRFGKK,CNTJN,CNQIN
OFFAAFYKK,CNTJN,CNQIN
OFFAAFYKK,CNTJN,CNQIN
OFFAAFYKK,CNTJN,CNQIN
OFFAAFYKK,CNTJN,CNQIN
OFFAAFYKK,CNTJN,CNQIN
OFFAYOAKK,CNTJN,CNQIN
OFFAFCFKK,CNTJN,CNQIN
OFFAFCFKK,CNTJN,CNQIN
OARAOFKKK,CNTJN,CNQIN
OARAOFKKK,CNTJN,CNQIN
OARAOFKKK,CNTJN,CNQIN
OAOFNSKKK,CNTJN,CNQIN
OAOFNSKKK,CNTJN,CNQIN
OAOFNSKKK,CNTJN,CNQIN
OAOFNSKKK,CNTJN,CNQIN
OAOFNSKKK,CNTJN,CNQIN
OARCYRCOK,CNTJN,CNQIN
OAOFNSKKK,CNTJN,CNQIN
OAOFNSKKK,CNTJN,CNQIN
OAOFNSKKK,CNTJN,CNQIN
OARAOYKKK,CNTJN,CNQIN
OARAOYKKK,CNTJN,CNQIN
OARAOYKKK,CNTJN,CNQIN
OARAOYKKK,CNTJN,CNQIN
OAORAKKKK,CNTJN,CNQIN
OAORAKKKK,CNTJN,CNQIN
OAORAKKKK,CNTJN,CNQIN
OAORAKKKK,CNTJN,CNQIN
OARANRKKK,CNTJN,CNQIN
OAORAKKKK,CNTJN,CNQIN
OAORAKKKK,CNTJN,CNQIN
OAORAKKKK,CNTJN,CNQIN
OAORAKKKK,CNTJN,CNQIN
OAORAKKKK,CNTJN,CNQIN
OAORAKKKK,CNTJN,CNQIN
OAORAKKKK,CNTJN,CNQIN
OAORKOKKK,CNTJN,CNQIN
OAORKOKKK,CNTJN,CNQIN
OAORKOKKK,CNTJN,CNQIN
OAORKOKKK,CNTJN,CNQIN
OAORKOKKK,CNTJN,CNQIN
OAORKOKKK,CNTJN,CNQIN
OAORKOKKK,CNTJN,CNQIN
OAORKOKKK,CNTJN,CNQIN
OAORKRKKK,CNTJN,CNQIN
OARKNNKKK,CNTJN,CNQIN
OARKNNKKK,CNTJN,CNQIN
OARKNFKKK,CNTJN,CNQIN
OARKNFKKK,CNTJN,CNQIN
OARKNFKKK,CNTJN,CNQIN
OARKNFKKK,CNTJN,CNQIN
OARKNFKKK,CNTJN,CNQIN
OARKNFKKK,CNTJN,CNQIN
OFFYOFGKK,CNTJN,CNQIN
OARKNFKKK,CNTJN,CNQIN
OARKNFKKK,CNTJN,CNQIN
OARKNFKKK,CNTJN,CNQIN
OARKNFKKK,CNTJN,CNQIN
OARKNFKKK,CNTJN,CNQIN
OARKNSKKK,CNTJN,CNQIN
OARAGGKKK,CNTJN,CNQIN
OARAGGKKK,CNTJN,CNQIN
OFFSOSFKK,CNTJN,CNQIN
OFFSOSFKK,CNTJN,CNQIN
OFFSOSFKK,CNTJN,CNQIN
OFFSOSFKK,CNTJN,CNQIN
OFFSOSFKK,CNTJN,CNQIN
OFFSOSFKK,CNTJN,CNQIN
OFFAYOOKK,CNTJN,CNQIN
OFFAOSSKK,CNTJN,CNQIN
OFFAOSSKK,CNTJN,CNQIN
OARFGAKKK,CNTJN,CNQIZ
OACFNKKKK,CNTJN,CNQIZ
OARFGAKKK,CNTJN,CNQIZ
OACGNSKKK,CNTJN,CNQIZ
OACFNKKKK,CNTJN,CNQIZ
OACFNKKKK,CNTJN,CNQIZ
OACFNKKKK,CNTJN,CNQIZ
OARYGGKKK,CNTJN,CNQIZ
OARFGAKKK,CNTJN,CNQIZ
OARFGAKKK,CNTJN,CNQIZ
OACNFKKKK,CNTJN,CNQIZ
OAROYRNOK,CNTJN,CNQLN
OACAOYKKK,CNTJN,CNQUA
OACKNGKKK,CNTJN,CNQUA
OACAYYKKK,CNTJN,CNQUA
OACKSOKKK,CNTJN,CNQUA
OACKSOKKK,CNTJN,CNQUA
OACKSOKKK,CNTJN,CNQUA
OACKSOKKK,CNTJN,CNQUA
OARYGGKKK,CNTJN,CNQUA
NGRKCRGKK,CNTJN,CNRIZ
OARASYKKK,CNTJN,CNRIZ
RNRCOAKKK,CNTJN,CNRIZ
OARRKCKCK,CNTJN,CNRIZ
OAOFSNKKK,CNTJN,CNRIZ
OARFGAKKK,CNTJN,CNRIZ
OAOROCKKK,CNTJN,CNRIZ
OARFGAKKK,CNTJN,CNRIZ
OACGNSKKK,CNTJN,CNRIZ
OACAAYKKK,CNTJN,CNSHA
OAROFAYNK,CNTJN,CNSHA
OFFSANRKK,CNTJN,CNSHA
OACAAYKKK,CNTJN,CNSHD
OFFRSFFKK,CNTJN,CNSHS
OACAGRKKK,CNTJN,CNSHS
OAROYCONK,CNTJN,CNSHS
OFFGRSSKK,CNTJN,CNSHS
OARCGARFK,CNTJN,CNSIZ
OARCAYKYK,CNTJN,CNSIZ
OAOFKNKKK,CNTJN,CNSIZ
OARCYRNNK,CNTJN,CNSIZ
OARYNGKKK,CNTJN,CNTAI
OAOFSKKKK,CNTJN,CNTAI
OFFYKCNKK,CNTJN,CNTAI
OFFCARFKK,CNTJN,CNTAI
OAROYCSNK,CNTJN,CNTAI
OAROFAYNK,CNTJN,CNTAI
OARRRYKKK,CNTJN,CNTAI
OAOFSCKKK,CNTJN,CNTAI
OAOFORKKK,CNTJN,CNTAI
OFFGOAYKK,CNTJN,CNTAI
OARYGGKKK,CNTJN,CNTAI
OFFGRSSKK,CNTJN,CNTAI
OARYNGKKK,CNTJN,CNTAI
OAOCNSKKK,CNTJN,CNTAI
OARCRSANK,CNTJN,CNTAZ
OACKSOKKK,CNTJN,CNTSH
OACKNGKKK,CNTJN,CNTSH
OACAOYKKK,CNTJN,CNTSH
OACAOYKKK,CNTJN,CNTSH
OACAOYKKK,CNTJN,CNTSH
OACKSOKKK,CNTJN,CNTSH
OACAFGKKK,CNTJN,CNTSH
OACAFGKKK,CNTJN,CNTSH
OACAFGKKK,CNTJN,CNTSH
OACAFGKKK,CNTJN,CNTSH
OACAFGKKK,CNTJN,CNTSH
OACKSOKKK,CNTJN,CNTSH
OACAFGKKK,CNTJN,CNTSH
OACAFGKKK,CNTJN,CNTSH
OACAFGKKK,CNTJN,CNTSH
OACAFGKKK,CNTJN,CNTSH
OAOFNCKKK,CNTJN,CNWEI
OFFSANRKK,CNTJN,CNWEI
OARAOYKKK,CNTJN,CNWGQ
OACAGRKKK,CNTJN,CNWGQ
OARAYFKKK,CNTJN,CNWGQ
OARAYFKKK,CNTJN,CNWGQ
OARCNFOSK,CNTJN,CNWGQ
OFFNYRGKK,CNTJN,CNWGQ
RNNNASKKK,CNTJN,CNWGQ
OARAYFKKK,CNTJN,CNWGQ
OAOCGKKKK,CNTJN,CNWGQ
OARYRSKKK,CNTJN,CNXIA
OACKNGKKK,CNTJN,CNXIA
OACAOYKKK,CNTJN,CNXIA
OACNNGKKK,CNTJN,CNXIA
OARCGARSK,CNTJN,CNXSN
OARCGARFK,CNTJN,CNXSN
OAOFSCKKK,CNTJN,CNXSN
OAOFSCKKK,CNTJN,CNXSN
OAOFSCKKK,CNTJN,CNXSN
OARCGAYNK,CNTJN,CNXSN
OARCGARSK,CNTJN,CNXSN
OARCGANOK,CNTJN,CNXSN
OARCGARSK,CNTJN,CNXSN
OAOFSCKKK,CNTJN,CNXSN
OARCGARFK,CNTJN,CNXSN
OARCGARSK,CNTJN,CNXSN
OARCGARSK,CNTJN,CNXSN
OAOFSCKKK,CNTJN,CNXSN
OARCGAYNK,CNTJN,CNXSN
OACRFSFOK,CNTJN,CNXSN
OARCGANRK,CNTJN,CNXSN
OAOFSCKKK,CNTJN,CNXSN
OARCGARSK,CNTJN,CNXSN
OARCGANOK,CNTJN,CNXSN
OAOFSCKKK,CNTJN,CNXSN
OAOFSCKKK,CNTJN,CNXSN
OAOFSCKKK,CNTJN,CNXSN
OARCGARSK,CNTJN,CNXSN
OARCGANOK,CNTJN,CNXSN
OARCGANNK,CNTJN,CNXSN
OARCGARFK,CNTJN,CNXSN
OARCGANNK,CNTJN,CNXSN
OARCGANRK,CNTJN,CNXSN
OARCGARSK,CNTJN,CNXSN
OARCGARSK,CNTJN,CNXSN
OARCGARSK,CNTJN,CNXSN
OAOFSCKKK,CNTJN,CNXSN
OARCGANNK,CNTJN,CNXSN
OARARCKKK,CNTJN,CNYAN
OFFKFFFKK,CNTJN,CNYAN
OARARCKKK,CNTJN,CNYAN
OACAGRKKK,CNTJN,CNYAN
OFFKFFFKK,CNTJN,CNYAN
OAOFAOKKK,CNTJN,CNYAN
OFFOGONKK,CNTJN,CNYAN
OFFRAYRKK,CNTJN,CNYAN
OARAYNKKK,CNTJN,CNYJG
OACNGFKKK,CNTJN,CNYJG
OARAYYKKK,CNTJN,CNYJG
OARSYGKKK,CNTJN,CNYJG
OAOCCRKKK,CNTJN,CNYJG
OACNFKKKK,CNTJN,CNYJG
OACFNKKKK,CNTJN,CNYPG
OARCSSAAK,CNTJN,CNYSN
OFFARGSKK,CNTJN,CNYSN
OARANOKKK,CNTJN,CNYSN
OARANOKKK,CNTJN,CNYSN
OARKGRKKK,CNTJN,CNYSN
RFCYROKKK,CNTJN,CNYSN
OARKNNKKK,CNTJN,CNYSN
OARCSFCFK,CNTJN,CNYSN
OAOFAOKKK,CNTJN,CNYSN
OAOFOOKKK,CNTJN,CNYZH
OAOFFFKKK,CNTJN,CNYZH
OARCNFOSK,CNTJN,CNYZH
OARAYAKKK,CNTJN,CNYZH
OAROYRKSK,CNTJN,CNYZH
OAOFSKKKK,CNTJN,CNYZH
OAOFSKKKK,CNTJN,CNYZH
OFFYNYRKK,CNTJN,CNZHA
OARAFFKKK,CNTJN,CNZHA
OARCGANGK,CNTJN,CNZHE
OARCGAOFK,CNTJN,CNZHE
OARCGCRFK,CNTJN,CNZHE
OARCGCRFK,CNTJN,CNZHE
OARCGCRFK,CNTJN,CNZHE
OARYSYKKK,CNTJN,CNZHE
OARCGCRFK,CNTJN,CNZHE
OACFFNKKK,CNTJN,CNZHE
OARCGCRFK,CNTJN,CNZHE
OAOFKYKKK,CNTJN,CNZHE
OARCGCRFK,CNTJN,CNZHE
OAOFNKKKK,CNTJN,CNZHE
OARAOKKKK,CNTJN,CNZHE
OARCGANGK,CNTJN,CNZHE
OACNRRKKK,CNTJN,CNZHE
OARCGANOK,CNTJN,CNZHE
OACOFRKAK,CNTJN,CNZJG
OARCGAYNK,CNTJN,CNZJG
OARCGCORK,CNTJN,CNZJG
OARYRSKKK,CNTJN,CNZJG
OARCGCORK,CNTJN,CNZJG
OARCGCORK,CNTJN,CNZJG
OAOFKNKKK,CNTJN,CNZOS
OAOFSRKKK,CNTJN,CNZPU
OARAOAKKK,CNTJN,CNZZU
OFFKARRKK,CNTJN,CRPTC
OARRFYAFK,CNTJN,ESBIL
OFFGRSSKK,CNTJN,ESBIL
OAOCGKKKK,CNTJN,HKHKG
OARACAKKK,CNTJN,IQMAB
OAOCANKKK,CNTJN,IQMAB
OFFKSYRKK,CNTJN,JPYOK
OFFYOFFKK,CNTJN,KRBUS
OFFYOFFKK,CNTJN,KRBUS
OFFYOFFKK,CNTJN,KRBUS
OFFYOFFKK,CNTJN,KRBUS
OFFNYRGKK,CNTJN,KRBUS
OFFYOFFKK,CNTJN,KRBUS
OFFYOFFKK,CNTJN,KRBUS
OFFNYRGKK,CNTJN,KRBUS
OFFYOFFKK,CNTJN,KRBUS
OFFYOFFKK,CNTJN,KRBUS
OFFYOFFKK,CNTJN,KRBUS
OFFYOFFKK,CNTJN,KRBUS
OFFYOFFKK,CNTJN,KRBUS
OFFYOFFKK,CNTJN,KRBUS
OFFYOFFKK,CNTJN,KRBUS
OFFYOFFKK,CNTJN,KRBUS
OFFYOFFKK,CNTJN,KRBUS
OFFYOFFKK,CNTJN,KRBUS
OFFYOFFKK,CNTJN,KRBUS
OFFYOFFKK,CNTJN,KRBUS
OFFYOFFKK,CNTJN,KRBUS
OFFNYRGKK,CNTJN,KRBUS
OFFYOFFKK,CNTJN,KRBUS
OFFYOFFKK,CNTJN,KRBUS
OFFNYRGKK,CNTJN,KRBUS
OFFYOFFKK,CNTJN,KRBUS
OFFYOFFKK,CNTJN,KRBUS
OFFYOFFKK,CNTJN,KRBUS
OFFYOFFKK,CNTJN,KRBUS
OFFYOFFKK,CNTJN,KRBUS
OFFNYRGKK,CNTJN,KRBUS
RNNNASKKK,CNTJN,KRGWA
OARYFGKKK,CNTJN,KRGWA
OFFFGGCKK,CNTJN,KRGWA
RNNNASKKK,CNTJN,KRGWA
RFCFCFKKK,CNTJN,KRMAS
OARASCKKK,CNTJN,KRULS
OAOFOSKKK,CNTJN,KRYOS
OFFFRKRKK,CNTJN,MXMAN
OFFKFSNKK,CNTJN,MXMAN
OARFKCKRK,CNTJN,MXMAN
NGRKCRGKK,CNTJN,MYSAM
OACRONKKK,CNTJN,MYSAM
OAOKFGKKK,CNTJN,PHMAN
OAOKKYKKK,CNTJN,PKQAS
OAROFAYFK,CNTJN,PKQAS
OFFKNFOKK,CNTJN,TH7003
OACROGKKK,CNTJN,TH7003
OFFSANOKK,CNTJN,TZDRS
OFFYNYRKK,CNTJN,TZDRS
OFFYNYOKK,CNTJN,TZDRS
RNOFYFKKK,CNTJN,VNQUN
OFFGYGYKK,CNTJN,VNQUN
OACCGKKKK,CNTJN,VNQUN
OAROYASRK,CNTJN,VNQUN
OFFRSFNKK,CNTJN,ZADUR
OAOFACKKK,CNTJN,ZADUR
OACKSOKKK,CNTSH,CNHUA
OACAOYKKK,CNTSH,CNHUA
OACAOYKKK,CNTSH,CNHUA
OACAFGKKK,CNTSH,CNHUA
OACKNGKKK,CNTSH,CNHUA
OACAOYKKK,CNTSH,CNHUA
OACAFGKKK,CNTSH,CNHUA
OACAFGKKK,CNTSH,CNHUA
OACAOYKKK,CNTSH,CNHUA
OACAOYKKK,CNTSH,CNHUA
OACAOYKKK,CNTSH,CNHUA
OACAFGKKK,CNTSH,CNHUA
OACAFGKKK,CNTSH,CNHUA
OACKNGKKK,CNTSH,CNHUA
OACAFGKKK,CNTSH,CNJIT
OACAYYKKK,CNTSH,CNQHD
OACAFGKKK,CNTSH,CNQHD
OACAFGKKK,CNTSH,CNTJN
OACKSOKKK,CNTSH,CNTJN
OACAOYKKK,CNTSH,CNTJN
OACAOYKKK,CNTSH,CNTJN
OACAOYKKK,CNTSH,CNTJN
OACAOYKKK,CNTSH,CNTJN
OACAFGKKK,CNTSH,CNTJN
OACAOYKKK,CNTSH,CNTJN
OACAFGKKK,CNTSH,CNTJN
OACAFGKKK,CNTSH,CNTJN
OACAFGKKK,CNTSH,CNTJN
OACAFGKKK,CNTSH,CNTJN
OACKSOKKK,CNTSH,CNTJN
OARRKCKCK,CNTZH,CNCFD
OFFARFSKK,CNWEF,CNDAL
OACYKKKKK,CNWEF,CNDAL
OARCRAFAK,CNWEF,CNDAL
OARCFNYRK,CNWEF,CNDSN
OARCYRNNK,CNWEF,CNSIZ
OARCYRCOK,CNWEF,CNSIZ
OACKYAKKK,CNWEF,CNYAN
OAOFCFKKK,CNWEI,CNBAO
OARAYNKKK,CNWEI,CNBYQ
OFFKARRKK,CNWEI,CNBYQ
OARYCGKKK,CNWEI,CNCFD
OARGGKKKK,CNWEI,CNCFD
OAOCCRKKK,CNWEI,CNCFD
OARKFSKKK,CNWEI,CNCFD
OARKFSKKK,CNWEI,CNCFD
OARKFSKKK,CNWEI,CNCFD
OFFSANRKK,CNWEI,CNCFD
OAROFAKNK,CNWEI,CNCFD
OARARKKKK,CNWEI,CNCFD
OARACYKKK,CNWEI,CNCFD
OARAROKKK,CNWEI,CNDAL
OARAROKKK,CNWEI,CNDAL
OARAROKKK,CNWEI,CNDAL
OARAROKKK,CNWEI,CNDAL
OARAROKKK,CNWEI,CNDAL
OARAROKKK,CNWEI,CNDAL
OARAROKKK,CNWEI,CNDAL
OARAROKKK,CNWEI,CNDAL
OARAROKKK,CNWEI,CNDAL
OARAROKKK,CNWEI,CNDAL
OARAROKKK,CNWEI,CNDAL
OARAROKKK,CNWEI,CNDAL
OARAROKKK,CNWEI,CNDAL
OARAROKKK,CNWEI,CNDAL
OARAROKKK,CNWEI,CNDAL
OARAROKKK,CNWEI,CNDAL
OARAROKKK,CNWEI,CNDAL
OARAROKKK,CNWEI,CNDAL
OARAROKKK,CNWEI,CNDAL
OARAROKKK,CNWEI,CNDAL
OARAROKKK,CNWEI,CNDAL
OARAROKKK,CNWEI,CNDAL
OARAROKKK,CNWEI,CNDAL
OARAROKKK,CNWEI,CNDAL
OARAROKKK,CNWEI,CNDAL
OARAROKKK,CNWEI,CNDAL
OARAROKKK,CNWEI,CNDAL
OARAROKKK,CNWEI,CNDAL
OARAROKKK,CNWEI,CNDAL
OARAROKKK,CNWEI,CNDAL
OARAROKKK,CNWEI,CNDAL
OARAROKKK,CNWEI,CNDAL
OARAROKKK,CNWEI,CNDAL
OARAROKKK,CNWEI,CNDAL
OARAROKKK,CNWEI,CNDAL
OARAROKKK,CNWEI,CNDAL
OARAROKKK,CNWEI,CNDAL
OARAROKKK,CNWEI,CNDAL
OARAROKKK,CNWEI,CNDAL
OARAROKKK,CNWEI,CNDAL
OARAROKKK,CNWEI,CNDAL
OARACFKKK,CNWEI,CNDAL
OARAROKKK,CNWEI,CNDAL
OARAROKKK,CNWEI,CNDAL
OARAROKKK,CNWEI,CNDAL
OARAROKKK,CNWEI,CNDAL
OARAROKKK,CNWEI,CNDAL
OARAROKKK,CNWEI,CNDAL
OAOFNCKKK,CNWEI,CNDAL
OARAROKKK,CNWEI,CNDAL
OARACFKKK,CNWEI,CNDAL
OARACFKKK,CNWEI,CNDAL
OARACFKKK,CNWEI,CNDAL
OARACFKKK,CNWEI,CNDAL
OARAROKKK,CNWEI,CNDAL
OARACFKKK,CNWEI,CNDAL
OARACFKKK,CNWEI,CNDAL
OARACFKKK,CNWEI,CNDAL
OARAROKKK,CNWEI,CNDAL
OARAROKKK,CNWEI,CNDAL
OARAROKKK,CNWEI,CNDAL
OARACFKKK,CNWEI,CNDAL
OARACFKKK,CNWEI,CNDAL
OARACFKKK,CNWEI,CNDAL
OARAROKKK,CNWEI,CNDAL
OARACFKKK,CNWEI,CNDAL
OARACFKKK,CNWEI,CNDAL
OARAROKKK,CNWEI,CNDAL
OARACFKKK,CNWEI,CNDAL
OARAROKKK,CNWEI,CNDAL
OARACFKKK,CNWEI,CNDAL
OARACFKKK,CNWEI,CNDAL
OARACFKKK,CNWEI,CNDAL
OARACFKKK,CNWEI,CNDAL
OARACFKKK,CNWEI,CNDAL
OARACFKKK,CNWEI,CNDAL
OARACFKKK,CNWEI,CNDAL
OARACFKKK,CNWEI,CNDAL
OARAROKKK,CNWEI,CNDAL
OARACFKKK,CNWEI,CNDAL
OARACFKKK,CNWEI,CNDAL
OARACFKKK,CNWEI,CNDAL
OARACFKKK,CNWEI,CNDAL
OARACFKKK,CNWEI,CNDAL
OARACFKKK,CNWEI,CNDAL
OARACFKKK,CNWEI,CNDAL
OARACFKKK,CNWEI,CNDAL
OARACFKKK,CNWEI,CNDAL
OARACFKKK,CNWEI,CNDAL
OARACFKKK,CNWEI,CNDAL
OARAROKKK,CNWEI,CNDAL
OARACFKKK,CNWEI,CNDAL
OARAROKKK,CNWEI,CNDAL
OARACFKKK,CNWEI,CNDAL
OARACFKKK,CNWEI,CNDAL
OARACFKKK,CNWEI,CNDAL
OARAROKKK,CNWEI,CNDAL
OARACFKKK,CNWEI,CNDAL
OARAROKKK,CNWEI,CNDAL
OARACFKKK,CNWEI,CNDAL
OARACFKKK,CNWEI,CNDAL
OARACFKKK,CNWEI,CNDAL
OARACFKKK,CNWEI,CNDAL
OARACFKKK,CNWEI,CNDAL
OARAROKKK,CNWEI,CNDAL
OARACFKKK,CNWEI,CNDAL
OARAROKKK,CNWEI,CNDAL
OARACFKKK,CNWEI,CNDAL
OARACFKKK,CNWEI,CNDAL
OARAROKKK,CNWEI,CNDAL
OARACFKKK,CNWEI,CNDAL
OARACFKKK,CNWEI,CNDAL
OARACFKKK,CNWEI,CNDAL
OARACFKKK,CNWEI,CNDAL
OARACFKKK,CNWEI,CNDAL
OARACFKKK,CNWEI,CNDAL
OARACFKKK,CNWEI,CNDAL
OARACFKKK,CNWEI,CNDAL
OARACFKKK,CNWEI,CNDAL
OARACFKKK,CNWEI,CNDAL
OARAROKKK,CNWEI,CNDAL
OARAROKKK,CNWEI,CNDAL
OARACFKKK,CNWEI,CNDAL
OARAROKKK,CNWEI,CNDAL
OARAROKKK,CNWEI,CNDAL
OARACFKKK,CNWEI,CNDAL
OARACFKKK,CNWEI,CNDAL
OARACFKKK,CNWEI,CNDAL
OARACFKKK,CNWEI,CNDAL
OARACFKKK,CNWEI,CNDAL
OARACFKKK,CNWEI,CNDAL
OARACFKKK,CNWEI,CNDAL
OARACFKKK,CNWEI,CNDAL
OARACFKKK,CNWEI,CNDAL
OARACFKKK,CNWEI,CNDAL
OARACFKKK,CNWEI,CNDAL
OARACFKKK,CNWEI,CNDAL
OARACFKKK,CNWEI,CNDAL
OARACFKKK,CNWEI,CNDAL
OARACFKKK,CNWEI,CNDAL
OARACFKKK,CNWEI,CNDAL
OARACFKKK,CNWEI,CNDAL
OARACFKKK,CNWEI,CNDAL
OARACFKKK,CNWEI,CNDAL
OARACFKKK,CNWEI,CNDAL
OARACFKKK,CNWEI,CNDAL
OARACFKKK,CNWEI,CNDAL
OARACFKKK,CNWEI,CNDAL
OARAROKKK,CNWEI,CNDAL
OARAROKKK,CNWEI,CNDAL
OARAROKKK,CNWEI,CNDAL
OARACCKKK,CNWEI,CNHUA
OARCGARNK,CNWEI,CNHUA
OARCGANFK,CNWEI,CNHUA
OACFFNKKK,CNWEI,CNHUA
OARACCKKK,CNWEI,CNHUA
OARCGANRK,CNWEI,CNHUA
OARKFSKKK,CNWEI,CNJIT
OARASOKKK,CNWEI,CNJIT
OACOFSFRK,CNWEI,CNPLI
OARYCGKKK,CNWEI,CNQHD
OAOFSRKKK,CNWEI,CNQHD
OARCGARFK,CNWEI,CNQHD
OARAYNKKK,CNWEI,CNQHD
CRNKGSKNA,CNWEI,CNQIN
CRNKGFYSF,CNWEI,CNQIN
OFFRSFFKK,CNWEI,CNTJN
OARCGANNK,CNWEI,CNTJN
OARSYGKKK,CNWEI,CNTJN
OFFGOAYKK,CNWEI,CNTJN
OARKNFKKK,CNWEI,CNTJN
OARCGANOK,CNWEI,CNTJN
OFFRSFFKK,CNWEI,CNTJN
OARRCOKKK,CNWEI,CNTJN
OARCGARSK,CNWEI,CNTJN
RNORNSKKK,CNWEI,CNYAN
RNORNSKKK,CNWEI,CNYAN
RNORNSKKK,CNWEI,CNYAN
RNORNSKKK,CNWEI,CNYAN
RNORNSKKK,CNWEI,CNYAN
RNORNSKKK,CNWEI,CNYAN
RNORNSKKK,CNWEI,CNYAN
RNORNSKKK,CNWEI,CNYAN
RNORNSKKK,CNWEI,CNYAN
RNORNSKKK,CNWEI,CNYAN
RNORNSKKK,CNWEI,CNYAN
RNORNSKKK,CNWEI,CNYAN
RNORNSKKK,CNWEI,CNYAN
RNORNSKKK,CNWEI,CNYAN
RNORNSKKK,CNWEI,CNYAN
RNORNSKKK,CNWEI,CNYAN
RNORNSKKK,CNWEI,CNYAN
RNORNSKKK,CNWEI,CNYAN
RNORNSKKK,CNWEI,CNYAN
RNORNSKKK,CNWEI,CNYAN
RNORNSKKK,CNWEI,CNYAN
RNORNSKKK,CNWEI,CNYAN
RNORNSKKK,CNWEI,CNYAN
RNORNSKKK,CNWEI,CNYAN
RNORNSKKK,CNWEI,CNYAN
RNORNSKKK,CNWEI,CNYAN
RNORNSKKK,CNWEI,CNYAN
RNORNSKKK,CNWEI,CNYAN
RNORNSKKK,CNWEI,CNYAN
RNORNSKKK,CNWEI,CNYAN
OARAROKKK,CNWEI,CNYAN
RNORNSKKK,CNWEI,CNYAN
RNORNSKKK,CNWEI,CNYAN
RNORNSKKK,CNWEI,CNYAN
RNORNSKKK,CNWEI,CNYAN
RNORNSKKK,CNWEI,CNYAN
RNORNSKKK,CNWEI,CNYAN
RNORNSKKK,CNWEI,CNYAN
RNORNSKKK,CNWEI,CNYAN
RNORNSKKK,CNWEI,CNYAN
RNORNSKKK,CNWEI,CNYAN
RNORNSKKK,CNWEI,CNYAN
RNORNSKKK,CNWEI,CNYAN
RNORNSKKK,CNWEI,CNYAN
RNORNSKKK,CNWEI,CNYAN
RNORNSKKK,CNWEI,CNYAN
RNORNSKKK,CNWEI,CNYAN
RNORNSKKK,CNWEI,CNYAN
RFCFCFKKK,CNWEI,KRULS
OFFSNACKK,CNWEN,AUPHE
OARYSOKKK,CNWEN,AUPHE
OFFFNYGKK,CNWEN,AUPHE
OACRKCSOK,CNWEN,CNCFD
OARNFYKKK,CNWEN,CNCFD
OARCFGKFK,CNWEN,CNCZH
OARSYRKKK,CNWEN,CNHUA
OACFGNKKK,CNWEN,CNHUA
OARYSRKKK,CNWEN,CNJIT
OACGKOKKK,CNWEN,CNQHD
OACOFRKAK,CNWEN,CNQHD
OARAOKKKK,CNWEN,CNQHD
OARAOKKKK,CNWEN,CNQHD
OAOARYKKK,CNWEN,CNQHD
OACOFRKAK,CNWEN,CNQHD
OARASYKKK,CNWEN,CNRUG
OARCFGKFK,CNWEN,CNZOS
OACOFFFNK,CNWEN,CNZOS
OAOKFFKKK,CNWEN,IDBNI
OAOKFFKKK,CNWEN,IDKLR
OAOKFFKKK,CNWEN,IDKLR
OFFSNACKK,CNWEN,IDSAM
OFFFGOSKK,CNWEN,IDTBR
OAOKNSKKK,CNWEN,IDTMH
OAOKFFKKK,CNWEN,IDTMH
OAOFNNKKK,CNWEN,IDTMH
OFFNNYFKK,CNWEN,TWKEE
OFFNNYFKK,CNWEN,TWKEE
OFFNNYFKK,CNWEN,TWKEE
OFFNNYFKK,CNWEN,TWKEE
OFFNNYFKK,CNWEN,TWKEE
OFFNNYFKK,CNWEN,TWKEE
OFFNNYFKK,CNWEN,TWKEE
OFFNNYFKK,CNWEN,TWKEE
OFFNNYFKK,CNWEN,TWKEE
OFFNNYFKK,CNWEN,TWKEE
OFFNNYFKK,CNWEN,TWKEE
OFFNNYFKK,CNWEN,TWKEE
OFFNNYFKK,CNWEN,TWKEE
OFFNNYFKK,CNWEN,TWKEE
OFFNNYFKK,CNWEN,TWKEE
OFFNNYFKK,CNWEN,TWKEE
OFFNNYFKK,CNWEN,TWKEE
OFFNNYFKK,CNWEN,TWKEE
OFFNNYFKK,CNWEN,TWKEE
OFFNNYFKK,CNWEN,TWKEE
OFFNNYFKK,CNWEN,TWKEE
OFFNNYFKK,CNWEN,TWKEE
OFFNNYFKK,CNWEN,TWKEE
OFFNNYFKK,CNWEN,TWKEE
OFFNNYFKK,CNWEN,TWKEE
OFFNNYFKK,CNWEN,TWKEE
OFFNNYFKK,CNWEN,TWKEE
OFFNNYFKK,CNWEN,TWKEE
OFFNNYFKK,CNWEN,TWKEE
OFFNNYFKK,CNWEN,TWKEE
OFFNNYFKK,CNWEN,TWKEE
OFFNNYFKK,CNWEN,TWKEE
OFFNNYFKK,CNWEN,TWKEE
OFFNNYFKK,CNWEN,TWKEE
OFFNNYFKK,CNWEN,TWKEE
OFFNNYFKK,CNWEN,TWKEE
OFFNNYFKK,CNWEN,TWKEE
OFFNNYFKK,CNWEN,TWKEE
OFFNNYFKK,CNWEN,TWKEE
OFFNNYFKK,CNWEN,TWKEE
OFFNNYFKK,CNWEN,TWKEE
OFFNNYFKK,CNWEN,TWKEE
RFCFCFKKK,CNWGQ,CLSAN
OARARFKKK,CNWGQ,CN2039
OARKFOKKK,CNWGQ,CN2039
OARKGYKKK,CNWGQ,CN2039
OARKFOKKK,CNWGQ,CN8965
OARKGYKKK,CNWGQ,CN8965
OARKFOKKK,CNWGQ,CN8965
OARYGNKKK,CNWGQ,CNBYQ
OARANRKKK,CNWGQ,CNBYQ
OARANRKKK,CNWGQ,CNBYQ
OARARAKKK,CNWGQ,CNBYQ
OACFFNKKK,CNWGQ,CNCFD
OARYRSKKK,CNWGQ,CNCFD
OARCYRNNK,CNWGQ,CNCFD
OARKKRKKK,CNWGQ,CNCFD
OAOCCRKKK,CNWGQ,CNCFD
OARAYFKKK,CNWGQ,CNCFD
OAOFSRKKK,CNWGQ,CNCFD
OARCNYFSK,CNWGQ,CNCFD
OARKNKKKK,CNWGQ,CNCJK
OARKNYKKK,CNWGQ,CNCJK
OARAOYKKK,CNWGQ,CNCJK
OFFAKFCKK,CNWGQ,CNCJK
OFFAKFCKK,CNWGQ,CNCJK
OFFSRCCKK,CNWGQ,CNCJK
OFFNYRGKK,CNWGQ,CNCJK
OARKKRKKK,CNWGQ,CNCJK
OAORCSKKK,CNWGQ,CNCJK
OARANOKKK,CNWGQ,CNCJK
RFCFCFKKK,CNWGQ,CNCJK
OARANOKKK,CNWGQ,CNCJK
RNRKGGKKK,CNWGQ,CNCJK
OAORKOKKK,CNWGQ,CNCJK
OAOCFGKKK,CNWGQ,CNCJK
OAOCFGKKK,CNWGQ,CNCJK
OARSOSKKK,CNWGQ,CNDAL
OARSOSKKK,CNWGQ,CNDAL
OARCGSNFK,CNWGQ,CNDAL
OARARAKKK,CNWGQ,CNDCB
OARCSFCFK,CNWGQ,CNDJK
OARAFFKKK,CNWGQ,CNDJK
OARCGSNFK,CNWGQ,CNFUN
OARAYFKKK,CNWGQ,CNHUA
OARSYRKKK,CNWGQ,CNHUA
OARAYOKKK,CNWGQ,CNHUA
OARACRKKK,CNWGQ,CNHUA
OAOFKFKKK,CNWGQ,CNHUA
OARACRKKK,CNWGQ,CNHUA
OARAYFKKK,CNWGQ,CNHUA
OARAYFKKK,CNWGQ,CNHUA
OARAYFKKK,CNWGQ,CNHUA
OARAYFKKK,CNWGQ,CNHUA
OARAYFKKK,CNWGQ,CNHUA
OARAYFKKK,CNWGQ,CNHUA
OARAYFKKK,CNWGQ,CNHUA
OARAYFKKK,CNWGQ,CNHUA
OARAYFKKK,CNWGQ,CNHUA
OARAYFKKK,CNWGQ,CNHUA
OARARNKKK,CNWGQ,CNHUA
OARAYFKKK,CNWGQ,CNHUA
OARAYFKKK,CNWGQ,CNHUA
OARAYFKKK,CNWGQ,CNHUA
OARAYFKKK,CNWGQ,CNHUA
OACACOKKK,CNWGQ,CNHUA
OAOFSYKKK,CNWGQ,CNJIN
OAOFKFKKK,CNWGQ,CNJIT
OAOFSRKKK,CNWGQ,CNJIT
OARAYFKKK,CNWGQ,CNJIT
OACACOKKK,CNWGQ,CNJIT
OAOFKFKKK,CNWGQ,CNJIT
OAOFKFKKK,CNWGQ,CNJIT
OAOFKFKKK,CNWGQ,CNJIT
OAOFKFKKK,CNWGQ,CNJIT
OAOFKFKKK,CNWGQ,CNJIT
OARCNFOSK,CNWGQ,CNJIT
OAOFKFKKK,CNWGQ,CNJIT
OAOFKFKKK,CNWGQ,CNJIT
OAOFKFKKK,CNWGQ,CNJIT
OACFFNKKK,CNWGQ,CNJIT
OAOFSKKKK,CNWGQ,CNJIT
OAOFKFKKK,CNWGQ,CNJIT
OAOFKFKKK,CNWGQ,CNJIT
OAOFKFKKK,CNWGQ,CNJIT
OAOFKFKKK,CNWGQ,CNJIT
OAOFKFKKK,CNWGQ,CNJIT
OAOFOOKKK,CNWGQ,CNJIT
OAOFKFKKK,CNWGQ,CNJIT
OAORCSKKK,CNWGQ,CNJIT
OAOFKFKKK,CNWGQ,CNJIT
OAOFKFKKK,CNWGQ,CNJIT
OAOFKFKKK,CNWGQ,CNJIT
OAOFKFKKK,CNWGQ,CNJIT
OAOFKFKKK,CNWGQ,CNJIT
OAOFKFKKK,CNWGQ,CNJIT
OAOFKFKKK,CNWGQ,CNJIT
OACRNRKKK,CNWGQ,CNJIT
OAOFKFKKK,CNWGQ,CNJIT
OAOFSKKKK,CNWGQ,CNJIT
OAOFKFKKK,CNWGQ,CNJIT
OARARAKKK,CNWGQ,CNLYG
RFCFCFKKK,CNWGQ,CNLYG
OAORKOKKK,CNWGQ,CNMWN
OFFYOFGKK,CNWGQ,CNNBO
OFFRAYRKK,CNWGQ,CNNBO
RNGNSAKKK,CNWGQ,CNNBO
RNGNSAKKK,CNWGQ,CNNBO
OFFFGNSKK,CNWGQ,CNNBO
RNGNSAKKK,CNWGQ,CNNBO
OFFFGNSKK,CNWGQ,CNNBO
OFFFGNSKK,CNWGQ,CNNBO
RNCGRAKKK,CNWGQ,CNNBO
OFFFGNSKK,CNWGQ,CNNBO
RNCGRAKKK,CNWGQ,CNNBO
RNCGRAKKK,CNWGQ,CNNBO
OARAFRKKK,CNWGQ,CNNBO
RNCANRKKK,CNWGQ,CNNBO
OFFASYRKK,CNWGQ,CNNBO
OARAOYKKK,CNWGQ,CNNBO
OAOFKNKKK,CNWGQ,CNNBO
OARSOSKKK,CNWGQ,CNNBO
OARSOSKKK,CNWGQ,CNNBO
RNRCOAKKK,CNWGQ,CNNBO
OARANOKKK,CNWGQ,CNNBO
OARANOKKK,CNWGQ,CNNBO
OARANOKKK,CNWGQ,CNNBO
RNRCOAKKK,CNWGQ,CNNBO
OARANSKKK,CNWGQ,CNNBO
OFFAKFCKK,CNWGQ,CNNBO
OFFAKFCKK,CNWGQ,CNNBO
OFFAKFCKK,CNWGQ,CNNBO
OFFAKFCKK,CNWGQ,CNNBO
OAORKOKKK,CNWGQ,CNNBO
OAORKOKKK,CNWGQ,CNNBO
OAORKRKKK,CNWGQ,CNNBO
OFFKFFSKK,CNWGQ,CNNBO
OFFKFFSKK,CNWGQ,CNNBO
OFFARGSKK,CNWGQ,CNNBO
OAOFRGKKK,CNWGQ,CNNBO
OAOFRGKKK,CNWGQ,CNNBO
OAOFRGKKK,CNWGQ,CNNBO
OAOFRGKKK,CNWGQ,CNNBO
OAOFRGKKK,CNWGQ,CNNBO
OAOFRGKKK,CNWGQ,CNNBO
OAOCGKKKK,CNWGQ,CNNBO
OARAGCKKK,CNWGQ,CNNBO
OFFARGSKK,CNWGQ,CNNBO
OARKGYKKK,CNWGQ,CNNBO
RFKASSKKK,CNWGQ,CNNBO
RFKASSKKK,CNWGQ,CNNBO
RFKASSKKK,CNWGQ,CNNBO
OFFARGSKK,CNWGQ,CNNBO
OARAGCKKK,CNWGQ,CNNBO
OFFARGSKK,CNWGQ,CNNBO
OARKNOKKK,CNWGQ,CNNBO
OARKNOKKK,CNWGQ,CNNBO
OFFYOFGKK,CNWGQ,CNNBO
OARKNOKKK,CNWGQ,CNNBO
OFFYOFGKK,CNWGQ,CNNBO
OARKNOKKK,CNWGQ,CNNBO
OARKNOKKK,CNWGQ,CNNBO
OFFYOFGKK,CNWGQ,CNNBO
OARKNOKKK,CNWGQ,CNNBO
OARKNKKKK,CNWGQ,CNNBO
RFCYROKKK,CNWGQ,CNNBO
OFFKNGOKK,CNWGQ,CNNBO
OFFKNGOKK,CNWGQ,CNNBO
RFCYROKKK,CNWGQ,CNNBO
RFCYROKKK,CNWGQ,CNNBO
RFCYROKKK,CNWGQ,CNNBO
OFFKNGOKK,CNWGQ,CNNBO
OFFKNGOKK,CNWGQ,CNNBO
OFFKNGOKK,CNWGQ,CNNBO
OFFOGOOKK,CNWGQ,CNNBO
OFFOGOOKK,CNWGQ,CNNBO
OFFOGOOKK,CNWGQ,CNNBO
CRNKGFYRA,CNWGQ,CNNBO
OFFOGOOKK,CNWGQ,CNNBO
OFFOGOOKK,CNWGQ,CNNBO
OFFCSCYKK,CNWGQ,CNNBO
OFFCSCYKK,CNWGQ,CNNBO
CRNKGFYRA,CNWGQ,CNNBO
CRNKGFYRA,CNWGQ,CNNBO
OFFOGROKK,CNWGQ,CNNBO
CRNKGFYRA,CNWGQ,CNNBO
CRNKGFYRA,CNWGQ,CNNBO
CRNKGFYRA,CNWGQ,CNNBO
OFFKKOFKK,CNWGQ,CNNBO
OFFKKOFKK,CNWGQ,CNNBO
OFFKKOFKK,CNWGQ,CNNBO
OFFKKOFKK,CNWGQ,CNNBO
OFFKKOGKK,CNWGQ,CNNBO
OFFKKOGKK,CNWGQ,CNNBO
OFFKKOGKK,CNWGQ,CNNBO
OFFKKOGKK,CNWGQ,CNNBO
OFFKKOGKK,CNWGQ,CNNBO
OFFKKOGKK,CNWGQ,CNNBO
OFFKKAFKK,CNWGQ,CNNBO
OFFKKAFKK,CNWGQ,CNNBO
OFFKKAFKK,CNWGQ,CNNBO
OFFKKAFKK,CNWGQ,CNNBO
OFFSRCRKK,CNWGQ,CNNBO
OFFSRCRKK,CNWGQ,CNNBO
OFFSRCRKK,CNWGQ,CNNBO
OFFSRCRKK,CNWGQ,CNNBO
OFFRAANKK,CNWGQ,CNNBO
OFFRAANKK,CNWGQ,CNNBO
OFFRAANKK,CNWGQ,CNNBO
OFFRAANKK,CNWGQ,CNNBO
OFFRAANKK,CNWGQ,CNNBO
OFFRAANKK,CNWGQ,CNNBO
OFFRAANKK,CNWGQ,CNNBO
OFFRAANKK,CNWGQ,CNNBO
OFFRAANKK,CNWGQ,CNNBO
OFFRAANKK,CNWGQ,CNNBO
RNOSSGKKK,CNWGQ,CNNBO
OFFRAANKK,CNWGQ,CNNBO
OFFRAANKK,CNWGQ,CNNBO
RNOSSGKKK,CNWGQ,CNNBO
RNOSSGKKK,CNWGQ,CNNBO
RNOSSGKKK,CNWGQ,CNNBO
OFFFNCRKK,CNWGQ,CNNBO
OARAOFKKK,CNWGQ,CNNBO
OARAOFKKK,CNWGQ,CNNBO
OFFFNCRKK,CNWGQ,CNNBO
OFFFNCRKK,CNWGQ,CNNBO
OFFANSFKK,CNWGQ,CNNBO
OARCSSAAK,CNWGQ,CNPAN
OARCNYFSK,CNWGQ,CNQHD
OACFOCKKK,CNWGQ,CNQHD
OACGKOKKK,CNWGQ,CNQHD
OAOAGGKKK,CNWGQ,CNQHD
OARACRKKK,CNWGQ,CNQHD
OAOFKFKKK,CNWGQ,CNQHD
OFFFNCRKK,CNWGQ,CNQIN
OFFSRCCKK,CNWGQ,CNQIN
RNRKGGKKK,CNWGQ,CNQIN
OARKGOKKK,CNWGQ,CNQIN
OFFKKOGKK,CNWGQ,CNQIN
OARAGNKKK,CNWGQ,CNQIN
OARANKKKK,CNWGQ,CNRIZ
OAOFSKKKK,CNWGQ,CNRIZ
OARAGYKKK,CNWGQ,CNRIZ
OARARSKKK,CNWGQ,CNRIZ
OARARSKKK,CNWGQ,CNRIZ
OARCFYGGK,CNWGQ,CNSHA
OARKNSKKK,CNWGQ,CNSHE
OARKNSKKK,CNWGQ,CNSHE
OARKFCKKK,CNWGQ,CNSHE
OARANAKKK,CNWGQ,CNSHE
OARKNSKKK,CNWGQ,CNSHE
OARKNRKKK,CNWGQ,CNSHE
OARKFCKKK,CNWGQ,CNSHE
OARKNSKKK,CNWGQ,CNSHE
OARKNSKKK,CNWGQ,CNSHE
OAORKOKKK,CNWGQ,CNSHE
OARAGCKKK,CNWGQ,CNSLH
OAOCFGKKK,CNWGQ,CNTJN
OARAYFKKK,CNWGQ,CNTJN
OAOCGKKKK,CNWGQ,CNTJN
OARAYFKKK,CNWGQ,CNTJN
OAOCGKKKK,CNWGQ,CNTJN
OARAYFKKK,CNWGQ,CNTJN
OAOCGKKKK,CNWGQ,CNTJN
OAOCFGKKK,CNWGQ,CNTJN
OAOCGKKKK,CNWGQ,CNTJN
OAOCFGKKK,CNWGQ,CNTJN
OAOCGKKKK,CNWGQ,CNTJN
OAOCFGKKK,CNWGQ,CNTJN
OAOCFGKKK,CNWGQ,CNTJN
OAOCFGKKK,CNWGQ,CNTJN
OAOCGKKKK,CNWGQ,CNTJN
OAOCGKKKK,CNWGQ,CNTJN
OAOCGKKKK,CNWGQ,CNTJN
OAOCGKKKK,CNWGQ,CNTJN
OAOCFGKKK,CNWGQ,CNTJN
OAOCFGKKK,CNWGQ,CNTJN
OAOCGKKKK,CNWGQ,CNTJN
OAOCGKKKK,CNWGQ,CNTJN
OAOCGKKKK,CNWGQ,CNTJN
OAOCGKKKK,CNWGQ,CNTJN
OAOCGKKKK,CNWGQ,CNTJN
OAOCGKKKK,CNWGQ,CNTJN
OAOCFGKKK,CNWGQ,CNTJN
OACAGRKKK,CNWGQ,CNTJN
OAOCFGKKK,CNWGQ,CNTJN
OAOCFGKKK,CNWGQ,CNTJN
OAOCGKKKK,CNWGQ,CNTJN
OAOCFGKKK,CNWGQ,CNTJN
OAOCGKKKK,CNWGQ,CNTJN
OAOROCKKK,CNWGQ,CNTJN
OAOCFGKKK,CNWGQ,CNTJN
OAOCFGKKK,CNWGQ,CNTJN
OAOCFGKKK,CNWGQ,CNTJN
OAOCGKKKK,CNWGQ,CNTJN
OAOCFGKKK,CNWGQ,CNTJN
OAOCFGKKK,CNWGQ,CNTJN
OAOCGKKKK,CNWGQ,CNTJN
OAOCFGKKK,CNWGQ,CNTJN
OAOCFGKKK,CNWGQ,CNTJN
OAOCFGKKK,CNWGQ,CNTJN
OAOCFGKKK,CNWGQ,CNTJN
OAOCGKKKK,CNWGQ,CNTJN
OAOCFGKKK,CNWGQ,CNTJN
OAOCGKKKK,CNWGQ,CNTJN
OAOCFGKKK,CNWGQ,CNTJN
OAOCFGKKK,CNWGQ,CNTJN
OAOCGKKKK,CNWGQ,CNTJN
OARANKKKK,CNWGQ,CNXIA
OARANAKKK,CNWGQ,CNXIA
OARANKKKK,CNWGQ,CNXIA
OARAGYKKK,CNWGQ,CNXIA
OARAOSKKK,CNWGQ,CNXIA
OFFRAYRKK,CNWGQ,CNXIA
OFFOGONKK,CNWGQ,CNXIA
OARANKKKK,CNWGQ,CNXIA
OARANAKKK,CNWGQ,CNXIA
OAOFKKKKK,CNWGQ,CNXIA
OAOFKKKKK,CNWGQ,CNXIA
OFFRAAGKK,CNWGQ,CNXIA
OARARSKKK,CNWGQ,CNXIA
OARAGYKKK,CNWGQ,CNXIA
OAOFNCKKK,CNWGQ,CNXIA
OFFSRCRKK,CNWGQ,CNXIA
OFFNYRGKK,CNWGQ,CNXIA
OFFRAAGKK,CNWGQ,CNXIA
OARAOSKKK,CNWGQ,CNXIA
OARAGYKKK,CNWGQ,CNXIA
OARANAKKK,CNWGQ,CNXIA
OFFNYRGKK,CNWGQ,CNXIA
OFFOGONKK,CNWGQ,CNXIA
OFFRAAGKK,CNWGQ,CNXIA
OARANKKKK,CNWGQ,CNXIA
OARARSKKK,CNWGQ,CNXIA
OARANAKKK,CNWGQ,CNXIA
OFFNYRGKK,CNWGQ,CNXIA
OARANAKKK,CNWGQ,CNXIA
OFFOGONKK,CNWGQ,CNXIA
OARANKKKK,CNWGQ,CNXIA
OARARSKKK,CNWGQ,CNXIA
OARARSKKK,CNWGQ,CNXIA
OARAGYKKK,CNWGQ,CNXIA
OARANKKKK,CNWGQ,CNXIA
OARAGYKKK,CNWGQ,CNXIA
CRNKGSKCN,CNWGQ,CNXIA
OFFNYRGKK,CNWGQ,CNXIA
OARKGNKKK,CNWGQ,CNXIA
OFFKKOFKK,CNWGQ,CNXIA
OFFFGNYKK,CNWGQ,CNXIA
OARARSKKK,CNWGQ,CNXIA
OARANAKKK,CNWGQ,CNXIA
OFFRAAGKK,CNWGQ,CNXIA
OARANKKKK,CNWGQ,CNXIA
OFFRAAGKK,CNWGQ,CNXIA
OARAOSKKK,CNWGQ,CNXIA
OARAOYKKK,CNWGQ,CNXIA
OARARSKKK,CNWGQ,CNXIA
OARAGYKKK,CNWGQ,CNXIA
OARAGYKKK,CNWGQ,CNXIA
OARAGYKKK,CNWGQ,CNXIA
OARAOSKKK,CNWGQ,CNXIA
OARARSKKK,CNWGQ,CNXIA
OARARSKKK,CNWGQ,CNXIA
OFFNYRGKK,CNWGQ,CNXIA
OAOFNCKKK,CNWGQ,CNXIA
OFFNYRGKK,CNWGQ,CNXIA
OFFOGONKK,CNWGQ,CNXIA
OARANKKKK,CNWGQ,CNXIA
OFFOGONKK,CNWGQ,CNXIA
OARARSKKK,CNWGQ,CNXIA
OARAOSKKK,CNWGQ,CNXIA
OFFOGONKK,CNWGQ,CNXIA
OARAGYKKK,CNWGQ,CNXIA
OARAGYKKK,CNWGQ,CNXIA
OFFFGNYKK,CNWGQ,CNXIA
OARANKKKK,CNWGQ,CNXIA
OARANKKKK,CNWGQ,CNXIA
OARAGYKKK,CNWGQ,CNXIA
OFFOGONKK,CNWGQ,CNXIA
OFFNYRGKK,CNWGQ,CNXIA
OFFASYRKK,CNWGQ,CNYSN
OARANYKKK,CNWGQ,CNYSN
OARAFRKKK,CNWGQ,CNYSN
OARAFRKKK,CNWGQ,CNYSN
OARAFRKKK,CNWGQ,CNYSN
OARAONKKK,CNWGQ,CNYSN
OARAOCKKK,CNWGQ,CNYSN
OARKNYKKK,CNWGQ,CNYSN
OARAFRKKK,CNWGQ,CNYSN
OFFOOASKK,CNWGQ,CNYSN
OAOFARKKK,CNWGQ,CNYSN
OFFKFFSKK,CNWGQ,CNYSN
OFFKKAFKK,CNWGQ,CNYTN
OFFKKOFKK,CNWGQ,CNYTN
OARKFOKKK,CNWGQ,CNZOS
OARCSFCFK,CNWGQ,CNZOS
OARAGYKKK,CNWGQ,CNZOS
OAOFSYKKK,CNWGQ,CNZOS
OARSOSKKK,CNWGQ,CNZOS
OARAFKKKK,CNWGQ,CNZOS
OARSOSKKK,CNWGQ,CNZOS
OARANOKKK,CNWGQ,CNZOS
OARAFKKKK,CNWGQ,CNZOS
RNOSSGKKK,CNWGQ,CNZOS
OARSOSKKK,CNWGQ,CNZOS
OARKFOKKK,CNWGQ,CNZOS
OAOFCYKKK,CNWGQ,CNZOS
OAOFCYKKK,CNWGQ,CNZOS
OARKFOKKK,CNWGQ,CNZOS
OARAGCKKK,CNWGQ,CNZOS
OAOFKNKKK,CNWGQ,CNZOS
OARAYFKKK,CNWGQ,CNZOS
OARAGCKKK,CNWGQ,CNZOS
OARKFOKKK,CNWGQ,CNZOS
OAOFSYKKK,CNWGQ,CNZOS
OARAGCKKK,CNWGQ,CNZOS
RNCANRKKK,CNWGQ,CNZOS
OARAFKKKK,CNWGQ,CNZOS
OARKFOKKK,CNWGQ,CNZOS
OARKFOKKK,CNWGQ,CNZOS
OARAGCKKK,CNWGQ,CNZOS
OARAGCKKK,CNWGQ,CNZOS
OARKFOKKK,CNWGQ,CNZOS
OARKNKKKK,CNWGQ,CNZOS
OARANCKKK,CNWGQ,CNZOS
OARAGCKKK,CNWGQ,CNZOS
OARKFOKKK,CNWGQ,CNZOS
OARSOSKKK,CNWGQ,CNZOS
OARKFOKKK,CNWGQ,CNZOS
OARKFOKKK,CNWGQ,CNZOS
OARAFKKKK,CNWGQ,CNZOS
OARAFKKKK,CNWGQ,CNZOS
OARAFKKKK,CNWGQ,CNZOS
OARSOSKKK,CNWGQ,CNZOS
OARANOKKK,CNWGQ,CNZOS
OARANRKKK,CNWGQ,HKHKG
OARCYNYGK,CNWGQ,JPOSK
OARCYNYGK,CNWGQ,JPOSK
OARCYNYGK,CNWGQ,JPOSK
OARCYNYGK,CNWGQ,JPTOK
OARCYNYGK,CNWGQ,JPTOK
OARCYNYGK,CNWGQ,JPTOK
OARCYNYGK,CNWGQ,JPYOK
OARCYNYGK,CNWGQ,JPYOK
RNCANRKKK,CNWGQ,KRBUS
RNCANRKKK,CNWGQ,KRBUS
RNCANRKKK,CNWGQ,KRBUS
RNCANRKKK,CNWGQ,KRBUS
RNCANRKKK,CNWGQ,KRBUS
RNCANRKKK,CNWGQ,KRBUS
RNCANRKKK,CNWGQ,KRBUS
RNCANRKKK,CNWGQ,KRBUS
RNCANRKKK,CNWGQ,KRBUS
RNCANRKKK,CNWGQ,KRBUS
RNCANRKKK,CNWGQ,KRBUS
RNCANRKKK,CNWGQ,KRBUS
RNCANRKKK,CNWGQ,KRBUS
RNRKGGKKK,CNWGQ,KRBUS
RNCANRKKK,CNWGQ,KRBUS
RNCANRKKK,CNWGQ,KRBUS
RNCANRKKK,CNWGQ,KRBUS
RNRKGGKKK,CNWGQ,KRBUS
RNCANRKKK,CNWGQ,KRBUS
RNCANRKKK,CNWGQ,KRBUS
RNCANRKKK,CNWGQ,KRBUS
RNCANRKKK,CNWGQ,KRBUS
RNCANRKKK,CNWGQ,KRBUS
RNCANRKKK,CNWGQ,KRBUS
RNAFKKKKK,CNWGQ,KRGWA
RNCANRKKK,CNWGQ,KRGWA
RNRKGGKKK,CNWGQ,KRGWA
RNCANRKKK,CNWGQ,KRGWA
OFFGCARKK,CNWGQ,PHBAT
OARKNKKKK,CNWGQ,TWKAO
OARKNKKKK,CNWGQ,TWKAO
OARKNKKKK,CNWGQ,TWKAO
OARKNKKKK,CNWGQ,TWKAO
OARKNKKKK,CNWGQ,TWKAO
OARKNKKKK,CNWGQ,TWKAO
OACNCRSYK,CNXIA,CNBAO
OARAOCKKK,CNXIA,CNBYQ
OACONKKKK,CNXIA,CNBYQ
OACGRRKKK,CNXIA,CNBYQ
OARYGNKKK,CNXIA,CNBYQ
OARAOCKKK,CNXIA,CNBYQ
OARANRKKK,CNXIA,CNBYQ
OACFAOKKK,CNXIA,CNBYQ
OARAOCKKK,CNXIA,CNBYQ
OACGNOKKK,CNXIA,CNCHS
OACCGKKKK,CNXIA,CNCHS
OACCGKKKK,CNXIA,CNCJK
OACONKKKK,CNXIA,CNDSN
OACONKKKK,CNXIA,CNDSN
OACONKKKK,CNXIA,CNDSN
OACONKKKK,CNXIA,CNDSN
OACONKKKK,CNXIA,CNDSN
OFFAYOSKK,CNXIA,CNFUN
OAROYAASK,CNXIA,CNGLA
OFFNNYFKK,CNXIA,CNHPU
OAOFFFKKK,CNXIA,CNHUA
OARACRKKK,CNXIA,CNHUA
OACAOYKKK,CNXIA,CNHUA
OACFOGKKK,CNXIA,CNJIN
OACFOGKKK,CNXIA,CNJIN
OARFGKKKK,CNXIA,CNJIN
OARFGKKKK,CNXIA,CNJIN
OARAOCKKK,CNXIA,CNJIN
OARFGRKKK,CNXIA,CNJIN
OARFGRKKK,CNXIA,CNJIN
OACACOKKK,CNXIA,CNJIT
OAOFCNKKK,CNXIA,CNLYW
OAOCCRKKK,CNXIA,CNLYW
OARKKRKKK,CNXIA,CNLYW
OFFNYRGKK,CNXIA,CNMWN
OFFNYRGKK,CNXIA,CNMWN
OFFFACOKK,CNXIA,CNNBO
OARASNKKK,CNXIA,CNNBO
OFFSRCCKK,CNXIA,CNNBO
OFFFACOKK,CNXIA,CNNBO
OACNNGKKK,CNXIA,CNNBO
OARARSKKK,CNXIA,CNNSA
OFFCRRRKK,CNXIA,CNNSA
OFFRAAGKK,CNXIA,CNNSA
OFFFACSKK,CNXIA,CNNSA
OFFCRCSKK,CNXIA,CNNSA
OARKNSKKK,CNXIA,CNNSA
OFFKRKFKK,CNXIA,CNNSA
OFFKRKFKK,CNXIA,CNNSA
OFFOGONKK,CNXIA,CNNSA
OFFCAROKK,CNXIA,CNNSA
OFFCRCSKK,CNXIA,CNNSA
OFFOGRNKK,CNXIA,CNNSA
OFFKRKFKK,CNXIA,CNNSA
OFFKRKFKK,CNXIA,CNNSA
OFFARYYKK,CNXIA,CNNSA
RNGNSAKKK,CNXIA,CNNSA
OARANKKKK,CNXIA,CNNSA
OFFOCFNKK,CNXIA,CNNSA
OARANKKKK,CNXIA,CNNSA
OARANKKKK,CNXIA,CNNSA
OFFOCFNKK,CNXIA,CNNSA
OARANKKKK,CNXIA,CNNSA
OARANKKKK,CNXIA,CNNSA
OFFOCOGKK,CNXIA,CNNSA
OARARSKKK,CNXIA,CNNSA
OFFOCOGKK,CNXIA,CNNSA
OFFOCOGKK,CNXIA,CNNSA
OARARSKKK,CNXIA,CNNSA
OFFOCOGKK,CNXIA,CNNSA
OARAGYKKK,CNXIA,CNNSA
OFFOCRSKK,CNXIA,CNNSA
OARARSKKK,CNXIA,CNNSA
OARARSKKK,CNXIA,CNNSA
OARAGYKKK,CNXIA,CNNSA
OARAGYKKK,CNXIA,CNNSA
OARARSKKK,CNXIA,CNNSA
OARAGYKKK,CNXIA,CNNSA
OARAGYKKK,CNXIA,CNNSA
OARANKKKK,CNXIA,CNNSA
OARARSKKK,CNXIA,CNNSA
OARARSKKK,CNXIA,CNNSA
OARARSKKK,CNXIA,CNNSA
OFFAKKRKK,CNXIA,CNNSA
OARARSKKK,CNXIA,CNNSA
OFFAKKRKK,CNXIA,CNNSA
OARARSKKK,CNXIA,CNNSA
OARANKKKK,CNXIA,CNNSA
OARAGYKKK,CNXIA,CNNSA
OARANKKKK,CNXIA,CNNSA
OARANKKKK,CNXIA,CNNSA
OARAGYKKK,CNXIA,CNNSA
OARAGYKKK,CNXIA,CNNSA
OFFCRRRKK,CNXIA,CNNSA
OFFOCRSKK,CNXIA,CNNSA
OARAGYKKK,CNXIA,CNNSA
OARAGYKKK,CNXIA,CNNSA
OFFGYSGKK,CNXIA,CNNSA
OARAFRKKK,CNXIA,CNNSA
OFFFGNYKK,CNXIA,CNNSA
OARAGYKKK,CNXIA,CNNSA
OARAGYKKK,CNXIA,CNNSA
OFFFGNYKK,CNXIA,CNNSA
OFFGYSGKK,CNXIA,CNNSA
OFFFNCOKK,CNXIA,CNNSA
OFFCRRRKK,CNXIA,CNNSA
OFFYGRSKK,CNXIA,CNNSA
OFFYGRSKK,CNXIA,CNNSA
OFFAYOOKK,CNXIA,CNNSA
OFFGRCNKK,CNXIA,CNQIN
OARKNNKKK,CNXIA,CNQIN
OFFCAROKK,CNXIA,CNQIN
OAROFAYFK,CNXIA,CNQUA
CRNKGSKCY,CNXIA,CNSHE
CRNKGSKCY,CNXIA,CNSHE
CRNKGSKCY,CNXIA,CNSHE
OARAOSKKK,CNXIA,CNSHE
CRNKGSKRA,CNXIA,CNSHE
OARKGNKKK,CNXIA,CNSHE
CRNKGSKCY,CNXIA,CNSHE
CRNKGSKRA,CNXIA,CNSHE
CRNKGSKCY,CNXIA,CNSHE
CRNKGSKCY,CNXIA,CNSHE
CRNKGSKCY,CNXIA,CNSHE
OAOFKKKKK,CNXIA,CNSHE
CRNKGSKRA,CNXIA,CNSHE
OARANAKKK,CNXIA,CNSHE
OARACNKKK,CNXIA,CNSHE
OARAOSKKK,CNXIA,CNSHE
OARACNKKK,CNXIA,CNSHE
OAOFNCKKK,CNXIA,CNSHE
OARACNKKK,CNXIA,CNSHE
OFFAASGKK,CNXIA,CNSHE
OFFARYYKK,CNXIA,CNSHE
OFFAASGKK,CNXIA,CNSHE
OARANAKKK,CNXIA,CNSHE
OARACNKKK,CNXIA,CNSHE
OFFARYYKK,CNXIA,CNSHE
OFFOGONKK,CNXIA,CNSHE
OARACNKKK,CNXIA,CNSHE
OAOFNCKKK,CNXIA,CNSHE
CRNKGSKRA,CNXIA,CNSHE
CRNKGSKRA,CNXIA,CNSHE
OARANAKKK,CNXIA,CNSHE
OARANAKKK,CNXIA,CNSHE
OARACNKKK,CNXIA,CNSHE
OARAOSKKK,CNXIA,CNSHE
CRNKGSKRA,CNXIA,CNSHE
CRNKGSKRA,CNXIA,CNSHE
OFFRAAGKK,CNXIA,CNSHE
CRNKGSKRA,CNXIA,CNSHE
OARANAKKK,CNXIA,CNSHE
OARAOSKKK,CNXIA,CNSHE
OFFKNFAKK,CNXIA,CNSHE
OFFKNFAKK,CNXIA,CNSHE
OARANAKKK,CNXIA,CNSHE
OFFKNFAKK,CNXIA,CNSHE
OARACNKKK,CNXIA,CNSHE
OFFKNFAKK,CNXIA,CNSHE
CRNKGSKCY,CNXIA,CNSHE
OARACNKKK,CNXIA,CNSHE
OFFAASGKK,CNXIA,CNSHE
OFFOGONKK,CNXIA,CNSHE
OFFOGONKK,CNXIA,CNSHE
OARAOSKKK,CNXIA,CNSHE
CRNKGSKCY,CNXIA,CNSHE
OFFRAAGKK,CNXIA,CNSHE
OFFOGONKK,CNXIA,CNSHE
CRNKGSKRA,CNXIA,CNSHE
CRNKGFYSF,CNXIA,CNTJN
OFFSANRKK,CNXIA,CNTJN
OACKNGKKK,CNXIA,CNTJN
OFFOGROKK,CNXIA,CNWGQ
OARKNYKKK,CNXIA,CNWGQ
OFFKSYRKK,CNXIA,CNWGQ
OAOFOSKKK,CNXIA,CNWGQ
OFFCSGRKK,CNXIA,CNYSN
OFFAGSOKK,CNXIA,CNYSN
OFFAGSOKK,CNXIA,CNYSN
RNNSKSKKK,CNXIA,CNYSN
OFFAGSOKK,CNXIA,CNYSN
OFFANSFKK,CNXIA,CNYSN
OFFFACSKK,CNXIA,CNYSN
OARAGNKKK,CNXIA,CNYSN
OARAFAKKK,CNXIA,CNYSN
OFFAYOSKK,CNXIA,CNYSN
OAORKRKKK,CNXIA,CNYSN
OARAFAKKK,CNXIA,CNYSN
OARANYKKK,CNXIA,CNYSN
OARKGRKKK,CNXIA,CNYSN
OFFAYOSKK,CNXIA,CNYSN
OFFCSGRKK,CNXIA,CNYSN
OFFAGSOKK,CNXIA,CNYSN
OARAGFKKK,CNXIA,CNYSN
OFFCSGRKK,CNXIA,CNYSN
OARANYKKK,CNXIA,CNYSN
OFFCCYOKK,CNXIA,CNYSN
OFFAGSOKK,CNXIA,CNYSN
OFFCSGRKK,CNXIA,CNYSN
OFFFACSKK,CNXIA,CNYSN
OFFYGFSKK,CNXIA,CNYTN
OFFKKOFKK,CNXIA,CNYTN
OFFSRCRKK,CNXIA,CNYTN
OFFFGNSKK,CNXIA,CNYTN
OFFYGFSKK,CNXIA,CNYTN
OFFKKAFKK,CNXIA,CNYTN
OFFASYRKK,CNXIA,CNYTN
OFFASYRKK,CNXIA,CNYTN
OFFKFFSKK,CNXIA,CNYTN
OFFKKAFKK,CNXIA,CNYTN
OFFFGNSKK,CNXIA,CNYTN
OFFYGRSKK,CNXIA,CNYTN
OFFRAYRKK,CNXIA,CNYTN
OFFRASCKK,CNXIA,CNYTN
OFFARYYKK,CNXIA,CNYTN
OFFOOASKK,CNXIA,CNYTN
OFFKKOFKK,CNXIA,CNYTN
OFFSRCRKK,CNXIA,CNYTN
OFFRASCKK,CNXIA,CNYTN
OFFYGFFKK,CNXIA,CNYTN
OFFRASCKK,CNXIA,CNYTN
OFFFGNSKK,CNXIA,CNYTN
OFFFGNSKK,CNXIA,CNYTN
OFFCRCSKK,CNXIA,CNYTN
OFFKFFSKK,CNXIA,CNYTN
OARAOYKKK,CNXIA,CNYTN
OFFYGFFKK,CNXIA,CNYTN
OFFYGFFKK,CNXIA,CNYTN
OFFFGNSKK,CNXIA,CNYTN
OFFOOASKK,CNXIA,CNYTN
OFFOGOOKK,CNXIA,CNYTN
OFFCGYRKK,CNXIA,CNYTN
OFFKKOFKK,CNXIA,CNYTN
OFFOOASKK,CNXIA,CNYTN
OFFKKAFKK,CNXIA,CNYTN
OARAOYKKK,CNXIA,CNYTN
OARAOYKKK,CNXIA,CNYTN
OFFYGFFKK,CNXIA,CNYTN
OFFYGFSKK,CNXIA,CNYTN
OFFAKKRKK,CNXIA,CNYTN
OARAFRKKK,CNXIA,CNYTN
OFFOOASKK,CNXIA,CNYTN
OFFKKOFKK,CNXIA,CNYTN
OFFOOASKK,CNXIA,CNYTN
RFCYROKKK,CNXIA,CNYTN
OFFAAFOKK,CNXIA,CNYTN
OFFCGYRKK,CNXIA,CNYTN
OFFYGFSKK,CNXIA,CNYTN
OFFRASCKK,CNXIA,CNYTN
OFFOGOOKK,CNXIA,CNYTN
OFFCRCSKK,CNXIA,CNYTN
OFFSRCRKK,CNXIA,CNYTN
OFFASYRKK,CNXIA,CNYTN
OFFOGOOKK,CNXIA,CNYTN
OFFCGYRKK,CNXIA,CNYTN
OARAOFKKK,CNXIA,CNYTN
RFCYROKKK,CNXIA,CNYTN
OARAOFKKK,CNXIA,CNYTN
OFFCRCSKK,CNXIA,CNYTN
OFFOGOOKK,CNXIA,CNYTN
OFFASYRKK,CNXIA,CNYTN
OFFOGOOKK,CNXIA,CNYTN
OFFSRCRKK,CNXIA,CNYTN
OFFRSYCKK,CNXIA,CNYZH
OAOFAYKKK,CNXIA,CNZHA
OARACNKKK,CNXIA,CNZOS
OFFOGRNKK,CNXIA,HKHKG
OFFOCFNKK,CNXIA,HKHKG
OFFOCFNKK,CNXIA,HKHKG
OFFOCRSKK,CNXIA,HKHKG
OFFOGROKK,CNXIA,HKHKG
OFFOGRNKK,CNXIA,HKHKG
OFFNYRGKK,CNXIA,HKHKG
OFFOCRSKK,CNXIA,HKHKG
OFFOGRNKK,CNXIA,HKHKG
OFFNYRGKK,CNXIA,HKHKG
OFFOGRNKK,CNXIA,HKHKG
OFFOGRNKK,CNXIA,HKHKG
OFFFACSKK,CNXIA,HKHKG
OFFAAFOKK,CNXIA,HKHKG
OFFAAFOKK,CNXIA,HKHKG
OFFFNCOKK,CNXIA,HKHKG
OFFCRRRKK,CNXIA,HKHKG
OFFSRCCKK,CNXIA,HKHKG
RNGNSAKKK,CNXIA,HKHKG
OFFNYRGKK,CNXIA,HKHKG
CRNKGSKNA,CNXIA,HKHKG
OFFNYRGKK,CNXIA,HKHKG
OFFFNCOKK,CNXIA,HKHKG
OARAFRKKK,CNXIA,HKHKG
OFFFNCOKK,CNXIA,HKHKG
OFFYGRSKK,CNXIA,HKHKG
OAOKFYKKK,CNXIA,IDSAM
OARRRFKKK,CNXIA,IDTAB
OFFCYRNKK,CNXIA,IDTAI
RNFKCNKKK,CNXIA,JPTOK
RNFKCNKKK,CNXIA,JPTOK
RNNOFOKKK,CNXIA,JPTOK
RNNOFOKKK,CNXIA,JPTOK
RNFKCNKKK,CNXIA,JPTOK
RNFKCNKKK,CNXIA,JPTOK
RNFKCNKKK,CNXIA,JPTOK
RNNOFOKKK,CNXIA,JPTOK
RNFKCNKKK,CNXIA,JPTOK
RNFKCNKKK,CNXIA,JPTOK
RNFKCNKKK,CNXIA,JPTOK
RNFKCNKKK,CNXIA,JPTOK
RNNOFOKKK,CNXIA,JPTOK
RNCONGKKK,CNXIA,JPTOK
RNFKCNKKK,CNXIA,JPTOK
RNNOFOKKK,CNXIA,JPTOK
RNNOFOKKK,CNXIA,JPTOK
RNNOFOKKK,CNXIA,JPTOK
RNNOFOKKK,CNXIA,JPTOK
CRNKGFYSF,CNXIA,KRINC
CRNKGFYSF,CNXIA,KRINC
CRNKGFYSF,CNXIA,KRINC
CRNKGSKNA,CNXIA,KRINC
CRNKGFYSF,CNXIA,KRINC
CRNKGSKNA,CNXIA,KRINC
CRNKGSKNA,CNXIA,KRINC
CRNKGSKNA,CNXIA,KRINC
CRNKGSKNA,CNXIA,KRINC
CRNKGSKNA,CNXIA,KRINC
CRNKGFYSF,CNXIA,KRINC
OARKFRKKK,CNXIA,KRINC
CRNKGFYSF,CNXIA,KRINC
CRNKGSKNA,CNXIA,KRINC
OFFRAAGKK,CNXIA,SGSGP
OFFOGONKK,CNXIA,SGSGP
OFFCGYRKK,CNXIA,SGSGP
OAOFKKKKK,CNXIA,SGSGP
OAROFYAAK,CNXIA,TWHLN
GRGKAYRNC,CNXIA,TWHLN
OAROSYYCK,CNXIA,TWHLN
GRGKAYRNC,CNXIA,TWHLN
OFFOGROKK,CNXIA,TWKAO
OFFFNCOKK,CNXIA,TWKAO
OFFOGROKK,CNXIA,TWKAO
OFFNNYFKK,CNXIA,TWKEE
OFFNNYFKK,CNXIA,TWKEE
OFFNNYFKK,CNXIA,TWKEE
OFFNNYFKK,CNXIA,TWKEE
OFFNNYFKK,CNXIA,TWKEE
OFFNNYFKK,CNXIA,TWKEE
OFFNNYFKK,CNXIA,TWKEE
OFFNNYFKK,CNXIA,TWKEE
OFFNNYFKK,CNXIA,TWKEE
OFFNNYFKK,CNXIA,TWKEE
OFFNNYFKK,CNXIA,TWKEE
OFFNNYFKK,CNXIA,TWKEE
OFFNNYFKK,CNXIA,TWKEE
OFFNNYFKK,CNXIA,TWKEE
OFFNNYFKK,CNXIA,TWKEE
OFFNNYFKK,CNXIA,TWKEE
OFFNNYFKK,CNXIA,TWKEE
OFFNNYFKK,CNXIA,TWKEE
OFFNNYFKK,CNXIA,TWKEE
OFFNNYFKK,CNXIA,TWKEE
OFFNNYFKK,CNXIA,TWKEE
OFFNNYFKK,CNXIA,TWKEE
OFFNNYFKK,CNXIA,TWKEE
OFFNNYFKK,CNXIA,TWKEE
OFFNNYFKK,CNXIA,TWKEE
OFFNNYFKK,CNXIA,TWKEE
OFFNNYFKK,CNXIA,TWKEE
OFFNNYFKK,CNXIA,TWKEE
OFFNNYFKK,CNXIA,TWKEE
OFFNNYFKK,CNXIA,TWKEE
OFFNNYFKK,CNXIA,TWKEE
OFFNNYFKK,CNXIA,TWKEE
OFFNNYFKK,CNXIA,TWKEE
OFFNNYFKK,CNXIA,TWKEE
OFFNNYFKK,CNXIA,TWKEE
OFFNNYFKK,CNXIA,TWKEE
OFFNNYFKK,CNXIA,TWKEE
OFFNNYFKK,CNXIA,TWKEE
OFFNNYFKK,CNXIA,TWKEE
OFFNNYFKK,CNXIA,TWKEE
OFFNNYFKK,CNXIA,TWKEE
OFFNNYFKK,CNXIA,TWKEE
OFFNNYFKK,CNXIA,TWKEE
OFFNNYFKK,CNXIA,TWKEE
OFFNNYFKK,CNXIA,TWKEE
OFFNNYFKK,CNXIA,TWKEE
OFFNNYFKK,CNXIA,TWKEE
OFFNNYFKK,CNXIA,TWKEE
OFFNNYFKK,CNXIA,TWKEE
OFFNNYFKK,CNXIA,TWTCH
OFFNNYFKK,CNXIA,TWTCH
OFFNNYFKK,CNXIA,TWTCH
OFFNNYFKK,CNXIA,TWTCH
OFFNNYFKK,CNXIA,TWTCH
OFFNNYFKK,CNXIA,TWTCH
OFFNNYFKK,CNXIA,TWTCH
OFFNNYFKK,CNXIA,TWTCH
OFFNNYFKK,CNXIA,TWTCH
OFFNNYFKK,CNXIA,TWTCH
OFFNNYFKK,CNXIA,TWTCH
OFFNNYFKK,CNXIA,TWTCH
OFFNNYFKK,CNXIA,TWTCH
OFFNNYFKK,CNXIA,TWTCH
OFFNNYFKK,CNXIA,TWTCH
OFFNNYFKK,CNXIA,TWTCH
OFFNNYFKK,CNXIA,TWTCH
OFFNNYFKK,CNXIA,TWTCH
OFFNNYFKK,CNXIA,TWTCH
OFFNNYFKK,CNXIA,TWTCH
OFFNNYFKK,CNXIA,TWTCH
OFFNNYFKK,CNXIA,TWTCH
OFFNNYFKK,CNXIA,TWTCH
OFFNNYFKK,CNXIA,TWTCH
OFFNNYFKK,CNXIA,TWTCH
OFFNNYFKK,CNXIA,TWTCH
OFFNNYFKK,CNXIA,TWTCH
OFFNNYFKK,CNXIA,TWTCH
OFFNNYFKK,CNXIA,TWTCH
OFFNNYFKK,CNXIA,TWTCH
OFFNNYFKK,CNXIA,TWTCH
OFFNNYFKK,CNXIA,TWTCH
OFFNNYFKK,CNXIA,TWTCH
OFFNNYFKK,CNXIA,TWTCH
OFFNNYFKK,CNXIA,TWTCH
OFFNNYFKK,CNXIA,TWTCH
OFFNNYFKK,CNXIA,TWTCH
OFFNNYFKK,CNXIA,TWTCH
OFFNNYFKK,CNXIA,TWTCH
OFFNNYFKK,CNXIA,TWTCH
OFFNNYFKK,CNXIA,TWTCH
OFFNNYFKK,CNXIA,TWTCH
OFFNNYFKK,CNXIA,TWTCH
OFFNNYFKK,CNXIA,TWTCH
OFFNNYFKK,CNXIA,TWTCH
OFFNNYFKK,CNXIA,TWTCH
OFFNNYFKK,CNXIA,TWTCH
OFFNNYFKK,CNXIA,TWTCH
OFFNNYFKK,CNXIA,TWTCH
OFFKKOFKK,CNXIA,USHOU
OFFKKAFKK,CNXIA,USHOU
OFFSRCRKK,CNXIA,USHOU
OFFOOASKK,CNXIA,USLGB
OAOFFCKKK,CNXIA,VNNGH
OARRFGRYK,CNXSN,CNBYQ
OARRKCNAK,CNXSN,CNBYQ
OARRKCNAK,CNXSN,CNCFD
OARRKCNAK,CNXSN,CNCFD
OACRFSFOK,CNXSN,CNCFD
OARRKCNAK,CNXSN,CNCFD
OAOFSCKKK,CNXSN,CNCFD
OARRKCNAK,CNXSN,CNCFD
OARRKCNCK,CNXSN,CNCFD
OARRFGRYK,CNXSN,CNCFD
OARCGARFK,CNXSN,CNCFD
OARCGARSK,CNXSN,CNCFD
OARRKCNAK,CNXSN,CNCFD
OACRFSFOK,CNXSN,CNDDG
OARCGARSK,CNXSN,CNHUA
OARCGARFK,CNXSN,CNHUA
OARCGARFK,CNXSN,CNHUA
OARCGARFK,CNXSN,CNHUA
OARRFGRYK,CNXSN,CNHUA
OARCGARFK,CNXSN,CNHUA
OARCGARFK,CNXSN,CNHUA
OARCGARFK,CNXSN,CNHUA
OARCGANOK,CNXSN,CNHUA
OAOFSCKKK,CNXSN,CNHUA
OARCGAYNK,CNXSN,CNHUA
OAOFSCKKK,CNXSN,CNHUA
OARRFGRYK,CNXSN,CNHUA
OARCGANNK,CNXSN,CNHUA
OARCGAYNK,CNXSN,CNHUA
OARCGARSK,CNXSN,CNHUA
OARCGAYNK,CNXSN,CNHUA
OARCGARSK,CNXSN,CNHUA
OARCGARSK,CNXSN,CNHUA
OARCGARSK,CNXSN,CNHUA
OAOFSCKKK,CNXSN,CNHUA
OARCGARSK,CNXSN,CNHUA
OARCGANNK,CNXSN,CNHUA
OARCGANRK,CNXSN,CNHUA
OAOFSCKKK,CNXSN,CNHUA
OARCGANNK,CNXSN,CNHUA
OARCGAYNK,CNXSN,CNHUA
OARCGARSK,CNXSN,CNHUA
OARCGANRK,CNXSN,CNHUA
OAOFSCKKK,CNXSN,CNHUA
OARCGANRK,CNXSN,CNHUA
OARCGANRK,CNXSN,CNHUA
OARCGANNK,CNXSN,CNHUA
OARCGANRK,CNXSN,CNHUA
OARCGANNK,CNXSN,CNHUA
OARCGANRK,CNXSN,CNHUA
OARCGARSK,CNXSN,CNHUA
OARCGARSK,CNXSN,CNHUA
OAOFSCKKK,CNXSN,CNHUA
OARCGANNK,CNXSN,CNHUA
OARCGANRK,CNXSN,CNHUA
OARCGANRK,CNXSN,CNHUA
OARCGANOK,CNXSN,CNHUA
OARCGARSK,CNXSN,CNHUA
OARRKCNCK,CNXSN,CNHUA
OAOFSCKKK,CNXSN,CNHUA
OARCGANOK,CNXSN,CNHUA
OAOFSCKKK,CNXSN,CNHUA
OARCGARSK,CNXSN,CNHUA
OARRKCNCK,CNXSN,CNHUA
OARRKCNCK,CNXSN,CNHUA
OARRKCNCK,CNXSN,CNJIT
OARCGANNK,CNXSN,CNJIT
OAOFSCKKK,CNXSN,CNJIT
OARRKCNAK,CNXSN,CNJIT
OARCGANRK,CNXSN,CNJIT
OARRKCNCK,CNXSN,CNJIT
OARRKCNAK,CNXSN,CNJIT
OARRFGRYK,CNXSN,CNJIT
OARRKCNAK,CNXSN,CNJIT
OARCGANNK,CNXSN,CNJIT
OAOFSCKKK,CNXSN,CNJIT
OARRKCNCK,CNXSN,CNJIT
OARRFGRYK,CNXSN,CNJIT
OARRKCNAK,CNXSN,CNJIT
OACRFSFOK,CNXSN,CNJIT
OARRKCNCK,CNXSN,CNNBO
OAOFSCKKK,CNXSN,CNNBO
OARCGARSK,CNXSN,CNNBO
OARCGANOK,CNXSN,CNNBO
OARCGARSK,CNXSN,CNNBO
OACRFSFOK,CNXSN,CNQHD
OARRFGRYK,CNXSN,CNQHD
OARCGANOK,CNXSN,CNQHD
OARRKCNAK,CNXSN,CNQHD
OARRKCNCK,CNXSN,CNQHD
OARCGANNK,CNXSN,CNQHD
OACRFSFOK,CNXSN,CNQHD
OAOFSCKKK,CNXSN,CNQHD
OACRFSFOK,CNXSN,CNQHD
OAOFSCKKK,CNXSN,CNTJN
OAOFSCKKK,CNXSN,CNTJN
OARCGARSK,CNXSN,CNTJN
OAOFSCKKK,CNXSN,CNTJN
OARCGARFK,CNXSN,CNTJN
OACRFSFOK,CNXSN,CNTJN
OARCGARSK,CNXSN,CNTJN
OAOFSCKKK,CNXSN,CNTJN
OARCGANOK,CNXSN,CNTJN
OAOFSCKKK,CNXSN,CNTJN
OARCGANRK,CNXSN,CNTJN
OARCGARFK,CNXSN,CNTJN
OARCGARSK,CNXSN,CNTJN
OARCGARSK,CNXSN,CNTJN
OAOFSCKKK,CNXSN,CNTJN
OARCGARSK,CNXSN,CNTJN
OAOFSCKKK,CNXSN,CNTJN
OAOFSCKKK,CNXSN,CNTJN
OARCGARSK,CNXSN,CNTJN
OARCGARSK,CNXSN,CNTJN
OAOFSCKKK,CNXSN,CNTJN
OARCGANRK,CNXSN,CNTJN
OAOFSCKKK,CNXSN,CNTJN
OARCGAYNK,CNXSN,CNTJN
OAOFSCKKK,CNXSN,CNTJN
OARCGARSK,CNXSN,CNTJN
OAOFSCKKK,CNXSN,CNTJN
OARCGANOK,CNXSN,CNTJN
OARCGARSK,CNXSN,CNWEI
OACRFSFOK,CNXSN,CNYAN
OARCGAYNK,CNXSN,CNZOS
OFFNNCNKK,CNYAN,AUCPN
OFFGRGAKK,CNYAN,AUPHE
OARAFFKKK,CNYAN,CN9014
OARFRGKKK,CNYAN,CNBYQ
OAOKFGKKK,CNYAN,CNCFD
OARCGARNK,CNYAN,CNCFD
OACRKCSOK,CNYAN,CNCFD
OAOKFGKKK,CNYAN,CNCFD
OARCRSANK,CNYAN,CNCHS
OAROFYYFK,CNYAN,CNCJK
OAOFOOKKK,CNYAN,CNCJK
OAONAKKKK,CNYAN,CNDAL
OAONAKKKK,CNYAN,CNDAL
OAONAKKKK,CNYAN,CNDAL
OAONAKKKK,CNYAN,CNDAL
OAONAKKKK,CNYAN,CNDAL
OAONAKKKK,CNYAN,CNDAL
OAONAKKKK,CNYAN,CNDAL
OAONAKKKK,CNYAN,CNDAL
OAONAKKKK,CNYAN,CNDAL
OAONAKKKK,CNYAN,CNDAL
OACKYAKKK,CNYAN,CNDAL
OARAROKKK,CNYAN,CNDAL
OARACFKKK,CNYAN,CNDAL
OARACFKKK,CNYAN,CNDAL
OACKYAKKK,CNYAN,CNDAL
OARACFKKK,CNYAN,CNDAL
OARACFKKK,CNYAN,CNDAL
OARACFKKK,CNYAN,CNDAL
OARACFKKK,CNYAN,CNDAL
OARACFKKK,CNYAN,CNDAL
OACKYAKKK,CNYAN,CNDAL
OARACFKKK,CNYAN,CNDAL
OARACFKKK,CNYAN,CNDAL
OARACFKKK,CNYAN,CNDAL
OARACFKKK,CNYAN,CNDAL
OACKYAKKK,CNYAN,CNDAL
OARACFKKK,CNYAN,CNDAL
OARACFKKK,CNYAN,CNDAL
OARACFKKK,CNYAN,CNDAL
OARACFKKK,CNYAN,CNDAL
OARACFKKK,CNYAN,CNDAL
OARACFKKK,CNYAN,CNDAL
OARACFKKK,CNYAN,CNDAL
OARACFKKK,CNYAN,CNDAL
OARACFKKK,CNYAN,CNDAL
OARACFKKK,CNYAN,CNDAL
OARACFKKK,CNYAN,CNDAL
OARACFKKK,CNYAN,CNDAL
OARACFKKK,CNYAN,CNDAL
OARACFKKK,CNYAN,CNDAL
OARACFKKK,CNYAN,CNDAL
OARACFKKK,CNYAN,CNDAL
OARACFKKK,CNYAN,CNDAL
OARACFKKK,CNYAN,CNDAL
OARACFKKK,CNYAN,CNDAL
OACKYAKKK,CNYAN,CNDAL
OARACFKKK,CNYAN,CNDAL
OARACFKKK,CNYAN,CNDAL
OARACFKKK,CNYAN,CNDAL
OARACFKKK,CNYAN,CNDAL
OARACFKKK,CNYAN,CNDAL
OARACFKKK,CNYAN,CNDAL
OARACFKKK,CNYAN,CNDAL
OARACFKKK,CNYAN,CNDAL
OARACFKKK,CNYAN,CNDAL
OARACFKKK,CNYAN,CNDAL
OARACFKKK,CNYAN,CNDAL
OACKYAKKK,CNYAN,CNDAL
OARACFKKK,CNYAN,CNDAL
OARACFKKK,CNYAN,CNDAL
OARACFKKK,CNYAN,CNDAL
OARACFKKK,CNYAN,CNDAL
OACKYAKKK,CNYAN,CNDAL
OARACFKKK,CNYAN,CNDAL
OARACFKKK,CNYAN,CNDAL
OARACFKKK,CNYAN,CNDAL
OARACFKKK,CNYAN,CNDAL
OARACFKKK,CNYAN,CNDAL
OACKYAKKK,CNYAN,CNDAL
OACKYAKKK,CNYAN,CNDAL
OARACFKKK,CNYAN,CNDAL
OARACFKKK,CNYAN,CNDAL
OARACFKKK,CNYAN,CNDAL
OARACFKKK,CNYAN,CNDAL
OACKYAKKK,CNYAN,CNDAL
OARACFKKK,CNYAN,CNDAL
OARACFKKK,CNYAN,CNDAL
OARACFKKK,CNYAN,CNDAL
OACKYAKKK,CNYAN,CNDAL
OACKYAKKK,CNYAN,CNDAL
OARACFKKK,CNYAN,CNDAL
OARACFKKK,CNYAN,CNDAL
OARACFKKK,CNYAN,CNDAL
OARACFKKK,CNYAN,CNDAL
OARACFKKK,CNYAN,CNDAL
OARACFKKK,CNYAN,CNDAL
OARACFKKK,CNYAN,CNDAL
OARACFKKK,CNYAN,CNDAL
OARACFKKK,CNYAN,CNDAL
OARACFKKK,CNYAN,CNDAL
OARACFKKK,CNYAN,CNDAL
OACKYAKKK,CNYAN,CNDAL
OARACFKKK,CNYAN,CNDAL
OARACFKKK,CNYAN,CNDAL
OARACFKKK,CNYAN,CNDAL
OARACFKKK,CNYAN,CNDAL
OARACFKKK,CNYAN,CNDAL
OARACFKKK,CNYAN,CNDAL
OARACFKKK,CNYAN,CNDAL
OARACFKKK,CNYAN,CNDAL
OARACFKKK,CNYAN,CNDAL
OARACFKKK,CNYAN,CNDAL
OARACFKKK,CNYAN,CNDAL
OARACFKKK,CNYAN,CNDAL
OARACFKKK,CNYAN,CNDAL
OARACFKKK,CNYAN,CNDAL
OARACFKKK,CNYAN,CNDAL
OARACFKKK,CNYAN,CNDAL
OARACFKKK,CNYAN,CNDAL
OARACFKKK,CNYAN,CNDAL
OARACFKKK,CNYAN,CNDAL
OARACFKKK,CNYAN,CNDAL
OARACFKKK,CNYAN,CNDAL
OARACFKKK,CNYAN,CNDAL
OARACFKKK,CNYAN,CNDAL
OARACFKKK,CNYAN,CNDAL
OARACFKKK,CNYAN,CNDAL
OARACFKKK,CNYAN,CNDAL
OARACFKKK,CNYAN,CNDAL
OARACFKKK,CNYAN,CNDAL
OARACFKKK,CNYAN,CNDAL
OARACFKKK,CNYAN,CNDAL
OARACFKKK,CNYAN,CNDAL
OARACFKKK,CNYAN,CNDAL
OARACFKKK,CNYAN,CNDAL
OARACFKKK,CNYAN,CNDAL
OARACFKKK,CNYAN,CNDAL
OACKYAKKK,CNYAN,CNDAL
OARACFKKK,CNYAN,CNDAL
OARACFKKK,CNYAN,CNDAL
OARACFKKK,CNYAN,CNDAL
OARACFKKK,CNYAN,CNDAL
OARACFKKK,CNYAN,CNDAL
OARACFKKK,CNYAN,CNDAL
OARACFKKK,CNYAN,CNDAL
OARACFKKK,CNYAN,CNDAL
OARACFKKK,CNYAN,CNDAL
OARACFKKK,CNYAN,CNDAL
OARACFKKK,CNYAN,CNDAL
OARACFKKK,CNYAN,CNDAL
OARACFKKK,CNYAN,CNDAL
OARACFKKK,CNYAN,CNDAL
OARACFKKK,CNYAN,CNDAL
OARACFKKK,CNYAN,CNDAL
OARACFKKK,CNYAN,CNDAL
OARACFKKK,CNYAN,CNDAL
OARACFKKK,CNYAN,CNDAL
OARACFKKK,CNYAN,CNDAL
OARACFKKK,CNYAN,CNDAL
OARACFKKK,CNYAN,CNDAL
OACKYAKKK,CNYAN,CNDAL
OARACFKKK,CNYAN,CNDAL
OARACFKKK,CNYAN,CNDAL
OARACFKKK,CNYAN,CNDAL
OARACFKKK,CNYAN,CNDAL
OARACFKKK,CNYAN,CNDAL
OARACFKKK,CNYAN,CNDAL
OARACFKKK,CNYAN,CNDAL
OARACFKKK,CNYAN,CNDAL
OARACFKKK,CNYAN,CNDAL
OACKYAKKK,CNYAN,CNDAL
OARACFKKK,CNYAN,CNDAL
OACKYAKKK,CNYAN,CNDAL
OARACFKKK,CNYAN,CNDAL
OARACFKKK,CNYAN,CNDAL
OACKYAKKK,CNYAN,CNDAL
OARACFKKK,CNYAN,CNDAL
OARACFKKK,CNYAN,CNDAL
OARACFKKK,CNYAN,CNDAL
OARACFKKK,CNYAN,CNDAL
OARACFKKK,CNYAN,CNDAL
OACKYAKKK,CNYAN,CNDAL
OARACFKKK,CNYAN,CNDAL
OARACFKKK,CNYAN,CNDAL
OARACFKKK,CNYAN,CNDAL
OACKYAKKK,CNYAN,CNDAL
OACKYAKKK,CNYAN,CNDAL
OARACFKKK,CNYAN,CNDAL
OARACFKKK,CNYAN,CNDAL
OARACFKKK,CNYAN,CNDAL
OARACFKKK,CNYAN,CNDAL
OARACFKKK,CNYAN,CNDAL
OACKYAKKK,CNYAN,CNDAL
OARACFKKK,CNYAN,CNDAL
OARACFKKK,CNYAN,CNDAL
OARACFKKK,CNYAN,CNDAL
OARACFKKK,CNYAN,CNDAL
OARACFKKK,CNYAN,CNDAL
OARACFKKK,CNYAN,CNDAL
OARACFKKK,CNYAN,CNDAL
OARACFKKK,CNYAN,CNDAL
OARACFKKK,CNYAN,CNDAL
OARACFKKK,CNYAN,CNDAL
OACKYAKKK,CNYAN,CNDAL
OARACFKKK,CNYAN,CNDAL
OACKYAKKK,CNYAN,CNDAL
OARACFKKK,CNYAN,CNDAL
OACCKGORK,CNYAN,CNDAL
OACCKGORK,CNYAN,CNDAL
OACCKGORK,CNYAN,CNDAL
OARACFKKK,CNYAN,CNDAL
OARACFKKK,CNYAN,CNDAL
OARACFKKK,CNYAN,CNDAL
OACCKGORK,CNYAN,CNDAL
OACKYAKKK,CNYAN,CNDAL
OACCKGORK,CNYAN,CNDAL
OARACFKKK,CNYAN,CNDAL
OARACFKKK,CNYAN,CNDAL
OARACFKKK,CNYAN,CNDAL
OACCKGORK,CNYAN,CNDAL
OARACFKKK,CNYAN,CNDAL
OACCKGORK,CNYAN,CNDAL
OACKYAKKK,CNYAN,CNDAL
OARACFKKK,CNYAN,CNDAL
OARACFKKK,CNYAN,CNDAL
OACCKGORK,CNYAN,CNDAL
OARACFKKK,CNYAN,CNDAL
OARACFKKK,CNYAN,CNDAL
OACCKGORK,CNYAN,CNDAL
OARACFKKK,CNYAN,CNDAL
OACCKGORK,CNYAN,CNDAL
OACKYAKKK,CNYAN,CNDAL
OARACFKKK,CNYAN,CNDAL
OARACFKKK,CNYAN,CNDAL
OARACFKKK,CNYAN,CNDAL
OACCKGORK,CNYAN,CNDAL
OARACFKKK,CNYAN,CNDAL
OACCKGORK,CNYAN,CNDAL
OACCKGORK,CNYAN,CNDAL
OARACFKKK,CNYAN,CNDAL
OACCKGORK,CNYAN,CNDAL
OACKYAKKK,CNYAN,CNDAL
OACCKGORK,CNYAN,CNDAL
OACCKGORK,CNYAN,CNDAL
OACCKGORK,CNYAN,CNDAL
OACCKGORK,CNYAN,CNDAL
OACKYAKKK,CNYAN,CNDAL
OACCKGORK,CNYAN,CNDAL
OACCKGORK,CNYAN,CNDAL
OACKYAKKK,CNYAN,CNDAL
OACCKGORK,CNYAN,CNDAL
OACCKGORK,CNYAN,CNDAL
OACCKGORK,CNYAN,CNDAL
OACCKGORK,CNYAN,CNDAL
OACKYAKKK,CNYAN,CNDAL
OACCKGORK,CNYAN,CNDAL
OACCKGORK,CNYAN,CNDAL
OACCKSKRK,CNYAN,CNDAL
OACKYAKKK,CNYAN,CNDAL
OACCKGORK,CNYAN,CNDAL
OACCKGORK,CNYAN,CNDAL
OACCKGORK,CNYAN,CNDAL
OACCKGORK,CNYAN,CNDAL
OACCKGORK,CNYAN,CNDAL
OACCKGORK,CNYAN,CNDAL
OACCKGORK,CNYAN,CNDAL
OACKYAKKK,CNYAN,CNDAL
OACCKGORK,CNYAN,CNDAL
OACCKGORK,CNYAN,CNDAL
OACCKGORK,CNYAN,CNDAL
OACKYAKKK,CNYAN,CNDAL
OACCKGORK,CNYAN,CNDAL
OFFOGONKK,CNYAN,CNDAL
OACYKKKKK,CNYAN,CNDAL
OACYKKKKK,CNYAN,CNDAL
OACCKGORK,CNYAN,CNDAL
OACYKKKKK,CNYAN,CNDAL
OACYKKKKK,CNYAN,CNDAL
OACYKKKKK,CNYAN,CNDAL
OACYKKKKK,CNYAN,CNDAL
OACYKKKKK,CNYAN,CNDAL
OACYKKKKK,CNYAN,CNDAL
OACCKGORK,CNYAN,CNDAL
OACKYAKKK,CNYAN,CNDAL
OACCKGORK,CNYAN,CNDAL
OACYKKKKK,CNYAN,CNDAL
OACCKGORK,CNYAN,CNDAL
OACYKKKKK,CNYAN,CNDAL
OACYKKKKK,CNYAN,CNDAL
OACYKKKKK,CNYAN,CNDAL
OACCKGORK,CNYAN,CNDAL
OACKYAKKK,CNYAN,CNDAL
OACCKGORK,CNYAN,CNDAL
OACYKKKKK,CNYAN,CNDAL
OACYKKKKK,CNYAN,CNDAL
OACCKGORK,CNYAN,CNDAL
OACKYAKKK,CNYAN,CNDAL
OACCKGORK,CNYAN,CNDAL
OACYKKKKK,CNYAN,CNDAL
OACYKKKKK,CNYAN,CNDAL
OACCKGORK,CNYAN,CNDAL
OACYKKKKK,CNYAN,CNDAL
OACCKGORK,CNYAN,CNDAL
OACCKGORK,CNYAN,CNDAL
OACYKKKKK,CNYAN,CNDAL
OACCKGORK,CNYAN,CNDAL
OACYKKKKK,CNYAN,CNDAL
OACCKGORK,CNYAN,CNDAL
OACYKKKKK,CNYAN,CNDAL
OACCKGORK,CNYAN,CNDAL
OACYKKKKK,CNYAN,CNDAL
OACCKGORK,CNYAN,CNDAL
OACYKKKKK,CNYAN,CNDAL
OACKYAKKK,CNYAN,CNDAL
OACYKKKKK,CNYAN,CNDAL
OACCKGORK,CNYAN,CNDAL
OACYKKKKK,CNYAN,CNDAL
OACCKGORK,CNYAN,CNDAL
OACYKKKKK,CNYAN,CNDAL
OACCKGORK,CNYAN,CNDAL
OACYKKKKK,CNYAN,CNDAL
OACYKKKKK,CNYAN,CNDAL
OACYKKKKK,CNYAN,CNDAL
OACYKKKKK,CNYAN,CNDAL
OACYKKKKK,CNYAN,CNDAL
OACCKGORK,CNYAN,CNDAL
OACCKGORK,CNYAN,CNDAL
OACCKGORK,CNYAN,CNDAL
OACYKKKKK,CNYAN,CNDAL
OACYKKKKK,CNYAN,CNDAL
OACKYAKKK,CNYAN,CNDAL
OACCKGORK,CNYAN,CNDAL
OACYKKKKK,CNYAN,CNDAL
OACCKGORK,CNYAN,CNDAL
OACYKKKKK,CNYAN,CNDAL
OACYKKKKK,CNYAN,CNDAL
OACCKGORK,CNYAN,CNDAL
OACYKKKKK,CNYAN,CNDAL
OACYKKKKK,CNYAN,CNDAL
OACCKGORK,CNYAN,CNDAL
OACYKKKKK,CNYAN,CNDAL
OACCKGORK,CNYAN,CNDAL
OACCKGORK,CNYAN,CNDAL
OACKYAKKK,CNYAN,CNDAL
OACYKKKKK,CNYAN,CNDAL
OACYKKKKK,CNYAN,CNDAL
OACCKGORK,CNYAN,CNDAL
OACCKGORK,CNYAN,CNDAL
OACCKGORK,CNYAN,CNDAL
OACCKGORK,CNYAN,CNDAL
OACCKGORK,CNYAN,CNDAL
OACCKGORK,CNYAN,CNDAL
OACYKKKKK,CNYAN,CNDAL
OACCKGORK,CNYAN,CNDAL
OACCKGORK,CNYAN,CNDAL
OACYKKKKK,CNYAN,CNDAL
OACCKGORK,CNYAN,CNDAL
OACKYAKKK,CNYAN,CNDAL
OACCKGORK,CNYAN,CNDAL
OACYKKKKK,CNYAN,CNDAL
OACYKKKKK,CNYAN,CNDAL
OACYKKKKK,CNYAN,CNDAL
OACCKGORK,CNYAN,CNDAL
OACKYAKKK,CNYAN,CNDAL
OACYKKKKK,CNYAN,CNDAL
OACYKKKKK,CNYAN,CNDAL
OACCKGORK,CNYAN,CNDAL
OACYKKKKK,CNYAN,CNDAL
OACCKGORK,CNYAN,CNDAL
OACCKGORK,CNYAN,CNDAL
OACKYAKKK,CNYAN,CNDAL
OACCKGORK,CNYAN,CNDAL
OACYKKKKK,CNYAN,CNDAL
OACYKKKKK,CNYAN,CNDAL
OACYKKKKK,CNYAN,CNDAL
OACYKKKKK,CNYAN,CNDAL
OACYKKKKK,CNYAN,CNDAL
OACCKGORK,CNYAN,CNDAL
OACYKKKKK,CNYAN,CNDAL
OACYKKKKK,CNYAN,CNDAL
OACYKKKKK,CNYAN,CNDAL
OACYKKKKK,CNYAN,CNDAL
OACYKKKKK,CNYAN,CNDAL
OACCKGORK,CNYAN,CNDAL
OACYKKKKK,CNYAN,CNDAL
OACCKGORK,CNYAN,CNDAL
OACYKKKKK,CNYAN,CNDAL
OACYKKKKK,CNYAN,CNDAL
OACYKKKKK,CNYAN,CNDAL
OACCKGORK,CNYAN,CNDAL
OACKYAKKK,CNYAN,CNDAL
OACYKKKKK,CNYAN,CNDAL
OACYKKKKK,CNYAN,CNDAL
OACCKGORK,CNYAN,CNDAL
OACYKKKKK,CNYAN,CNDAL
OACCKGORK,CNYAN,CNDAL
OACYKKKKK,CNYAN,CNDAL
OACCKGORK,CNYAN,CNDAL
OACYKKKKK,CNYAN,CNDAL
OACYKKKKK,CNYAN,CNDAL
OACYKKKKK,CNYAN,CNDAL
OACCKGORK,CNYAN,CNDAL
OACYKKKKK,CNYAN,CNDAL
OACCKGORK,CNYAN,CNDAL
OACYKKKKK,CNYAN,CNDAL
OACCKGORK,CNYAN,CNDAL
OACYKKKKK,CNYAN,CNDAL
OACYKKKKK,CNYAN,CNDAL
OACYKKKKK,CNYAN,CNDAL
OACCKGORK,CNYAN,CNDAL
OACKYAKKK,CNYAN,CNDAL
OACYKKKKK,CNYAN,CNDAL
OACCKGORK,CNYAN,CNDAL
OACYKKKKK,CNYAN,CNDAL
OACYKKKKK,CNYAN,CNDAL
OACCKGORK,CNYAN,CNDAL
OACYKKKKK,CNYAN,CNDAL
OACYKKKKK,CNYAN,CNDAL
OACYKKKKK,CNYAN,CNDAL
OACCKGORK,CNYAN,CNDAL
OACYKKKKK,CNYAN,CNDAL
OACYKKKKK,CNYAN,CNDAL
OACCKGORK,CNYAN,CNDAL
OACKYAKKK,CNYAN,CNDAL
OACYKKKKK,CNYAN,CNDAL
OACYKKKKK,CNYAN,CNDAL
OACCKGORK,CNYAN,CNDAL
OACYKKKKK,CNYAN,CNDAL
OACYKKKKK,CNYAN,CNDAL
OACYKKKKK,CNYAN,CNDAL
OACYKKKKK,CNYAN,CNDAL
OACYKKKKK,CNYAN,CNDAL
OACYKKKKK,CNYAN,CNDAL
OACCKGORK,CNYAN,CNDAL
OACYKKKKK,CNYAN,CNDAL
OACYKKKKK,CNYAN,CNDAL
OACYKKKKK,CNYAN,CNDAL
OACCKGORK,CNYAN,CNDAL
OACYKKKKK,CNYAN,CNDAL
OACYKKKKK,CNYAN,CNDAL
OACYKKKKK,CNYAN,CNDAL
OACCKGORK,CNYAN,CNDAL
OACYKKKKK,CNYAN,CNDAL
OACYKKKKK,CNYAN,CNDAL
OACCKGORK,CNYAN,CNDAL
OACCKGORK,CNYAN,CNDAL
OACCKGORK,CNYAN,CNDAL
OACKYAKKK,CNYAN,CNDAL
OACYKKKKK,CNYAN,CNDAL
OACCKGORK,CNYAN,CNDAL
OACCKGORK,CNYAN,CNDAL
OACYKKKKK,CNYAN,CNDAL
OACKYAKKK,CNYAN,CNDAL
OACCKGORK,CNYAN,CNDAL
OACYKKKKK,CNYAN,CNDAL
OACYKKKKK,CNYAN,CNDAL
OACCKGORK,CNYAN,CNDAL
OACYKKKKK,CNYAN,CNDAL
OACYKKKKK,CNYAN,CNDAL
OACYKKKKK,CNYAN,CNDAL
OACCKGORK,CNYAN,CNDAL
OACYKKKKK,CNYAN,CNDAL
OACCKGORK,CNYAN,CNDAL
OACYKKKKK,CNYAN,CNDAL
OACYKKKKK,CNYAN,CNDAL
OACKYAKKK,CNYAN,CNDAL
OACCKGORK,CNYAN,CNDAL
OACYKKKKK,CNYAN,CNDAL
OACYKKKKK,CNYAN,CNDAL
OACCKGORK,CNYAN,CNDAL
OACCKGORK,CNYAN,CNDAL
OACCKGORK,CNYAN,CNDAL
OACYKKKKK,CNYAN,CNDAL
OACCKGORK,CNYAN,CNDAL
OACYKKKKK,CNYAN,CNDAL
OACCKGORK,CNYAN,CNDAL
OACCKGORK,CNYAN,CNDAL
OACCKGORK,CNYAN,CNDAL
OACCKGORK,CNYAN,CNDAL
OACYKKKKK,CNYAN,CNDAL
OACCKGORK,CNYAN,CNDAL
OACYKKKKK,CNYAN,CNDAL
OACCKGORK,CNYAN,CNDAL
OACCKGORK,CNYAN,CNDAL
OACCKGORK,CNYAN,CNDAL
OACCKGORK,CNYAN,CNDAL
OACCKGORK,CNYAN,CNDAL
OACCKGORK,CNYAN,CNDAL
OACYKKKKK,CNYAN,CNDAL
OACYKKKKK,CNYAN,CNDAL
OACCKGORK,CNYAN,CNDAL
OACCKGORK,CNYAN,CNDAL
OACCKGORK,CNYAN,CNDAL
OACCKGORK,CNYAN,CNDAL
OACYKKKKK,CNYAN,CNDAL
OACYKKKKK,CNYAN,CNDAL
OACCKGORK,CNYAN,CNDAL
OACYKKKKK,CNYAN,CNDAL
OACCKGORK,CNYAN,CNDAL
OACYKKKKK,CNYAN,CNDAL
OACYKKKKK,CNYAN,CNDAL
OACYKKKKK,CNYAN,CNDAL
OACCKGORK,CNYAN,CNDAL
OACYKKKKK,CNYAN,CNDAL
OACKYAKKK,CNYAN,CNDAL
OACCKGORK,CNYAN,CNDAL
OACYKKKKK,CNYAN,CNDAL
OACYKKKKK,CNYAN,CNDAL
OACYKKKKK,CNYAN,CNDAL
OACYKKKKK,CNYAN,CNDAL
OACCKGORK,CNYAN,CNDAL
OACCKGORK,CNYAN,CNDAL
OACYKKKKK,CNYAN,CNDAL
OACCKGORK,CNYAN,CNDAL
OACKYAKKK,CNYAN,CNDAL
OACCKGORK,CNYAN,CNDAL
OACYKKKKK,CNYAN,CNDAL
OACCKGORK,CNYAN,CNDAL
OACYKKKKK,CNYAN,CNDAL
OACCKGORK,CNYAN,CNDAL
OACYKKKKK,CNYAN,CNDAL
OACYKKKKK,CNYAN,CNDAL
OACYKKKKK,CNYAN,CNDAL
OACYKKKKK,CNYAN,CNDAL
OACKYAKKK,CNYAN,CNDAL
OACYKKKKK,CNYAN,CNDAL
OACCKGORK,CNYAN,CNDAL
OACKYAKKK,CNYAN,CNDAL
OACKYAKKK,CNYAN,CNDAL
OACKYAKKK,CNYAN,CNDAL
OACCKGORK,CNYAN,CNDAL
OACYKKKKK,CNYAN,CNDAL
OACCKGORK,CNYAN,CNDAL
OACKYAKKK,CNYAN,CNDAL
OACYKKKKK,CNYAN,CNDAL
OACCKGORK,CNYAN,CNDAL
OACKYAKKK,CNYAN,CNDAL
OACCKGORK,CNYAN,CNDAL
OACCKGORK,CNYAN,CNDAL
OACKYAKKK,CNYAN,CNDAL
OACYKKKKK,CNYAN,CNDAL
OACYKKKKK,CNYAN,CNDAL
OACKYAKKK,CNYAN,CNDAL
OACCKSKRK,CNYAN,CNDAL
OACKYAKKK,CNYAN,CNDAL
OACCKSKRK,CNYAN,CNDAL
OACKYAKKK,CNYAN,CNDAL
OACKYAKKK,CNYAN,CNDAL
OACCKSKRK,CNYAN,CNDAL
OACCKSKRK,CNYAN,CNDAL
OACYKKKKK,CNYAN,CNDAL
OACCKSKRK,CNYAN,CNDAL
OACCKSKRK,CNYAN,CNDAL
OACYKKKKK,CNYAN,CNDAL
OACYKKKKK,CNYAN,CNDAL
OACKYAKKK,CNYAN,CNDAL
OACYKKKKK,CNYAN,CNDAL
OACYKKKKK,CNYAN,CNDAL
OACYKKKKK,CNYAN,CNDAL
OACCKSKRK,CNYAN,CNDAL
OACKYAKKK,CNYAN,CNDAL
OACYKKKKK,CNYAN,CNDAL
OACCKSKRK,CNYAN,CNDAL
OACYKKKKK,CNYAN,CNDAL
OACKYAKKK,CNYAN,CNDAL
OACCKSKRK,CNYAN,CNDAL
OACYKKKKK,CNYAN,CNDAL
OACYKKKKK,CNYAN,CNDAL
OACYKKKKK,CNYAN,CNDAL
OACCKSKRK,CNYAN,CNDAL
OACKYAKKK,CNYAN,CNDAL
OACYKKKKK,CNYAN,CNDAL
OACCKSKRK,CNYAN,CNDAL
OACCKSKRK,CNYAN,CNDAL
OACKYAKKK,CNYAN,CNDAL
OACKYAKKK,CNYAN,CNDAL
OACCKSKRK,CNYAN,CNDAL
OACCKSKRK,CNYAN,CNDAL
OACKYAKKK,CNYAN,CNDAL
OACKYAKKK,CNYAN,CNDAL
OACKYAKKK,CNYAN,CNDAL
OACCKSKRK,CNYAN,CNDAL
OACCKSKRK,CNYAN,CNDAL
OACKYAKKK,CNYAN,CNDAL
OACCKSKRK,CNYAN,CNDAL
OACCKSKRK,CNYAN,CNDAL
OACKYAKKK,CNYAN,CNDAL
OACKYAKKK,CNYAN,CNDAL
OACCKSKRK,CNYAN,CNDAL
OACKYAKKK,CNYAN,CNDAL
OACCKSKRK,CNYAN,CNDAL
OACKYAKKK,CNYAN,CNDAL
OACCKSKRK,CNYAN,CNDAL
OACKYAKKK,CNYAN,CNDAL
OACKYAKKK,CNYAN,CNDAL
OACKYAKKK,CNYAN,CNDAL
OACCKSKRK,CNYAN,CNDAL
OACKYAKKK,CNYAN,CNDAL
OACKYAKKK,CNYAN,CNDAL
OACCKSKRK,CNYAN,CNDAL
OACCKSKRK,CNYAN,CNDAL
OACCKSKRK,CNYAN,CNDAL
OACCKSKRK,CNYAN,CNDAL
OACKYAKKK,CNYAN,CNDAL
OACKYAKKK,CNYAN,CNDAL
OACCKSKRK,CNYAN,CNDAL
OACCKSKRK,CNYAN,CNDAL
OACKYAKKK,CNYAN,CNDAL
OACONKKKK,CNYAN,CNDAL
OACCKSKRK,CNYAN,CNDAL
OACONKKKK,CNYAN,CNDAL
OACONKKKK,CNYAN,CNDAL
OACKYAKKK,CNYAN,CNDAL
OACCKSKRK,CNYAN,CNDAL
OACONKKKK,CNYAN,CNDAL
OACCKSKRK,CNYAN,CNDAL
OACKYAKKK,CNYAN,CNDAL
OACONKKKK,CNYAN,CNDAL
OACONKKKK,CNYAN,CNDAL
OACCKSKRK,CNYAN,CNDAL
OACCKSKRK,CNYAN,CNDAL
OACONKKKK,CNYAN,CNDAL
OACKYAKKK,CNYAN,CNDAL
OACKYAKKK,CNYAN,CNDAL
OACCKSKRK,CNYAN,CNDAL
OACKYAKKK,CNYAN,CNDAL
OACONKKKK,CNYAN,CNDAL
OACONKKKK,CNYAN,CNDAL
OACONKKKK,CNYAN,CNDAL
OACCKSKRK,CNYAN,CNDAL
OACONKKKK,CNYAN,CNDAL
OACONKKKK,CNYAN,CNDAL
OACCKSKRK,CNYAN,CNDAL
OACONKKKK,CNYAN,CNDAL
OACONKKKK,CNYAN,CNDAL
OACCKSKRK,CNYAN,CNDAL
OACONKKKK,CNYAN,CNDAL
OACONKKKK,CNYAN,CNDAL
OACONKKKK,CNYAN,CNDAL
OACONKKKK,CNYAN,CNDAL
OACCKSKRK,CNYAN,CNDAL
OACONKKKK,CNYAN,CNDAL
OACONKKKK,CNYAN,CNDAL
OACONKKKK,CNYAN,CNDAL
OACKYAKKK,CNYAN,CNDAL
OACCKSKRK,CNYAN,CNDAL
OACONKKKK,CNYAN,CNDAL
OACKYAKKK,CNYAN,CNDAL
OACONKKKK,CNYAN,CNDAL
OACCKSKRK,CNYAN,CNDAL
OACONKKKK,CNYAN,CNDAL
OACCKSKRK,CNYAN,CNDAL
OACKYAKKK,CNYAN,CNDAL
OACKYAKKK,CNYAN,CNDAL
OACONKKKK,CNYAN,CNDAL
OACKYAKKK,CNYAN,CNDAL
OACONKKKK,CNYAN,CNDAL
OACKYAKKK,CNYAN,CNDAL
OACONKKKK,CNYAN,CNDAL
OACKYAKKK,CNYAN,CNDAL
OACCKSKRK,CNYAN,CNDAL
OACKYAKKK,CNYAN,CNDAL
OACKYAKKK,CNYAN,CNDAL
OACONKKKK,CNYAN,CNDAL
OACKYAKKK,CNYAN,CNDAL
OACKYAKKK,CNYAN,CNDAL
OACCKSKRK,CNYAN,CNDAL
OACKYAKKK,CNYAN,CNDAL
OACONKKKK,CNYAN,CNDAL
OACONKKKK,CNYAN,CNDAL
OACKYAKKK,CNYAN,CNDAL
OACONKKKK,CNYAN,CNDAL
OACONKKKK,CNYAN,CNDAL
OACKYAKKK,CNYAN,CNDAL
OACCKSKRK,CNYAN,CNDAL
OACONKKKK,CNYAN,CNDAL
OACKYAKKK,CNYAN,CNDAL
OACKYAKKK,CNYAN,CNDAL
OACCKSKRK,CNYAN,CNDAL
OACKYAKKK,CNYAN,CNDAL
OACKYAKKK,CNYAN,CNDAL
OACCKSKRK,CNYAN,CNDAL
OACONKKKK,CNYAN,CNDAL
OACKYAKKK,CNYAN,CNDAL
OACONKKKK,CNYAN,CNDAL
OACCKSKRK,CNYAN,CNDAL
OACCKSKRK,CNYAN,CNDAL
OACKYAKKK,CNYAN,CNDAL
OACCKSKRK,CNYAN,CNDAL
OACONKKKK,CNYAN,CNDAL
OACONKKKK,CNYAN,CNDAL
OACCKSKRK,CNYAN,CNDAL
OACKYAKKK,CNYAN,CNDAL
OACCKSKRK,CNYAN,CNDAL
OACONKKKK,CNYAN,CNDAL
OACONKKKK,CNYAN,CNDAL
OACCKSKRK,CNYAN,CNDAL
OACONKKKK,CNYAN,CNDAL
OACCKSKRK,CNYAN,CNDAL
OACONKKKK,CNYAN,CNDAL
OACCKSKRK,CNYAN,CNDAL
OACONKKKK,CNYAN,CNDAL
OACCKSKRK,CNYAN,CNDAL
OACONKKKK,CNYAN,CNDAL
OACONKKKK,CNYAN,CNDAL
OACKYAKKK,CNYAN,CNDAL
OACCKSKRK,CNYAN,CNDAL
OACONKKKK,CNYAN,CNDAL
OACONKKKK,CNYAN,CNDAL
OACONKKKK,CNYAN,CNDAL
OACCKSKRK,CNYAN,CNDAL
OACKYAKKK,CNYAN,CNDAL
OACCKSKRK,CNYAN,CNDAL
OACONKKKK,CNYAN,CNDAL
OACCKSKRK,CNYAN,CNDAL
OACONKKKK,CNYAN,CNDAL
OACONKKKK,CNYAN,CNDAL
OACCKSKRK,CNYAN,CNDAL
OACCKSKRK,CNYAN,CNDAL
OACONKKKK,CNYAN,CNDAL
OACCKSKRK,CNYAN,CNDAL
OACCKSKRK,CNYAN,CNDAL
OACONKKKK,CNYAN,CNDAL
OACCKSKRK,CNYAN,CNDAL
OACCKSKRK,CNYAN,CNDAL
OACONKKKK,CNYAN,CNDAL
OACONKKKK,CNYAN,CNDAL
OACONKKKK,CNYAN,CNDAL
OACONKKKK,CNYAN,CNDAL
OACCKSKRK,CNYAN,CNDAL
OACONKKKK,CNYAN,CNDAL
OACKYAKKK,CNYAN,CNDAL
OACONKKKK,CNYAN,CNDAL
OACONKKKK,CNYAN,CNDAL
OACONKKKK,CNYAN,CNDAL
OACONKKKK,CNYAN,CNDAL
OACCKSKRK,CNYAN,CNDAL
OACKYAKKK,CNYAN,CNDAL
OACCKSKRK,CNYAN,CNDAL
OACKYAKKK,CNYAN,CNDAL
OACONKKKK,CNYAN,CNDAL
OACONKKKK,CNYAN,CNDAL
OACKYAKKK,CNYAN,CNDAL
OACCKSKRK,CNYAN,CNDAL
OACONKKKK,CNYAN,CNDAL
OACONKKKK,CNYAN,CNDAL
OACKYAKKK,CNYAN,CNDAL
OACKYAKKK,CNYAN,CNDAL
OACONKKKK,CNYAN,CNDAL
OACONKKKK,CNYAN,CNDAL
OACKYAKKK,CNYAN,CNDAL
OACCKSKRK,CNYAN,CNDAL
OACKYAKKK,CNYAN,CNDAL
OACONKKKK,CNYAN,CNDAL
OACONKKKK,CNYAN,CNDAL
OACONKKKK,CNYAN,CNDAL
OACKYAKKK,CNYAN,CNDAL
OACONKKKK,CNYAN,CNDAL
OACONKKKK,CNYAN,CNDAL
OACONKKKK,CNYAN,CNDAL
OACCKSKRK,CNYAN,CNDAL
OACONKKKK,CNYAN,CNDAL
OACKYAKKK,CNYAN,CNDAL
OACONKKKK,CNYAN,CNDAL
OACONKKKK,CNYAN,CNDAL
OACONKKKK,CNYAN,CNDAL
OACONKKKK,CNYAN,CNDAL
OACONKKKK,CNYAN,CNDAL
OACONKKKK,CNYAN,CNDAL
OACKYAKKK,CNYAN,CNDAL
OACKYAKKK,CNYAN,CNDAL
OACCKSKRK,CNYAN,CNDAL
OACONKKKK,CNYAN,CNDAL
OACONKKKK,CNYAN,CNDAL
OACONKKKK,CNYAN,CNDAL
OACKYAKKK,CNYAN,CNDAL
OACKYAKKK,CNYAN,CNDAL
OACCKSKRK,CNYAN,CNDAL
OACONKKKK,CNYAN,CNDAL
OACONKKKK,CNYAN,CNDAL
OACKYAKKK,CNYAN,CNDAL
OACCKSKRK,CNYAN,CNDAL
OACKYAKKK,CNYAN,CNDAL
OACONKKKK,CNYAN,CNDAL
OACONKKKK,CNYAN,CNDAL
OACONKKKK,CNYAN,CNDAL
OACKYAKKK,CNYAN,CNDAL
OACKYAKKK,CNYAN,CNDAL
OACONKKKK,CNYAN,CNDAL
OACONKKKK,CNYAN,CNDAL
OACONKKKK,CNYAN,CNDAL
OACONKKKK,CNYAN,CNDAL
OACONKKKK,CNYAN,CNDAL
OACONKKKK,CNYAN,CNDAL
OACONKKKK,CNYAN,CNDAL
OACONKKKK,CNYAN,CNDAL
OACKYAKKK,CNYAN,CNDAL
OACCKSKRK,CNYAN,CNDAL
OACKYAKKK,CNYAN,CNDAL
OACONKKKK,CNYAN,CNDAL
OACONKKKK,CNYAN,CNDAL
OACKYAKKK,CNYAN,CNDAL
OACONKKKK,CNYAN,CNDAL
OACCKSKRK,CNYAN,CNDAL
OACONKKKK,CNYAN,CNDAL
OACKYAKKK,CNYAN,CNDAL
OACONKKKK,CNYAN,CNDAL
OACONKKKK,CNYAN,CNDAL
OACKYAKKK,CNYAN,CNDAL
OACONKKKK,CNYAN,CNDAL
OACKYAKKK,CNYAN,CNDAL
OACKYAKKK,CNYAN,CNDAL
OACKYAKKK,CNYAN,CNDAL
OACONKKKK,CNYAN,CNDAL
OACKYAKKK,CNYAN,CNDAL
OACONKKKK,CNYAN,CNDAL
OACONKKKK,CNYAN,CNDAL
OACONKKKK,CNYAN,CNDAL
OACKYAKKK,CNYAN,CNDAL
OACCKSKRK,CNYAN,CNDAL
OACONKKKK,CNYAN,CNDAL
OACONKKKK,CNYAN,CNDAL
OACONKKKK,CNYAN,CNDAL
OACKYAKKK,CNYAN,CNDAL
OACCKSKRK,CNYAN,CNDAL
OACKYAKKK,CNYAN,CNDAL
OACONKKKK,CNYAN,CNDAL
OACONKKKK,CNYAN,CNDAL
OACKYAKKK,CNYAN,CNDAL
OACKYAKKK,CNYAN,CNDAL
OACONKKKK,CNYAN,CNDAL
OACONKKKK,CNYAN,CNDAL
OACONKKKK,CNYAN,CNDAL
OACONKKKK,CNYAN,CNDAL
OACKYAKKK,CNYAN,CNDAL
OACKYAKKK,CNYAN,CNDAL
OACONKKKK,CNYAN,CNDAL
OACKYAKKK,CNYAN,CNDAL
OACKYAKKK,CNYAN,CNDAL
OACONKKKK,CNYAN,CNDAL
OACONKKKK,CNYAN,CNDAL
OACONKKKK,CNYAN,CNDAL
OACONKKKK,CNYAN,CNDAL
OACONKKKK,CNYAN,CNDAL
OACONKKKK,CNYAN,CNDAL
OACONKKKK,CNYAN,CNDAL
OACONKKKK,CNYAN,CNDAL
OACONKKKK,CNYAN,CNDAL
OACONKKKK,CNYAN,CNDAL
OACKYAKKK,CNYAN,CNDAL
OACONKKKK,CNYAN,CNDAL
OACONKKKK,CNYAN,CNDAL
OACCKSKRK,CNYAN,CNDAL
OACONKKKK,CNYAN,CNDAL
OACKYAKKK,CNYAN,CNDAL
OACONKKKK,CNYAN,CNDAL
OACCKSKRK,CNYAN,CNDAL
OACCKSKRK,CNYAN,CNDAL
OACONKKKK,CNYAN,CNDAL
OACKYAKKK,CNYAN,CNDAL
OACCKSKRK,CNYAN,CNDAL
OACKYAKKK,CNYAN,CNDAL
OACONKKKK,CNYAN,CNDAL
OACCKSKRK,CNYAN,CNDAL
OACKYAKKK,CNYAN,CNDAL
OACKYAKKK,CNYAN,CNDAL
OACKYAKKK,CNYAN,CNDAL
OACONKKKK,CNYAN,CNDAL
OACONKKKK,CNYAN,CNDAL
OACONKKKK,CNYAN,CNDAL
OACCKSKRK,CNYAN,CNDAL
OACKYAKKK,CNYAN,CNDAL
OACONKKKK,CNYAN,CNDAL
OACONKKKK,CNYAN,CNDAL
OACONKKKK,CNYAN,CNDAL
OACONKKKK,CNYAN,CNDAL
OACKYAKKK,CNYAN,CNDAL
OACONKKKK,CNYAN,CNDAL
OACKYAKKK,CNYAN,CNDAL
OACKYAKKK,CNYAN,CNDAL
OACCKSKRK,CNYAN,CNDAL
OACONKKKK,CNYAN,CNDAL
OACONKKKK,CNYAN,CNDAL
OACKYAKKK,CNYAN,CNDAL
OACONKKKK,CNYAN,CNDAL
OACCKSKRK,CNYAN,CNDAL
OACKYAKKK,CNYAN,CNDAL
OACONKKKK,CNYAN,CNDAL
OACONKKKK,CNYAN,CNDAL
OACCKSKRK,CNYAN,CNDAL
OACONKKKK,CNYAN,CNDAL
OACONKKKK,CNYAN,CNDAL
OACONKKKK,CNYAN,CNDAL
OACONKKKK,CNYAN,CNDAL
OACONKKKK,CNYAN,CNDAL
OACONKKKK,CNYAN,CNDAL
OACCKSKRK,CNYAN,CNDAL
OACCKSKRK,CNYAN,CNDAL
OACONKKKK,CNYAN,CNDAL
OACONKKKK,CNYAN,CNDAL
OACCKSKRK,CNYAN,CNDAL
OACONKKKK,CNYAN,CNDAL
OACONKKKK,CNYAN,CNDAL
OACCKSKRK,CNYAN,CNDAL
OACONKKKK,CNYAN,CNDAL
OACCKSKRK,CNYAN,CNDAL
OACCKSKRK,CNYAN,CNDAL
OACCKSKRK,CNYAN,CNDAL
OACONKKKK,CNYAN,CNDAL
OACONKKKK,CNYAN,CNDAL
OACCKSKRK,CNYAN,CNDAL
OACONKKKK,CNYAN,CNDAL
OACCKSKRK,CNYAN,CNDAL
OACCKSKRK,CNYAN,CNDAL
OACONKKKK,CNYAN,CNDAL
OACONKKKK,CNYAN,CNDAL
OACKYAKKK,CNYAN,CNDAL
OACONKKKK,CNYAN,CNDAL
OACONKKKK,CNYAN,CNDAL
OACKYAKKK,CNYAN,CNDAL
OACONKKKK,CNYAN,CNDAL
OACCKSKRK,CNYAN,CNDAL
OACONKKKK,CNYAN,CNDAL
OACCKSKRK,CNYAN,CNDAL
OACKYAKKK,CNYAN,CNDAL
OACONKKKK,CNYAN,CNDAL
OACCKSKRK,CNYAN,CNDAL
OACONKKKK,CNYAN,CNDAL
OACCKSKRK,CNYAN,CNDAL
OACCKSKRK,CNYAN,CNDAL
OACONKKKK,CNYAN,CNDAL
OACCKSKRK,CNYAN,CNDAL
OACCKSKRK,CNYAN,CNDAL
OACONKKKK,CNYAN,CNDAL
OACKYAKKK,CNYAN,CNDAL
OACCKSKRK,CNYAN,CNDAL
OACKYAKKK,CNYAN,CNDAL
OACONKKKK,CNYAN,CNDAL
OACONKKKK,CNYAN,CNDAL
OACONKKKK,CNYAN,CNDAL
OACONKKKK,CNYAN,CNDAL
OACONKKKK,CNYAN,CNDAL
OACONKKKK,CNYAN,CNDAL
OACCKSKRK,CNYAN,CNDAL
OACONKKKK,CNYAN,CNDAL
OACKYAKKK,CNYAN,CNDAL
OACONKKKK,CNYAN,CNDAL
OACCKSKRK,CNYAN,CNDAL
OACCKSKRK,CNYAN,CNDAL
OACCKSKRK,CNYAN,CNDAL
OACONKKKK,CNYAN,CNDAL
OACKYAKKK,CNYAN,CNDAL
OACONKKKK,CNYAN,CNDAL
OACONKKKK,CNYAN,CNDAL
OACKYAKKK,CNYAN,CNDAL
OACONKKKK,CNYAN,CNDAL
OACONKKKK,CNYAN,CNDAL
OACCKSKRK,CNYAN,CNDAL
OACONKKKK,CNYAN,CNDAL
OACONKKKK,CNYAN,CNDAL
OACCKSKRK,CNYAN,CNDAL
OACONKKKK,CNYAN,CNDAL
OACONKKKK,CNYAN,CNDAL
OACCKSKRK,CNYAN,CNDAL
OACONKKKK,CNYAN,CNDAL
OACKYAKKK,CNYAN,CNDAL
OACONKKKK,CNYAN,CNDAL
OACONKKKK,CNYAN,CNDAL
OACONKKKK,CNYAN,CNDAL
OACONKKKK,CNYAN,CNDAL
OACCKSKRK,CNYAN,CNDAL
OACKYAKKK,CNYAN,CNDAL
OACONKKKK,CNYAN,CNDAL
OACKYAKKK,CNYAN,CNDAL
OACONKKKK,CNYAN,CNDAL
OACONKKKK,CNYAN,CNDAL
OACCKSKRK,CNYAN,CNDAL
OACKYAKKK,CNYAN,CNDAL
OACCKSKRK,CNYAN,CNDAL
OACKYAKKK,CNYAN,CNDAL
OACONKKKK,CNYAN,CNDAL
OACCKSKRK,CNYAN,CNDAL
OACONKKKK,CNYAN,CNDAL
OACCKSKRK,CNYAN,CNDAL
OACONKKKK,CNYAN,CNDAL
OACCKSKRK,CNYAN,CNDAL
OACONKKKK,CNYAN,CNDAL
OACONKKKK,CNYAN,CNDAL
OACONKKKK,CNYAN,CNDAL
OACCKSKRK,CNYAN,CNDAL
OACONKKKK,CNYAN,CNDAL
OACCKSKRK,CNYAN,CNDAL
OACONKKKK,CNYAN,CNDAL
OACONKKKK,CNYAN,CNDAL
OACCKSKRK,CNYAN,CNDAL
OACKYAKKK,CNYAN,CNDAL
OACCKSKRK,CNYAN,CNDAL
OACCKSKRK,CNYAN,CNDAL
OACKYAKKK,CNYAN,CNDAL
OACKYAKKK,CNYAN,CNDAL
OACKYAKKK,CNYAN,CNDAL
OACONKKKK,CNYAN,CNDAL
OACONKKKK,CNYAN,CNDAL
OACCKSKRK,CNYAN,CNDAL
OACONKKKK,CNYAN,CNDAL
OACCKSKRK,CNYAN,CNDAL
OACONKKKK,CNYAN,CNDAL
OACONKKKK,CNYAN,CNDAL
OACCKSKRK,CNYAN,CNDAL
OACONKKKK,CNYAN,CNDAL
OACONKKKK,CNYAN,CNDAL
OACKYAKKK,CNYAN,CNDAL
OACONKKKK,CNYAN,CNDAL
OACONKKKK,CNYAN,CNDAL
OACCKSKRK,CNYAN,CNDAL
OACKYAKKK,CNYAN,CNDAL
OACONKKKK,CNYAN,CNDAL
OACONKKKK,CNYAN,CNDAL
OACCKSKRK,CNYAN,CNDAL
OACKYAKKK,CNYAN,CNDAL
OACONKKKK,CNYAN,CNDAL
OACCKSKRK,CNYAN,CNDAL
OACONKKKK,CNYAN,CNDAL
OACONKKKK,CNYAN,CNDAL
OAOFSFKKK,CNYAN,CNDAL
OACONKKKK,CNYAN,CNDAL
OACKYAKKK,CNYAN,CNDAL
OACONKKKK,CNYAN,CNDAL
OACONKKKK,CNYAN,CNDAL
OACKYAKKK,CNYAN,CNDAL
OACKYAKKK,CNYAN,CNDAL
OACONKKKK,CNYAN,CNDAL
OACONKKKK,CNYAN,CNDAL
OACCKSKRK,CNYAN,CNDAL
OACKYAKKK,CNYAN,CNDAL
OACONKKKK,CNYAN,CNDAL
OACCKSKRK,CNYAN,CNDAL
OACCKSKRK,CNYAN,CNDAL
OACONKKKK,CNYAN,CNDAL
OACONKKKK,CNYAN,CNDAL
OACONKKKK,CNYAN,CNDAL
OACCKSKRK,CNYAN,CNDAL
OACONKKKK,CNYAN,CNDAL
OACONKKKK,CNYAN,CNDAL
OACCKSKRK,CNYAN,CNDAL
OACONKKKK,CNYAN,CNDAL
OACONKKKK,CNYAN,CNDAL
OACONKKKK,CNYAN,CNDAL
OACONKKKK,CNYAN,CNDAL
OACKYAKKK,CNYAN,CNDAL
OACONKKKK,CNYAN,CNDAL
OACONKKKK,CNYAN,CNDAL
OACONKKKK,CNYAN,CNDAL
OACONKKKK,CNYAN,CNDAL
OACONKKKK,CNYAN,CNDAL
OACONKKKK,CNYAN,CNDAL
OACKYAKKK,CNYAN,CNDAL
OACKYAKKK,CNYAN,CNDAL
OACONKKKK,CNYAN,CNDAL
OACCKSKRK,CNYAN,CNDAL
OACONKKKK,CNYAN,CNDAL
OACONKKKK,CNYAN,CNDAL
OACCKSKRK,CNYAN,CNDAL
OACKYAKKK,CNYAN,CNDAL
OACONKKKK,CNYAN,CNDAL
OACONKKKK,CNYAN,CNDAL
OACONKKKK,CNYAN,CNDAL
OACCKSKRK,CNYAN,CNDAL
OACONKKKK,CNYAN,CNDAL
OACCKSKRK,CNYAN,CNDAL
OACCKSKRK,CNYAN,CNDAL
OACCKSKRK,CNYAN,CNDAL
OACCKSKRK,CNYAN,CNDAL
OACCKSKRK,CNYAN,CNDAL
OACONKKKK,CNYAN,CNDAL
OACONKKKK,CNYAN,CNDAL
OACCKSKRK,CNYAN,CNDAL
OACONKKKK,CNYAN,CNDAL
OACCKSKRK,CNYAN,CNDAL
OACONKKKK,CNYAN,CNDAL
OACCKSKRK,CNYAN,CNDAL
OACONKKKK,CNYAN,CNDAL
OACCKSKRK,CNYAN,CNDAL
OACCKSKRK,CNYAN,CNDAL
OACCKSKRK,CNYAN,CNDAL
OACCKSKRK,CNYAN,CNDAL
OACCKSKRK,CNYAN,CNDAL
OACCKSKRK,CNYAN,CNDAL
OACKYAKKK,CNYAN,CNDAL
OACKYAKKK,CNYAN,CNDAL
OACKYAKKK,CNYAN,CNDAL
OACKYAKKK,CNYAN,CNDAL
OACKYAKKK,CNYAN,CNDAL
OACKYAKKK,CNYAN,CNDAL
OACKYAKKK,CNYAN,CNDAL
OACKYAKKK,CNYAN,CNDAL
OACKYAKKK,CNYAN,CNDAL
OACKYAKKK,CNYAN,CNDAL
OACKYAKKK,CNYAN,CNDAL
OACKYAKKK,CNYAN,CNDAL
OACKYAKKK,CNYAN,CNDAL
OACKYAKKK,CNYAN,CNDAL
OACKYAKKK,CNYAN,CNDAL
OACKYAKKK,CNYAN,CNDAL
OACKYAKKK,CNYAN,CNDAL
OACKYAKKK,CNYAN,CNDAL
OACKYAKKK,CNYAN,CNDAL
OACKYAKKK,CNYAN,CNDAL
OACKYAKKK,CNYAN,CNDAL
OACKYAKKK,CNYAN,CNDAL
OACKYAKKK,CNYAN,CNDAL
OACKYAKKK,CNYAN,CNDAL
RNORNSKKK,CNYAN,CNDAL
OACKYAKKK,CNYAN,CNDAL
OACKYAKKK,CNYAN,CNDAL
OACKYAKKK,CNYAN,CNDAL
OACKYAKKK,CNYAN,CNDAL
OACKYAKKK,CNYAN,CNDAL
OACKYAKKK,CNYAN,CNDAL
OACKYAKKK,CNYAN,CNDAL
OACKYAKKK,CNYAN,CNDAL
OACKYAKKK,CNYAN,CNDAL
OACKYAKKK,CNYAN,CNDAL
OACKYAKKK,CNYAN,CNDAL
OACKYAKKK,CNYAN,CNDAL
OACKYAKKK,CNYAN,CNDAL
OACKYAKKK,CNYAN,CNDAL
OACKYAKKK,CNYAN,CNDAL
OACKYAKKK,CNYAN,CNDAL
OACKYAKKK,CNYAN,CNDAL
OACKYAKKK,CNYAN,CNDAL
OACKYAKKK,CNYAN,CNDAL
OACKYAKKK,CNYAN,CNDAL
OACKYAKKK,CNYAN,CNDAL
OACKYAKKK,CNYAN,CNDAL
OACKYAKKK,CNYAN,CNDAL
OACKYAKKK,CNYAN,CNDAL
OACKYAKKK,CNYAN,CNDAL
OACKYAKKK,CNYAN,CNDAL
OACKYAKKK,CNYAN,CNDAL
OACKYAKKK,CNYAN,CNDAL
OACKYAKKK,CNYAN,CNDAL
OACKYAKKK,CNYAN,CNDAL
OACKYAKKK,CNYAN,CNDAL
OACKYAKKK,CNYAN,CNDAL
OACKYAKKK,CNYAN,CNDAL
OACKYAKKK,CNYAN,CNDAL
OACKYAKKK,CNYAN,CNDAL
OACKYAKKK,CNYAN,CNDAL
OACKYAKKK,CNYAN,CNDAL
OACKYAKKK,CNYAN,CNDAL
OACKYAKKK,CNYAN,CNDAL
OACKYAKKK,CNYAN,CNDAL
OACKYAKKK,CNYAN,CNDAL
OACKYAKKK,CNYAN,CNDAL
OACKYAKKK,CNYAN,CNDAL
OACKYAKKK,CNYAN,CNDAL
OACKYAKKK,CNYAN,CNDAL
OACKYAKKK,CNYAN,CNDAL
OACKYAKKK,CNYAN,CNDAL
OACKYAKKK,CNYAN,CNDAL
OACKYAKKK,CNYAN,CNDAL
OACKYAKKK,CNYAN,CNDAL
OACKYAKKK,CNYAN,CNDAL
OACKYAKKK,CNYAN,CNDAL
OACKYAKKK,CNYAN,CNDAL
OACKYAKKK,CNYAN,CNDAL
OACKYAKKK,CNYAN,CNDAL
OACKYAKKK,CNYAN,CNDAL
OACKYAKKK,CNYAN,CNDAL
OACKYAKKK,CNYAN,CNDAL
OACKYAKKK,CNYAN,CNDAL
OACKYAKKK,CNYAN,CNDAL
OACKYAKKK,CNYAN,CNDAL
OACKYAKKK,CNYAN,CNDAL
OACKYAKKK,CNYAN,CNDAL
OACKYAKKK,CNYAN,CNDAL
OACKYAKKK,CNYAN,CNDAL
OACKYAKKK,CNYAN,CNDAL
OACKYAKKK,CNYAN,CNDAL
OACKYAKKK,CNYAN,CNDAL
OACKYAKKK,CNYAN,CNDAL
OACKYAKKK,CNYAN,CNDAL
OACKYAKKK,CNYAN,CNDAL
OACKYAKKK,CNYAN,CNDAL
OACKYAKKK,CNYAN,CNDAL
OACKYAKKK,CNYAN,CNDAL
OACKYAKKK,CNYAN,CNDAL
OARANOKKK,CNYAN,CNDAL
OAONAKKKK,CNYAN,CNDAL
OAONAKKKK,CNYAN,CNDAL
OAONAKKKK,CNYAN,CNDAL
OAONAKKKK,CNYAN,CNDAL
OAONAKKKK,CNYAN,CNDAL
OAONAKKKK,CNYAN,CNDAL
OAONAKKKK,CNYAN,CNDAL
OAONAKKKK,CNYAN,CNDAL
OACKYAKKK,CNYAN,CNDAL
OAONAKKKK,CNYAN,CNDAL
OAONAKKKK,CNYAN,CNDAL
OACKYAKKK,CNYAN,CNDAL
OAONAKKKK,CNYAN,CNDAL
OAONAKKKK,CNYAN,CNDAL
OAONAKKKK,CNYAN,CNDAL
OAONAKKKK,CNYAN,CNDAL
OAONAKKKK,CNYAN,CNDAL
OAONAKKKK,CNYAN,CNDAL
OAONAKKKK,CNYAN,CNDAL
OACKYAKKK,CNYAN,CNDAL
OAONAKKKK,CNYAN,CNDAL
OAONAKKKK,CNYAN,CNDAL
OAONAKKKK,CNYAN,CNDAL
OAONAKKKK,CNYAN,CNDAL
OAONAKKKK,CNYAN,CNDAL
OAONAKKKK,CNYAN,CNDAL
OAONAKKKK,CNYAN,CNDAL
OAONAKKKK,CNYAN,CNDAL
OACKYAKKK,CNYAN,CNDAL
OAONAKKKK,CNYAN,CNDAL
OAONAKKKK,CNYAN,CNDAL
OAONAKKKK,CNYAN,CNDAL
OAONAKKKK,CNYAN,CNDAL
OACKYAKKK,CNYAN,CNDAL
OAONAKKKK,CNYAN,CNDAL
OAONAKKKK,CNYAN,CNDAL
OAONAKKKK,CNYAN,CNDAL
OAONAKKKK,CNYAN,CNDAL
OAONAKKKK,CNYAN,CNDAL
OAONAKKKK,CNYAN,CNDAL
OACKYAKKK,CNYAN,CNDAL
OAONAKKKK,CNYAN,CNDAL
OAONAKKKK,CNYAN,CNDAL
OAONAKKKK,CNYAN,CNDAL
OAONAKKKK,CNYAN,CNDAL
OACKYAKKK,CNYAN,CNDAL
OAONAKKKK,CNYAN,CNDAL
OAONAKKKK,CNYAN,CNDAL
OAONAKKKK,CNYAN,CNDAL
OAONAKKKK,CNYAN,CNDAL
OAONAKKKK,CNYAN,CNDAL
OAONAKKKK,CNYAN,CNDAL
OACKYAKKK,CNYAN,CNDAL
OAONAKKKK,CNYAN,CNDAL
OAONAKKKK,CNYAN,CNDAL
OAONAKKKK,CNYAN,CNDAL
OAONAKKKK,CNYAN,CNDAL
OAONAKKKK,CNYAN,CNDAL
OAONAKKKK,CNYAN,CNDAL
OAONAKKKK,CNYAN,CNDAL
OAONAKKKK,CNYAN,CNDAL
OAONAKKKK,CNYAN,CNDAL
OAONAKKKK,CNYAN,CNDAL
OAONAKKKK,CNYAN,CNDAL
OAONAKKKK,CNYAN,CNDAL
OACKYAKKK,CNYAN,CNDAL
OAONAKKKK,CNYAN,CNDAL
OAONAKKKK,CNYAN,CNDAL
OAONAKKKK,CNYAN,CNDAL
OAONAKKKK,CNYAN,CNDAL
OAONAKKKK,CNYAN,CNDAL
OAONAKKKK,CNYAN,CNDAL
OAONAKKKK,CNYAN,CNDAL
OAONAKKKK,CNYAN,CNDAL
OAONAKKKK,CNYAN,CNDAL
OAONAKKKK,CNYAN,CNDAL
OAONAKKKK,CNYAN,CNDAL
OAONAKKKK,CNYAN,CNDAL
OAONAKKKK,CNYAN,CNDAL
OAONAKKKK,CNYAN,CNDAL
OAONAKKKK,CNYAN,CNDAL
OAONAKKKK,CNYAN,CNDAL
OAONAKKKK,CNYAN,CNDAL
OAONAKKKK,CNYAN,CNDAL
OAONAKKKK,CNYAN,CNDAL
OAONAKKKK,CNYAN,CNDAL
OAONAKKKK,CNYAN,CNDAL
OAONAKKKK,CNYAN,CNDAL
OAONAKKKK,CNYAN,CNDAL
OAONAKKKK,CNYAN,CNDAL
OAONAKKKK,CNYAN,CNDAL
OAONAKKKK,CNYAN,CNDAL
OAONAKKKK,CNYAN,CNDAL
OAONAKKKK,CNYAN,CNDAL
OACCKSKRK,CNYAN,CNDAL
OACCKSKRK,CNYAN,CNDAL
OACCKSKRK,CNYAN,CNDAL
OACCKSKRK,CNYAN,CNDAL
OACCKSKRK,CNYAN,CNDAL
OACCKSKRK,CNYAN,CNDAL
OACCKSKRK,CNYAN,CNDAL
OACCKSKRK,CNYAN,CNDAL
OACCKSKRK,CNYAN,CNDAL
OACCKSKRK,CNYAN,CNDAL
OACCKSKRK,CNYAN,CNDAL
OACCKSKRK,CNYAN,CNDAL
OACCKSKRK,CNYAN,CNDAL
OACCKSKRK,CNYAN,CNDAL
OACCKSKRK,CNYAN,CNDAL
OACCKSKRK,CNYAN,CNDAL
OACCKSKRK,CNYAN,CNDAL
OACCKSKRK,CNYAN,CNDAL
OACCKSKRK,CNYAN,CNDAL
OACCKSKRK,CNYAN,CNDAL
OACCKSKRK,CNYAN,CNDAL
OACCKSKRK,CNYAN,CNDAL
OACCKSKRK,CNYAN,CNDAL
OACCKSKRK,CNYAN,CNDAL
OACCKSKRK,CNYAN,CNDAL
OACCKSKRK,CNYAN,CNDAL
OACCKSKRK,CNYAN,CNDAL
OACCKSKRK,CNYAN,CNDAL
OACCKSKRK,CNYAN,CNDAL
OACCKSKRK,CNYAN,CNDAL
OACCKSKRK,CNYAN,CNDAL
OACCKSKRK,CNYAN,CNDAL
OACCKSKRK,CNYAN,CNDAL
OACCKSKRK,CNYAN,CNDAL
OACCKSKRK,CNYAN,CNDAL
OACCKSKRK,CNYAN,CNDAL
OACCKSKRK,CNYAN,CNDAL
OACCKSKRK,CNYAN,CNDAL
OACCKSKRK,CNYAN,CNDAL
OACCKSKRK,CNYAN,CNDAL
OACCKSKRK,CNYAN,CNDAL
OACCKSKRK,CNYAN,CNDAL
OACCKSKRK,CNYAN,CNDAL
OACCKSKRK,CNYAN,CNDAL
OACCKSKRK,CNYAN,CNDAL
OACCKSKRK,CNYAN,CNDAL
OACCKSKRK,CNYAN,CNDAL
OACCKSKRK,CNYAN,CNDAL
OACCKSKRK,CNYAN,CNDAL
OACCKSKRK,CNYAN,CNDAL
OACCKSKRK,CNYAN,CNDAL
OACCKSKRK,CNYAN,CNDAL
OACCKSKRK,CNYAN,CNDAL
OACCKSKRK,CNYAN,CNDAL
OACCKSKRK,CNYAN,CNDAL
OACCKSKRK,CNYAN,CNDAL
OACCKSKRK,CNYAN,CNDAL
OACCKSKRK,CNYAN,CNDAL
OACCKSKRK,CNYAN,CNDAL
OACCKSKRK,CNYAN,CNDAL
OACCKSKRK,CNYAN,CNDAL
OACCKSKRK,CNYAN,CNDAL
OACKYAKKK,CNYAN,CNDAL
OACCKSKRK,CNYAN,CNDAL
OACCKSKRK,CNYAN,CNDAL
OACCKSKRK,CNYAN,CNDAL
OACCKSKRK,CNYAN,CNDAL
OACCKSKRK,CNYAN,CNDAL
OACCKSKRK,CNYAN,CNDAL
OACCKSKRK,CNYAN,CNDAL
OACCKSKRK,CNYAN,CNDAL
OACCKSKRK,CNYAN,CNDAL
OACCKSKRK,CNYAN,CNDAL
OACCKSKRK,CNYAN,CNDAL
OACCKSKRK,CNYAN,CNDAL
OACCKSKRK,CNYAN,CNDAL
OACCKSKRK,CNYAN,CNDAL
OACCKSKRK,CNYAN,CNDAL
OACCKSKRK,CNYAN,CNDAL
OACCKSKRK,CNYAN,CNDAL
OACCKSKRK,CNYAN,CNDAL
OACCKSKRK,CNYAN,CNDAL
OACCKSKRK,CNYAN,CNDAL
OACCKSKRK,CNYAN,CNDAL
OACCKSKRK,CNYAN,CNDAL
OACCKSKRK,CNYAN,CNDAL
OACCKSKRK,CNYAN,CNDAL
OACCKSKRK,CNYAN,CNDAL
OACCKSKRK,CNYAN,CNDAL
OACCKSKRK,CNYAN,CNDAL
OACCKSKRK,CNYAN,CNDAL
OACCKSKRK,CNYAN,CNDAL
OACCKSKRK,CNYAN,CNDAL
OACCKSKRK,CNYAN,CNDAL
OACCKSKRK,CNYAN,CNDAL
OACCKSKRK,CNYAN,CNDAL
OACCKSKRK,CNYAN,CNDAL
OACCKSKRK,CNYAN,CNDAL
OACCKSKRK,CNYAN,CNDAL
OACCKSKRK,CNYAN,CNDAL
OACCKSKRK,CNYAN,CNDAL
OACCKSKRK,CNYAN,CNDAL
OACCKSKRK,CNYAN,CNDAL
OACCKSKRK,CNYAN,CNDAL
OACCKSKRK,CNYAN,CNDAL
OACCKSKRK,CNYAN,CNDAL
OACKYAKKK,CNYAN,CNDAL
OACCKSKRK,CNYAN,CNDAL
OACCKSKRK,CNYAN,CNDAL
OACCKSKRK,CNYAN,CNDAL
OACCKSKRK,CNYAN,CNDAL
OACCKSKRK,CNYAN,CNDAL
OACCKSKRK,CNYAN,CNDAL
OACCKSKRK,CNYAN,CNDAL
OACCKSKRK,CNYAN,CNDAL
OACCKSKRK,CNYAN,CNDAL
OACCKSKRK,CNYAN,CNDAL
OACCKSKRK,CNYAN,CNDAL
OACCKSKRK,CNYAN,CNDAL
OACCKSKRK,CNYAN,CNDAL
OACCKSKRK,CNYAN,CNDAL
OACCKSKRK,CNYAN,CNDAL
OACCKSKRK,CNYAN,CNDAL
OACCKSKRK,CNYAN,CNDAL
OACCKSKRK,CNYAN,CNDAL
OACCKSKRK,CNYAN,CNDAL
OACCKSKRK,CNYAN,CNDAL
OACCKSKRK,CNYAN,CNDAL
OACCKSKRK,CNYAN,CNDAL
OACCKSKRK,CNYAN,CNDAL
OACCKSKRK,CNYAN,CNDAL
OACCKSKRK,CNYAN,CNDAL
OACCKSKRK,CNYAN,CNDAL
OACCKSKRK,CNYAN,CNDAL
OACCKSKRK,CNYAN,CNDAL
OACCKSKRK,CNYAN,CNDAL
OACCKSKRK,CNYAN,CNDAL
OACCKSKRK,CNYAN,CNDAL
OACCKSKRK,CNYAN,CNDAL
OACCKSKRK,CNYAN,CNDAL
OACCKSKRK,CNYAN,CNDAL
OACCKSKRK,CNYAN,CNDAL
OACCKSKRK,CNYAN,CNDAL
OACCKSKRK,CNYAN,CNDAL
OACCKSKRK,CNYAN,CNDAL
OACCKSKRK,CNYAN,CNDAL
OACCKSKRK,CNYAN,CNDAL
OACCKSKRK,CNYAN,CNDAL
OACCKSKRK,CNYAN,CNDAL
OACCKSKRK,CNYAN,CNDAL
OACCKSKRK,CNYAN,CNDAL
OACCKSKRK,CNYAN,CNDAL
OACCKSKRK,CNYAN,CNDAL
OACCKSKRK,CNYAN,CNDAL
OACCKSKRK,CNYAN,CNDAL
OACCKSKRK,CNYAN,CNDAL
OACCKSKRK,CNYAN,CNDAL
OACCKSKRK,CNYAN,CNDAL
OACCKSKRK,CNYAN,CNDAL
OACCKSKRK,CNYAN,CNDAL
OACCKSKRK,CNYAN,CNDAL
OACCKSKRK,CNYAN,CNDAL
OACCKSKRK,CNYAN,CNDAL
OACCKSKRK,CNYAN,CNDAL
OACCKSKRK,CNYAN,CNDAL
OACCKSKRK,CNYAN,CNDAL
OACCKSKRK,CNYAN,CNDAL
OACCKSKRK,CNYAN,CNDAL
OACCKSKRK,CNYAN,CNDAL
OACCKSKRK,CNYAN,CNDAL
OACCKSKRK,CNYAN,CNDAL
OACCKSKRK,CNYAN,CNDAL
OACCKSKRK,CNYAN,CNDAL
OACCKSKRK,CNYAN,CNDAL
OACCKSKRK,CNYAN,CNDAL
OACCKSKRK,CNYAN,CNDAL
OACCKSKRK,CNYAN,CNDAL
OACCKSKRK,CNYAN,CNDAL
OACFARKKK,CNYAN,CNDCB
OARFGKKKK,CNYAN,CNDCB
OAROONGSK,CNYAN,CNDJK
OAROONGSK,CNYAN,CNDJK
OAROONGSK,CNYAN,CNDJK
OARCYRCOK,CNYAN,CNDYI
OARKNYKKK,CNYAN,CNGLA
OARCGANFK,CNYAN,CNHUA
OACRKCSOK,CNYAN,CNHUA
OARRKCNCK,CNYAN,CNHUA
OARCGANOK,CNYAN,CNHUA
OARASYKKK,CNYAN,CNHUA
OARCGANFK,CNYAN,CNHUA
OARCGANFK,CNYAN,CNHUA
OARCGANSK,CNYAN,CNHUA
OARCGANFK,CNYAN,CNHUA
OARCGANFK,CNYAN,CNHUA
OARCGANFK,CNYAN,CNHUA
OARCGANFK,CNYAN,CNHUA
OARCGANFK,CNYAN,CNHUA
OARCGANFK,CNYAN,CNHUA
OACOFRKAK,CNYAN,CNHUA
OARCGARNK,CNYAN,CNHUA
OARCGARNK,CNYAN,CNHUA
OACACOKKK,CNYAN,CNHUA
OARCGANOK,CNYAN,CNHUA
OARCGARNK,CNYAN,CNHUA
OARCGARNK,CNYAN,CNHUA
OARCGARNK,CNYAN,CNHUA
OARCGANSK,CNYAN,CNHUA
OARCGARNK,CNYAN,CNHUA
OARCGARNK,CNYAN,CNHUA
OARCGARNK,CNYAN,CNHUA
OAOKFGKKK,CNYAN,CNHUA
OARCGARNK,CNYAN,CNHUA
OARCGANSK,CNYAN,CNHUA
OAOKFGKKK,CNYAN,CNHUA
OARCGARNK,CNYAN,CNHUA
OARCGARNK,CNYAN,CNHUA
OARCGARNK,CNYAN,CNHUA
OARCGARNK,CNYAN,CNHUA
OARCGAROK,CNYAN,CNHUA
OARCGAROK,CNYAN,CNHUA
OARCGAOFK,CNYAN,CNHUA
OARCGANSK,CNYAN,CNHUA
OACFOCKKK,CNYAN,CNHUA
OARCGANSK,CNYAN,CNHUA
OARAGCKKK,CNYAN,CNJIN
OARRKCKCK,CNYAN,CNJIN
OACRFSFOK,CNYAN,CNLKU
OARRKCKCK,CNYAN,CNLKU
OARFGRKKK,CNYAN,CNLYG
OAOFRGKKK,CNYAN,CNLYG
OACFARKKK,CNYAN,CNNBO
OFFGOSCKK,CNYAN,CNNBO
OACOFGOCK,CNYAN,CNNJG
OAOARYKKK,CNYAN,CNNJG
OACFARKKK,CNYAN,CNNSA
OACFOGKKK,CNYAN,CNNSA
OACFOGKKK,CNYAN,CNNSA
OACFOGKKK,CNYAN,CNNSA
OARKNYKKK,CNYAN,CNNSA
OACFARKKK,CNYAN,CNNSA
OARFGRKKK,CNYAN,CNNSA
OACFARKKK,CNYAN,CNNSA
OACFOGKKK,CNYAN,CNNSA
OARFGRKKK,CNYAN,CNNSA
OARFGKKKK,CNYAN,CNNSA
OARFGKKKK,CNYAN,CNNSA
OARKNYKKK,CNYAN,CNNSA
OARFGRKKK,CNYAN,CNNSA
OACFNKKKK,CNYAN,CNNSA
OACFOGKKK,CNYAN,CNNSA
OARFGKKKK,CNYAN,CNNSA
OARKNYKKK,CNYAN,CNNSA
OARFGKKKK,CNYAN,CNNSA
OACFARKKK,CNYAN,CNNSA
OARFGKKKK,CNYAN,CNNSA
OARFGRKKK,CNYAN,CNNSA
OARFGKKKK,CNYAN,CNNSA
OARFGKKKK,CNYAN,CNNSA
OARFGRKKK,CNYAN,CNNSA
OARFGKKKK,CNYAN,CNNSA
OACFOGKKK,CNYAN,CNNSA
OARFGKKKK,CNYAN,CNNSA
OARFGRKKK,CNYAN,CNNSA
OACFOGKKK,CNYAN,CNNSA
OARFGKKKK,CNYAN,CNNSA
OACFOGKKK,CNYAN,CNNSA
OACFARKKK,CNYAN,CNNSA
OACFOGKKK,CNYAN,CNNSA
OARFGRKKK,CNYAN,CNNSA
OACFARKKK,CNYAN,CNNSA
OARAOAKKK,CNYAN,CNNSA
OARFGRKKK,CNYAN,CNNSA
OARFGKKKK,CNYAN,CNNSA
OARFGRKKK,CNYAN,CNNSA
OACFOGKKK,CNYAN,CNNSA
OACFARKKK,CNYAN,CNNSA
OAOFAOKKK,CNYAN,CNNSA
OARAOAKKK,CNYAN,CNNSA
OACFAOKKK,CNYAN,CNNSA
OARFGKKKK,CNYAN,CNNSA
OARASFKKK,CNYAN,CNNTG
OARSYGKKK,CNYAN,CNPLI
OARFRGKKK,CNYAN,CNQHD
OARRKCKCK,CNYAN,CNQHD
OFFRAAGKK,CNYAN,CNQIN
OARARCKKK,CNYAN,CNQIN
OARARCKKK,CNYAN,CNQIN
OARARCKKK,CNYAN,CNQIN
OARARCKKK,CNYAN,CNQIN
OARARCKKK,CNYAN,CNQIN
OARAOSKKK,CNYAN,CNQIN
OFFYOFGKK,CNYAN,CNQIN
OFFKFFFKK,CNYAN,CNQIN
OFFKFFFKK,CNYAN,CNQIN
OFFKFFFKK,CNYAN,CNQIN
OFFKFFFKK,CNYAN,CNQIN
OFFKFFFKK,CNYAN,CNQIN
OARFGKKKK,CNYAN,CNQIN
OFFRAYRKK,CNYAN,CNQIN
OFFRAYRKK,CNYAN,CNQIN
OFFRAYRKK,CNYAN,CNQIN
OFFRAYRKK,CNYAN,CNQIN
OFFRAYRKK,CNYAN,CNQIN
OFFRAAGKK,CNYAN,CNQIN
OAROFYYFK,CNYAN,CNSHA
OAROFYYFK,CNYAN,CNTJN
OFFKCFOKK,CNYAN,CNTJN
OARCGANNK,CNYAN,CNTJN
RNORNSKKK,CNYAN,CNWEI
OACOFGOCK,CNYAN,CNYIZ
OACFGNKKK,CNYAN,CNYZH
OAOFOOKKK,CNYAN,CNZHE
NGRKASOKK,CNYAN,IQMAB
OFFFFGNKK,CNYAN,JPKMA
RNORNSKKK,CNYAN,JPKOB
RNORNSKKK,CNYAN,JPOSK
RNORNSKKK,CNYAN,JPOSK
RNORNSKKK,CNYAN,JPOSK
RNORNSKKK,CNYAN,JPOSK
RNORNSKKK,CNYAN,JPOSK
RNORNSKKK,CNYAN,JPOSK
RNORNSKKK,CNYAN,JPOSK
RNORNSKKK,CNYAN,JPOSK
RNORNSKKK,CNYAN,JPOSK
RNORNSKKK,CNYAN,JPOSK
RNORNSKKK,CNYAN,JPOSK
RNORNSKKK,CNYAN,JPOSK
RNORNSKKK,CNYAN,JPOSK
RNORNSKKK,CNYAN,JPOSK
RNORNSKKK,CNYAN,JPOSK
RNORNSKKK,CNYAN,JPOSK
RNORNSKKK,CNYAN,JPOSK
RNORNSKKK,CNYAN,JPOSK
RNORNSKKK,CNYAN,JPOSK
RNORNSKKK,CNYAN,JPOSK
RNORNSKKK,CNYAN,JPOSK
RNORNSKKK,CNYAN,JPOSK
RNORNSKKK,CNYAN,JPOSK
RNORNSKKK,CNYAN,JPOSK
RNORNSKKK,CNYAN,JPOSK
RNORNSKKK,CNYAN,JPOSK
RNORNSKKK,CNYAN,JPOSK
RNORNSKKK,CNYAN,JPOSK
RNORNSKKK,CNYAN,JPOSK
RNORNSKKK,CNYAN,JPOSK
RNORNSKKK,CNYAN,JPOSK
RNORNSKKK,CNYAN,JPOSK
RNORNSKKK,CNYAN,JPOSK
RNORNSKKK,CNYAN,JPOSK
RNORNSKKK,CNYAN,JPOSK
RNORNSKKK,CNYAN,JPOSK
RNORNSKKK,CNYAN,JPOSK
RNORNSKKK,CNYAN,JPOSK
RNORNSKKK,CNYAN,JPOSK
RNORNSKKK,CNYAN,JPOSK
RNORNSKKK,CNYAN,JPOSK
RNORNSKKK,CNYAN,JPOSK
RNORNSKKK,CNYAN,JPOSK
RNORNSKKK,CNYAN,JPOSK
OFFNNCGKK,CNYAN,KRPOH
OAOKFKKKK,CNYAN,KRPYT
OFFNNCGKK,CNYAN,KRPYT
OARFFKKKK,CNYAN,KRYOS
OARYFNKKK,CNYAN,KRYOS
RNNNASKKK,CNYAN,MXLCS
OARFFKKKK,CNYAN,RUKZM
OARCFNYRK,CNYIZ,CNCJN
OACOFFFOK,CNYIZ,CNDAL
OARCFGKFK,CNYIZ,CNDSN
OARCFYGGK,CNYIZ,CNDYI
OACOFFFOK,CNYIZ,CNHUI
OARCFGKFK,CNYIZ,CNMEZ
OARCFNYRK,CNYIZ,CNNBO
OACOFGOCK,CNYIZ,CNNBO
OACOFGOCK,CNYIZ,CNNBO
OACOFGOCK,CNYIZ,CNNBO
OACOFGOCK,CNYIZ,CNNBO
OACOFGOCK,CNYIZ,CNNBO
OARCRAFAK,CNYIZ,CNNBO
OACOFFFOK,CNYIZ,CNNBO
OACOFFFOK,CNYIZ,CNNBO
OACOFFFOK,CNYIZ,CNNBO
OACOFFFOK,CNYIZ,CNNBO
OACOFFFOK,CNYIZ,CNNBO
OACOFFFOK,CNYIZ,CNNBO
OACOFFFOK,CNYIZ,CNNBO
OACOFFFNK,CNYIZ,CNWEN
OACOFGOCK,CNYIZ,CNYAN
OARCFGKFK,CNYIZ,CNZOS
OARCFGKFK,CNYIZ,CNZOS
OARCFGKFK,CNYIZ,CNZOS
OARCFGKFK,CNYIZ,CNZOS
OARCFNYRK,CNYIZ,CNZOS
OARCFNYRK,CNYIZ,CNZOS
OACOFFFOK,CNYIZ,CNZOS
OACOFGOCK,CNYIZ,CNZOS
OAROONGSK,CNYIZ,CNZOS
OACOFGOCK,CNYIZ,CNZOS
OARCFGKFK,CNYIZ,CNZOS
OARCFNYRK,CNYIZ,CNZOS
OAROONGSK,CNYIZ,CNZOS
OACOFGOCK,CNYIZ,KRULS
OARGGKKKK,CNYJG,CNBAS
OAOFSGKKK,CNYJG,CNBAS
OAOKKYKKK,CNYJG,CNBAS
OARYRSKKK,CNYJG,CNBAS
OACNYYKKK,CNYJG,CNBAS
OACNFKKKK,CNYJG,CNBAS
OARRRKKKK,CNYJG,CNBAS
OACNCRYAK,CNYJG,CNBHI
OACNCRYAK,CNYJG,CNBHI
OACNCRYAK,CNYJG,CNBHI
OACNCRYAK,CNYJG,CNBHI
OACGKOKKK,CNYJG,CNCFD
OARARNKKK,CNYJG,CNCFD
OARSYGKKK,CNYJG,CNHPU
OARKKRKKK,CNYJG,CNHPU
OARACYKKK,CNYJG,CNHUA
OAOFSNKKK,CNYJG,CNHUA
OARAAAKKK,CNYJG,CNHUA
OACRNRKKK,CNYJG,CNHUA
OARYRSKKK,CNYJG,CNHUA
OARAYAKKK,CNYJG,CNHUA
OACNCRYAK,CNYJG,CNHUI
OACNCRYAK,CNYJG,CNHUI
OARNCKCNK,CNYJG,CNHUI
OACNCRYAK,CNYJG,CNHUI
OACNCRYAK,CNYJG,CNHUI
OACNCRYAK,CNYJG,CNHUI
OACFNAKKK,CNYJG,CNJIT
OACNNGKKK,CNYJG,CNJIT
OAOCCRKKK,CNYJG,CNJIT
OARAYOKKK,CNYJG,CNLYW
OARACYKKK,CNYJG,CNLYW
OACFNAKKK,CNYJG,CNMEZ
OAOCCRKKK,CNYJG,CNMEZ
OARYCGKKK,CNYJG,CNQHD
OARCRAFAK,CNYJG,CNQUA
OARYRSKKK,CNYJG,CNRIZ
OARASOKKK,CNYJG,CNSLH
OACFNAKKK,CNYJG,CNYPG
OARACYKKK,CNYJG,CNZHA
OACFNAKKK,CNYJG,CNZHA
OARKKRKKK,CNYJG,CNZHA
OARKKRKKK,CNYJG,CNZHA
OARKKRKKK,CNYJG,CNZHA
OARYCGKKK,CNYJG,CNZHA
OARYCGKKK,CNYJG,CNZHA
OARYCGKKK,CNYJG,CNZHA
OARYCGKKK,CNYJG,CNZHA
OARYCGKKK,CNYJG,CNZHA
OARYCGKKK,CNYJG,CNZHA
OARYCGKKK,CNYJG,CNZHA
OARAYYKKK,CNYJG,CNZHA
OARAYYKKK,CNYJG,CNZHA
OARAYYKKK,CNYJG,CNZHA
OACNGFKKK,CNYJG,CNZHA
OACNGFKKK,CNYJG,CNZHA
OACNGFKKK,CNYJG,CNZHA
OACNFKKKK,CNYJG,CNZHA
OACNFKKKK,CNYJG,CNZHA
OARAYNKKK,CNYJG,CNZHA
OARAYNKKK,CNYJG,CNZHA
OACNYYKKK,CNYJG,CNZHA
OARAYOKKK,CNYJG,CNZHA
OARAYOKKK,CNYJG,CNZHA
OARAYAKKK,CNYJG,CNZHA
OARAYAKKK,CNYJG,CNZHA
OACFFNKKK,CNYJG,CNZHA
OARAYAKKK,CNYJG,CNZHA
OACFFNKKK,CNYJG,CNZHA
OACNNGKKK,CNYJG,CNZHA
OACNNGKKK,CNYJG,CNZHA
OACNNGKKK,CNYJG,CNZHA
OARASGKKK,CNYJG,CNZHA
OARASGKKK,CNYJG,CNZHA
OARACYKKK,CNYJG,CNZHA
OARACYKKK,CNYJG,CNZHA
OARACYKKK,CNYJG,CNZHA
OARARNKKK,CNYJG,CNZHA
OARASOKKK,CNYJG,CNZHA
OARNFYKKK,CNYJG,CNZHA
OACNCRYAK,CNYJG,CNZHH
OACNCRYAK,CNYJG,CNZHH
OAOAACKKK,CNYJG,VNCAM
OAOAFNKKK,CNYJG,VNCAM
OAOAYYKKK,CNYJG,VNCAM
OARRKCKYK,CNYJG,VNCAM
OFFARFSKK,CNYJG,VNCLN
OAOFCGKKK,CNYPG,CNBAS
OARAYOKKK,CNYPG,CNBAS
OACNCRYAK,CNYPG,CNFAN
OARAOGKKK,CNYPG,CNGLA
OARKNYKKK,CNYPG,CNGLA
OARAOGKKK,CNYPG,CNGLA
OARAOGKKK,CNYPG,CNGLA
OAOROCKKK,CNYPG,CNGLA
OARAOAKKK,CNYPG,CNGLA
OARAOAKKK,CNYPG,CNGLA
OARAOAKKK,CNYPG,CNGLA
OAOROCKKK,CNYPG,CNGLA
OARAOAKKK,CNYPG,CNGLA
OARAOAKKK,CNYPG,CNGLA
OARAOAKKK,CNYPG,CNGLA
OARKNYKKK,CNYPG,CNGLA
OARAOAKKK,CNYPG,CNGLA
OARAOAKKK,CNYPG,CNGLA
OAOFCYKKK,CNYPG,CNGLA
OARARAKKK,CNYPG,CNGLA
OAORNKKKK,CNYPG,CNGLA
OAORNKKKK,CNYPG,CNGLA
OAOFRGKKK,CNYPG,CNGLA
OAORNKKKK,CNYPG,CNGLA
OAORNKKKK,CNYPG,CNGLA
OAORNKKKK,CNYPG,CNGLA
OACYNKKKK,CNYPG,CNGUA
OARASAKKK,CNYPG,CNGUA
OARASAKKK,CNYPG,CNGUA
OARASAKKK,CNYPG,CNGUA
OARASAKKK,CNYPG,CNGUA
OARASAKKK,CNYPG,CNGUA
RNFKCNKKK,CNYPG,CNHPU
OFFKNFFKK,CNYPG,CNHUI
OFFCNCAKK,CNYPG,CNHUI
OAOFRCKKK,CNYPG,CNHUI
OACNFKKKK,CNYPG,CNLED
OACFNAKKK,CNYPG,CNLED
OFFCOCYKK,CNYPG,CNLSN
OARAOAKKK,CNYPG,CNLYG
OARAOOKKK,CNYPG,CNNBO
OARYGGKKK,CNYPG,CNNBO
OARFGAKKK,CNYPG,CNNBO
OARYGGKKK,CNYPG,CNNBO
OACFNKKKK,CNYPG,CNNBO
OACFNKKKK,CNYPG,CNNBO
OARFGAKKK,CNYPG,CNNBO
OACFNKKKK,CNYPG,CNNBO
OACFNKKKK,CNYPG,CNNBO
OARYGGKKK,CNYPG,CNNBO
OARYGGKKK,CNYPG,CNNBO
OAOFKKKKK,CNYPG,CNNSA
OAOFNCKKK,CNYPG,CNNSA
RNNOFOKKK,CNYPG,CNNSA
OARFGCKKK,CNYPG,CNNSA
OARAOOKKK,CNYPG,CNNSA
OARAOOKKK,CNYPG,CNNSA
OAOFARKKK,CNYPG,CNQIN
OAOROCKKK,CNYPG,CNQIZ
RNCONGKKK,CNYPG,CNQIZ
RNNOFOKKK,CNYPG,CNQIZ
OAOROCKKK,CNYPG,CNQIZ
RNCONGKKK,CNYPG,CNQIZ
RNCONGKKK,CNYPG,CNQIZ
RNCONGKKK,CNYPG,CNQIZ
RNCONGKKK,CNYPG,CNQIZ
OAOROCKKK,CNYPG,CNQIZ
OACFOGKKK,CNYPG,CNQIZ
OAOROCKKK,CNYPG,CNQIZ
RNCONGKKK,CNYPG,CNQIZ
OAOROCKKK,CNYPG,CNQIZ
OAOROCKKK,CNYPG,CNQIZ
RNRCOAKKK,CNYPG,CNQIZ
OAOROCKKK,CNYPG,CNQIZ
RNCONGKKK,CNYPG,CNQIZ
RNRCOAKKK,CNYPG,CNQIZ
OARFGCKKK,CNYPG,CNQIZ
OAOROCKKK,CNYPG,CNQIZ
OAOROCKKK,CNYPG,CNQIZ
OAOROCKKK,CNYPG,CNQIZ
RNNOFOKKK,CNYPG,CNQIZ
RNCONGKKK,CNYPG,CNQIZ
RNCONGKKK,CNYPG,CNQIZ
OAOROCKKK,CNYPG,CNQIZ
OAOROCKKK,CNYPG,CNQIZ
RNRCOAKKK,CNYPG,CNQIZ
OAOROCKKK,CNYPG,CNQIZ
RNNOFOKKK,CNYPG,CNQIZ
RNCONGKKK,CNYPG,CNQIZ
OAOROCKKK,CNYPG,CNQIZ
OARAOGKKK,CNYPG,CNQIZ
RNRCOAKKK,CNYPG,CNQIZ
OAOROCKKK,CNYPG,CNQIZ
RNNOFOKKK,CNYPG,CNQIZ
RNCONGKKK,CNYPG,CNQIZ
RNRCOAKKK,CNYPG,CNQIZ
OAOROCKKK,CNYPG,CNQIZ
OAOROCKKK,CNYPG,CNQIZ
OAOROCKKK,CNYPG,CNQIZ
RNRCOAKKK,CNYPG,CNQIZ
OAOROCKKK,CNYPG,CNQIZ
RNRCOAKKK,CNYPG,CNQIZ
RNNOFOKKK,CNYPG,CNQIZ
OAOROCKKK,CNYPG,CNQIZ
OAOROCKKK,CNYPG,CNQIZ
RNCONGKKK,CNYPG,CNQIZ
RNCONGKKK,CNYPG,CNSHE
OAOROCKKK,CNYPG,CNTAI
OARARCKKK,CNYPG,CNTJN
OARARAKKK,CNYPG,CNWGQ
OAOFRGKKK,CNYPG,CNWGQ
OACNCRYAK,CNYPG,CNYJG
OARACKKKK,CNYPG,CNZHA
RNCONGKKK,CNYPG,CNZHA
OARACKKKK,CNYPG,CNZHA
OFFKFFFKK,CNYPG,CNZOS
OARASCKKK,CNYPG,CNZOS
OARANAKKK,CNYPG,HKHKG
RFCCNAKKK,CNYPG,OMMAF
OARSSKKKK,CNYPG,SAJUT
OFFROKOKK,CNYPG,SGSGP
OFFCAFSKK,CNYPG,SGSGP
NGOOCKKKK,CNYPG,SGSGP
OAOFOAKKK,CNYPG,SGSGP
OAOOSYKKK,CNYPG,SGSGP
OACFKGKKK,CNYPG,SGSGP
OAOFCSKKK,CNYPG,SGSGP
OFFAGCNKK,CNYPG,TWKAO
OFFCKASKK,CNYPG,TWMAI
OARAOYKKK,CNYPG,VNHPG
OARAOYKKK,CNYPG,VNHPG
OARAOYKKK,CNYPG,VNHPG
OARAOYKKK,CNYPG,VNHPG
OAOFARKKK,CNYPG,VNHPG
RNNOFOKKK,CNYPG,VNHPG
OAOFARKKK,CNYPG,VNHPG
OFFOGONKK,CNYPG,VNHPG
OAOFARKKK,CNYPG,VNHPG
OFFRAAGKK,CNYPG,VNHPG
OAOFARKKK,CNYPG,VNHPG
OFFRAAGKK,CNYPG,VNHPG
RNFKCNKKK,CNYPG,VNHPG
RNFKCNKKK,CNYPG,VNHPG
OARAOFKKK,CNYPG,VNHPG
OFFRAAGKK,CNYPG,VNHPG
OARAOFKKK,CNYPG,VNHPG
OARANAKKK,CNYPG,VNHPG
OAOFARKKK,CNYPG,VNHPG
OFFRAAGKK,CNYPG,VNHPG
OAOFARKKK,CNYPG,VNHPG
OFFSOSFKK,CNYSN,CAPRR
OFFAAFYKK,CNYSN,CAPRR
OFFAAFYKK,CNYSN,CAPRR
OFFSOSFKK,CNYSN,CAPRR
OFFCYRYKK,CNYSN,CAPRR
OFFAAFYKK,CNYSN,CAPRR
OFFGRFGKK,CNYSN,CAPRR
OFFCYRYKK,CNYSN,CAPRR
OFFGRFGKK,CNYSN,CAPRR
OFFCNFAKK,CNYSN,CAPRR
OFFGRFGKK,CNYSN,CAPRR
OARAOSKKK,CNYSN,CAPRR
OARAGGKKK,CNYSN,CAPRR
OFFKFFSKK,CNYSN,CAPRR
OARAGGKKK,CNYSN,CAPRR
OARAGGKKK,CNYSN,CAPRR
OFFSOSFKK,CNYSN,CAPRR
OARKGRKKK,CNYSN,CAPRR
OFFFGSAKK,CNYSN,CAPRR
OFFFGSAKK,CNYSN,CAPRR
OARKGRKKK,CNYSN,CAPRR
OARAOFKKK,CNYSN,CAPRR
OFFAAFOKK,CNYSN,CAPRR
OFFSOSFKK,CNYSN,CAPRR
OARAGFKKK,CNYSN,CAPRR
OFFCYRYKK,CNYSN,CAPRR
OFFCFARKK,CNYSN,CAPRR
OFFCFARKK,CNYSN,CAPRR
OFFCFARKK,CNYSN,CAPRR
OFFCFARKK,CNYSN,CAPRR
OARANRKKK,CNYSN,CAVCR
OARANAKKK,CNYSN,CAVCR
OARKNNKKK,CNYSN,CAVCR
OARKGSKKK,CNYSN,CAVCR
OFFAAFOKK,CNYSN,CAVCR
OARAOGKKK,CNYSN,CNBYQ
OARAONKKK,CNYSN,CNBYQ
OARAONKKK,CNYSN,CNBYQ
OARAOCKKK,CNYSN,CNBYQ
OACFAOKKK,CNYSN,CNBYQ
OARANRKKK,CNYSN,CNBYQ
OARAOOKKK,CNYSN,CNBYQ
OARAOCKKK,CNYSN,CNBYQ
OAOFARKKK,CNYSN,CNBYQ
OARAGFKKK,CNYSN,CNCGM
OARAGGKKK,CNYSN,CNCGM
OARKGRKKK,CNYSN,CNCGM
OARAGYKKK,CNYSN,CNCJK
OACYNKKKK,CNYSN,CNCJK
OFFANFOKK,CNYSN,CNDAL
OARKGOKKK,CNYSN,CNDAL
OARCGSNFK,CNYSN,CNDAL
OARCGSNFK,CNYSN,CNDAL
OARASAKKK,CNYSN,CNDAL
OARCGSNFK,CNYSN,CNDAL
OFFAAFOKK,CNYSN,CNFUN
OARCGSNFK,CNYSN,CNFUN
OFFOOASKK,CNYSN,CNFUN
OFFOOASKK,CNYSN,CNFUN
RNGNSAKKK,CNYSN,CNFUN
RNGNSAKKK,CNYSN,CNFUN
OFFAKKRKK,CNYSN,CNFUN
RNGNSAKKK,CNYSN,CNFUN
OFFOOASKK,CNYSN,CNFUN
OFFASYRKK,CNYSN,CNFUN
OFFASYRKK,CNYSN,CNFUN
OFFASYRKK,CNYSN,CNFUN
OFFASYRKK,CNYSN,CNFUN
OFFAOSFKK,CNYSN,CNLYG
OFFANFSKK,CNYSN,CNNBO
OFFAYOAKK,CNYSN,CNNBO
OFFYGFSKK,CNYSN,CNNBO
OFFRKCYKK,CNYSN,CNNBO
OFFRRRYKK,CNYSN,CNNBO
OFFANOFKK,CNYSN,CNNBO
OFFAFCFKK,CNYSN,CNNBO
OFFANOFKK,CNYSN,CNNBO
OFFAASGKK,CNYSN,CNNBO
OFFRRRYKK,CNYSN,CNNBO
OFFARYYKK,CNYSN,CNNBO
OFFANFOKK,CNYSN,CNNBO
OFFAOSFKK,CNYSN,CNNBO
OFFAASGKK,CNYSN,CNNBO
OFFRONYKK,CNYSN,CNNBO
OFFRKCYKK,CNYSN,CNNBO
OFFKORCKK,CNYSN,CNNBO
OFFCCYOKK,CNYSN,CNNBO
OFFYGFSKK,CNYSN,CNNBO
OFFARYAKK,CNYSN,CNNBO
OFFCCYOKK,CNYSN,CNNBO
OFFRKSAKK,CNYSN,CNNBO
OFFAYOOKK,CNYSN,CNNBO
OFFCCYOKK,CNYSN,CNNBO
OFFCGYRKK,CNYSN,CNNBO
OFFCFOOKK,CNYSN,CNNBO
OFFKNFAKK,CNYSN,CNNBO
OFFRRRYKK,CNYSN,CNNBO
OFFKNFAKK,CNYSN,CNNBO
OARAFAKKK,CNYSN,CNNBO
OFFAFCFKK,CNYSN,CNNBO
RFKASSKKK,CNYSN,CNNBO
OFFAOSSKK,CNYSN,CNNBO
OFFAOSFKK,CNYSN,CNNBO
OFFCGYRKK,CNYSN,CNNBO
OFFCRCSKK,CNYSN,CNNBO
OFFYGFSKK,CNYSN,CNNBO
OFFCCYOKK,CNYSN,CNNBO
OFFASRSKK,CNYSN,CNNBO
OFFAOSFKK,CNYSN,CNNBO
OFFAASGKK,CNYSN,CNNBO
OFFAYOOKK,CNYSN,CNNBO
OFFOFGSKK,CNYSN,CNNBO
OFFAGSYKK,CNYSN,CNNBO
OARKGSKKK,CNYSN,CNNBO
OFFARYAKK,CNYSN,CNNBO
OFFKNFAKK,CNYSN,CNNBO
OFFOGOOKK,CNYSN,CNNBO
OFFCSGCKK,CNYSN,CNNBO
OFFAYOAKK,CNYSN,CNNBO
OFFRONYKK,CNYSN,CNNSA
OARKNNKKK,CNYSN,CNNSA
OFFAYOOKK,CNYSN,CNNSA
OFFFACOKK,CNYSN,CNNSA
OFFFACSKK,CNYSN,CNNSA
OFFGNCRKK,CNYSN,CNNSA
OFFRONYKK,CNYSN,CNNSA
OFFRONYKK,CNYSN,CNNSA
OFFOFGSKK,CNYSN,CNNSA
OARKGRKKK,CNYSN,CNPAN
OAOFAYKKK,CNYSN,CNPAN
OFFARYYKK,CNYSN,CNQIN
RNGNSAKKK,CNYSN,CNQIN
OARANYKKK,CNYSN,CNQIN
OFFCYRYKK,CNYSN,CNQIN
OARAGNKKK,CNYSN,CNQIN
OARAGNKKK,CNYSN,CNQIN
OARAGNKKK,CNYSN,CNQIN
OARAGNKKK,CNYSN,CNQIN
OARAFAKKK,CNYSN,CNQIN
OFFSRCCKK,CNYSN,CNQIN
OARAGNKKK,CNYSN,CNQIN
OARKNNKKK,CNYSN,CNQIN
OARAGFKKK,CNYSN,CNQIN
OFFRAYRKK,CNYSN,CNQIN
OARAFAKKK,CNYSN,CNQIN
OFFANSFKK,CNYSN,CNQIN
OARKGRKKK,CNYSN,CNQIN
OARKGRKKK,CNYSN,CNQIN
OFFANFOKK,CNYSN,CNQIN
RNNSKSKKK,CNYSN,CNQIN
OFFAYOAKK,CNYSN,CNQIN
OAORKRKKK,CNYSN,CNQIN
OFFAOSSKK,CNYSN,CNQIN
OFFASYRKK,CNYSN,CNQIN
OARAGFKKK,CNYSN,CNQIN
OFFOGONKK,CNYSN,CNQIN
OARKGSKKK,CNYSN,CNQIN
OARANYKKK,CNYSN,CNQIN
OARANYKKK,CNYSN,CNQIN
OFFRGKSKK,CNYSN,CNQIN
OARANYKKK,CNYSN,CNQIN
OARANYKKK,CNYSN,CNQIN
OACYNKKKK,CNYSN,CNRUG
OAORKRKKK,CNYSN,CNSHE
OFFNYSOKK,CNYSN,CNSHE
OFFAYOAKK,CNYSN,CNTJN
OFFANOFKK,CNYSN,CNTJN
OFFANFOKK,CNYSN,CNTJN
OFFAGSYKK,CNYSN,CNTJN
RFCYROKKK,CNYSN,CNTJN
OFFRKCYKK,CNYSN,CNTJN
OFFASRSKK,CNYSN,CNTJN
OFFAOSSKK,CNYSN,CNTJN
OFFARYAKK,CNYSN,CNTJN
OFFANOFKK,CNYSN,CNTJN
OFFANFSKK,CNYSN,CNTJN
OAORCSKKK,CNYSN,CNTJN
OFFANFSKK,CNYSN,CNTJN
OFFARYAKK,CNYSN,CNTJN
OFFAYOOKK,CNYSN,CNTJN
OFFAGGNKK,CNYSN,CNTJN
OFFRKCYKK,CNYSN,CNTJN
OFFANOFKK,CNYSN,CNTJN
OFFAFCFKK,CNYSN,CNTJN
OFFAYOAKK,CNYSN,CNTJN
OFFFACOKK,CNYSN,CNTJN
OFFAFCFKK,CNYSN,CNTJN
OFFASRSKK,CNYSN,CNTJN
OFFAFCFKK,CNYSN,CNTJN
OFFANFSKK,CNYSN,CNTJN
OFFGYSGKK,CNYSN,CNTJN
OFFAGGNKK,CNYSN,CNTJN
OFFAGSYKK,CNYSN,CNTJN
OARKNNKKK,CNYSN,CNTJN
OFFAFCFKK,CNYSN,CNTJN
OFFAYOOKK,CNYSN,CNTJN
OFFANFSKK,CNYSN,CNTJN
OFFANOFKK,CNYSN,CNTJN
OFFAGGNKK,CNYSN,CNTJN
OFFARYAKK,CNYSN,CNTJN
OARYGGKKK,CNYSN,CNTJN
OFFANFSKK,CNYSN,CNTJN
OFFAOSSKK,CNYSN,CNTJN
OFFARYAKK,CNYSN,CNTJN
OFFARYAKK,CNYSN,CNTJN
OFFAYOAKK,CNYSN,CNTJN
OFFAOSSKK,CNYSN,CNTJN
OFFASRSKK,CNYSN,CNTJN
OFFANFOKK,CNYSN,CNTJN
OFFASRSKK,CNYSN,CNTJN
OARAGYKKK,CNYSN,CNWGQ
OFFCRCSKK,CNYSN,CNXIA
OFFRASCKK,CNYSN,CNXIA
OFFOOASKK,CNYSN,CNXIA
OFFAAFOKK,CNYSN,CNXIA
OFFARYYKK,CNYSN,CNXIA
OFFYGFFKK,CNYSN,CNXIA
OFFOOASKK,CNYSN,CNXIA
OARANOKKK,CNYSN,CNXIA
OFFCRCSKK,CNYSN,CNXIA
OARANYKKK,CNYSN,CNXIA
OARAFRKKK,CNYSN,CNXIA
OFFOOASKK,CNYSN,CNXIA
OFFCGYRKK,CNYSN,CNXIA
OARAFRKKK,CNYSN,CNXIA
OFFFACSKK,CNYSN,CNXIA
OFFAAFOKK,CNYSN,CNXIA
OARKNSKKK,CNYSN,CNXIA
OARAFAKKK,CNYSN,CNXIA
OFFAYOOKK,CNYSN,CNXIA
RNOSSGKKK,CNYSN,CNYTN
OFFCGGSKK,CNYSN,CNYTN
OAOFROKKK,CNYSN,CNZOS
OAOFAYKKK,CNYSN,CNZOS
OAOFOGKKK,CNYSN,CNZOS
OARASAKKK,CNYSN,CNZOS
OARASAKKK,CNYSN,CNZOS
OARASAKKK,CNYSN,CNZOS
OAOFOGKKK,CNYSN,CNZOS
OACYNKKKK,CNYSN,CNZOS
OAOFAYKKK,CNYSN,CNZOS
OFFFACOKK,CNYSN,GRPIR
OFFAOSSKK,CNYSN,GRPIR
OFFASRSKK,CNYSN,GRPIR
OFFRKCYKK,CNYSN,GRPIR
OFFAGGNKK,CNYSN,GRPIR
OARSNSKKK,CNYSN,HKHKG
OARKGNKKK,CNYSN,HKHKG
OARAFAKKK,CNYSN,HKHKG
OFFKNGOKK,CNYSN,HKHKG
RFCYROKKK,CNYSN,HKHKG
OFFAASGKK,CNYSN,HKHKG
OFFFGSAKK,CNYSN,JPSTS
OFFCRCCKK,CNYSN,KRBUS
OFFASRYKK,CNYSN,KRBUS
OFFASRYKK,CNYSN,KRBUS
OFFCRCCKK,CNYSN,KRBUS
OFFASRYKK,CNYSN,KRBUS
OFFCGYOKK,CNYSN,KRBUS
OFFCRCCKK,CNYSN,KRBUS
OFFASRYKK,CNYSN,KRBUS
OFFCGYOKK,CNYSN,KRBUS
OFFCGYOKK,CNYSN,KRBUS
OFFASRYKK,CNYSN,KRBUS
OAOFCAKKK,CNYSN,KRINC
OARAGAKKK,CNYSN,MXMAN
OARKFGKKK,CNYSN,MXMAN
OFFRGKSKK,CNYSN,MXMAN
OARAGAKKK,CNYSN,MXMAN
OARKFGKKK,CNYSN,MXMAN
OARKFGKKK,CNYSN,MXMAN
OARKFGKKK,CNYSN,MXMAN
OARKFGKKK,CNYSN,MXMAN
OFFAYOSKK,CNYSN,PACOL
OFFAGSOKK,CNYSN,PACOL
OFFAGSOKK,CNYSN,PACOL
OFFAGSOKK,CNYSN,PACOL
OFFAGSOKK,CNYSN,PACOL
OFFCSGRKK,CNYSN,PACOL
OFFAYOSKK,CNYSN,PACOL
OFFAYOSKK,CNYSN,PACOL
OFFCSGRKK,CNYSN,PACOL
OFFCSGRKK,CNYSN,PACOL
OARSNSKKK,CNYSN,RUNJK
OFFARYAKK,CNYSN,SGSGP
OFFANFOKK,CNYSN,SGSGP
OFFGYSGKK,CNYSN,SGSGP
OARSOSKKK,CNYSN,SGSGP
OFFASRSKK,CNYSN,SGSGP
OFFASRSKK,CNYSN,SGSGP
OFFAFCFKK,CNYSN,SGSGP
OFFAOSSKK,CNYSN,SGSGP
OFFRKSAKK,CNYSN,TWKAO
OFFCNFAKK,CNYSN,USLGB
OFFCYRYKK,CNYSN,USLGB
OFFAYOSKK,CNYSN,USLGB
OFFCFARKK,CNYSN,USLGB
OFFCFARKK,CNYSN,USLGB
OFFRKSAKK,CNYSN,USLGB
OFFCNFAKK,CNYSN,USLGB
OFFFFGCKK,CNYSN,USLGB
OFFAAFYKK,CNYSN,USLSA
OFFSOSFKK,CNYSN,USLSA
OFFSOSFKK,CNYSN,USLSA
OARAOFKKK,CNYSN,USSEA
OFFOGONKK,CNYSN,USSEA
OFFRRRYKK,CNYTN,BRRDJ
OARAFAKKK,CNYTN,BRRDJ
OARAGGKKK,CNYTN,CAPRR
RFCYROKKK,CNYTN,CAPRR
OARAOYKKK,CNYTN,CAPRR
OARANRKKK,CNYTN,CNNBO
OARANAKKK,CNYTN,CNNBO
OFFOGOOKK,CNYTN,CNNBO
RNFKCNKKK,CNYTN,CNXIA
OFFAYOSKK,CNYTN,CNXIA
OFFCSGRKK,CNYTN,CNXIA
OFFAYOSKK,CNYTN,CNXIA
OFFCSGRKK,CNYTN,CNXIA
RNNOFOKKK,CNYTN,CNXIA
RNFKCNKKK,CNYTN,CNXIA
OFFAGSOKK,CNYTN,CNXIA
RNNOFOKKK,CNYTN,CNXIA
OFFAGSOKK,CNYTN,CNXIA
OFFAGSOKK,CNYTN,CNXIA
OFFAGSOKK,CNYTN,CNXIA
OFFCSGRKK,CNYTN,CNXIA
OARAOFKKK,CNYTN,CNYSN
OFFAAFOKK,CNYTN,CNYSN
OARKGSKKK,CNYTN,CNYSN
OFFCRCSKK,CNYTN,CNYSN
OFFYGFFKK,CNYTN,CNYSN
OFFRASCKK,CNYTN,CNYSN
OFFYGFFKK,CNYTN,CNYSN
OFFCGYRKK,CNYTN,CNYSN
OFFOGONKK,CNYTN,CNYSN
OFFAKKRKK,CNYTN,CNYSN
OFFYGFFKK,CNYTN,CNYSN
OFFYGFSKK,CNYTN,CNYSN
OFFCGYRKK,CNYTN,GBFEL
OFFFACSKK,CNYTN,GRPIR
OFFAYOOKK,CNYTN,GRPIR
OFFCGYRKK,CNYTN,KRGWA
OFFCRCSKK,CNYTN,KRGWA
OFFCGYRKK,CNYTN,KRGWA
OFFYGFFKK,CNYTN,KRGWA
OFFRASCKK,CNYTN,KRGWA
OFFYGFSKK,CNYTN,KRGWA
OFFRASCKK,CNYTN,KRGWA
OFFYGFSKK,CNYTN,KRGWA
OFFFACSKK,CNYTN,SGSGP
OFFYGFSKK,CNYTN,SGSGP
OFFRASCKK,CNYTN,SGSGP
OFFGYSGKK,CNYTN,SGSGP
OFFRASCKK,CNYTN,SGSGP
OFFYGFFKK,CNYTN,SGSGP
OFFSNSSKK,CNYTN,SGSGP
OFFCGGSKK,CNYTN,SGSGP
OFFCGGSKK,CNYTN,SGSGP
OFFRRRYKK,CNYTN,SGSGP
OFFAYOOKK,CNYTN,SGSGP
OFFKORCKK,CNYTN,SGSGP
OFFCGGSKK,CNYTN,SGSGP
OFFAOSFKK,CNYTN,SGSGP
OFFCGGSKK,CNYTN,SGSGP
OFFCRCSKK,CNYTN,SGSGP
OFFCAROKK,CNYTN,SGSGP
OFFFACSKK,CNYTN,SGSGP
OFFCRCSKK,CNYTN,SGSGP
OFFCFAOKK,CNYTN,TWKAO
OFFCFAOKK,CNYTN,TWKAO
OFFCFAOKK,CNYTN,TWKAO
OFFRGKSKK,CNYTN,TWKAO
OFFCAYYKK,CNYTN,TWKAO
OFFCAYYKK,CNYTN,TWKAO
OFFCAYYKK,CNYTN,TWKAO
OFFAYOGKK,CNYTN,TWKAO
OFFAYOGKK,CNYTN,TWKAO
OFFAYOGKK,CNYTN,TWKAO
OFFGNCRKK,CNYTN,TWKAO
OFFGNCRKK,CNYTN,TWKAO
OFFGNCRKK,CNYTN,TWKAO
OFFRGKSKK,CNYTN,TWKAO
OFFAGGGKK,CNYTN,TWKAO
OFFAGGGKK,CNYTN,TWKAO
OFFFFGCKK,CNYTN,TWKAO
OFFFFGCKK,CNYTN,TWKAO
OFFFFGCKK,CNYTN,TWKAO
OFFFFGCKK,CNYTN,TWKAO
OARAGAKKK,CNYTN,TWKAO
OARAGAKKK,CNYTN,TWKAO
OFFSONGKK,CNYTN,TWKAO
OFFSONGKK,CNYTN,TWKAO
OFFSONGKK,CNYTN,TWKAO
OFFSONGKK,CNYTN,TWKAO
OARAOYKKK,CNYTN,USHOU
OFFFGNSKK,CNYTN,USHOU
OFFKKOFKK,CNYTN,USHOU
OFFFGNSKK,CNYTN,USHOU
OFFFGNSKK,CNYTN,USHOU
OFFOGOOKK,CNYTN,USHOU
OFFKFFSKK,CNYTN,USHOU
OFFKFFSKK,CNYTN,USHOU
OFFRAYRKK,CNYTN,USHOU
OARAOFKKK,CNYTN,USHOU
OFFSRCRKK,CNYTN,USHOU
OFFSRCRKK,CNYTN,USHOU
OFFSRCRKK,CNYTN,USHOU
OFFSRCRKK,CNYTN,USHOU
OARAOYKKK,CNYTN,USHOU
OFFFGNSKK,CNYTN,USHOU
OFFOOASKK,CNYTN,USLGB
OFFASYRKK,CNYTN,USLGB
RNGNSAKKK,CNYTN,USLGB
OFFOOASKK,CNYTN,USLGB
OFFAYOGKK,CNYTN,USLGB
OFFOOASKK,CNYTN,USLSA
OFFAAFOKK,CNYTN,USLSA
OFFAAFOKK,CNYTN,USLSA
OFFAAFOKK,CNYTN,USLSA
OFFARYYKK,CNYTN,USLSA
OFFASYRKK,CNYTN,USLSA
OFFASYRKK,CNYTN,USLSA
OFFASYRKK,CNYTN,USLSA
RNGNSAKKK,CNYTN,USLSA
OFFOOASKK,CNYTN,USLSA
OFFOOASKK,CNYTN,USLSA
RFCYROKKK,CNYTN,USMOB
OFFKKOFKK,CNYTN,USMOB
OFFAKFCKK,CNYTN,VNCMP
OFFOCOGKK,CNYTN,VNCMP
RNCGRAKKK,CNYTN,VNCMP
OFFOCRSKK,CNYTN,VNCMP
OFFOCFNKK,CNYTN,VNCMP
RFKASSKKK,CNYTN,VNCMP
OFFOCFNKK,CNYTN,VNCMP
OFFAOSFKK,CNYTN,VNCMP
OFFCAROKK,CNYTN,VNCMP
OFFKRKFKK,CNYTN,VNCMP
OFFKNGOKK,CNYTN,VNCMP
OFFYGRSKK,CNYTN,VNCMP
RNCONGKKK,CNYTN,VNHCM
RNCONGKKK,CNYTN,VNHCM
RNCONGKKK,CNYTN,VNHCM
RNCONGKKK,CNYTN,VNHCM
RNCONGKKK,CNYTN,VNHCM
RNCONGKKK,CNYTN,VNHPG
OFFFRKRKK,CNYZH,AUNTL
RNFCKRKKK,CNYZH,AUPHE
OARSCSKKK,CNYZH,AUPHE
OAOFSKKKK,CNYZH,CNCFD
OAOFFOKKK,CNYZH,CNCFD
OAOFFFKKK,CNYZH,CNCFD
OAOFSKKKK,CNYZH,CNCFD
OARASNKKK,CNYZH,CNCFD
OAOFFOKKK,CNYZH,CNCFD
OAOFSKKKK,CNYZH,CNCFD
OARACRKKK,CNYZH,CNCFD
OAOFFOKKK,CNYZH,CNCFD
OAOFOOKKK,CNYZH,CNCFD
OAOFFYKKK,CNYZH,CNCFD
OACROOKKK,CNYZH,CNCFD
OARAYAKKK,CNYZH,CNCFD
OAOANGKKK,CNYZH,CNCFD
OAOFKYKKK,CNYZH,CNCFD
OARAOKKKK,CNYZH,CNCFD
OAROFAYNK,CNYZH,CNCGM
OAOFKYKKK,CNYZH,CNDJK
OARCGAOFK,CNYZH,CNDJK
OARKFFKKK,CNYZH,CNHUA
OAOFFFKKK,CNYZH,CNHUA
OACFGNKKK,CNYZH,CNHUA
OARCGCORK,CNYZH,CNHUA
OARCGCORK,CNYZH,CNHUA
OAOFCRKKK,CNYZH,CNHUA
OAOFKYKKK,CNYZH,CNHUA
OAOFSKKKK,CNYZH,CNHUA
OACACOKKK,CNYZH,CNHUA
OARCGCRFK,CNYZH,CNHUA
OARAYOKKK,CNYZH,CNHUA
OAOFSKKKK,CNYZH,CNHUA
OACKROKKK,CNYZH,CNHUA
OAOANGKKK,CNYZH,CNHUA
OAOAOGKKK,CNYZH,CNHUA
OAOFSRKKK,CNYZH,CNHUA
OARCGAOFK,CNYZH,CNHUA
OARASOKKK,CNYZH,CNHUA
OAOFFOKKK,CNYZH,CNHUA
OAOFCGKKK,CNYZH,CNHUA
OARNFYKKK,CNYZH,CNHUA
OAOAOGKKK,CNYZH,CNJIT
OAOFSKKKK,CNYZH,CNJIT
OAOFFFKKK,CNYZH,CNJIT
OAOFSKKKK,CNYZH,CNJIT
OARYRSKKK,CNYZH,CNJIT
OARCNFOSK,CNYZH,CNJIT
OAOFNKKKK,CNYZH,CNJIT
OAOCCRKKK,CNYZH,CNJIT
OAOFSKKKK,CNYZH,CNJIT
OARCGCNSK,CNYZH,CNJIT
OAOCNSKKK,CNYZH,CNJIT
OAOFFYKKK,CNYZH,CNNBO
OAOFFFKKK,CNYZH,CNQHD
OAOFFFKKK,CNYZH,CNQHD
OARACYKKK,CNYZH,CNQHD
OAOFFAKKK,CNYZH,CNQHD
OACFGNKKK,CNYZH,CNQHD
OARSRFKKK,CNYZH,CNQHD
OAOFFYKKK,CNYZH,CNQHD
OARAYOKKK,CNYZH,CNQHD
OARGSFKKK,CNYZH,CNQHD
OARAOKKKK,CNYZH,CNQHD
OAOFNAKKK,CNYZH,CNQHD
OARYRSKKK,CNYZH,CNQHD
OAOFFFKKK,CNYZH,CNQHD
OACACOKKK,CNYZH,CNQHD
OARCGARFK,CNYZH,CNQHD
OAOFOOKKK,CNYZH,CNQHD
OAOAOGKKK,CNYZH,CNRIZ
OARRGKKKK,CNYZH,CNRUG
OAOFOOKKK,CNYZH,CNRUG
OAROYRKSK,CNYZH,CNSHS
OAOFNKKKK,CNYZH,CNSLH
OARCGCNSK,CNYZH,CNTJN
OAOFSKKKK,CNYZH,CNTJN
OARCGAOFK,CNYZH,CNTJN
OAOFOOKKK,CNYZH,CNTJN
OFFRSYCKK,CNYZH,CNZHE
OARACRKKK,CNYZH,CNZOS
OAOAGSKKK,CNYZH,CNZOS
OAOFFAKKK,CNYZH,KRGWA
OAOFFCKKK,CNYZH,KRGWA
OACFGKKKK,CNYZH,KRULS
OACNRRKKK,CNZHA,AUPHE
OFFGCSRKK,CNZHA,AUPHE
OFFRAYCKK,CNZHA,AUPHE
OFFAYCCKK,CNZHA,AUPHE
OFFRYYCKK,CNZHA,AUPHE
OFFRAYCKK,CNZHA,AUPHE
OFFRYYCKK,CNZHA,AUPHE
OFFRYYCKK,CNZHA,AUPHE
OFFRYYCKK,CNZHA,AUPHE
OFFRYYCKK,CNZHA,AUPHE
OFFFRYCKK,CNZHA,AUPWA
NGRKYRCKK,CNZHA,BRPDM
OARAGCKKK,CNZHA,CN9873
OAOFCYKKK,CNZHA,CN9873
OAOFCKKKK,CNZHA,CN9873
OARANOKKK,CNZHA,CN9873
OARAGCKKK,CNZHA,CN9873
OARACKKKK,CNZHA,CN9878
OACNGFKKK,CNZHA,CNBAO
OACFNAKKK,CNZHA,CNBAO
OAOFFOKKK,CNZHA,CNBAO
OARASNKKK,CNZHA,CNBAO
OARASGKKK,CNZHA,CNBAO
OARKKRKKK,CNZHA,CNBAO
OARYRSKKK,CNZHA,CNBAO
OFFRAYCKK,CNZHA,CNBAO
OACNNGKKK,CNZHA,CNBAO
OARAYOKKK,CNZHA,CNBAO
OARAYNKKK,CNZHA,CNBAO
OARACYKKK,CNZHA,CNBAO
OACNCRYAK,CNZHA,CNBHI
OAOFCKKKK,CNZHA,CNBHI
OAOFCKKKK,CNZHA,CNBHI
OAOFCKKKK,CNZHA,CNBHI
OAOFCYKKK,CNZHA,CNBHI
OARAGKKKK,CNZHA,CNBHI
OFFGOAGKK,CNZHA,CNCFD
OAROONGSK,CNZHA,CNCHS
OARNFYKKK,CNZHA,CNCHZ
OFFRAYCKK,CNZHA,CNCJK
OAOFFOKKK,CNZHA,CNCJK
OAROONGSK,CNZHA,CNCJK
OFFRAYCKK,CNZHA,CNCJK
OAROONGSK,CNZHA,CNCJK
OAROONGSK,CNZHA,CNCJK
OARARFKKK,CNZHA,CNDJK
OAOFAYKKK,CNZHA,CNDNG
OACACOKKK,CNZHA,CNFUZ
OARAFFKKK,CNZHA,CNGLA
OACOFRKKK,CNZHA,CNGLA
OARANSKKK,CNZHA,CNGLA
OARANSKKK,CNZHA,CNGLA
OARKKRKKK,CNZHA,CNGLA
OAOFOGKKK,CNZHA,CNGLA
OARACYKKK,CNZHA,CNGLA
OARASAKKK,CNZHA,CNGUA
OAROYRNRK,CNZHA,CNGUA
OARASAKKK,CNZHA,CNGUA
OAOFAYKKK,CNZHA,CNGUA
OAOFAYKKK,CNZHA,CNGUA
OARCROORK,CNZHA,CNHAA
OARCROOCK,CNZHA,CNHAA
OARCRRRGK,CNZHA,CNHAA
OARCRRNSK,CNZHA,CNHAA
OARCRRGCK,CNZHA,CNHAA
OARCROFCK,CNZHA,CNHAA
OARCRORSK,CNZHA,CNHAA
OARCRCSYK,CNZHA,CNHAA
OARCROOOK,CNZHA,CNHAA
OARCRCOYK,CNZHA,CNHAA
OARCRAKRK,CNZHA,CNHAA
OARCRRNFK,CNZHA,CNHAA
OARCRRGRK,CNZHA,CNHAA
OARNCKCGK,CNZHA,CNHKO
OARNCRCRK,CNZHA,CNHKO
OARNCOKAK,CNZHA,CNHKO
OARNCRASK,CNZHA,CNHKO
OACNCCCSK,CNZHA,CNHKO
OARNCCRYK,CNZHA,CNHKO
OARNCRCAK,CNZHA,CNHKO
OARNCRASK,CNZHA,CNHKO
OAOCCRKKK,CNZHA,CNHPU
OARARNKKK,CNZHA,CNHPU
OACNGFKKK,CNZHA,CNHPU
OARNFYKKK,CNZHA,CNHPU
OARAYAKKK,CNZHA,CNHPU
OACRNRKKK,CNZHA,CNHPU
OARCKKKKK,CNZHA,CNHPU
OACOFRKKK,CNZHA,CNHUA
OARCKKKKK,CNZHA,CNHUA
OARCKKKKK,CNZHA,CNHUA
OARCKKKKK,CNZHA,CNHUA
OAOFCYKKK,CNZHA,CNHUA
OARCKKKKK,CNZHA,CNHUA
OARCKKKKK,CNZHA,CNHUA
OARCKKKKK,CNZHA,CNHUA
OARCKKKKK,CNZHA,CNHUA
OAOFFNKKK,CNZHA,CNHUA
OARANCKKK,CNZHA,CNHUA
OARCKKKKK,CNZHA,CNHUA
OARCKKKKK,CNZHA,CNHUA
OARANOKKK,CNZHA,CNHUA
OAROONGSK,CNZHA,CNHUI
NGRKOGGKK,CNZHA,CNHUI
OACNGFKKK,CNZHA,CNJIA
OARYRSKKK,CNZHA,CNJIA
OAROONGSK,CNZHA,CNJIA
OARASOKKK,CNZHA,CNJIA
OARASGKKK,CNZHA,CNJIA
OARAYYKKK,CNZHA,CNJIA
OARACYKKK,CNZHA,CNJIA
OARASGKKK,CNZHA,CNJIA
OARAYYKKK,CNZHA,CNJIA
OACNNGKKK,CNZHA,CNJIA
OARYCGKKK,CNZHA,CNJIA
OACFFNKKK,CNZHA,CNJIA
OARAYNKKK,CNZHA,CNJIA
OARKFSKKK,CNZHA,CNJIA
OARAYAKKK,CNZHA,CNJIA
OACFFNKKK,CNZHA,CNJIA
OACFFNKKK,CNZHA,CNJIA
OACNYYKKK,CNZHA,CNJIA
OARYCGKKK,CNZHA,CNJIA
OACRNRKKK,CNZHA,CNJIA
OARASGKKK,CNZHA,CNJIJ
OARASOKKK,CNZHA,CNJIJ
OACFNAKKK,CNZHA,CNJIJ
OARYCGKKK,CNZHA,CNJIJ
OACNGFKKK,CNZHA,CNJIJ
OARYCGKKK,CNZHA,CNJIJ
OARAYYKKK,CNZHA,CNJIJ
OARYCGKKK,CNZHA,CNJIJ
OARKFSKKK,CNZHA,CNJIJ
OARAAYKKK,CNZHA,CNJIT
OARACKKKK,CNZHA,CNLSN
OAOFSOKKK,CNZHA,CNLSN
OFFGAFSKK,CNZHA,CNLYG
NGRKGNRKK,CNZHA,CNMEZ
OFFKYASKK,CNZHA,CNMJS
OFFFRYCKK,CNZHA,CNMJS
OFFYKCAKK,CNZHA,CNMJS
OAOFRCKKK,CNZHA,CNMWN
OARCFNYRK,CNZHA,CNNBO
OAROONGSK,CNZHA,CNNBO
OAROONGSK,CNZHA,CNNBO
OAORKOKKK,CNZHA,CNNBO
OAROONGSK,CNZHA,CNNBO
OAROONGSK,CNZHA,CNNBO
OAROONGSK,CNZHA,CNNBO
RNCONGKKK,CNZHA,CNNSA
OAROONGSK,CNZHA,CNNTG
OARCFNYRK,CNZHA,CNNTG
RFCFYOKKK,CNZHA,CNQIN
OARAOCKKK,CNZHA,CNQIZ
OARKGSKKK,CNZHA,CNQIZ
OAOFCAKKK,CNZHA,CNQIZ
OAOFCAKKK,CNZHA,CNQIZ
OARAGCKKK,CNZHA,CNQIZ
OAORNKKKK,CNZHA,CNQIZ
OARFGRKKK,CNZHA,CNQIZ
OAORNKKKK,CNZHA,CNQIZ
OARAOCKKK,CNZHA,CNQIZ
OARAOCKKK,CNZHA,CNQIZ
OARAOCKKK,CNZHA,CNQIZ
OARAOCKKK,CNZHA,CNQIZ
OARAOCKKK,CNZHA,CNQIZ
OARFGRKKK,CNZHA,CNQIZ
OAOFARKKK,CNZHA,CNQIZ
OACFOGKKK,CNZHA,CNQIZ
OAOFARKKK,CNZHA,CNQIZ
OARFGRKKK,CNZHA,CNQIZ
OARAOCKKK,CNZHA,CNQIZ
OARAOCKKK,CNZHA,CNQIZ
OARAOCKKK,CNZHA,CNQIZ
OAOFSYKKK,CNZHA,CNQIZ
OAOFFNKKK,CNZHA,CNRIZ
OARCFYGGK,CNZHA,CNSHZ
NGRKYFOKK,CNZHA,CNSLH
OACOFGOCK,CNZHA,CNTAX
RNOORRKKK,CNZHA,CNTJN
OAOFSYKKK,CNZHA,CNTJN
OARAGKKKK,CNZHA,CNTJN
OACOFRKKK,CNZHA,CNTJN
OARAFFKKK,CNZHA,CNTJN
OAROFAYFK,CNZHA,CNXIA
OAOCAOKKK,CNZHA,CNYAN
OACNCRYAK,CNZHA,CNYPG
OAOFAYKKK,CNZHA,CNYPG
OARACKKKK,CNZHA,CNYPG
OARACRKKK,CNZHA,CNZHE
OARYCGKKK,CNZHA,CNZHE
OARYCGKKK,CNZHA,CNZHE
OACNFKKKK,CNZHA,CNZHE
OACNFKKKK,CNZHA,CNZHE
OARAYOKKK,CNZHA,CNZHE
OACFFNKKK,CNZHA,CNZHE
OARAYAKKK,CNZHA,CNZHE
OARACRKKK,CNZHA,CNZHE
OARKKRKKK,CNZHA,CNZHE
OARACYKKK,CNZHA,CNZHE
OACFNAKKK,CNZHA,CNZHE
OARAAAKKK,CNZHA,CNZHE
OACRNRKKK,CNZHA,CNZJG
OFFRAYCKK,CNZHA,CNZJG
OARCYOSNK,CNZHA,CNZOS
OFFOARFKK,CNZHA,CNZOS
RNCONGKKK,CNZHA,HKHKG
RNRCOAKKK,CNZHA,HKHKG
RNCONGKKK,CNZHA,HKHKG
RNCONGKKK,CNZHA,HKHKG
RNRCOAKKK,CNZHA,HKHKG
RNCONGKKK,CNZHA,HKHKG
RNCONGKKK,CNZHA,HKHKG
RNRCOAKKK,CNZHA,HKHKG
RNRCOAKKK,CNZHA,HKHKG
RNNOFOKKK,CNZHA,HKHKG
RNCONGKKK,CNZHA,HKHKG
OFFAKKCKK,CNZHA,HKHKG
RNNOFOKKK,CNZHA,HKHKG
RNCONGKKK,CNZHA,HKHKG
RNNOFOKKK,CNZHA,HKHKG
RNNOFOKKK,CNZHA,HKHKG
RNCONGKKK,CNZHA,HKHKG
RNRCOAKKK,CNZHA,HKHKG
RNCONGKKK,CNZHA,HKHKG
RNRCOAKKK,CNZHA,HKHKG
RNCONGKKK,CNZHA,HKHKG
RNRCOAKKK,CNZHA,HKHKG
RNCONGKKK,CNZHA,HKHKG
RNCONGKKK,CNZHA,HKHKG
OAOFCOKKK,CNZHA,IDBNI
OAOFCOKKK,CNZHA,IDBNI
OAOFCCKKK,CNZHA,IDKLR
OAOANCKKK,CNZHA,IDTAB
OARRKCKKK,CNZHA,IDTBR
OARRKAKKK,CNZHA,IDTBR
OFFGNCAKK,CNZHA,IQMAB
OFFCOCSKK,CNZHA,SAJUT
OARASRKKK,CNZHA,SAJUT
NGRKOGGKK,CNZHA,SARTA
OACROGKKK,CNZHA,VNCAM
OAOFFGKKK,CNZHA,VNCAM
OAOFCNKKK,CNZHA,VNSOD
OFFFFGNKK,CNZHE,AUCPN
OFFGNCYKK,CNZHE,AUDPR
OFFRAYCKK,CNZHE,AUDPR
NGNAKKKKK,CNZHE,AUDWN
NGNAKKKKK,CNZHE,AUDWN
OFFNNCNKK,CNZHE,AUHAY
OAOFFSKKK,CNZHE,AUMIB
OAOKFRKKK,CNZHE,AUPHE
OACNROKKK,CNZHE,AUPHE
RNFCKRKKK,CNZHE,AUPHE
OACNRRKKK,CNZHE,AUPHE
OFFGNCYKK,CNZHE,AUPHE
OAOKFKKKK,CNZHE,AUPHE
OACNFKKKK,CNZHE,CNBYQ
OAOFKYKKK,CNZHE,CNCFD
OAOFSRKKK,CNZHE,CNCFD
OAOFFOKKK,CNZHE,CNCFD
OAOFKYKKK,CNZHE,CNCFD
OARSRFKKK,CNZHE,CNCFD
OARRFGRYK,CNZHE,CNCFD
OAOFKYKKK,CNZHE,CNCFD
OAOCNSKKK,CNZHE,CNCFD
OARYCGKKK,CNZHE,CNCFD
OACOFRKAK,CNZHE,CNCFD
OACFNAKKK,CNZHE,CNCFD
OAOFCGKKK,CNZHE,CNCFD
OARAYNKKK,CNZHE,CNCFD
OACNFKKKK,CNZHE,CNCFD
OACFGNKKK,CNZHE,CNCFD
OAOKKOKKK,CNZHE,CNCFD
OARCGAOFK,CNZHE,CNCFD
OARASYKKK,CNZHE,CNCFD
OARAOKKKK,CNZHE,CNCFD
OAOARYKKK,CNZHE,CNCFD
OACNFKKKK,CNZHE,CNCFD
OAOACRKKK,CNZHE,CNCFD
OAOACRKKK,CNZHE,CNCFD
OARAOKKKK,CNZHE,CNCFD
OAOFOOKKK,CNZHE,CNCFD
OAOAGGKKK,CNZHE,CNCFD
OARAYAKKK,CNZHE,CNCFD
OARASOKKK,CNZHE,CNCFD
OAOFNKKKK,CNZHE,CNCFD
OAOFORKKK,CNZHE,CNCFD
OAOFCRKKK,CNZHE,CNCFD
OACNNGKKK,CNZHE,CNCFD
OAOFORKKK,CNZHE,CNCFD
OARAYOKKK,CNZHE,CNCFD
OARASNKKK,CNZHE,CNCFD
OAROONGSK,CNZHE,CNCHS
OAROONGSK,CNZHE,CNCHS
OAOKFFKKK,CNZHE,CNCJK
OARASNKKK,CNZHE,CNCJK
OARNCFYSK,CNZHE,CNCJK
RFKKFAKKK,CNZHE,CNCJK
OAOAGSKKK,CNZHE,CNCJK
OAOKFKKKK,CNZHE,CNCJK
OARCGANGK,CNZHE,CNCJK
OAOARYKKK,CNZHE,CNDDG
OAOFKYKKK,CNZHE,CNDJK
OAOFCRKKK,CNZHE,CNDJK
OAOFKYKKK,CNZHE,CNDJK
RFKKFAKKK,CNZHE,CNDJK
OAOKFFKKK,CNZHE,CNHLD
OARAYNKKK,CNZHE,CNHUA
OARCGANGK,CNZHE,CNHUA
OARSRFKKK,CNZHE,CNHUA
OARCGANGK,CNZHE,CNHUA
OARCGANGK,CNZHE,CNHUA
OACNNGKKK,CNZHE,CNHUA
OARASYKKK,CNZHE,CNHUA
OARCGANGK,CNZHE,CNHUA
OARCGANGK,CNZHE,CNHUA
OARAYYKKK,CNZHE,CNHUA
OARCGANGK,CNZHE,CNHUA
OACRNRKKK,CNZHE,CNHUA
OARCGANGK,CNZHE,CNHUA
OARCGANOK,CNZHE,CNHUA
OARCGANGK,CNZHE,CNHUA
OARCGANGK,CNZHE,CNHUA
OAOFFNKKK,CNZHE,CNHUA
OARCGANNK,CNZHE,CNHUA
OARCGANNK,CNZHE,CNHUA
OAOFFFKKK,CNZHE,CNHUA
OARACCKKK,CNZHE,CNHUA
OAOFCGKKK,CNZHE,CNHUA
OAOFCRKKK,CNZHE,CNHUA
OARCGANGK,CNZHE,CNHUA
OARKFSKKK,CNZHE,CNHUA
OAOCNSKKK,CNZHE,CNHUA
OAOFCRKKK,CNZHE,CNHUA
OAOFCRKKK,CNZHE,CNHUA
OAOFNKKKK,CNZHE,CNHUA
OAOFCGKKK,CNZHE,CNHUA
OARCGCRFK,CNZHE,CNHUA
OAOFCGKKK,CNZHE,CNHUA
OAOARYKKK,CNZHE,CNHUA
OARAYAKKK,CNZHE,CNHUA
OARYSYKKK,CNZHE,CNHUA
OARCGAOFK,CNZHE,CNHUA
OAOARYKKK,CNZHE,CNHUA
OACFGNKKK,CNZHE,CNHUA
OACFGNKKK,CNZHE,CNHUA
OAOFFYKKK,CNZHE,CNHUA
OAOAOGKKK,CNZHE,CNHUA
OAOAOGKKK,CNZHE,CNHUA
OACFNAKKK,CNZHE,CNHUA
OACFGNKKK,CNZHE,CNHUA
OACNYYKKK,CNZHE,CNHUA
OAOFCGKKK,CNZHE,CNHUA
OARKKRKKK,CNZHE,CNHUA
OACNYYKKK,CNZHE,CNJIN
OAOKKOKKK,CNZHE,CNJIT
OARAOKKKK,CNZHE,CNJIT
OAOFOOKKK,CNZHE,CNJIT
OARAYOKKK,CNZHE,CNJIT
OAOKKOKKK,CNZHE,CNJIT
OACFGNKKK,CNZHE,CNJIT
OACFFNKKK,CNZHE,CNJIT
OARYRSKKK,CNZHE,CNJIT
OACNGFKKK,CNZHE,CNJIT
OARNFYKKK,CNZHE,CNJIT
OAOFCGKKK,CNZHE,CNJIT
OAOFFFKKK,CNZHE,CNJIT
OAOAGSKKK,CNZHE,CNJIT
OARYSOKKK,CNZHE,CNJIT
OARASGKKK,CNZHE,CNJIT
OARARNKKK,CNZHE,CNJIT
OAOAOGKKK,CNZHE,CNJIT
OAOAOGKKK,CNZHE,CNJIT
OARASOKKK,CNZHE,CNJIT
OARACYKKK,CNZHE,CNJIT
OACFFNKKK,CNZHE,CNJIT
OAOFNKKKK,CNZHE,CNMJS
OAROONGSK,CNZHE,CNNBO
OARCGANOK,CNZHE,CNNJG
OAOFNKKKK,CNZHE,CNNTG
OARYSYKKK,CNZHE,CNNTG
OAOFFYKKK,CNZHE,CNQHD
OARAOKKKK,CNZHE,CNQHD
OAOFNNKKK,CNZHE,CNQHD
OARAOKKKK,CNZHE,CNQHD
OAOFKRKKK,CNZHE,CNQHD
OACGKOKKK,CNZHE,CNQHD
OARCGANGK,CNZHE,CNQHD
OACNNGKKK,CNZHE,CNQHD
OAOFFFKKK,CNZHE,CNQHD
OACFGNKKK,CNZHE,CNQHD
OAOKKOKKK,CNZHE,CNQHD
OACNYYKKK,CNZHE,CNQHD
OACFGNKKK,CNZHE,CNQHD
OAOFFYKKK,CNZHE,CNQHD
OARACRKKK,CNZHE,CNQHD
OARYCGKKK,CNZHE,CNQHD
OAOKKOKKK,CNZHE,CNQHD
OARCGANGK,CNZHE,CNQHD
OACFGKKKK,CNZHE,CNQHD
OARAAAKKK,CNZHE,CNQHD
OAOARYKKK,CNZHE,CNQHD
OARCGCRFK,CNZHE,CNQHD
OAOFFYKKK,CNZHE,CNQHD
OAOFOOKKK,CNZHE,CNQHD
OAOACRKKK,CNZHE,CNQHD
OARCGCRFK,CNZHE,CNQHD
OARCGCRFK,CNZHE,CNQHD
OARAYAKKK,CNZHE,CNQHD
OFFRSFFKK,CNZHE,CNQIN
OAOFKYKKK,CNZHE,CNQIN
OAOARYKKK,CNZHE,CNRIZ
OACROOKKK,CNZHE,CNRUG
OARASOKKK,CNZHE,CNRUG
OAOFORKKK,CNZHE,CNRUG
OACACKKKK,CNZHE,CNSHA
OAROYOYOK,CNZHE,CNSHA
OAOAGSKKK,CNZHE,CNSLH
OAOAGSKKK,CNZHE,CNSLH
OAOAGSKKK,CNZHE,CNSLH
OARCGCRFK,CNZHE,CNTJN
OARCGCRFK,CNZHE,CNTJN
OARCGCRFK,CNZHE,CNTJN
OARCGCRFK,CNZHE,CNTJN
OAOFCGKKK,CNZHE,CNTJN
RNOFYFKKK,CNZHE,CNTJN
OARCGCRFK,CNZHE,CNTJN
OARCGCRFK,CNZHE,CNTJN
OARCGCRFK,CNZHE,CNTJN
OARCGANNK,CNZHE,CNWEI
OARASYKKK,CNZHE,CNYAN
OACFGNKKK,CNZHE,CNYAN
OAOAONKKK,CNZHE,CNYNG
OARCAYNYK,CNZHE,CNZJG
OACOFFFNK,CNZHE,CNZOS
OAROONGSK,CNZHE,CNZOS
OFFKNKOKK,CNZHE,CNZOS
OARRGKKKK,CNZHE,CNZOS
OAOAGSKKK,CNZHE,CNZOS
OAOFKCKKK,CNZHE,IDKLR
OAOFFAKKK,CNZHE,IDKLR
OACNROKKK,CNZHE,IDSAM
OARSYGKKK,CNZHE,IDSAM
OARNCFYAK,CNZHE,KRGWA
OARRGYKKK,CNZHE,KRGWA
OAOFKRKKK,CNZHE,KRULS
OARNCFYSK,CNZHE,SGSGP
OARNCFYSK,CNZHE,SGSGP
OARNCGKGK,CNZHE,SGSGP
OARCRRNGK,CNZHH,CNHAA
OARASAKKK,CNZHH,CNYPG
OFFOOACKK,CNZJG,AUDPR
NGNAKAKKK,CNZJG,AUHAY
OFFKSFSKK,CNZJG,AUPHE
OARSCSKKK,CNZJG,AUPHE
RNFCKRKKK,CNZJG,AUPHE
OARSCSKKK,CNZJG,AUPHE
OFFRAYCKK,CNZJG,AUPHE
OARSCSKKK,CNZJG,AUPHE
OFFRAYCKK,CNZJG,AUPHE
OFFKCRAKK,CNZJG,AUPHE
OFFRAYCKK,CNZJG,AUPHE
OAOFKGKKK,CNZJG,AUPKE
OFFGNCYKK,CNZJG,AUPWA
OFFRAYCKK,CNZJG,AUPWA
OACNYYKKK,CNZJG,CNBYQ
OAOFCRKKK,CNZJG,CNBYQ
OARCRSANK,CNZJG,CNCFD
OARYCGKKK,CNZJG,CNCFD
OARACCKKK,CNZJG,CNCFD
OARASGKKK,CNZJG,CNCFD
OARCGCOCK,CNZJG,CNCFD
OARCGCOCK,CNZJG,CNCFD
OARAYAKKK,CNZJG,CNCFD
OARRRGKKK,CNZJG,CNCFD
OAOAGGKKK,CNZJG,CNCFD
OACKRNKKK,CNZJG,CNCFD
OARAYYKKK,CNZJG,CNCFD
OARCGCOCK,CNZJG,CNCFD
OACNGFKKK,CNZJG,CNCFD
OARAYNKKK,CNZJG,CNCFD
OARACRKKK,CNZJG,CNCFD
OARCGCOCK,CNZJG,CNCFD
OARNFYKKK,CNZJG,CNCFD
OAOAGGKKK,CNZJG,CNCFD
OARCGCOCK,CNZJG,CNCFD
OARCGCOCK,CNZJG,CNCFD
OARCGCOCK,CNZJG,CNCFD
OARCGCOCK,CNZJG,CNCFD
OAOFFFKKK,CNZJG,CNCFD
OARCGCOCK,CNZJG,CNCFD
OARKFSKKK,CNZJG,CNCFD
OAOFSKKKK,CNZJG,CNCFD
OARCGCOCK,CNZJG,CNCFD
OAOFKYKKK,CNZJG,CNCGM
OACKRNKKK,CNZJG,CNCJK
OACKRNKKK,CNZJG,CNCJK
OACKRNKKK,CNZJG,CNCJK
OARCGCOCK,CNZJG,CNCJK
OAROYRNOK,CNZJG,CNDAL
OFFGOAYKK,CNZJG,CNDAL
OAROYRNOK,CNZJG,CNDAL
OACKRNKKK,CNZJG,CNDJK
RNFCKRKKK,CNZJG,CNDJK
OACKCRKKK,CNZJG,CNFAN
OAOFKYKKK,CNZJG,CNHLD
OARASOKKK,CNZJG,CNHUA
OACNNGKKK,CNZJG,CNHUA
OARCGCORK,CNZJG,CNHUA
OARCGCORK,CNZJG,CNHUA
OAOFSRKKK,CNZJG,CNHUA
OARAYYKKK,CNZJG,CNHUA
OARCGCOCK,CNZJG,CNHUA
OAOFSRKKK,CNZJG,CNHUA
OARCGCOCK,CNZJG,CNHUA
OARGYCKKK,CNZJG,CNHUA
OARCGAYNK,CNZJG,CNHUA
OARGYCKKK,CNZJG,CNHUA
OACNGFKKK,CNZJG,CNHUA
OAOAGGKKK,CNZJG,CNHUA
OARCGCORK,CNZJG,CNHUA
OARCGCORK,CNZJG,CNHUA
OARGYCKKK,CNZJG,CNHUA
OARCGCOCK,CNZJG,CNHUA
OARCGCORK,CNZJG,CNHUA
OARCGCORK,CNZJG,CNHUA
OARCGCNSK,CNZJG,CNHUA
OARCGCORK,CNZJG,CNHUA
OAOFFSKKK,CNZJG,CNHUA
OARARNKKK,CNZJG,CNHUA
OAOAGGKKK,CNZJG,CNHUA
OARCGCORK,CNZJG,CNHUA
OARYSYKKK,CNZJG,CNHUA
OARASNKKK,CNZJG,CNHUA
OARYSYKKK,CNZJG,CNHUA
OARKKRKKK,CNZJG,CNHUA
OARGYCKKK,CNZJG,CNHUA
OARGYCKKK,CNZJG,CNHUA
OARCGCNSK,CNZJG,CNHUA
OACNFKKKK,CNZJG,CNHUA
OARCGCORK,CNZJG,CNHUA
OARGYCKKK,CNZJG,CNHUA
OAOAOGKKK,CNZJG,CNHUA
OARGYCKKK,CNZJG,CNHUA
OARASYKKK,CNZJG,CNHUA
OAOFFOKKK,CNZJG,CNHUA
OARKKRKKK,CNZJG,CNHUA
OARGYCKKK,CNZJG,CNHUA
OARGYCKKK,CNZJG,CNHUA
OARGYCKKK,CNZJG,CNHUA
OARGYCKKK,CNZJG,CNHUA
OARKFSKKK,CNZJG,CNHUA
OARASOKKK,CNZJG,CNHUA
OARGYCKKK,CNZJG,CNHUA
OARKFSKKK,CNZJG,CNHUA
OARKFSKKK,CNZJG,CNHUA
OARKFSKKK,CNZJG,CNHUA
OARGYCKKK,CNZJG,CNHUA
OARGYCKKK,CNZJG,CNHUA
OARGYCKKK,CNZJG,CNHUA
OARGYCKKK,CNZJG,CNHUA
OARGYCKKK,CNZJG,CNHUA
OAOFFFKKK,CNZJG,CNJIT
OACFFNKKK,CNZJG,CNJIT
OACFFNKKK,CNZJG,CNJIT
OARCGCOCK,CNZJG,CNJIT
OACRNRKKK,CNZJG,CNJIT
OARCGCOCK,CNZJG,CNJIT
OAOANGKKK,CNZJG,CNJIT
OARKFSKKK,CNZJG,CNJIT
OARCGCOCK,CNZJG,CNJIT
OARNFYKKK,CNZJG,CNJIT
OACNNGKKK,CNZJG,CNJIT
OARASNKKK,CNZJG,CNJIT
OAOFSKKKK,CNZJG,CNJIT
OAOFOOKKK,CNZJG,CNJIT
OACKRNKKK,CNZJG,CNLSN
OACKRNKKK,CNZJG,CNLYG
OACKRNKKK,CNZJG,CNLYG
OACKRNKKK,CNZJG,CNLYG
OACKRNKKK,CNZJG,CNLYG
OACKRNKKK,CNZJG,CNMJS
OAROYCONK,CNZJG,CNNBO
OACKRNKKK,CNZJG,CNNBO
OAOFNKKKK,CNZJG,CNNBO
OACKRNKKK,CNZJG,CNNBO
OACKRNKKK,CNZJG,CNNBO
OACKRNKKK,CNZJG,CNNBO
OACKRNKKK,CNZJG,CNNBO
OACKRNKKK,CNZJG,CNNBO
OACKRNKKK,CNZJG,CNNBO
OARAYYKKK,CNZJG,CNNTG
OFFGOAYKK,CNZJG,CNPLI
OAROSYYCK,CNZJG,CNQHD
OARACCKKK,CNZJG,CNQHD
OARSRFKKK,CNZJG,CNQHD
OARAYAKKK,CNZJG,CNQHD
OARCGCOCK,CNZJG,CNQHD
OARACYKKK,CNZJG,CNQHD
OAOFKYKKK,CNZJG,CNQHD
OACFGKKKK,CNZJG,CNQHD
OARCGAYNK,CNZJG,CNQHD
OARASYKKK,CNZJG,CNQHD
OACOFRKAK,CNZJG,CNQHD
OARNFYKKK,CNZJG,CNQHD
OARCGCORK,CNZJG,CNQHD
OAOFKYKKK,CNZJG,CNRIZ
OAOAOGKKK,CNZJG,CNRIZ
OACOFRKAK,CNZJG,CNRIZ
OACKRNKKK,CNZJG,CNRUG
OARGYCKKK,CNZJG,CNSHD
OACKRNKKK,CNZJG,CNSLH
OACKRNKKK,CNZJG,CNSLH
OACKRNKKK,CNZJG,CNSLH
OACKRNKKK,CNZJG,CNSLH
OACKRNKKK,CNZJG,CNSLH
OACRNRKKK,CNZJG,CNTJN
OARYSYKKK,CNZJG,CNTJN
OARAYNKKK,CNZJG,CNTJN
OAOFSRKKK,CNZJG,CNTJN
OARCGSNFK,CNZJG,CNWGQ
OAOFOOKKK,CNZJG,CNYAN
OARYRSKKK,CNZJG,CNYZH
OFFYNKNKK,CNZJG,CNZOS
OACKRNKKK,CNZJG,CNZOS
OACKRNKKK,CNZJG,CNZOS
OACKRNKKK,CNZJG,CNZOS
OAOFKRKKK,CNZJG,IDSAM
OAOFKSKKK,CNZJG,IDSAM
OAROYOYOK,CNZJG,KRPYT
OARANFKKK,CNZOS,AEZUR
OFFKAGRKK,CNZOS,AUGER
OFFCYROKK,CNZOS,AUGER
OFFKAGRKK,CNZOS,AUNTL
OFFAYCCKK,CNZOS,AUPHE
OFFFRYCKK,CNZOS,AUPHE
RNRSKAKKK,CNZOS,AUPHE
RNFCKRKKK,CNZOS,AUPHE
OFFRNACKK,CNZOS,AUPHE
OFFGCSRKK,CNZOS,AUPHE
OFFCFGSKK,CNZOS,AUPWA
OARAFFKKK,CNZOS,CN2039
OARACKKKK,CNZOS,CN2039
OFFGCSRKK,CNZOS,CNBAO
OAOFCCKKK,CNZOS,CNCFD
OARCGKNRK,CNZOS,CNCFD
CRNKGSKCN,CNZOS,CNCGM
OACOFFFNK,CNZOS,CNCHS
OAROONGSK,CNZOS,CNCHS
OARCFNYRK,CNZOS,CNCHZ
OAOFOGKKK,CNZOS,CNCJK
OACOFFFNK,CNZOS,CNCJK
OARCFGKFK,CNZOS,CNCJK
OARCFGKFK,CNZOS,CNCJK
OARAGCKKK,CNZOS,CNCJK
OACOFGOCK,CNZOS,CNCJK
OACOFFFNK,CNZOS,CNCJK
OAROONGSK,CNZOS,CNCJK
OFFGCCFKK,CNZOS,CNCJK
OARCFGKFK,CNZOS,CNCJK
OACOFFFOK,CNZOS,CNCJK
OACOFFFOK,CNZOS,CNCJK
OAOFSOKKK,CNZOS,CNCJK
OAROONGSK,CNZOS,CNCJK
OACKRNKKK,CNZOS,CNCJK
OACOFFFOK,CNZOS,CNCJK
OACOFFFNK,CNZOS,CNCJK
OACOFFFNK,CNZOS,CNCJK
OACOFFFNK,CNZOS,CNCJK
OACOFFFNK,CNZOS,CNCJK
OACOFFFNK,CNZOS,CNCJK
OACOFFFNK,CNZOS,CNCJK
OACOFFFNK,CNZOS,CNCJK
OACOFFFNK,CNZOS,CNCJK
OARCFGKFK,CNZOS,CNCJK
OACOFFFNK,CNZOS,CNCJK
RFKKFAKKK,CNZOS,CNCJK
OACOFFFNK,CNZOS,CNCJK
OARCGSNFK,CNZOS,CNDAL
OARFGKKKK,CNZOS,CNDCB
OARCAYKYK,CNZOS,CNDJK
OAOFAYKKK,CNZOS,CNDNG
OAOFROKKK,CNZOS,CNDNG
OACOFFFNK,CNZOS,CNDYI
OAOFROKKK,CNZOS,CNDYI
OAROONGSK,CNZOS,CNDYI
OARAFYKKK,CNZOS,CNFUN
OAOFRCKKK,CNZOS,CNFUN
OACOFGOCK,CNZOS,CNFUN
OARASCKKK,CNZOS,CNFUN
OFFOOASKK,CNZOS,CNFUN
OARCRAFAK,CNZOS,CNFUN
OAOFOGKKK,CNZOS,CNFUN
OAOFROKKK,CNZOS,CNGUA
OACYNKKKK,CNZOS,CNGUA
OAOFROKKK,CNZOS,CNGUA
OAOFOGKKK,CNZOS,CNGUA
OARASCKKK,CNZOS,CNGUA
OARCGKNRK,CNZOS,CNHUA
OARCGKNRK,CNZOS,CNHUA
OARCGKNRK,CNZOS,CNHUA
OARCGKNRK,CNZOS,CNHUA
OARAYYKKK,CNZOS,CNHUA
OARCGKNRK,CNZOS,CNHUA
OACAFGKKK,CNZOS,CNHUA
OARCGKNRK,CNZOS,CNHUA
OARCGKNRK,CNZOS,CNHUA
OARCGKNRK,CNZOS,CNHUA
OARCGKNRK,CNZOS,CNHUA
OARCGAROK,CNZOS,CNHUA
OARCGANSK,CNZOS,CNHUA
OARCGANGK,CNZOS,CNHUA
OACAOYKKK,CNZOS,CNHUA
OACOFGOCK,CNZOS,CNHUI
OACOFFFNK,CNZOS,CNJIA
OACOFFFNK,CNZOS,CNJIA
OFFYANOKK,CNZOS,CNJIA
OACKRNKKK,CNZOS,CNJIA
OFFKYYNKK,CNZOS,CNJIA
OACOFFFNK,CNZOS,CNJIA
OACOFFFNK,CNZOS,CNJIA
OARCGARNK,CNZOS,CNJIJ
OACOFFFNK,CNZOS,CNJIJ
OACOFFFNK,CNZOS,CNJIJ
OARACRKKK,CNZOS,CNJIJ
OACOFFFNK,CNZOS,CNJIJ
OACOFFFNK,CNZOS,CNJIJ
OARAYAKKK,CNZOS,CNJIT
OARCRSANK,CNZOS,CNJIT
OACFFNKKK,CNZOS,CNJIT
OARCGKNRK,CNZOS,CNJIT
OARCYRCOK,CNZOS,CNLSN
OAOROCKKK,CNZOS,CNLYG
OARCRAFAK,CNZOS,CNLYG
RNNNASKKK,CNZOS,CNLYG
OARCRAFAK,CNZOS,CNLYG
OARARFKKK,CNZOS,CNMEZ
OACOFGOCK,CNZOS,CNMEZ
OARRFGRYK,CNZOS,CNMEZ
OACOFFFNK,CNZOS,CNNBO
OACOFFFNK,CNZOS,CNNBO
OACOFFFNK,CNZOS,CNNBO
OACOFFFNK,CNZOS,CNNBO
OACOFFFNK,CNZOS,CNNBO
OACOFFFNK,CNZOS,CNNBO
OACOFFFNK,CNZOS,CNNBO
OARSOSKKK,CNZOS,CNNBO
OARKFOKKK,CNZOS,CNNBO
OACOFFFNK,CNZOS,CNNBO
OARCRAFAK,CNZOS,CNNBO
OARKFOKKK,CNZOS,CNNBO
OARACAKKK,CNZOS,CNNBO
OACOFFFNK,CNZOS,CNNBO
OAOFOGKKK,CNZOS,CNNJG
OARYCGKKK,CNZOS,CNNJG
OAOCCRKKK,CNZOS,CNNJG
OAOAGSKKK,CNZOS,CNNJG
OAOFNKKKK,CNZOS,CNNJG
OAOFOGKKK,CNZOS,CNNJG
OARACRKKK,CNZOS,CNNJG
OAOFOGKKK,CNZOS,CNNJG
OACOFFFOK,CNZOS,CNNJG
OACOFFFNK,CNZOS,CNNTG
OAOFROKKK,CNZOS,CNNTG
OACOFFFNK,CNZOS,CNNTG
OACSNYKKK,CNZOS,CNNTG
OACOFFFNK,CNZOS,CNNTG
OAROONGSK,CNZOS,CNNTG
OACOFFFNK,CNZOS,CNNTG
OACOFFFNK,CNZOS,CNNTG
OACOFFFNK,CNZOS,CNNTG
OARAOKKKK,CNZOS,CNQHD
OACRKCSOK,CNZOS,CNQHD
OAOCNSKKK,CNZOS,CNQHD
OAOFKNKKK,CNZOS,CNQIN
OARKNRKKK,CNZOS,CNQIN
OARANCKKK,CNZOS,CNQIZ
OARCYGKFK,CNZOS,CNRIZ
OACYNKKKK,CNZOS,CNRUG
OAOFAYKKK,CNZOS,CNRUG
OACOFFFNK,CNZOS,CNSDG
OARAFKKKK,CNZOS,CNSHE
OARAFKKKK,CNZOS,CNSHE
OARAFKKKK,CNZOS,CNSHE
OARAFKKKK,CNZOS,CNSHE
OARAFKKKK,CNZOS,CNSHE
OARAYNKKK,CNZOS,CNSLH
OARNCGCRK,CNZOS,CNSYA
OFFGRGAKK,CNZOS,CNTAI
RNGKFFKKK,CNZOS,CNTAI
OFFOOACKK,CNZOS,CNTAI
OACKRNKKK,CNZOS,CNTAX
OARCGAYNK,CNZOS,CNTAX
OACOFFFOK,CNZOS,CNTAX
OAOFSOKKK,CNZOS,CNTAZ
OARAGCKKK,CNZOS,CNTAZ
OAOFSOKKK,CNZOS,CNTAZ
OAOFSYKKK,CNZOS,CNTAZ
OACOFRKKK,CNZOS,CNTAZ
OFFKFFFKK,CNZOS,CNTJN
OFFNYSOKK,CNZOS,CNTJN
OARCNFOSK,CNZOS,CNTJN
OFFARYYKK,CNZOS,CNTJN
OFFNYSOKK,CNZOS,CNTJN
OARCRAFAK,CNZOS,CNTJN
OARCRAFAK,CNZOS,CNWEF
OACOFFFNK,CNZOS,CNWEF
OACOFFFNK,CNZOS,CNWEN
OARKFOKKK,CNZOS,CNWGQ
OFFANSFKK,CNZOS,CNWGQ
OARKFOKKK,CNZOS,CNWGQ
OAOFKNKKK,CNZOS,CNWGQ
OARSOSKKK,CNZOS,CNWGQ
OARKFOKKK,CNZOS,CNWGQ
OARAFFKKK,CNZOS,CNWGQ
OARKGSKKK,CNZOS,CNWGQ
OARARFKKK,CNZOS,CNWGQ
OARAGYKKK,CNZOS,CNWGQ
OARKGNKKK,CNZOS,CNWGQ
OAOFSYKKK,CNZOS,CNWGQ
OARANOKKK,CNZOS,CNWGQ
OARANOKKK,CNZOS,CNWGQ
OARAGCKKK,CNZOS,CNWGQ
OARAFKKKK,CNZOS,CNWGQ
OARKFOKKK,CNZOS,CNWGQ
OARKGYKKK,CNZOS,CNWGQ
OARKFOKKK,CNZOS,CNWGQ
OARKFOKKK,CNZOS,CNWGQ
OARAGCKKK,CNZOS,CNWGQ
OARKGYKKK,CNZOS,CNWGQ
OARACKKKK,CNZOS,CNWGQ
OARKFOKKK,CNZOS,CNWGQ
OAOFSOKKK,CNZOS,CNWGQ
OARKFOKKK,CNZOS,CNWGQ
OARKGYKKK,CNZOS,CNWGQ
OARCSFCFK,CNZOS,CNWGQ
OAOFCYKKK,CNZOS,CNWGQ
OARKGYKKK,CNZOS,CNWGQ
OAOFSYKKK,CNZOS,CNWGQ
OARAGCKKK,CNZOS,CNWGQ
OAOFSYKKK,CNZOS,CNWGQ
OARAGCKKK,CNZOS,CNWGQ
OARSOSKKK,CNZOS,CNWGQ
OARAGCKKK,CNZOS,CNWGQ
OARSOSKKK,CNZOS,CNWGQ
OARSOSKKK,CNZOS,CNWGQ
OARAGCKKK,CNZOS,CNWGQ
OAOFSYKKK,CNZOS,CNWGQ
OARAGCKKK,CNZOS,CNWGQ
OARAGCKKK,CNZOS,CNWGQ
OARAFFKKK,CNZOS,CNWGQ
OARSOSKKK,CNZOS,CNWGQ
OAOFKNKKK,CNZOS,CNWGQ
OARSOSKKK,CNZOS,CNWGQ
OFFCSCYKK,CNZOS,CNWGQ
OARANSKKK,CNZOS,CNWGQ
OARANCKKK,CNZOS,CNWGQ
OARSOSKKK,CNZOS,CNWGQ
OARKFOKKK,CNZOS,CNWGQ
OARACNKKK,CNZOS,CNXIA
OFFOCFNKK,CNZOS,CNXIA
OARRKCNAK,CNZOS,CNXSN
OARCFGKFK,CNZOS,CNYIZ
OARCFGKFK,CNZOS,CNYIZ
OARCFNYRK,CNZOS,CNYIZ
OARCFGKFK,CNZOS,CNYIZ
OARAGCKKK,CNZOS,CNYIZ
OARCFGKFK,CNZOS,CNYIZ
OACOFGOCK,CNZOS,CNYIZ
OACOFFFOK,CNZOS,CNYIZ
OARSSKKKK,CNZOS,CNYPG
OARASAKKK,CNZOS,CNYSN
OAOFAYKKK,CNZOS,CNYSN
OARASAKKK,CNZOS,CNYSN
OAOFAYKKK,CNZOS,CNYSN
OAOFAYKKK,CNZOS,CNYSN
OARASAKKK,CNZOS,CNYSN
OAOFROKKK,CNZOS,CNYSN
OAOFOGKKK,CNZOS,CNYSN
OACYNKKKK,CNZOS,CNYSN
OACYNKKKK,CNZOS,CNYSN
RFKKFAKKK,CNZOS,CNYZH
OAOCCRKKK,CNZOS,CNYZH
RNFCKRKKK,CNZOS,CNYZH
NGRKGAFKK,CNZOS,CNZHA
OARASKKKK,CNZOS,CNZHA
OAOFNKKKK,CNZOS,CNZHE
OAOAGSKKK,CNZOS,CNZHE
OAOAGSKKK,CNZOS,CNZHE
OARAYNKKK,CNZOS,CNZHE
OACNROKKK,CNZOS,CNZHE
OACOFFFNK,CNZOS,CNZHE
OFFGNCYKK,CNZOS,CNZHE
OACOFFFNK,CNZOS,CNZHE
OACOFFFNK,CNZOS,CNZHE
OFFKCRAKK,CNZOS,CNZJG
OFFGCCFKK,CNZOS,CNZJG
OACKRNKKK,CNZOS,CNZJG
OARASCKKK,CNZOS,CNZPU
OARASCKKK,CNZOS,CNZPU
OARAKSKKK,CNZOS,HKHKG
OFFFRKRKK,CNZOS,IDSAM
OARSSKKKK,CNZOS,IQMAB
RFASOFKKK,CNZOS,IQMAB
OFFCOCSKK,CNZOS,IQMAB
OARYFGKKK,CNZOS,IQMAB
OARKNKKKK,CNZOS,KRBUS
OFFKSYRKK,CNZOS,KRULS
OACOASKKK,CNZOS,KRULS
NGRKGAFKK,CNZOS,KWMAA
OARSSKKKK,CNZOS,OMMAF
OARACSKKK,CNZOS,OMMAF
OFFAFRCKK,CNZOS,OMMAF
OARAFGKKK,CNZOS,OMMAF
RFKARSKKK,CNZOS,PESNI
OARASSKKK,CNZOS,QAASN
OFFCNCAKK,CNZOS,SAJUT
OFFAGCNKK,CNZOS,SAJUT
OFFGRYSKK,CNZOS,SAJUT
NGRKOGGKK,CNZOS,SAJUT
OAOCANKKK,CNZOS,SAJUT
OFFCNFCKK,CNZOS,SARTA
OFFCOCFKK,CNZOS,SARTA
NGOOCKKKK,CNZOS,SGSGP
OFFROKOKK,CNZOS,SGSGP
OAORCGKKK,CNZOS,SGSGP
OARCFNYRK,CNZOS,TWANP
OARAGCKKK,CNZPU,CN9873
OARAGKKKK,CNZPU,CN9873
OARFRGKKK,CNZPU,CNCFD
OARRRYKKK,CNZPU,CNCFD
OARCRSANK,CNZPU,CNCFD
OARAYOKKK,CNZPU,CNCFD
OACOFRKAK,CNZPU,CNCFD
OARASYKKK,CNZPU,CNCFD
OARCNYFSK,CNZPU,CNCFD
OACGKOKKK,CNZPU,CNCFD
OARFKCKRK,CNZPU,CNCJK
OAOFROKKK,CNZPU,CNDAL
OARASCKKK,CNZPU,CNDAL
OAOFAYKKK,CNZPU,CNDAL
OAOFFFKKK,CNZPU,CNHUA
OAOFFRKKK,CNZPU,CNHUA
OACGKOKKK,CNZPU,CNHUA
OAOFORKKK,CNZPU,CNHUA
OACOFRKAK,CNZPU,CNJIT
OAOFSKKKK,CNZPU,CNJIT
OACGKOKKK,CNZPU,CNJIT
OACGKOKKK,CNZPU,CNJIT
OARCRAFAK,CNZPU,CNNBO
OARCRAFAK,CNZPU,CNNBO
OAOFOGKKK,CNZPU,CNPAN
OACOFRKAK,CNZPU,CNQHD
OAOFSRKKK,CNZPU,CNQHD
OACOFRKAK,CNZPU,CNQHD
OARAOKKKK,CNZPU,CNQHD
OACFGNKKK,CNZPU,CNQHD
OAOAGGKKK,CNZPU,CNQHD
OARCSSAAK,CNZPU,CNQIN
OACACOKKK,CNZPU,CNRIZ
OARRKCKCK,CNZPU,CNTJN
OARCGARSK,CNZPU,CNTJN
OACNFKKKK,CNZPU,CNTJN
OARCFNYRK,CNZPU,CNZHA
OAROONGSK,CNZPU,CNZHA
OACYNKKKK,CNZPU,CNZOS
OARYCGKKK,CNZPU,CNZOS
OACYNKKKK,CNZPU,CNZOS
OACOFFFNK,CNZPU,CNZOS
OARASCKKK,CNZPU,CNZOS
OAOFOGKKK,CNZPU,CNZOS
OARYSRKKK,CNZZU,AUPHE
OARYSRKKK,CNZZU,AUPHE
OARYSRKKK,CNZZU,CNCFD
OARAOAKKK,CNZZU,CNQUA
OARAOAKKK,CNZZU,CNQUA
OARAOAKKK,CNZZU,CNQUA
OARAOCKKK,CNZZU,CNQUA
OARAOAKKK,CNZZU,CNQUA
OARAOCKKK,CNZZU,CNQUA
OARAOCKKK,CNZZU,CNQUA
OARAOAKKK,CNZZU,CNQUA
OARAOCKKK,CNZZU,CNQUA
OARAOCKKK,CNZZU,CNQUA
OFFKARCKK,CNZZU,CNRUG
OAOAYYKKK,CNZZU,CNSHE
OAROYCONK,CNZZU,CNTJN
OAROFAYNK,CNZZU,CNTJN
OAOFSGKKK,CNZZU,IDBNI
OARNCFKSK,CNZZU,SGSGP
OARNCFKSK,CNZZU,SGSGP
OFFFGGCKK,COBAR,BRPDM
OFFCCCAKK,COBOL,ARSNS
OFFKOROKK,COBOL,BRPDM
OAOFOKKKK,COBOL,BRPDM
OFFKCFNKK,COBUE,CAVCR
RNNNASKKK,COBUE,CLSAN
RNNNASKKK,COBUE,CLSAN
OARFKCKRK,COBUE,ECPBO
OFFRSYCKK,COBUE,ECPBO
OFFSNSSKK,COBUE,ECPSJ
OARAGAKKK,COBUE,PECAL
OFFRGKSKK,COBUE,PECAL
OFFRGKSKK,COBUE,PECAL
OARAGAKKK,COBUE,PECAL
OARAGAKKK,COBUE,PECAL
OFFSNSSKK,COCTA,DOCUC
OFFKORCKK,COCTA,DOCUC
OFFKORCKK,COCTA,DOCUC
OFFSNSSKK,COCTA,DOCUC
OFFSNSSKK,COCTA,DOCUC
OFFSNSSKK,COCTA,DOCUC
OFFSNSSKK,COCTA,ECPSJ
OFFKORCKK,COCTA,ECPSJ
OFFSNSSKK,COCTA,PAMIT
OFFSNSSKK,COCTA,PAMIT
OFFSNSSKK,COCTA,PECAL
RNRAORKKK,COMAM,BRITA
OARYSNKKK,COMAM,BRITA
RNOSFYKKK,COPBR,BRACX
OFFYFNKKK,COPUN,BRACX
OFFFGFRKK,COPUN,CLTOC
OARSCFKKK,COPUN,ESGIJ
OFFAKRAKK,COPUN,ESGIJ
RNRGYRKKK,COSMA,COBAR
OFFSNKCKK,COTOL,BRACX
OAOFOKKKK,CRPTC,PABAL
OARARRKKK,DEBHN,BEANT
RFCFCFKKK,DEBHN,BEANT
OARARRKKK,DEBHN,BEANT
OARARRKKK,DEBHN,BEANT
OARARRKKK,DEBHN,BEANT
OARARRKKK,DEBHN,FRLEH
GRGKAYRNC,DEBRA,BEANT
OAOONNKKK,DEBRA,FIKOT
OARRFYAFK,DEBRA,LTKLJ
OFFGOSGKK,DEBRA,LTKLJ
OAROFAKNK,DEBRA,NLROT
OARCKYFNK,DEBRA,RUSPG
OAROFSCOK,DEBRE,PTLXS
RFAKFSKKK,DEBRU,DEKIL
RFAKFSKKK,DEBRU,DEKIL
RFAKFSKKK,DEBRU,FRSNA
OAROYOFAK,DECUX,BEANT
OFFARYAKK,DEHAM,BEANT
OFFASRSKK,DEHAM,BEANT
OFFKORCKK,DEHAM,BEANT
OFFANFSKK,DEHAM,BEANT
OFFSNSSKK,DEHAM,BEANT
OFFAYOOKK,DEHAM,BEANT
OFFANFSKK,DEHAM,BEANT
OFFAGGNKK,DEHAM,BEANT
OFFAFCFKK,DEHAM,BEANT
OFFRKCYKK,DEHAM,BEANT
OFFANFSKK,DEHAM,BEANT
OFFAYOOKK,DEHAM,BEANT
OFFAYOAKK,DEHAM,BEANT
OFFAGGNKK,DEHAM,BEANT
OFFAOSSKK,DEHAM,BEANT
OFFASRSKK,DEHAM,BEANT
OFFANOFKK,DEHAM,BEANT
OFFAYOAKK,DEHAM,BEANT
OFFAOSSKK,DEHAM,BEANT
OFFAOSSKK,DEHAM,BEANT
OARKNRKKK,DEHAM,BEANT
OFFAOSSKK,DEHAM,BEANT
OFFANFOKK,DEHAM,BEANT
OFFANFOKK,DEHAM,BEANT
OFFAYOAKK,DEHAM,BEANT
OFFAFCFKK,DEHAM,BEANT
OARKNRKKK,DEHAM,BEANT
OFFRKCYKK,DEHAM,BEANT
OFFGYSGKK,DEHAM,BEANT
OFFAGGNKK,DEHAM,BEANT
OFFAYOOKK,DEHAM,BEANT
OFFANFOKK,DEHAM,BEANT
OFFAGGNKK,DEHAM,BEANT
OFFAYOAKK,DEHAM,BEANT
OFFASRSKK,DEHAM,BEANT
OFFANFSKK,DEHAM,BEANT
OARKNRKKK,DEHAM,BEANT
OFFANFOKK,DEHAM,BEANT
OFFSNSSKK,DEHAM,BEANT
OFFARYAKK,DEHAM,BEANT
OFFOCFNKK,DEHAM,BEANT
OFFAGSYKK,DEHAM,BEANT
OFFAGSYKK,DEHAM,BEANT
OFFARYAKK,DEHAM,BEANT
OFFGYSGKK,DEHAM,BEZEE
OFFOCOGKK,DEHAM,BEZEE
OFFOCOGKK,DEHAM,BEZEE
OFFOCFNKK,DEHAM,BEZEE
OFFOCRSKK,DEHAM,BEZEE
OFFOCOGKK,DEHAM,BEZEE
OFFOCFNKK,DEHAM,BEZEE
OFFKRKFKK,DEHAM,BEZEE
OFFCRRRKK,DEHAM,BEZEE
OFFYGRSKK,DEHAM,BEZEE
OFFOCFNKK,DEHAM,BEZEE
OFFOCOGKK,DEHAM,BEZEE
OFFKRKFKK,DEHAM,BEZEE
OFFCRRRKK,DEHAM,BEZEE
OFFOCRSKK,DEHAM,BEZEE
OFFFACOKK,DEHAM,CNYSN
OFFASRSKK,DEHAM,CNYSN
OFFAFCFKK,DEHAM,CNYSN
OFFARYAKK,DEHAM,CNYSN
OFFANOFKK,DEHAM,CNYSN
OFFANOFKK,DEHAM,CNYSN
OFFANOFKK,DEHAM,CNYSN
OFFSNSSKK,DEHAM,FRLEH
OFFSNSSKK,DEHAM,GBLGP
OARKNRKKK,DEHAM,GBLGP
RFAKFSKKK,DEHAM,GBNEW
OFFKRKFKK,DEHAM,GRPIR
OFFAYOOKK,DEHAM,GRPIR
OACFGSKKK,DEHAM,LTKLJ
OFFRKAAKK,DEHAM,LTKLJ
OFFCRRRKK,DEHAM,NLROT
OFFOCOGKK,DEHAM,NLROT
OFFYGRSKK,DEHAM,NLROT
OFFCCYOKK,DEHAM,NLROT
OFFFACOKK,DEHAM,NLROT
OFFOCRSKK,DEHAM,NLROT
OFFCAROKK,DEHAM,NLROT
OFFAKKRKK,DEHAM,NLROT
OARAYSKKK,DEHAM,NLROT
OFFFACOKK,DEHAM,NLROT
OFFFACSKK,DEHAM,NLROT
OFFKRKFKK,DEHAM,NLROT
OFFGYSGKK,DEHAM,NLROT
OFFFACSKK,DEHAM,NLROT
OFFCRRRKK,DEHAM,NLROT
OFFKRKFKK,DEHAM,NLROT
OARKNSKKK,DEHAM,NLROT
OFFCRRRKK,DEHAM,NLROT
OFFYGRSKK,DEHAM,NLROT
OFFYGRSKK,DEHAM,NLROT
OFFYGRSKK,DEHAM,NLROT
OFFRKAAKK,DEHAM,RUULG
OFFKOROKK,DEHAM,USCHA
OFFKNKOKK,DEHAM,USLUA
RFAKFSKKK,DEKIL,DEBRU
RFAKFSKKK,DEKIL,GBLON
RFAKFSKKK,DEKIL,LTKLJ
RFAKFSKKK,DEKIL,RULOM
OACFGSKKK,DESTA,RUULG
OFFYGFSKK,DEWVN,BEZEE
OFFRASCKK,DEWVN,BEZEE
OFFYGFFKK,DEWVN,BEZEE
OFFYGFFKK,DEWVN,BEZEE
OFFRASCKK,DEWVN,BEZEE
OFFYGFSKK,DEWVN,BEZEE
OFFYGFSKK,DEWVN,BEZEE
OFFYGFFKK,DEWVN,BEZEE
OFFCGYRKK,DEWVN,BEZEE
OFFYGFSKK,DEWVN,BEZEE
OFFCRCSKK,DEWVN,BEZEE
OFFCRCSKK,DEWVN,BEZEE
OFFRASCKK,DEWVN,GRPIR
OFFCGYRKK,DEWVN,GRPIR
OFFYGFFKK,DEWVN,GRPIR
OFFCRCSKK,DEWVN,GRPIR
OFFCGYRKK,DEWVN,GRPIR
OFFARYYKK,DJDJI,SAJED
OAOFAOKKK,DJDJI,SAJED
OFFANSFKK,DJDJI,SAJED
OFFARYYKK,DJDJI,SAJED
OAOOGAKKK,DKASN,NLROT
OFFKORCKK,DOCUC,COCTA
OFFSNSSKK,DOCUC,COCTA
OFFSNSSKK,DOCUC,GBLGP
OFFSNSSKK,DOCUC,GBLGP
OFFKORCKK,DOCUC,NLROT
OFFSNSSKK,DOCUC,NLROT
OFFKORCKK,DOCUC,NLROT
OFFKARRKK,DORHA,COBAR
OFFFGGCKK,DORHA,COBAR
OFFYFNKKK,DORHA,COPUN
OFFSNKCKK,DORHA,COTOL
RNOSFYKKK,DORHA,USBEA
OFFROFNKK,DOSDO,USBTR
OARRGKKKK,DZANN,CIABI
OARCAYGRK,DZANN,CIABI
OFFSNKOKK,DZANN,MTMAL
OACROYKKK,DZAZW,ESGAR
OARRCOKKK,DZBJA,BEANT
OARCAYGAK,DZDJE,CIABI
OAOFCNKKK,DZDJE,CIABI
RNASGFKKK,DZDJE,CIABI
OFFKOROKK,DZSKI,DZWAH
OFFNCFYKK,ECESM,ECGYL
OFFKARCKK,ECGYL,ECPBO
OARKFGKKK,ECGYL,MXMAN
OARKFGKKK,ECGYL,MXMAN
OARKFGKKK,ECGYL,MXMAN
OARKFGKKK,ECGYL,MXMAN
OARKFGKKK,ECGYL,MXMAN
OFFARFSKK,ECGYL,PECAL
OFFCNCFKK,ECGYL,PECAL
OFFNCOYKK,ECGYL,PESAL
OARFKCKRK,ECPBO,CNCJK
OARFKCKRK,ECPBO,CNNTG
OARFKCKRK,ECPBO,CNZJG
OFFSNSSKK,ECPSJ,PAMIT
OFFSNSSKK,ECPSJ,PAMIT
OFFKORCKK,ECPSJ,PAMIT
OFFSNSSKK,ECPSJ,PAMIT
OFFSNSSKK,ECPSJ,PAMIT
OFFKORCKK,ECPSJ,PAMIT
OFFSNSSKK,ECPSJ,PECAL
OFFSNSSKK,ECPSJ,PECAL
OFFSNSSKK,ECPSJ,PECAL
OFFSNSSKK,ECPSJ,PECAL
OFFKORCKK,ECPSJ,PECAL
OFFGSOAKK,EEKND,LVRIX
OAROFAYGK,EGADA,SAJED
NGRKASOKK,EGAIS,EGSKR
OAOOFOKKK,EGAIS,EGSKR
RFCFCFKKK,EGAKI,GBBTL
OARNCGKNK,EGALE,GRAGT
OAOFACKKK,EGALE,MRNOU
OARRGKKKK,EGALE,MTMAL
OARCAYGAK,EGALE,MTMAL
OAOFKAKKK,EGALE,RUTAM
OFFRKAOKK,EGALE,RUTAM
OFFFGFRKK,EGALE,TRHER
OAOFKAKKK,EGALE,UAYUZ
OAOFACKKK,EGDAM,EGALE
OFFSOFNKK,EGDAM,EGPSA
OARKNRKKK,EGDAM,GRPIR
OARKNRKKK,EGDAM,GRPIR
OARKNRKKK,EGDAM,GRPIR
OARKNRKKK,EGDAM,GRPIR
OARKGKKKK,EGDAM,JOAQA
OARKGOKKK,EGDAM,JOAQA
OARKGOKKK,EGDAM,JOAQA
OARKGKKKK,EGDAM,JOAQA
OFFCSCYKK,EGDAM,JOAQA
OARKGKKKK,EGDAM,JOAQA
OFFANSFKK,EGDAM,SAJED
OARKNRKKK,EGDAM,SAJED
OARARRKKK,EGDAM,SAJED
OFFANSFKK,EGDAM,SAJED
OARKNSKKK,EGDAM,SAJED
OARKNRKKK,EGDAM,SAJED
OFFANSFKK,EGDAM,SAJED
OARKGOKKK,EGDAM,SAJED
OFFCSCYKK,EGDAM,SAJED
OFFCSCYKK,EGDAM,SAJED
OFFCSCYKK,EGDAM,SAJED
OARKNRKKK,EGDAM,SAJED
OARKNRKKK,EGDAM,SAJED
OFFGRGSKK,EGDAM,TRAAP
OACROSKKK,EGPSA,CIABI
OARCAYGRK,EGPSA,CISPE
OACROFKKK,EGPSA,CISPE
OFFSOFNKK,EGPSA,CISPE
OFFKNFAKK,EGPSA,LBBRT
OFFKNFAKK,EGPSA,LBBRT
OFFKNFAKK,EGPSA,LBBRT
OFFKNFAKK,EGPSA,LBBRT
OFFAASGKK,EGPSA,LBBRT
OFFAASGKK,EGPSA,LBBRT
OFFKNFAKK,EGPSA,LBBRT
OFFAASGKK,EGPSA,LBKYE
OACROSKKK,EGPSA,MTMAL
OFFSNKCKK,EGPSA,MTMAL
OARKNRKKK,EGPSA,SAJED
OFFAASGKK,EGPSA,SAJED
OFFKNFAKK,EGPSA,SAJED
OFFKNFAKK,EGPSA,SAJED
OFFKNFAKK,EGPSA,SAJED
OFFAASGKK,EGPSA,SAJED
OFFAASGKK,EGPSA,SAJED
OFFAASGKK,EGPSA,SAJED
OFFANSFKK,EGPSA,TRMER
OARKGOKKK,EGPSA,TRMER
OFFCSCYKK,EGPSA,TRMER
OFFANSFKK,EGPSA,TRMER
OFFCSCYKK,EGPSA,TRMER
OFFANSFKK,EGPSA,TRMER
NGRKASOKK,EGSKR,FRFEC
OAOOFOKKK,EGSKR,FRFEC
OAOFAOKKK,EGSOK,CNNBO
OARKGNKKK,EGSOK,CNNBO
OFFARYYKK,EGSOK,JOAQA
OFFNYSOKK,EGSOK,JOAQA
OFFARYYKK,EGSOK,JOAQA
OFFARYYKK,EGSOK,JOAQA
OFFANSFKK,EGSOK,JOAQA
OFFKFFSKK,EGSOK,JOAQA
OFFNYSOKK,EGSOK,JOAQA
OFFARYYKK,EGSOK,JOAQA
OFFKFFSKK,EGSOK,SAJED
OARARRKKK,ESALG,SAJED
OARARRKKK,ESALG,SAJED
OARARRKKK,ESALG,SAJED
OARARRKKK,ESALG,SAJED
OFFYFNKKK,ESBAR,CISPE
OFFKOROKK,ESBAR,ESSAG
OFFCSCYKK,ESBAR,FRFOS
OARKGOKKK,ESBAR,FRFOS
OARKGKKKK,ESBAR,FRFOS
OARKGOKKK,ESBAR,FRFOS
OARKGKKKK,ESBAR,FRFOS
OARKGKKKK,ESBAR,ITGOA
OARRFYAFK,ESBIL,NLAMS
RFAFRFKKK,ESCAD,ESPDR
RFAKFSKKK,ESCAD,FRSNA
RFAKFSKKK,ESCAD,FRSNA
RFAKFSKKK,ESCAD,FRSNA
RFAKFSKKK,ESCAD,MAMOH
RFAKFSKKK,ESCAD,MAMOH
OACROFKKK,ESCAR,ESGAR
RNGFGKKKK,ESCAR,ESGAR
OFFSOFNKK,ESCAR,ESTAR
OAOFCNKKK,ESCAR,ITGOA
RNRGYRKKK,ESCAR,MACAS
OAOOGAKKK,ESCAR,MTMAL
OACFGKKKK,ESCAR,PTSBL
OFFYFNKKK,ESCAS,ESBAR
OARCAYNYK,ESCAS,ESGAR
OFFFGFRKK,ESCAS,MACAS
OARNCFGGK,ESCEU,FRLEH
OACNCRYCK,ESCRS,NLVSG
OFFYGANKK,ESGAR,USSAV
OACROFKKK,ESGAR,USSAV
OARGSGKKK,ESGIJ,CAPCA
RNGNKRKKK,ESGIJ,ESALI
OARNCFGGK,ESGIJ,FRROU
OARNCFGGK,ESGIJ,FRROU
OAOAONKKK,ESGIJ,USNFK
RFAKFSKKK,ESHUE,DZGHZ
OARNCFGGK,ESHUE,FRBAY
RNGNKCKKK,ESHUE,FRBAY
RFAKFSKKK,ESHUE,MAAGA
RFAKFSKKK,ESHUE,PTLXS
RFAKFSKKK,ESLCA,MAMOH
RFAFRFKKK,ESLPA,ESRGA
RFAFRFKKK,ESLPA,SNDAK
RFAFRFKKK,ESPDR,ESSAT
RFAFRFKKK,ESRGA,EHEAI
RFAFRFKKK,ESRGA,EHEAI
RFAFRFKKK,ESRGA,ESLPA
RFAFRFKKK,ESRGA,ESSAT
RFAFRFKKK,ESRGA,PTFNC
RFAFRFKKK,ESRGA,PTFNC
OFFKOROKK,ESSAG,PTLXS
OFFARFSKK,ESSAG,PTSBL
OFFKOROKK,ESSAN,ESBIL
OFFNCOYKK,ESSAN,NLEEM
RFAFRFKKK,ESSAT,ESACF
RFAFRFKKK,ESSAT,ESLPA
RFAFRFKKK,ESSAT,ESRGA
RFAFRFKKK,ESSAT,ESRGA
RFAKFSKKK,ESTAR,ESCAD
RFAKFSKKK,ESTAR,ESCAD
RNRGYRKKK,ESTAR,ESCAR
OACFGKKKK,ESTAR,ESCAR
OACNCRYCK,ESTAR,ESCRS
OARCAYNYK,ESTAR,ESGAR
OFFYGANKK,ESTAR,ESGAR
OACROYKKK,ESTAR,ESGAR
OAONSSKKK,ESTAR,ITLIV
OARCKYFNK,ESTAR,ITLIV
OACRYSKKK,ESTAR,ITLIV
OFFSOFNKK,ESTAR,ITRAV
OAOFFCKKK,ESTAR,MACAS
RFAKFSKKK,ESTAR,MAMOH
RNGNKCKKK,ESTAR,MAMOH
OFFCSCYKK,ESVAL,ESBAR
OARKGKKKK,ESVAL,ESBAR
OARKGOKKK,ESVAL,ESBAR
OARKGOKKK,ESVAL,ESBAR
OARKGKKKK,ESVAL,ESBAR
OARKGKKKK,ESVAL,ESBAR
OFFCAROKK,ESVAL,GRPIR
OFFCAROKK,ESVAL,GRPIR
OFFCAROKK,ESVAL,GRPIR
OFFCGGSKK,ESVAL,GRPIR
OFFAOSFKK,ESVAL,GRPIR
OFFCGGSKK,ESVAL,GRPIR
OFFCGGSKK,ESVAL,GRPIR
OFFCFOOKK,ESVAL,GRPIR
OFFAOSFKK,ESVAL,GRPIR
OFFCFOOKK,ESVAL,GRPIR
OFFCGGSKK,ESVAL,GRPIR
OFFCGGSKK,ESVAL,ITSPE
OAROYOFAK,FIHEL,FIKOT
OAROYCSNK,FIHEL,FIKOT
OAROYRKSK,FIHEL,FIKOT
OAOKACKKK,FIHEL,FIKOT
OAROFSCOK,FIKEM,FIRAU
OAROYOFAK,FIKEM,PLGDY
OFFGRSSKK,FIKOT,BEANT
OAROYRKSK,FIKOT,CNQIN
OAROYOFAK,FIKOT,CNQIN
OACFGSKKK,FILOV,MASAF
RNRAORKKK,FILOV,NLROT
OAROYCSNK,FIRAU,FIHEL
OAROYCSNK,FIRAU,FIHEL
OARNCFGGK,FRBAY,ESGIJ
RNGNKCKKK,FRBAY,FRROU
RFAFRFKKK,FRBAY,NLROT
OACFGSKKK,FRDKK,BEGHE
OAOAONKKK,FRDKK,CAPCA
OARGSGKKK,FRDKK,ESGIJ
OAOAONKKK,FRDKK,ESGIJ
OARGSGKKK,FRDKK,RUMMK
OFFKCFOKK,FRFOS,ESHUE
OFFCGGSKK,FRFOS,ESVAL
OFFCFOOKK,FRFOS,ESVAL
OFFAOSFKK,FRFOS,ESVAL
OFFAOSFKK,FRFOS,ESVAL
OFFCGGSKK,FRFOS,ESVAL
OFFCAROKK,FRFOS,ESVAL
OFFCGGSKK,FRFOS,GRPIR
OFFGYSGKK,FRFOS,GRPIR
OARKGKKKK,FRFOS,ITGOA
OARKGOKKK,FRFOS,ITGOA
OARKGKKKK,FRFOS,ITGOA
OFFCSCYKK,FRFOS,ITGOA
OARKGOKKK,FRFOS,ITGOA
RNOGORKKK,FRFOS,ITTAR
RNGNKRKKK,FRLEH,BEANT
OFFSNSSKK,FRLEH,BEANT
OARARRKKK,FRLEH,BEANT
OARNCFGGK,FRLEH,BEANT
OARKNRKKK,FRLEH,EGDAM
OARKNRKKK,FRLEH,EGDAM
OARKNSKKK,FRLEH,EGDAM
OARKNRKKK,FRLEH,EGDAM
OARARRKKK,FRLEH,ESALG
OARARRKKK,FRLEH,ESALG
OARARRKKK,FRLEH,ESALG
RNGNKCKKK,FRLEH,FRROU
OAOOGAKKK,FRLEH,GBSOU
RNGNKCKKK,FRLEH,IEDUB
OFFOCFNKK,FRLEH,MATAN
OACOFAKKK,FRLEH,NLAMS
NGRKANRKK,FRLEH,NLAMS
NGRKCGCKK,FRLEH,NLROT
OAOFOAKKK,FRLEH,RUULG
OACCGKKKK,FRLPA,NLVSG
RFAFRFKKK,FRNTS,NLROT
RNGNKCKKK,FRROU,BEANT
RNGNKRKKK,FRROU,DZDJE
RNGNKRKKK,FRROU,DZDJE
OARNCFGGK,FRROU,DZDJE
RNGNKCKKK,FRROU,DZDJE
OARNCFGGK,FRROU,DZSKI
OARNCFGGK,FRROU,DZSKI
OARNCFGGK,FRROU,GBBEL
RNGNKRKKK,FRROU,GBBEL
RNGNKRKKK,FRROU,GBBEL
RNGNKRKKK,FRROU,GBBEL
OARNCFGGK,FRROU,IEDUB
RNGNKCKKK,FRROU,IEDUB
RNGNKRKKK,FRROU,IEDUB
RNGNKRKKK,FRROU,IEDUB
OARNCFGGK,FRROU,IEDUB
OARNCFGGK,FRROU,IEDUB
RNGNKCKKK,FRROU,IEDUB
RNGNKRKKK,FRROU,IEDUB
RNGNKRKKK,FRROU,IEDUB
RNGNKCKKK,FRROU,IEDUB
RNGNKRKKK,FRROU,IEDUB
RNGNKRKKK,FRROU,IEDUB
RFAKFSKKK,FRROU,MAMOH
OARNCFGGK,FRROU,NOBGN
RNGNKRKKK,FRROU,NOBGN
OARNCFGGK,FRROU,NOBGN
OARNCFGGK,FRROU,NOBGN
RFAKFSKKK,FRSNA,DEKIL
RFAKFSKKK,FRSNA,ESCAD
RFAKFSKKK,FRSNA,ESCAD
RFAKFSKKK,FRSNA,ESLCA
OACACAKKK,GAOWE,CIABI
OAROYKOAK,GAOWE,NGLAG
RNGNKCKKK,GBBEL,FRLEH
OARNCFGGK,GBBEL,FRLEH
OARNCFGGK,GBBEL,FRLEH
RNGNKRKKK,GBBEL,FRROU
RNGNKRKKK,GBBEL,FRROU
RNGNKRKKK,GBBEL,FRROU
RNGNKRKKK,GBBEL,FRROU
OARGSGKKK,GBBEL,IEDUB
RNOGORKKK,GBBEL,IEDUB
RFAFRFKKK,GBBEL,NLROT
RNGNKRKKK,GBBEL,NOBGN
OARGSGKKK,GBBEL,RUULG
RFCFCFKKK,GBBTL,DEBHN
OAOONNKKK,GBBTL,NLVSG
OFFYGFFKK,GBFEL,BEZEE
OFFCGYRKK,GBFEL,BEZEE
OFFCRCSKK,GBFEL,BEZEE
OFFCGYRKK,GBFEL,BEZEE
OFFCRCSKK,GBFEL,BEZEE
OFFYGRSKK,GBFEL,DEHAM
OFFYGFSKK,GBFEL,DEWVN
OFFRASCKK,GBFEL,PLGDA
OFFRASCKK,GBFEL,PLGDA
OFFCRCSKK,GBFEL,PLGDA
OFFYGFSKK,GBFEL,PLGDA
OFFYGFSKK,GBFEL,PLGDA
OFFCRCSKK,GBFEL,PLGDA
OFFYGFFKK,GBFEL,PLGDA
OFFRASCKK,GBFEL,PLGDA
OFFRASCKK,GBFEL,PLGDA
OFFYGFFKK,GBFEL,PLGDA
OFFCGYRKK,GBFEL,PLGDA
OFFYGFSKK,GBFEL,PLGDA
OFFRASCKK,GBFEL,SGSGP
RNFGFCKKK,GBIMM,NLAMS
OFFKCFOKK,GBIMM,RUMMK
OFFSNSSKK,GBLGP,BEANT
OARKNRKKK,GBLGP,BEANT
OFFOCFNKK,GBLGP,DEHAM
OARKNSKKK,GBLGP,DEHAM
OFFKORCKK,GBLGP,DEHAM
OFFKORCKK,GBLGP,DEHAM
OARKNRKKK,GBLGP,DEHAM
OARKNRKKK,GBLGP,DEHAM
OARKNRKKK,GBLGP,DEHAM
OFFSNSSKK,GBLGP,NLROT
OFFSNSSKK,GBLGP,NLROT
NGRKCGCKK,GBLGP,SAYAN
RFAKFSKKK,GBLON,DEBRU
RFAKFSKKK,GBLON,DEBRU
RFAKFSKKK,GBNEW,RULOM
OACOFSFCK,GBPTL,GBSOU
OARARRKKK,GBSOU,DEBHN
OARYSNKKK,GBSOU,DEHAM
OAOOGAKKK,GBSOU,DKASN
OFFGRGSKK,GBSOU,EGDAM
OFFKCAGKK,GBSOU,NLAMS
OARARRKKK,GBSOU,NLROT
OARARRKKK,GBSOU,NLROT
OARARRKKK,GBSOU,NLROT
OARARRKKK,GBSOU,NLROT
NGRKCGCKK,GBTEE,RUULG
OACROGKKK,GBTYD,TRAAP
OFFYKCNKK,GHTAK,CISPE
RNCGRNKKK,GHTAK,GHTEM
OFFYCNOKK,GHTEM,CGPNO
OACROFKKK,GHTEM,CISPE
OFFRSFNKK,GHTEM,CMDUA
OFFSANOKK,GHTEM,CMDUA
RNCGRNKKK,GHTEM,LRBUC
OFFRSFOKK,GHTEM,NGLAG
RNGNKCKKK,GIGIB,ESHUE
OFFFKSFKK,GNBFF,CNFAN
OAOFANKKK,GNBKJ,GNKAM
OFFSNKCKK,GNBKJ,GNKAM
OACFGSKKK,GNBKJ,GNKAM
OACFGSKKK,GNBKJ,IESNN
RNOSFYKKK,GNBKJ,IESNN
OACROFKKK,GNBKJ,IESNN
RNOOKNKKK,GNBKJ,IESNN
OAOFACKKK,GNBKJ,IESNN
OFFGRGSKK,GNBKJ,UADVB
OFFSOFNKK,GNBKJ,UADVB
RNOOKNKKK,GNCON,GNBKJ
OFFYCNOKK,GNCON,TGLOM
OACFGSKKK,GNKAM,DESTA
OAOFANKKK,GNKAM,DESTA
OACFGSKKK,GNKAM,ESSCI
NGRKANRKK,GRAGT,KRULS
NGRKANRKK,GRELE,GRAGT
RNFGFCKKK,GRLVR,USTAM
OFFKRKFKK,GRPIR,BEZEE
OFFCAROKK,GRPIR,BEZEE
OFFAGGNKK,GRPIR,BEZEE
OFFFACSKK,GRPIR,DEHAM
OFFYGRSKK,GRPIR,DEHAM
OFFGYSGKK,GRPIR,DEHAM
OFFAKKRKK,GRPIR,DEHAM
OFFCCYOKK,GRPIR,DEHAM
OFFCAROKK,GRPIR,DEHAM
OFFCRRRKK,GRPIR,DEHAM
OFFOCRSKK,GRPIR,DEHAM
OFFOCFNKK,GRPIR,DEHAM
OFFFACSKK,GRPIR,DEHAM
OFFOCFNKK,GRPIR,DEHAM
OFFCRRRKK,GRPIR,DEHAM
OFFGYSGKK,GRPIR,DEHAM
OFFOCOGKK,GRPIR,DEHAM
OFFFACOKK,GRPIR,DEHAM
OFFCRRRKK,GRPIR,DEHAM
OFFKRKFKK,GRPIR,DEHAM
OFFOCRSKK,GRPIR,DEHAM
OFFFACOKK,GRPIR,DEHAM
OFFOCRSKK,GRPIR,DEHAM
OFFKRKFKK,GRPIR,DEHAM
OFFYGRSKK,GRPIR,DEHAM
OFFAOSSKK,GRPIR,DEHAM
OFFCRRRKK,GRPIR,DEHAM
OFFFACSKK,GRPIR,DEHAM
OFFOCOGKK,GRPIR,DEHAM
OFFOCRSKK,GRPIR,DEHAM
OFFAASGKK,GRPIR,EGPSA
OFFKNFAKK,GRPIR,EGPSA
OFFAASGKK,GRPIR,EGPSA
OFFKNFAKK,GRPIR,EGPSA
OFFAASGKK,GRPIR,EGPSA
OFFAASGKK,GRPIR,EGPSA
OFFKNFAKK,GRPIR,EGPSA
OFFCGGSKK,GRPIR,ESVAL
OFFYGRSKK,GRPIR,GBFEL
OARKNSKKK,GRPIR,GBLGP
OFFAYOSKK,GRPIR,ILHFA
OFFAOSFKK,GRPIR,ILHFA
OFFCAROKK,GRPIR,ITGOA
OFFCGGSKK,GRPIR,ITGOA
OFFCAROKK,GRPIR,ITSPE
OFFCGGSKK,GRPIR,ITSPE
OFFAOSFKK,GRPIR,ITSPE
OFFCFOOKK,GRPIR,ITSPE
OFFCGGSKK,GRPIR,ITSPE
OFFCGGSKK,GRPIR,ITSPE
OFFCFOOKK,GRPIR,ITSPE
OFFCAROKK,GRPIR,ITSPE
OFFAOSFKK,GRPIR,ITSPE
OFFGYSGKK,GRPIR,ITSPE
OARKGKKKK,GRPIR,MTMAL
OARKGKKKK,GRPIR,MTMAL
OFFCSCYKK,GRPIR,MTMAL
OARKGKKKK,GRPIR,MTMAL
OARKGOKKK,GRPIR,MTMAL
OARKGOKKK,GRPIR,MTMAL
OFFKNFAKK,GRPIR,MYPKE
OFFGYSGKK,GRPIR,MYPKE
OFFARYAKK,GRPIR,NLROT
OFFAYOAKK,GRPIR,NLROT
OFFANOFKK,GRPIR,NLROT
OFFAYOOKK,GRPIR,NLROT
OFFAOSSKK,GRPIR,NLROT
OFFAOSSKK,GRPIR,NLROT
OFFANFSKK,GRPIR,NLROT
OFFAOSSKK,GRPIR,NLROT
OFFANFSKK,GRPIR,NLROT
OFFASRSKK,GRPIR,NLROT
OFFASRSKK,GRPIR,NLROT
OFFANFOKK,GRPIR,NLROT
OFFANFOKK,GRPIR,NLROT
OFFAGGNKK,GRPIR,NLROT
OFFAYOOKK,GRPIR,NLROT
OFFASRSKK,GRPIR,NLROT
OARKNRKKK,GRPIR,NLROT
OFFOCFNKK,GRPIR,NLROT
OFFRKCYKK,GRPIR,NLROT
OFFAGGNKK,GRPIR,NLROT
OARKNRKKK,GRPIR,NLROT
OFFAGGNKK,GRPIR,NLROT
OFFAYOAKK,GRPIR,NLROT
OFFARYAKK,GRPIR,NLROT
OFFAGSYKK,GRPIR,NLROT
OFFFACOKK,GRPIR,NLROT
OFFANFSKK,GRPIR,NLROT
OFFAYOOKK,GRPIR,NLROT
OFFASRSKK,GRPIR,NLROT
OFFAFCFKK,GRPIR,NLROT
OFFANFOKK,GRPIR,NLROT
OFFAYOAKK,GRPIR,NLROT
OFFAGSYKK,GRPIR,NLROT
OFFAFCFKK,GRPIR,NLROT
OARKNRKKK,GRPIR,NLROT
OFFGYSGKK,GRPIR,NLROT
OFFARYAKK,GRPIR,NLROT
OFFANFSKK,GRPIR,NLROT
OFFRKCYKK,GRPIR,NLROT
OFFAFCFKK,GRPIR,NLROT
OFFANOFKK,GRPIR,NLROT
OFFAYOAKK,GRPIR,NLROT
OFFOCOGKK,GRPIR,NLROT
OFFARYAKK,GRPIR,NLROT
OFFAFCFKK,GRPIR,NLROT
OFFANFOKK,GRPIR,NLROT
OFFANOFKK,GRPIR,NLROT
OARKNRKKK,GRPIR,NLROT
OFFANOFKK,GRPIR,NLROT
OFFAYOOKK,GRPIR,NLROT
OFFOCOGKK,GRPIR,SGSGP
OFFCAROKK,GRPIR,SGSGP
OFFFACSKK,GRPIR,SGSGP
OFFCGGSKK,GRPIR,SGSGP
OFFCRRRKK,GRPIR,SGSGP
OFFAOSFKK,GRPIR,SGSGP
OFFCGGSKK,GRPIR,SGSGP
OFFCFOOKK,GRPIR,SGSGP
OFFCGYRKK,GRPIR,SGSGP
OFFCGYRKK,GRPIR,SGSGP
OFFCRCSKK,GRPIR,SGSGP
OFFCRCSKK,GRPIR,SGSGP
OFFYGFSKK,GRPIR,SGSGP
RNCGRAKKK,GRPIR,SGSGP
OFFAOSFKK,GRPIR,SGSGP
OFFCAROKK,GRPIR,SGSGP
OFFAYOOKK,GRPIR,SGSGP
OFFCFOOKK,GRPIR,SGSGP
OFFGYSGKK,GRPIR,SGSGP
RNOSSGKKK,GRPIR,SGSGP
OFFOCRSKK,GRPIR,SGSGP
OFFYGFSKK,GRPIR,SGSGP
OFFYGFFKK,GRPIR,SGSGP
OFFOCFNKK,GRPIR,SGSGP
OFFCGGSKK,GRPIR,SGSGP
OFFYGFFKK,GRPIR,SGSGP
OFFOCRSKK,GRPIR,SGSGP
OFFRASCKK,GRPIR,SGSGP
OFFKRKFKK,GRPIR,SGSGP
OFFANSFKK,GRPIR,TRISK
OFFCSCYKK,GRPIR,TRIST
OFFCSCYKK,GRPIR,TRIST
OFFANSFKK,GRPIR,TRIST
OFFCSCYKK,GRPIR,TRIST
OFFANSFKK,GRPIR,TRIST
OARKGOKKK,GRPIR,TRYAR
RNCGRAKKK,GRPIR,USNFK
OFFCFOOKK,GRPIR,USNFK
OFFAOSFKK,GRPIR,USNFK
OFFAOSFKK,GRPIR,USSAV
RNOSSGKKK,GRPIR,USSAV
RFKASSKKK,GRPIR,USSAV
OARCAYGAK,GRTHE,ROCON
OACROSKKK,GRTHE,TRAAP
OACROFKKK,GRTHE,TRAAP
OARCAYGRK,GRTHE,TRALI
OFFCNCFKK,GRTHE,TRYAR
OARCAYNYK,GRTHE,UANLW
OAOFCNKKK,GRTHE,UAYUZ
OFFCCCAKK,GTPQL,COBOL
OAOFOKKKK,GTPQL,CRPTC
OFFFRKRKK,GTPQL,ECGYL
OFFYGANKK,GTPQL,MXGMS
OARKFGKKK,GTPQL,PECAL
OARKFGKKK,GTPQL,PECAL
OARKFGKKK,GTPQL,PECAL
OARKFGKKK,GTPQL,PECAL
OARKFGKKK,GTPQL,PECAL
OFFCNCFKK,GTSTC,GRTHE
OFFCNCFKK,GTSTC,UAYUZ
OARACNKKK,HKHKG,AUMEL
CRNKGSKCY,HKHKG,AUMEL
CRNKGSKCY,HKHKG,AUMEL
CRNKGSKCY,HKHKG,AUMEL
OARACNKKK,HKHKG,AUMEL
OARACNKKK,HKHKG,AUMEL
CRNKGSKRA,HKHKG,AUMEL
OARACNKKK,HKHKG,AUMEL
OARACNKKK,HKHKG,AUMEL
OARACNKKK,HKHKG,AUMEL
CRNKGSKCY,HKHKG,AUSYD
CRNKGSKCY,HKHKG,AUSYD
CRNKGSKRA,HKHKG,AUSYD
CRNKGSKRA,HKHKG,AUSYD
CRNKGSKRA,HKHKG,AUSYD
CRNKGSKRA,HKHKG,AUSYD
CRNKGSKCY,HKHKG,AUSYD
CRNKGSKRA,HKHKG,AUSYD
CRNKGSKCY,HKHKG,AUSYD
OARACNKKK,HKHKG,AUSYD
CRNKGSKRA,HKHKG,AUSYD
CRNKGSKRA,HKHKG,AUSYD
CRNKGSKCY,HKHKG,AUSYD
OACGNOKKK,HKHKG,BRSTS
OFFGOSGKK,HKHKG,BRSTS
OARAOYKKK,HKHKG,CAPRR
OFFAAFOKK,HKHKG,CAPRR
OARAGGKKK,HKHKG,CAVCR
OARAOFKKK,HKHKG,CAVCR
RNRCOAKKK,HKHKG,CNFUN
RNRCOAKKK,HKHKG,CNFUN
RNRCOAKKK,HKHKG,CNFUN
RNRCOAKKK,HKHKG,CNFUN
RNRCOAKKK,HKHKG,CNFUN
OACOASKKK,HKHKG,CNGUA
OAOCGKKKK,HKHKG,CNGUA
RNCONGKKK,HKHKG,CNHPU
OFFAOSFKK,HKHKG,CNLYG
OFFKFAYKK,HKHKG,CNMEZ
OFFNYRGKK,HKHKG,CNMWN
OFFNYRGKK,HKHKG,CNMWN
OARAGGKKK,HKHKG,CNNBO
OARAGFKKK,HKHKG,CNNBO
OARAGGKKK,HKHKG,CNNBO
OARKNNKKK,HKHKG,CNNBO
OFFAAFOKK,HKHKG,CNNBO
OFFFGSAKK,HKHKG,CNNBO
OFFFGSAKK,HKHKG,CNNBO
OFFFGSAKK,HKHKG,CNNBO
OAOFNSKKK,HKHKG,CNNBO
OARKGSKKK,HKHKG,CNNBO
OARKFGKKK,HKHKG,CNNBO
OARKFGKKK,HKHKG,CNNBO
OARKFGKKK,HKHKG,CNNBO
RNRCOAKKK,HKHKG,CNNSA
RNNOFOKKK,HKHKG,CNNSA
RNNOFOKKK,HKHKG,CNNSA
RNNOFOKKK,HKHKG,CNNSA
RNNOFOKKK,HKHKG,CNNSA
RNNOFOKKK,HKHKG,CNNSA
RNCONGKKK,HKHKG,CNNSA
RNCONGKKK,HKHKG,CNNSA
RNCONGKKK,HKHKG,CNNSA
RNCONGKKK,HKHKG,CNNSA
OFFFACSKK,HKHKG,CNNSA
RNCONGKKK,HKHKG,CNNSA
OFFFACSKK,HKHKG,CNNSA
RNCONGKKK,HKHKG,CNNSA
RNCONGKKK,HKHKG,CNNSA
RNCONGKKK,HKHKG,CNNSA
RNCONGKKK,HKHKG,CNNSA
RNCONGKKK,HKHKG,CNNSA
RNNOFOKKK,HKHKG,CNNSA
RNFKCNKKK,HKHKG,CNNSA
RNCONGKKK,HKHKG,CNNSA
RNCONGKKK,HKHKG,CNNSA
OFFFNCOKK,HKHKG,CNNSA
RNCONGKKK,HKHKG,CNNSA
RNFKCNKKK,HKHKG,CNNSA
OFFFNCOKK,HKHKG,CNNSA
OFFFNCOKK,HKHKG,CNNSA
RNCONGKKK,HKHKG,CNNSA
RNCONGKKK,HKHKG,CNNSA
RNNOFOKKK,HKHKG,CNNSA
OFFYGRSKK,HKHKG,CNNSA
RNRCOAKKK,HKHKG,CNNSA
RNRCOAKKK,HKHKG,CNNSA
OFFCRRRKK,HKHKG,CNNSA
RNFKCNKKK,HKHKG,CNNSA
RNFKCNKKK,HKHKG,CNNSA
OFFCAROKK,HKHKG,CNNSA
RNFKCNKKK,HKHKG,CNNSA
OFFOGRNKK,HKHKG,CNNSA
OFFOGROKK,HKHKG,CNNSA
OFFOGRNKK,HKHKG,CNNSA
OFFOGROKK,HKHKG,CNNSA
OFFOGRNKK,HKHKG,CNNSA
OFFSRCCKK,HKHKG,CNQIN
OFFAOSFKK,HKHKG,CNQIN
OARKGKKKK,HKHKG,CNQIN
OAORKRKKK,HKHKG,CNQIN
OARKGKKKK,HKHKG,CNQIN
OFFCGGSKK,HKHKG,CNQIN
OARKGOKKK,HKHKG,CNQIN
OARKFCKKK,HKHKG,CNQIN
OFFGYSGKK,HKHKG,CNQIN
OARKGKKKK,HKHKG,CNQIN
OFFCFOOKK,HKHKG,CNQIN
OFFROKOKK,HKHKG,CNQIZ
RNFKCNKKK,HKHKG,CNQIZ
CRNKGFYRA,HKHKG,CNQIZ
OARAGYKKK,HKHKG,CNRIZ
OARARSKKK,HKHKG,CNRIZ
OARARSKKK,HKHKG,CNRIZ
OARARSKKK,HKHKG,CNRIZ
OARAGYKKK,HKHKG,CNRIZ
OARANKKKK,HKHKG,CNRIZ
OARANKKKK,HKHKG,CNRIZ
RNRCOAKKK,HKHKG,CNSHE
CRNKGSKNA,HKHKG,CNSHE
CRNKGSKNA,HKHKG,CNSHE
CRNKGSKNA,HKHKG,CNSHE
CRNKGSKNA,HKHKG,CNSHE
CRNKGSKNA,HKHKG,CNSHE
OFFYOFGKK,HKHKG,CNSHE
CRNKGFYSF,HKHKG,CNSHE
CRNKGSKNA,HKHKG,CNSHE
CRNKGSKNA,HKHKG,CNSHE
CRNKGSKNA,HKHKG,CNSHE
OFFYOFGKK,HKHKG,CNSHE
RNRCOAKKK,HKHKG,CNSHE
RNRCOAKKK,HKHKG,CNSHE
OFFOGRNKK,HKHKG,CNSHE
OFFKSYRKK,HKHKG,CNTJN
OFFNYRGKK,HKHKG,CNTJN
CRNKGFYSF,HKHKG,CNTJN
CRNKGFYSF,HKHKG,CNTJN
OAOFARKKK,HKHKG,CNTJN
CRNKGSKNA,HKHKG,CNTJN
CRNKGFYSF,HKHKG,CNTJN
OFFSRCCKK,HKHKG,CNWGQ
OARARSKKK,HKHKG,CNWGQ
RNCGRAKKK,HKHKG,CNWGQ
OFFCSCYKK,HKHKG,CNWGQ
RNRCOAKKK,HKHKG,CNWGQ
CRNKGSKNA,HKHKG,CNXIA
OFFAGSOKK,HKHKG,CNXIA
CRNKGFYSF,HKHKG,CNXIA
RNNOFOKKK,HKHKG,CNXIA
OFFAYOSKK,HKHKG,CNXIA
CRNKGSKNA,HKHKG,CNXIA
OARKGNKKK,HKHKG,CNXIA
OARKFRKKK,HKHKG,CNXIA
CRNKGFYSF,HKHKG,CNXIA
RNNOFOKKK,HKHKG,CNXIA
OFFFACSKK,HKHKG,CNXIA
OARACNKKK,HKHKG,CNXIA
OFFANSFKK,HKHKG,CNXIA
CRNKGFYSF,HKHKG,CNXIA
OFFFGSAKK,HKHKG,CNXIA
OFFOCRSKK,HKHKG,CNXIA
CRNKGFYSF,HKHKG,CNXIA
CRNKGSKNA,HKHKG,CNXIA
CRNKGSKNA,HKHKG,CNXIA
CRNKGFYSF,HKHKG,CNXIA
RNFKCNKKK,HKHKG,CNXIA
OFFSRCCKK,HKHKG,CNXIA
OFFYGRSKK,HKHKG,CNXIA
OFFOCOGKK,HKHKG,CNXIA
OFFCCYOKK,HKHKG,CNXIA
CRNKGSKNA,HKHKG,CNXIA
RNNOFOKKK,HKHKG,CNXIA
CRNKGFYSF,HKHKG,CNXIA
CRNKGSKNA,HKHKG,CNXIA
RNNOFOKKK,HKHKG,CNXIA
OAOFARKKK,HKHKG,CNYPG
OARAOYKKK,HKHKG,CNYPG
OARAOFKKK,HKHKG,CNYPG
OARAOFKKK,HKHKG,CNYPG
OFFRAAGKK,HKHKG,CNYPG
OFFRAAGKK,HKHKG,CNYPG
OAOFARKKK,HKHKG,CNYPG
RNNOFOKKK,HKHKG,CNYPG
OARANAKKK,HKHKG,CNYPG
OARAOYKKK,HKHKG,CNYPG
OFFRAAGKK,HKHKG,CNYPG
OARAOYKKK,HKHKG,CNYPG
OARAOYKKK,HKHKG,CNYPG
OFFRRRYKK,HKHKG,CNYSN
OFFFFGCKK,HKHKG,CNYSN
OFFRGKSKK,HKHKG,CNYSN
OARKFGKKK,HKHKG,CNYSN
OFFRRRYKK,HKHKG,CNYSN
OARAFAKKK,HKHKG,CNYSN
OFFRRRYKK,HKHKG,CNYSN
OFFAASGKK,HKHKG,CNYSN
OFFAAFOKK,HKHKG,CNYSN
OARAOFKKK,HKHKG,CNYSN
OARKNNKKK,HKHKG,CNYSN
OARAOFKKK,HKHKG,CNYSN
OFFFGSAKK,HKHKG,CNYSN
OFFKORCKK,HKHKG,CNYSN
OFFAKKCKK,HKHKG,CNZHA
OARAFCKKK,HKHKG,CNZOS
OFFAASGKK,HKHKG,SGSGP
OFFCAROKK,HKHKG,SGSGP
OFFKORCKK,HKHKG,SGSGP
OFFAASGKK,HKHKG,SGSGP
OFFRRRYKK,HKHKG,SGSGP
OAOFRGKKK,HKHKG,SGSGP
OFFCFOOKK,HKHKG,SGSGP
OFFFACOKK,HKHKG,SGSGP
OFFRRRYKK,HKHKG,SGSGP
OFFNYRGKK,HKHKG,SGSGP
OFFCAROKK,HKHKG,SGSGP
OFFCAYYKK,HKHKG,TWKAO
OARAGAKKK,HKHKG,TWKAO
OFFCAYYKK,HKHKG,TWKAO
OFFOGRNKK,HKHKG,TWKAO
OFFOGROKK,HKHKG,TWKAO
OFFSONGKK,HKHKG,TWKAO
OFFFFGCKK,HKHKG,TWKAO
OFFGYSGKK,HKHKG,TWKAO
OFFSONGKK,HKHKG,TWKAO
OFFSONGKK,HKHKG,TWKAO
OFFGNCRKK,HKHKG,TWKAO
OFFCFAOKK,HKHKG,TWKAO
OFFAYOGKK,HKHKG,TWKAO
OFFAYOGKK,HKHKG,TWKAO
OFFRKSAKK,HKHKG,TWKAO
OFFCAYYKK,HKHKG,TWKAO
OFFGNCRKK,HKHKG,TWKAO
OFFCFAOKK,HKHKG,TWKAO
OARAFKKKK,HKHKG,TWKEE
OARAFKKKK,HKHKG,TWKEE
OARAFKKKK,HKHKG,TWKEE
OARAFKKKK,HKHKG,TWKEE
OARAFKKKK,HKHKG,TWKEE
OFFAKNFKK,HKHKG,TWKEE
OFFAGGGKK,HKHKG,USLGB
OFFRKSAKK,HKHKG,USLGB
OFFKRKFKK,HKHKG,VNCMP
OFFCRRRKK,HKHKG,VNCMP
OFFKRKFKK,HKHKG,VNCMP
OFFOCRSKK,HKHKG,VNCMP
OFFOCRSKK,HKHKG,VNCMP
OFFCRRRKK,HKHKG,VNCMP
OFFGYSGKK,HKHKG,VNCMP
OFFGYSGKK,HKHKG,VNCMP
OFFOCOGKK,HKHKG,VNCMP
OFFOCOGKK,HKHKG,VNCMP
OFFKRKFKK,HKHKG,VNCMP
RNOSSGKKK,HKHKG,VNCMP
OFFYGRSKK,HKHKG,VNCMP
OFFOCOGKK,HKHKG,VNCMP
OFFOCFNKK,HKHKG,VNCMP
OFFKRKFKK,HKHKG,VNCMP
OFFYGRSKK,HKHKG,VNCMP
RNFKCNKKK,HKHKG,VNHPG
RNNOFOKKK,HKHKG,VNHPG
RNNOFOKKK,HKHKG,VNHPG
RNFKCNKKK,HKHKG,VNHPG
RNFKCNKKK,HKHKG,VNHPG
RNFKCNKKK,HKHKG,VNHPG
RNFKCNKKK,HKHKG,VNHPG
RNFKCNKKK,HKHKG,VNHPG
RNNOFOKKK,HKHKG,VNHPG
RNCONGKKK,HKHKG,VNHPG
RNCONGKKK,HKHKG,VNHPG
RNFKCNKKK,HKHKG,VNHPG
RNFKCNKKK,HKHKG,VNHPG
RNNOFOKKK,HKHKG,VNHPG
OFFKFSNKK,HNPCO,MXALT
OFFNCOYKK,HNPCO,USBEA
OFFCNCFKK,HNPCO,USBTR
OARKNRKKK,HRRJK,MTMAL
OACROGKKK,HTPAP,HTCHA
OFFROKOKK,IDANY,QARAS
OAOFRAKKK,IDANY,QARAS
OAOAYYKKK,IDASA,CNBAO
OACFGKKKK,IDASA,CNBAO
OAOFKCKKK,IDASA,CNCJN
OAOANCKKK,IDBAH,IDBON
RNASGFKKK,IDBAH,IDKBU
OARRCOKKK,IDBAH,IDKLR
OAOFFGKKK,IDBAH,IDMUP
OAOFNAKKK,IDBAH,IDSAM
OAOFSGKKK,IDBAH,IDSAM
OFFNNCNKK,IDBAH,MZMAP
OFFSANRKK,IDBAH,TWTCH
OARSYGKKK,IDBAL,BDPAY
OFFKNKYKK,IDBAL,MYLUM
OARRKAKKK,IDBAL,PHMAR
OARAYSKKK,IDBAL,PHMAR
OFFCCCAKK,IDBLN,IDSEM
OARCAYGAK,IDBNI,CNCJK
OAOFKCKKK,IDBNI,CNCJN
OAOFFAKKK,IDBNI,CNCJN
RNNSYYKKK,IDBNI,CNMEZ
OARAYCKKK,IDBNI,CNSWE
OAOKFFKKK,IDBNI,CNSWE
OACNROKKK,IDBNI,CNSWE
OAOFRRKKK,IDBNI,CNSWE
OAOANCKKK,IDBNI,CNSWE
OACKRCKKK,IDBNI,CNSWE
OAOFCOKKK,IDBNI,CNSWE
RNAFKKKKK,IDBNI,CNWGQ
OARCAYGAK,IDBNI,CNWGQ
OAOFCOKKK,IDBNI,CNZHA
OAOKKYKKK,IDBNI,CNZHA
OAOANCKKK,IDBON,CNMEZ
OFFKSYRKK,IDCXP,MYTPP
OFFKSYRKK,IDCXP,MYTPP
OFFKCRCKK,IDDMI,INKAN
OAROFYYFK,IDFTG,CNLYG
RNCFFRKKK,IDFTG,CNLYG
RNOFYFKKK,IDFTG,CNLYG
RNOFYFKKK,IDFTG,CNLYG
OFFKCRCKK,IDGRE,IDDMI
OARRGSKKK,IDGRE,SGSGP
OAROYRNRK,IDJAK,IDBMP
OAROYNFGK,IDJAK,IDKBL
OFFRAANKK,IDJAK,IDSUR
OFFRAYRKK,IDJAK,IDSUR
OFFRAANKK,IDJAK,IDSUR
OFFRAANKK,IDJAK,IDSUR
OFFYKCGKK,IDJAK,IDSUR
OFFRAANKK,IDJAK,IDSUR
OFFRAANKK,IDJAK,IDSUR
OFFRAANKK,IDJAK,IDSUR
OFFRAANKK,IDJAK,IDSUR
OFFRAANKK,IDJAK,IDSUR
OARARCKKK,IDJAK,IDSUR
OACROOKKK,IDJAK,IDTAB
OFFKFFFKK,IDJAK,MYPAG
OFFKFFFKK,IDJAK,MYPAG
OFFKFFFKK,IDJAK,MYPAG
OFFKFFFKK,IDJAK,MYPAG
OFFKFFFKK,IDJAK,MYPAG
OFFKFFFKK,IDJAK,MYPAG
OFFKFFFKK,IDJAK,MYPAG
OFFKFFFKK,IDJAK,MYPAG
OFFKFFFKK,IDJAK,MYPAG
OFFKFFFKK,IDJAK,MYPAG
OARAOSKKK,IDJAK,MYPAG
OARAOSKKK,IDJAK,MYPAG
OFFOGONKK,IDJAK,MYPAG
OAOFGKKKK,IDJAK,MYPAG
OAOFGKKKK,IDJAK,MYPAG
OFFYOFGKK,IDJAK,MYPAG
OFFYOFGKK,IDJAK,MYPAG
OFFYOFGKK,IDJAK,MYPAG
OFFYOFGKK,IDJAK,MYPAG
OFFYOFGKK,IDJAK,MYPAG
OFFYOFGKK,IDJAK,MYPAG
OARARCKKK,IDJAK,MYPAG
OFFRAYRKK,IDJAK,MYPAG
OFFRAYRKK,IDJAK,MYPAG
OFFRAYRKK,IDJAK,MYPAG
OFFRAAGKK,IDJAK,MYPAG
OARARCKKK,IDJAK,MYPAG
OARARCKKK,IDJAK,MYPAG
OARARCKKK,IDJAK,MYPAG
OFFRAAGKK,IDJAK,MYPAG
OARARCKKK,IDJAK,MYPAG
OARARCKKK,IDJAK,MYPAG
OARARCKKK,IDJAK,MYPAG
OARARCKKK,IDJAK,MYPAG
OARARCKKK,IDJAK,MYPAG
OFFRAAGKK,IDJAK,MYPAG
RNOFYFKKK,IDJAK,MYPKE
OARAOSKKK,IDJAK,SGSGP
OAROYNFGK,IDJAK,SGSGP
RNCFFRKKK,IDJAK,SGSGP
OAOFNAKKK,IDJBI,CNNJG
OACFGKKKK,IDJBI,CNNJG
OARRRGKKK,IDKBU,CNBAO
OARRRGKKK,IDKBU,CNCJK
OARRKCKYK,IDKBU,CNLVS
OAOFKCKKK,IDKBU,CNZHE
OAOFKCKKK,IDKBU,CNZHE
RNASGFKKK,IDKBU,CNZJG
OACROOKKK,IDKEN,CNLYG
OAOFNAKKK,IDKEN,CNYZH
OARRCOKKK,IDKLR,CNCHS
OARRCOKKK,IDKLR,CNCJK
OFFSNOSKK,IDKLR,CNCJK
OFFCCCAKK,IDKLR,CNNJG
OAOFKCKKK,IDKLR,CNNJG
OAOFKRKKK,IDKLR,CNNJG
OACFGKKKK,IDKLR,CNNJG
OAOFFAKKK,IDKLR,CNNJG
OFFKCFRKK,IDKLR,CNTAZ
OAOFFAKKK,IDKLR,CNTAZ
OAOFFSKKK,IDKLR,CNZHE
OAOFKRKKK,IDKLR,CNZHE
OAOFFAKKK,IDKLR,CNZHE
NGNAKKKKK,IDKLR,CNZHE
OAOFKRKKK,IDKLR,CNZHE
OAOFKRKKK,IDKLR,CNZJG
NGNAKAKKK,IDKLR,CNZJG
OAOFOKKKK,IDMEU,INMAG
OFFKARRKK,IDMEU,INMAG
OACROGKKK,IDMEU,INMAG
OFFCCCAKK,IDMKS,IDKLR
OFFCRROKK,IDMRK,BHBAH
OARNCFKSK,IDMRK,IDCIW
OARAYCKKK,IDMUP,CNSWE
OACKRCKKK,IDMUP,CNSWE
OARYSNKKK,IDMUP,CNSWE
OAOFKCKKK,IDMUP,CNTAI
OAOFFAKKK,IDMUP,CNTAI
OACFGKKKK,IDMUP,CNYPG
OAOFFGKKK,IDMUS,CNNSA
OAOAFOKKK,IDMUS,CNNSA
OFFFRKAKK,IDMUS,CNNSA
OAOFFAKKK,IDMUS,CNNSA
OARSYGKKK,IDMUS,CNZHE
OAOFFSKKK,IDMUS,CNZHE
OARAFCKKK,IDOKA,CNGUA
OFFKFAYKK,IDOKA,MYPGG
OFFAKSCKK,IDOKA,SGSGP
OARCAYGAK,IDPAL,CNCJK
OFFGYGYKK,IDPAL,CNNBO
OACOGYKKK,IDPAL,CNNBO
OACACAKKK,IDPAL,CNQIN
OACCGKKKK,IDPAL,CNQIN
OFFYKCNKK,IDPAL,PKQAS
OFFCCCAKK,IDPJG,IDBLN
OACRONKKK,IDPNK,CNHUA
OARSYGKKK,IDSAM,CNCFD
OFFKCRCKK,IDSAM,CNCFD
OARCAYGAK,IDSAM,CNCJK
OAOFCCKKK,IDSAM,CNMEZ
OARRRFKKK,IDSAM,CNNBO
OAOKFFKKK,IDSAM,CNSTO
OARSYGKKK,IDSAM,CNSTO
OAOFCOKKK,IDSAM,CNSWE
OAOFRRKKK,IDSAM,CNSWE
NGNAKAKKK,IDSAM,CNTAI
OAOKFYKKK,IDSAM,CNTAI
OARCAYGAK,IDSAM,CNTAI
NGNAKKKKK,IDSAM,CNTAI
OAOKFFKKK,IDSAM,CNWEN
OFFSNACKK,IDSAM,CNWEN
OACNROKKK,IDSAM,CNXIA
OARRRGKKK,IDSAM,CNYZH
OFFKAGRKK,IDSAM,CNZOS
OFFCCCAKK,IDSEM,IDMKS
OACNCRSYK,IDSEM,IDSUR
OARRKCKKK,IDSPL,CNCFD
OARARCKKK,IDSUR,CNTJN
OACNCRSYK,IDSUR,IDBAH
OFFRAANKK,IDSUR,PHDAV
OFFRAANKK,IDSUR,PHDAV
OFFRAANKK,IDSUR,PHDAV
OFFRAANKK,IDSUR,PHDAV
OFFRAANKK,IDSUR,PHDAV
OFFRAANKK,IDSUR,PHDAV
OFFRAANKK,IDSUR,PHDAV
OFFRAANKK,IDSUR,PHDAV
OFFSOFNKK,IDTAB,CNBAO
OFFSOFNKK,IDTAB,CNCJK
OAOFKSKKK,IDTAB,CNCJK
OARRRGKKK,IDTAB,CNCJK
OAOFCCKKK,IDTAB,CNJIH
OFFAAONKK,IDTAB,CNLYW
OAOFOKKKK,IDTAB,CNNBO
OFFSNACKK,IDTAB,CNSTO
OFFKNKYKK,IDTAB,CNSWE
NGRKCRGKK,IDTAB,CNTAI
OACKROKKK,IDTAB,CNTAI
OARRRFKKK,IDTAB,CNWGQ
OARRRGKKK,IDTAB,CNWGQ
OFFFARRKK,IDTAB,CNZHE
OAOFRRKKK,IDTAB,HKHKG
OACOASKKK,IDTBN,SGSGP
OARRRKKKK,IDTBR,BNMUR
OACKROKKK,IDTBR,BNMUR
OFFSNACKK,IDTBR,CNSTO
OARRKAKKK,IDTBR,CNSWE
OAOKFKKKK,IDTBR,CNTAI
OARRKCKKK,IDTBR,CNTAI
OFFSNACKK,IDTBR,CNWEN
OFFARNSKK,IDTBR,CNWEN
OFFFGOSKK,IDTBR,CNWEN
OAOKFFKKK,IDTBR,CNWEN
OAOFNNKKK,IDTBR,CNWEN
OAOFCOKKK,IDTBR,CNZHA
OAOFCCKKK,IDTBR,CNZHA
RNOGORKKK,IDTBR,PHDAV
OAOFKRKKK,IDTMH,CNCJN
OARAYCKKK,IDTMH,CNCZH
OAOFNNKKK,IDTMH,MYLUM
OARNCFGGK,IEDUB,ESGIJ
RNGNKRKKK,IEDUB,FRLEH
RNGNKCKKK,IEDUB,FRLEH
OARNCFGGK,IEDUB,FRLEH
RNGNKCKKK,IEDUB,FRLEH
RNGNKCKKK,IEDUB,FRLEH
RNGNKRKKK,IEDUB,FRLEH
OARNCFGGK,IEDUB,FRROU
OARNCFGGK,IEDUB,FRROU
RNGNKCKKK,IEDUB,FRROU
RNGNKRKKK,IEDUB,FRROU
RFAFRFKKK,IEDUB,GBBEL
RNGNKRKKK,IEDUB,GBBEL
OARGSGKKK,IEDUB,GBBEL
OARNCFGGK,IEDUB,GBBEL
RNGNKCKKK,IEDUB,GBBEL
OFFKCAGKK,IEDUB,NLAMS
RNGNKRKKK,IEDUB,NOBGN
RNGNKRKKK,IEDUB,NOBGN
RNOSFYKKK,IESNN,LVRIX
OACROFKKK,IESNN,NLROT
RNOOKNKKK,IESNN,RUSPG
OFFAYOSKK,ILHFA,SGSGP
OFFAOSFKK,ILHFA,SGSGP
OAROFAYFK,INCHN,INKAK
OAOFFCKKK,INCHN,INKNP
OFFYOFGKK,INCHN,INKUP
OARKFRKKK,INCHN,INKUP
OAOFRGKKK,INCHN,INKUP
OARKFCKKK,INCHN,INVIS
OARKNSKKK,INCHN,INVIS
OARKNSKKK,INCHN,INVIS
OARKNSKKK,INCHN,INVIS
OFFYFNKKK,INCHN,INVIS
OARKNRKKK,INCHN,LKCOL
OARKNRKKK,INCHN,LKCOL
OARKNRKKK,INCHN,LKCOL
OARKNRKKK,INCHN,LKCOL
OARKFRKKK,INCHN,MYPKE
OAOFRGKKK,INCHN,MYPKE
OFFYOFGKK,INCHN,MYPKE
OARKFRKKK,INCHN,MYPKE
OARKFRKKK,INCHN,MYPKE
OAOFRGKKK,INCHN,MYPKE
OARKFRKKK,INCHN,MYPKE
OARKFRKKK,INCHN,MYPKE
OARKFRKKK,INCHN,MYPKE
OARKFRKKK,INCHN,MYPKE
OARKFRKKK,INCHN,MYPKE
OARKFRKKK,INCHN,MYPKE
OAOFRGKKK,INCHN,MYPKE
OARKFRKKK,INCHN,MYPKE
OARKNSKKK,INCHN,MYPKE
OFFYKCNKK,INCHN,SGSGP
OARKFRKKK,INCHN,SGSGP
OFFYOFGKK,INCHN,SGSGP
OFFYOFGKK,INCHN,SGSGP
OARKNRKKK,INCOC,EGDAM
OARKNRKKK,INCOC,EGDAM
OARKNRKKK,INCOC,EGDAM
OARKNRKKK,INCOC,EGDAM
OFFROFNKK,INDAH,AEJAL
OARRFYAFK,INKAK,CNQUA
OACAAYKKK,INKAK,CNQUA
OACAAYKKK,INKAK,CNQUA
OFFKCRCKK,INKAN,AERUW
OAOFANKKK,INKNP,BRSTS
OAROFYYFK,INKNP,EGADA
OARKNRKKK,INKNP,INCHN
OARKNRKKK,INKNP,INCHN
OARKNRKKK,INKNP,INCHN
OARKNRKKK,INKNP,INCHN
RFAYAAKKK,INKNP,INGOP
OARKFRKKK,INKUP,INCHN
OARKFRKKK,INKUP,INCHN
OARKFRKKK,INKUP,INCHN
OARKFRKKK,INKUP,INCHN
OARKFRKKK,INKUP,INCHN
OARKFRKKK,INKUP,INCHN
OARKFRKKK,INKUP,INCHN
OARKFRKKK,INKUP,INCHN
OARKFRKKK,INKUP,INCHN
OARKFRKKK,INKUP,INCHN
OFFYOFGKK,INKUP,MYPKE
OARKFRKKK,INKUP,MYPKE
OAOFRGKKK,INKUP,MYPKE
OFFKARRKK,INMAG,AERAK
OACROGKKK,INMAG,AERAK
OAOFOKKKK,INMAG,INMUN
OAROYKOAK,INMUN,INKAN
OARKGOKKK,INMUN,INNSA
OFFKCRCKK,INMUN,JOAQA
OFFFGNYKK,INMUN,LKCOL
OFFFGNYKK,INMUN,LKCOL
OFFFGNYKK,INMUN,LKCOL
OFFFGNYKK,INMUN,LKCOL
OFFFGNYKK,INMUN,LKCOL
OFFFGNYKK,INMUN,LKCOL
CRNKGFYRA,INMUN,MYPKE
CRNKGFYRA,INMUN,MYPKE
OARKNOKKK,INMUN,MYPKE
OARKNOKKK,INMUN,MYPKE
OARKNOKKK,INMUN,MYPKE
CRNKGFYRA,INMUN,MYPKE
OARKNOKKK,INMUN,MYPKE
OARKNOKKK,INMUN,MYPKE
OFFFGNYKK,INMUN,MYPKE
CRNKGFYRA,INMUN,MYPKE
OARKNOKKK,INMUN,MYPKE
OARARSKKK,INMUN,MYPKE
OARARRKKK,INMUN,MYPKE
CRNKGFYRA,INMUN,MYPKE
OARKGKKKK,INMUN,PKKAR
OARKGOKKK,INMUN,PKKAR
OFFARGSKK,INMUN,PKKAR
OAORKRKKK,INMUN,PKKAR
OARKGOKKK,INMUN,PKKAR
OARKGKKKK,INMUN,PKKAR
OARKGKKKK,INMUN,PKKAR
OARRRKKKK,INMUN,PKKAR
OARKGKKKK,INMUN,PKKAR
OFFCRROKK,INMUN,QARAS
OARKGKKKK,INMUN,SAJED
OARKNOKKK,INMUN,SAJED
OARARRKKK,INMUN,SAJED
OARARRKKK,INMUN,SAJED
OARARRKKK,INMUN,SAJED
OFFOCFNKK,INMUN,SAJED
OARKGOKKK,INMUN,SAJED
OARKGKKKK,INMUN,SAJED
OARARRKKK,INMUN,SAJED
OARKGOKKK,INMUN,SAJED
OARKNOKKK,INMUN,SGSGP
CRNKGFYRA,INMUN,SGSGP
OAOFNRKKK,INNMA,BRITA
OARKGKKKK,INNSA,INMUN
OARKGOKKK,INNSA,INMUN
OARARRKKK,INNSA,INMUN
OFFOCFNKK,INNSA,INMUN
OARKGKKKK,INNSA,INMUN
OARARRKKK,INNSA,INMUN
OARKGOKKK,INNSA,INMUN
OAORKRKKK,INNSA,INMUN
OARKGOKKK,INNSA,INMUN
OARKGKKKK,INNSA,INMUN
OARKGKKKK,INNSA,INMUN
OARKGKKKK,INNSA,INMUN
OARARRKKK,INNSA,INMUN
OARKGKKKK,INNSA,INMUN
OARARRKKK,INNSA,INMUN
OARARRKKK,INNSA,INMUN
OARKGKKKK,INNSA,INMUN
OARARRKKK,INNSA,INMUN
OARKGOKKK,INNSA,INMUN
OFFARGSKK,INNSA,INMUN
OFFCSCYKK,INNSA,INPPV
OFFNYRGKK,INNSA,INPPV
OFFCSCYKK,INNSA,INPPV
OFFNYRGKK,INNSA,INPPV
OFFNYRGKK,INNSA,INPPV
OFFNYRGKK,INNSA,INPPV
OFFNYRGKK,INNSA,INPPV
OFFNYRGKK,INNSA,INPPV
OFFOOASKK,INNSA,LKCOL
OFFKNGOKK,INNSA,PKKAR
RNOSSGKKK,INNSA,PKKAR
RNOSSGKKK,INNSA,PKKAR
OARAGFKKK,INNSA,PKKAR
OFFKFFFKK,INNSA,PKKAR
OFFAKFCKK,INNSA,PKKAR
OAROFAYFK,INNSA,SAYAN
OFFNYRGKK,INPPV,LKCOL
OFFNYRGKK,INPPV,MYPKE
OFFNYRGKK,INPPV,MYPKE
OFFNYRGKK,INPPV,MYPKE
OFFANSFKK,INPPV,PKKAR
OFFCSCYKK,INPPV,PKKAR
OFFCSCYKK,INPPV,PKKAR
OFFNYRGKK,INPPV,SGSGP
OFFNYRGKK,INPPV,SGSGP
NGOOCKKKK,INSIK,SGSGP
OAOOFGKKK,INSIK,SGSGP
OFFAKSCKK,INSIK,SGSGP
OFFGSOAKK,INVIS,AERAK
OACROOKKK,INVIS,CNTJN
OARKNRKKK,INVIS,INKNP
OARKNRKKK,INVIS,INKNP
OARKNSKKK,INVIS,MYPKE
OARKNSKKK,INVIS,MYPKE
OARKNSKKK,INVIS,MYPKE
OARKNSKKK,INVIS,MYPKE
OARAFCKKK,IQKAZ,QARAS
NGGAFNKKK,IQMAB,AEFUJ
OFFAKSCKK,IQMAB,AEFUJ
OARACAKKK,IQMAB,CNCFD
OFFNOAFKK,IQMAB,CNCFD
OFFCNFCKK,IQMAB,CNCFD
OARYFGKKK,IQMAB,CNCFD
OAOCANKKK,IQMAB,CNCFD
OFFCKCCKK,IQMAB,CNCFD
OFFCOCFKK,IQMAB,CNDAL
OFFYGFYKK,IQMAB,CNDAL
OFFGOSCKK,IQMAB,CNMEZ
RFASOFKKK,IQMAB,CNMEZ
OFFNYNNKK,IQMAB,CNNBO
OARACSKKK,IQMAB,CNNBO
OFFAOCAKK,IQMAB,CNQIN
RFASOFKKK,IQMAB,CNQIN
OARASRKKK,IQMAB,CNQIZ
OFFCNFCKK,IQMAB,CNSDG
OARANFKKK,IQMAB,CNZOS
OARSSKKKK,IQMAB,CNZOS
OARASKKKK,IQMAB,CNZOS
OARAFGKKK,IQMAB,CNZOS
OARACAKKK,IQMAB,CNZOS
OFFCOCFKK,IQMAB,CNZOS
OARACSKKK,IQMAB,CNZOS
OAOOGAKKK,IQMAB,ESCAR
OFFNOAFKK,IQMAB,MMMIO
OARASRKKK,IQMAB,MMMIO
OFFNOAFKK,IQMAB,MMMIO
OFFGNCAKK,IQMAB,SAJUT
OFFCOCSKK,IQMAB,SAJUT
OFFAGCNKK,IQMAB,SAJUT
OFFNOAFKK,IQMAB,SAJUT
NGRKASOKK,IQMAB,SAJUT
OAROFAYFK,IQUMQ,AEABU
OAROFYYFK,IQUMQ,OMSOH
OARNCGKNK,ITAUG,MTMAL
OARNCGKNK,ITAUG,USNYK
RNGFGKKKK,ITGOA,ESCAR
OACROFKKK,ITGOA,ESCAR
OACFGKKKK,ITGOA,ESTAR
OACNCRSYK,ITGOA,ESTAR
OARKGKKKK,ITGOA,ESVAL
OARKGKKKK,ITGOA,ESVAL
OARKGOKKK,ITGOA,ESVAL
OFFCSCYKK,ITGOA,ESVAL
OFFCGGSKK,ITGOA,ESVAL
OARKGKKKK,ITGOA,ESVAL
OFFCFOOKK,ITGOA,ESVAL
OFFCAROKK,ITGOA,ESVAL
OFFCGGSKK,ITGOA,ESVAL
OFFAOSFKK,ITGOA,FRFOS
OFFGYSGKK,ITGOA,FRFOS
OFFCAROKK,ITGOA,FRFOS
OFFCGGSKK,ITGOA,FRFOS
OFFCGGSKK,ITGOA,FRFOS
OFFCFOOKK,ITGOA,FRFOS
OFFAOSFKK,ITGOA,FRFOS
OFFSNKRKK,ITGOA,ITGAE
OAOFCNKKK,ITGOA,ITNAP
OFFCAROKK,ITGOA,ITSPE
OFFCGGSKK,ITGOA,ITSPE
OARKGOKKK,ITGOA,MTMAL
OARKGKKKK,ITGOA,MTMAL
OFFCSCYKK,ITGOA,MTMAL
OARKGKKKK,ITGOA,MTMAL
OARKGKKKK,ITGOA,MTMAL
OARKGOKKK,ITGOA,MTMAL
OFFGRCNKK,ITLIV,ITNAP
OAOKACKKK,ITLIV,ITNAP
OAONSSKKK,ITLIV,ITNAP
OACOGYKKK,ITLIV,ITNAP
OFFGCOYKK,ITLIV,ITSVN
OACRYSKKK,ITLIV,TRDER
OAOONNKKK,ITLIV,TRDER
OAONSSKKK,ITLIV,TRMER
OAOONNKKK,ITMON,TRDER
RNRGYRKKK,ITNAP,ESTAR
OARCAYNYK,ITNAP,ESTAR
RNGFGKKKK,ITNAP,ITGOA
OACNCRSYK,ITNAP,ITGOA
OAOFFCKKK,ITNAP,ITGOA
OACROFKKK,ITNAP,ITGOA
OFFGCOYKK,ITNAP,ITLIV
OAOKACKKK,ITNAP,ITMON
OFFGRCNKK,ITNAP,ITMON
NGRKANRKK,ITNAP,MTMAL
OACOGYKKK,ITNAP,TRLMA
OFFARFSKK,ITRAV,ESSAG
OFFSANRKK,ITRAV,HRPLE
OFFSNKCKK,ITRAV,ITVEN
OFFSOFNKK,ITRAV,ITVEN
OFFARFSKK,ITRAV,MEBAR
OAOFCNKKK,ITRAV,MTMAL
OFFGRGSKK,ITRAV,RUTUA
OARYSNKKK,ITRAV,UANLW
OACKGYKKK,ITRAV,UANLW
OFFGSOAKK,ITRAV,UAYUZ
OFFCAROKK,ITSPE,ESVAL
OFFCGGSKK,ITSPE,FRFOS
OFFCFOOKK,ITSPE,ITGOA
OFFCGGSKK,ITSPE,ITGOA
OFFCGGSKK,ITSPE,ITGOA
OFFGYSGKK,ITSPE,ITGOA
OFFAOSFKK,ITSPE,ITGOA
OFFCGGSKK,ITSPE,ITGOA
OFFCAROKK,ITSPE,ITGOA
OFFAOSFKK,ITSPE,ITGOA
OFFCAROKK,ITSPE,ITGOA
OFFCGGSKK,ITSPE,ITGOA
OFFGCOYKK,ITSVN,ESTAR
OAOONNKKK,ITSVN,ITLIV
OAOKACKKK,ITSVN,ITLIV
OFFNCFYKK,ITTAR,ITVEN
RFAKFSKKK,ITTAR,TRGEB
OFFKNGOKK,ITTRS,GRPIR
OARCAYNYK,ITTRS,ITNAP
OFFYGANKK,ITTRS,ITRAV
OFFSNKOKK,ITVEN,ALDRS
OFFNCFYKK,ITVEN,ALDRS
OFFSNKCKK,ITVEN,EGPSA
OACKGYKKK,ITVEN,ITRAV
OFFKCFRKK,ITVEN,ITSAL
OFFYARAKK,ITVEN,RUNVS
OFFSOFNKK,ITVEN,TRHER
OFFSNKRKK,ITVEN,TRHER
OFFKOROKK,JMPRH,USLUA
OFFFARRKK,JMRBU,COBAR
OARKGOKKK,JOAQA,AEJAL
OFFANSFKK,JOAQA,DJDJI
OFFARYYKK,JOAQA,DJDJI
OFFKCRCKK,JOAQA,INPAR
OFFCSCYKK,JOAQA,SAJED
OFFNYSOKK,JOAQA,SAJED
OFFNYSOKK,JOAQA,SAJED
OARKGKKKK,JOAQA,SAJED
OFFKFFSKK,JOAQA,SAJED
OARKGKKKK,JOAQA,SAJED
OARKGOKKK,JOAQA,SAJED
OFFARYYKK,JOAQA,SAJED
OFFARYYKK,JOAQA,SGSGP
NRSKKFNKA,JPANA,JPKAW
OFFKAKCKK,JPCBA,AUNTL
OACFKGKKK,JPCBA,CNJIN
OAOFRAKKK,JPCBA,CNJIN
OARAFGKKK,JPCBA,IQMAB
OFFGRYSKK,JPCBA,IQMAB
OAOOSYKKK,JPCBA,JPIWA
OAOFCSKKK,JPCBA,JPOIT
OAOOSYKKK,JPCBA,JPOIT
OAORCGKKK,JPCBA,JPTOA
OFFGSGAKK,JPCBA,JPYCI
OAORGKKKK,JPCBA,KRGWA
OAOFOAKKK,JPCBA,KRGWA
OARSNSKKK,JPCBA,KRULS
OFFAKNFKK,JPCBA,KRULS
OAOFCSKKK,JPCBA,KRULS
OARFFKKKK,JPCBA,KRYOS
OFFNYNNKK,JPCBA,QAASN
OAORCGKKK,JPCBA,TWMAI
OFFGGOCKK,JPFUK,AUDPR
OFFORNYKK,JPFUK,AUNTL
OAOKFRKKK,JPFUK,AUPHE
OACRONKKK,JPFUK,JPYOK
RFCCCOKKK,JPHAN,JPONO
NGNAKAKKK,JPHEK,JPTOK
OAOFFSKKK,JPHHR,JPHOS
OAROFAYGK,JPHHR,JPKMA
OAOKFYKKK,JPHIB,CNCFD
OAOFKSKKK,JPHIB,CNRIZ
OAOFFGKKK,JPHIB,CNRIZ
OAOFOKKKK,JPHIB,IDBAH
OAOFFGKKK,JPHIB,IDBAH
OAOFNAKKK,JPHIB,IDBAH
RFCCCOKKK,JPHKA,JPMAR
RFCCCOKKK,JPHTH,JPNAG
OAOOSYKKK,JPIWA,JPYCI
OAROFAYGK,JPKAG,JPHHR
RNFCKRKKK,JPKAW,AUPHE
OFFAFORKK,JPKAW,JPNAG
OARAKSKKK,JPKAW,JPYOK
OACOFSFRK,JPKAW,KRBUS
OARYFNKKK,JPKII,CNPAN
OARYFNKKK,JPKII,CNPAN
OFFSNKGKK,JPKII,JPSKI
OARFFKKKK,JPKII,JPYOK
OFFKAKCKK,JPKIS,AUPHE
OFFCFGSKK,JPKIS,JPMUR
OACFKGKKK,JPKMA,CNQIN
OAROFAYGK,JPKMA,JPKOB
OFFGYGFKK,JPKMA,JPNAG
RNRSKAKKK,JPKMA,JPNAG
RNOYKSKKK,JPKMA,JPNAG
OFFFFGNKK,JPKMA,JPNAG
OAOFRAKKK,JPKMA,JPYCI
OAOFRAKKK,JPKMA,KRGWA
OFFKCFOKK,JPKMA,SVAQJ
OAROYNFGK,JPKOB,CNCJK
OAROYNFGK,JPKOB,CNSHA
OAROFAYGK,JPKOB,CNTJN
RNORNSKKK,JPKOB,CNWEI
RNORNSKKK,JPKOB,CNWEI
RNORNSKKK,JPKOB,CNWEI
RNORNSKKK,JPKOB,CNWEI
RNORNSKKK,JPKOB,CNWEI
RNORNSKKK,JPKOB,CNWEI
RNORNSKKK,JPKOB,CNWEI
RNORNSKKK,JPKOB,CNWEI
RNORNSKKK,JPKOB,CNWEI
RNORNSKKK,JPKOB,CNWEI
RNORNSKKK,JPKOB,CNWEI
RNORNSKKK,JPKOB,CNWEI
RNORNSKKK,JPKOB,CNWEI
RNORNSKKK,JPKOB,CNWEI
RNORNSKKK,JPKOB,CNWEI
RNORNSKKK,JPKOB,CNWEI
RNORNSKKK,JPKOB,CNWEI
RNORNSKKK,JPKOB,CNWEI
RNORNSKKK,JPKOB,CNWEI
RNORNSKKK,JPKOB,CNWEI
RNORNSKKK,JPKOB,CNWEI
RNORNSKKK,JPKOB,CNWEI
RNORNSKKK,JPKOB,CNWEI
RNORNSKKK,JPKOB,CNWEI
RNORNSKKK,JPKOB,CNWEI
RNORNSKKK,JPKOB,CNWEI
RNORNSKKK,JPKOB,CNWEI
RNORNSKKK,JPKOB,CNWEI
RNORNSKKK,JPKOB,CNWEI
RNORNSKKK,JPKOB,CNWEI
RNORNSKKK,JPKOB,CNWEI
RNORNSKKK,JPKOB,CNWEI
RNORNSKKK,JPKOB,CNWEI
RNORNSKKK,JPKOB,CNWEI
RNORNSKKK,JPKOB,CNWEI
RNORNSKKK,JPKOB,CNWEI
RNORNSKKK,JPKOB,CNWEI
RNORNSKKK,JPKOB,CNWEI
RNORNSKKK,JPKOB,CNWEI
RNORNSKKK,JPKOB,CNWEI
RNORNSKKK,JPKOB,CNWEI
RNORNSKKK,JPKOB,CNWEI
RNORNSKKK,JPKOB,CNWEI
RNORNSKKK,JPKOB,CNWEI
OARCYNYGK,JPKOB,CNWGQ
OARCYNYGK,JPKOB,CNWGQ
OARCYNYGK,JPKOB,CNWGQ
RNORNSKKK,JPKOB,CNYAN
GRGKANAAK,JPKOB,JPHKA
RNORNSKKK,JPKOB,JPOSK
RFCCCOKKK,JPKUD,TWHLN
OAROFSCOK,JPKUS,JPHKA
RFCCCOKKK,JPMAR,JPSKI
RNRSKAKKK,JPMIZ,AUNTL
OFFKAKCKK,JPMIZ,JPCBA
RNCGRNKKK,JPMIZ,JPFUK
RFAAACKKK,JPMIZ,JPKAW
RFCCCOKKK,JPMIZ,VNHPG
OFFCNCFKK,JPMOJ,CNLYG
RNNOFOKKK,JPMOJ,CNNSA
RNNOFOKKK,JPMOJ,CNNSA
RNNOFOKKK,JPMOJ,CNNSA
RNFKCNKKK,JPMOJ,CNNSA
RNNOFOKKK,JPMOJ,CNNSA
RNFKCNKKK,JPMOJ,CNNSA
RNFKCNKKK,JPMOJ,CNQIN
RNFKCNKKK,JPMOJ,CNYTN
RNNOFOKKK,JPMOJ,CNYTN
RNFKCNKKK,JPMOJ,CNYTN
RNNOFOKKK,JPMOJ,CNYTN
RNFKCNKKK,JPMOJ,CNYTN
RNNOFOKKK,JPMOJ,CNYTN
RNFKCNKKK,JPMOJ,CNYTN
RNNOFOKKK,JPMOJ,CNYTN
RNNOFOKKK,JPMOJ,CNYTN
OFFAFORKK,JPMOJ,KRULS
OFFARFSKK,JPMOJ,KRULS
OFFCFGSKK,JPMUR,AUPHE
OFFCKASKK,JPMUR,JPTOM
OFFGYGFKK,JPNAG,AUPHE
OFFFFGNKK,JPNAG,AUPHE
RNOYKSKKK,JPNAG,CAVCR
RNORNSKKK,JPNAG,CNDAL
RNFKCNKKK,JPNAG,CNNSA
OAOFRAKKK,JPNAG,CNTJN
RFCCCOKKK,JPNAG,JPISH
RFCCCOKKK,JPNAG,JPKIS
OFFGSGAKK,JPNAG,JPKMA
OACFKGKKK,JPNAG,JPKMA
RNFKCNKKK,JPNAG,JPMOJ
RNFKCNKKK,JPNAG,JPMOJ
RNFKCNKKK,JPNAG,JPMOJ
RNCONGKKK,JPNAG,JPMOJ
RNCONGKKK,JPNAG,JPMOJ
RNFKCNKKK,JPNAG,JPMOJ
RNFKCNKKK,JPNAG,JPMOJ
RNFKCNKKK,JPNAG,JPMOJ
RNFKCNKKK,JPNAG,JPMOJ
RNFKCNKKK,JPNAG,JPMOJ
RNFKCNKKK,JPNAG,JPMOJ
RNFKCNKKK,JPNAG,JPMOJ
RNNOFOKKK,JPNAG,JPMOJ
RNNOFOKKK,JPNAG,JPMOJ
RNNOFOKKK,JPNAG,JPMOJ
RNNOFOKKK,JPNAG,JPMOJ
RNNOFOKKK,JPNAG,JPMOJ
RNNOFOKKK,JPNAG,JPMOJ
RNNOFOKKK,JPNAG,JPMOJ
RNNOFOKKK,JPNAG,JPMOJ
RNNOFOKKK,JPNAG,JPMOJ
RNNOFOKKK,JPNAG,JPMOJ
RNNOFOKKK,JPNAG,JPMOJ
RNRSKAKKK,JPNAG,JPWKA
OACOFSFRK,JPNAG,KRBUS
RFCCCOKKK,JPOFU,JPMIZ
RFCCCOKKK,JPOFU,JPONO
OAORCGKKK,JPOIT,CNDAL
OAOOSYKKK,JPOIT,CNJIN
OAORGKKKK,JPOIT,CNJIN
NGOOCKKKK,JPOIT,CNZOS
OFFGSGAKK,JPOIT,JPCBA
OFFKAKCKK,JPOIT,JPKIS
OAOFOKKKK,JPOIT,JPKIS
OFFKCFOKK,JPOIT,JPKMA
OACFKGKKK,JPOIT,JPNAG
OFFAKKGKK,JPOIT,JPTOB
OFFGSGAKK,JPOIT,JPYCI
OFFGSGAKK,JPOIT,JPYCI
OFFGSGAKK,JPOIT,JPYCI
OFFGSGAKK,JPOIT,KRGWA
RFCCCOKKK,JPONO,JPFUK
OFFAFORKK,JPOSK,CNTJN
RNORNSKKK,JPOSK,JPKOB
RNORNSKKK,JPOSK,JPKOB
RNORNSKKK,JPOSK,JPKOB
RNORNSKKK,JPOSK,JPKOB
RNORNSKKK,JPOSK,JPKOB
RNORNSKKK,JPOSK,JPKOB
RNORNSKKK,JPOSK,JPKOB
RNORNSKKK,JPOSK,JPKOB
RNORNSKKK,JPOSK,JPKOB
RNORNSKKK,JPOSK,JPKOB
RNORNSKKK,JPOSK,JPKOB
RNORNSKKK,JPOSK,JPKOB
RNORNSKKK,JPOSK,JPKOB
RNORNSKKK,JPOSK,JPKOB
RNORNSKKK,JPOSK,JPKOB
RNORNSKKK,JPOSK,JPKOB
RNORNSKKK,JPOSK,JPKOB
RNORNSKKK,JPOSK,JPKOB
RNORNSKKK,JPOSK,JPKOB
RNORNSKKK,JPOSK,JPKOB
RNORNSKKK,JPOSK,JPKOB
RNORNSKKK,JPOSK,JPKOB
RNORNSKKK,JPOSK,JPKOB
RNORNSKKK,JPOSK,JPKOB
RNORNSKKK,JPOSK,JPKOB
RNORNSKKK,JPOSK,JPKOB
RNORNSKKK,JPOSK,JPKOB
RNORNSKKK,JPOSK,JPKOB
RNORNSKKK,JPOSK,JPKOB
RNORNSKKK,JPOSK,JPKOB
RNORNSKKK,JPOSK,JPKOB
RNORNSKKK,JPOSK,JPKOB
RNORNSKKK,JPOSK,JPKOB
RNORNSKKK,JPOSK,JPKOB
RNORNSKKK,JPOSK,JPKOB
RNORNSKKK,JPOSK,JPKOB
RNORNSKKK,JPOSK,JPKOB
OARCYNYGK,JPOSK,JPKOB
RNORNSKKK,JPOSK,JPKOB
OARCYNYGK,JPOSK,JPKOB
RNORNSKKK,JPOSK,JPKOB
OARCYNYGK,JPOSK,JPKOB
RNORNSKKK,JPOSK,JPKOB
RNORNSKKK,JPOSK,JPKOB
RNORNSKKK,JPOSK,JPKOB
RNORNSKKK,JPOSK,JPKOB
RNORNSKKK,JPOSK,JPKOB
OFFYCNOKK,JPOSK,JPONA
OARKNKKKK,JPOSK,KRBUS
OARKNKKKK,JPOSK,KRBUS
OARKNKKKK,JPOSK,KRBUS
OARKNKKKK,JPOSK,KRBUS
OARKNKKKK,JPOSK,KRBUS
OARFFKKKK,JPSDJ,JPYOK
OAORGKKKK,JPSKI,JPOIT
OAORCGKKK,JPSKI,KRGWA
OAORCGKKK,JPTOA,JPOIT
OFFYARAKK,JPTOA,RUVYP
OARCYNYGK,JPTOK,CNWGQ
OARCYNYGK,JPTOK,CNWGQ
RNFKCNKKK,JPTOK,JPNAG
RNFKCNKKK,JPTOK,JPYOK
RNFKCNKKK,JPTOK,JPYOK
OARCYNYGK,JPTOK,JPYOK
RNNOFOKKK,JPTOK,JPYOK
RNFKCNKKK,JPTOK,JPYOK
RNFKCNKKK,JPTOK,JPYOK
RNNOFOKKK,JPTOK,JPYOK
RNFKCNKKK,JPTOK,JPYOK
RNFKCNKKK,JPTOK,JPYOK
OARCYNYGK,JPTOK,JPYOK
RNCONGKKK,JPTOK,JPYOK
RNNOFOKKK,JPTOK,JPYOK
OARCYNYGK,JPTOK,JPYOK
RNNOFOKKK,JPTOK,JPYOK
RNCONGKKK,JPTOK,JPYOK
RNFKCNKKK,JPTOK,JPYOK
RNNOFOKKK,JPTOK,JPYOK
RNNOFOKKK,JPTOK,JPYOK
RNNOFOKKK,JPTOK,JPYOK
RNFKCNKKK,JPTOK,JPYOK
RNORNSKKK,JPTOK,JPYOK
RNFKCNKKK,JPTOK,JPYOK
RNNOFOKKK,JPTOK,JPYOK
RNNOFOKKK,JPTOK,JPYOK
RNNOFOKKK,JPTOK,JPYOK
RNFKCNKKK,JPTOK,JPYOK
RNNOFOKKK,JPTOK,JPYOK
RFCFCFKKK,JPTOY,KRPYT
RNNNASKKK,JPTOY,KRPYT
OFFFGFRKK,JPUBE,SGSGP
OAOFRAKKK,JPYCI,JPCBA
OFFGSGAKK,JPYCI,JPKAW
OFFGSGAKK,JPYCI,JPNAG
OFFGSGAKK,JPYCI,JPOIT
OAOOSYKKK,JPYCI,KRGWA
OFFANSFKK,JPYOK,CNQIN
OARCYNYGK,JPYOK,CNWGQ
OARCYNYGK,JPYOK,CNWGQ
OARCYNYGK,JPYOK,CNWGQ
RNNSKSKKK,JPYOK,CNXIA
OARAFAKKK,JPYOK,CNXIA
OARANYKKK,JPYOK,CNXIA
OARAGNKKK,JPYOK,CNYSN
OARAGNKKK,JPYOK,CNYSN
OARANYKKK,JPYOK,CNYSN
OARFFKKKK,JPYOK,JPIWA
RNNOFOKKK,JPYOK,JPNAG
RNFKCNKKK,JPYOK,JPNAG
RNNOFOKKK,JPYOK,JPNAG
RNNOFOKKK,JPYOK,JPNAG
RNNOFOKKK,JPYOK,JPNAG
RNFKCNKKK,JPYOK,JPNAG
RNFKCNKKK,JPYOK,JPNAG
RNFKCNKKK,JPYOK,JPNAG
RNNOFOKKK,JPYOK,JPNAG
RNNOFOKKK,JPYOK,JPNAG
RNNOFOKKK,JPYOK,JPNAG
RNFKCNKKK,JPYOK,JPNAG
RNFKCNKKK,JPYOK,JPNAG
RNFKCNKKK,JPYOK,JPNAG
RNNOFOKKK,JPYOK,JPNAG
RNFKCNKKK,JPYOK,JPNAG
RNCONGKKK,JPYOK,JPNAG
RNCONGKKK,JPYOK,JPNAG
RNFKCNKKK,JPYOK,JPNAG
RNNOFOKKK,JPYOK,JPNAG
RNFKCNKKK,JPYOK,JPNAG
RNORNSKKK,JPYOK,JPNAG
RNNOFOKKK,JPYOK,JPNAG
RNNOFOKKK,JPYOK,JPNAG
OARKNKKKK,JPYOK,JPOSK
OARKNKKKK,JPYOK,JPOSK
OARKNKKKK,JPYOK,JPOSK
OARKNKKKK,JPYOK,JPOSK
OARKNKKKK,JPYOK,JPOSK
OARKNKKKK,JPYOK,JPOSK
OARKNKKKK,JPYOK,JPOSK
OARFFKKKK,JPYOK,JPSDJ
RNFKCNKKK,JPYOK,JPTOK
OARCYNYGK,JPYOK,JPTOK
OARCYNYGK,JPYOK,JPTOK
OARFFKKKK,JPYOK,SGSGP
OARFFKKKK,JPYOK,SGSGP
OFFKSYRKK,JPYOK,SGSGP
OAOFRAKKK,KEMOM,AERUW
OACOFAKKK,KEMOM,AERUW
OFFSANRKK,KEMOM,TZDRS
OFFYNYOKK,KEMOM,TZDRS
OFFSANOKK,KEMOM,ZADUR
OFFYNYOKK,KEMOM,ZADUR
OFFRSFNKK,KEMOM,ZARIB
RNRKGGKKK,KRBUS,CNDAL
RNRKGGKKK,KRBUS,CNDAL
RNRKGGKKK,KRBUS,CNDAL
RNRKGGKKK,KRBUS,CNLYG
RNRKGGKKK,KRBUS,CNLYG
RNRKGGKKK,KRBUS,CNLYG
OARKGKKKK,KRBUS,CNNBO
OARKGOKKK,KRBUS,CNNBO
OARKGKKKK,KRBUS,CNNBO
OARKGOKKK,KRBUS,CNNBO
RNCANRKKK,KRBUS,CNNBO
RNCANRKKK,KRBUS,CNNBO
OARKGKKKK,KRBUS,CNNBO
OARKNKKKK,KRBUS,CNQIN
RNRKGGKKK,KRBUS,CNQIN
OARKNKKKK,KRBUS,CNQIN
OARKNKKKK,KRBUS,CNQIN
RNRKGGKKK,KRBUS,CNQIN
RNRKGGKKK,KRBUS,CNQIN
OARKNSKKK,KRBUS,CNQIN
OARKNKKKK,KRBUS,CNQIN
RNRKGGKKK,KRBUS,CNQIN
RNRKGGKKK,KRBUS,CNQIN
OARKNSKKK,KRBUS,CNQIN
OARKNKKKK,KRBUS,CNQIN
OARKNKKKK,KRBUS,CNQIN
OARKNKKKK,KRBUS,CNQIN
OARKNKKKK,KRBUS,CNQIN
OARKNSKKK,KRBUS,CNQIN
RNRKGGKKK,KRBUS,CNQIN
RNRKGGKKK,KRBUS,CNQIN
RNRKGGKKK,KRBUS,CNQIN
RNRKGGKKK,KRBUS,CNQIN
RNRKGGKKK,KRBUS,CNQIN
RNRKGGKKK,KRBUS,CNQIN
RNRKGGKKK,KRBUS,CNQIN
RNRKGGKKK,KRBUS,CNQIN
RNRKGGKKK,KRBUS,CNQIN
RNRKGGKKK,KRBUS,CNQIN
RNRKGGKKK,KRBUS,CNQIN
OARKNRKKK,KRBUS,CNSHE
OFFYOFFKK,KRBUS,CNTJN
OFFYOFFKK,KRBUS,CNTJN
OFFYOFFKK,KRBUS,CNTJN
OFFYOFFKK,KRBUS,CNTJN
OFFYOFFKK,KRBUS,CNTJN
OFFYNYOKK,KRBUS,CNTJN
OFFYOFFKK,KRBUS,CNTJN
OFFYOFFKK,KRBUS,CNTJN
OFFYOFFKK,KRBUS,CNTJN
OFFYOFFKK,KRBUS,CNTJN
OFFYOFFKK,KRBUS,CNTJN
OFFYOFFKK,KRBUS,CNTJN
OFFYOFFKK,KRBUS,CNTJN
OFFYOFFKK,KRBUS,CNTJN
OFFYOFFKK,KRBUS,CNTJN
OFFYOFFKK,KRBUS,CNTJN
OFFYOFFKK,KRBUS,CNTJN
OFFYOFFKK,KRBUS,CNTJN
OFFYOFFKK,KRBUS,CNTJN
OFFYOFFKK,KRBUS,CNTJN
OFFYOFFKK,KRBUS,CNTJN
OFFYOFFKK,KRBUS,CNTJN
OFFYOFFKK,KRBUS,CNTJN
OFFYOFFKK,KRBUS,CNTJN
OFFYOFFKK,KRBUS,CNTJN
OFFYOFFKK,KRBUS,CNTJN
OFFYOFFKK,KRBUS,CNTJN
OFFYOFFKK,KRBUS,CNTJN
OFFYOFFKK,KRBUS,CNTJN
OFFYOFFKK,KRBUS,CNTJN
OFFYOFFKK,KRBUS,CNTJN
OFFYOFFKK,KRBUS,CNTJN
OFFYOFFKK,KRBUS,CNTJN
OARKNRKKK,KRBUS,CNWGQ
OARKFCKKK,KRBUS,CNWGQ
OFFNYRGKK,KRBUS,CNWGQ
OFFNYRGKK,KRBUS,CNWGQ
OFFNYRGKK,KRBUS,CNWGQ
OARKNSKKK,KRBUS,CNWGQ
OFFNYRGKK,KRBUS,CNWGQ
RNRKGGKKK,KRBUS,CNWGQ
OFFKNFAKK,KRBUS,CNYSN
OFFKNFAKK,KRBUS,CNYSN
OFFKNFAKK,KRBUS,CNYSN
OFFAASGKK,KRBUS,CNYSN
OFFKNFAKK,KRBUS,CNYSN
OFFAASGKK,KRBUS,CNYSN
OFFKNFAKK,KRBUS,CNYSN
RNCANRKKK,KRBUS,KRGWA
RNCANRKKK,KRBUS,KRGWA
RNCANRKKK,KRBUS,KRGWA
RNCANRKKK,KRBUS,KRGWA
RNCANRKKK,KRBUS,KRGWA
RNRKGGKKK,KRBUS,KRGWA
RNRKGGKKK,KRBUS,KRGWA
RNRKGGKKK,KRBUS,KRGWA
RNRKGGKKK,KRBUS,KRGWA
RNRKGGKKK,KRBUS,KRGWA
RNCANRKKK,KRBUS,KRGWA
RNRKGGKKK,KRBUS,KRGWA
RNCANRKKK,KRBUS,KRGWA
RNRKGGKKK,KRBUS,KRGWA
RNCANRKKK,KRBUS,KRGWA
RNRKGGKKK,KRBUS,KRGWA
RNCANRKKK,KRBUS,KRGWA
RNCANRKKK,KRBUS,KRGWA
RNCANRKKK,KRBUS,KRGWA
RFAYAAKKK,KRBUS,KRGWA
RNCANRKKK,KRBUS,KRGWA
RNCANRKKK,KRBUS,KRGWA
RNCANRKKK,KRBUS,KRGWA
RNCANRKKK,KRBUS,KRGWA
RNCANRKKK,KRBUS,KRGWA
RNCANRKKK,KRBUS,KRGWA
RNCANRKKK,KRBUS,KRGWA
RNCANRKKK,KRBUS,KRGWA
RNCANRKKK,KRBUS,KRGWA
RNCANRKKK,KRBUS,KRGWA
RNCANRKKK,KRBUS,KRGWA
RNCANRKKK,KRBUS,KRGWA
RNCANRKKK,KRBUS,KRGWA
RNCANRKKK,KRBUS,KRGWA
RNCANRKKK,KRBUS,KRGWA
RNCANRKKK,KRBUS,KRGWA
RNCANRKKK,KRBUS,KRGWA
RNCANRKKK,KRBUS,KRGWA
OACOFSFRK,KRBUS,KRINC
OACOFSFRK,KRBUS,KRINC
OACKGSKKK,KRBUS,KRULS
RNNSKSKKK,KRBUS,MXESE
OAORKRKKK,KRBUS,MXESE
RNNSKSKKK,KRBUS,MXESE
RNNSKSKKK,KRBUS,MXESE
OARAFAKKK,KRBUS,MXESE
OARAGNKKK,KRBUS,MXESE
OARAGNKKK,KRBUS,MXESE
OARAGNKKK,KRBUS,MXESE
OARAGNKKK,KRBUS,MXESE
OFFRGKSKK,KRBUS,MXESE
OARAFAKKK,KRBUS,MXESE
OFFKORCKK,KRBUS,MXESE
OFFANSFKK,KRBUS,MXESE
OARANYKKK,KRBUS,MXESE
OARANYKKK,KRBUS,MXESE
OARANYKKK,KRBUS,MXESE
OARAGFKKK,KRBUS,MXLCS
OARKGSKKK,KRBUS,MXMAN
RNNSKSKKK,KRBUS,MXMAN
OARAGFKKK,KRBUS,MXMAN
OARKGRKKK,KRBUS,MXMAN
OARAGFKKK,KRBUS,MXMAN
OARKNNKKK,KRBUS,MXMAN
OAORKRKKK,KRBUS,MXMAN
OFFASRYKK,KRBUS,PABAL
OARKFGKKK,KRBUS,TWKAO
OARKFGKKK,KRBUS,TWKAO
OARKFGKKK,KRBUS,TWKAO
OFFASRYKK,KRBUS,USNFK
OFFCGYOKK,KRBUS,USNYK
OFFCGYOKK,KRBUS,USNYK
OFFASRYKK,KRBUS,USNYK
OFFCSGCKK,KRBUS,USNYK
OFFCRCCKK,KRBUS,USNYK
OFFCSGCKK,KRBUS,USNYK
OFFCRCCKK,KRBUS,USNYK
OFFCRCCKK,KRBUS,USNYK
OFFASRYKK,KRBUS,USNYK
OACFKGKKK,KRDAN,CNDAL
OFFROFNKK,KRDAN,CNLYG
OACOFGOCK,KRDAN,CNNBO
NGRKCGCKK,KRDAN,KRGWA
OFFAKKCKK,KRDAN,SGSGP
OACOFFFOK,KRDAN,TWKAO
OACOFGOCK,KRDAN,TWKAO
OFFORNYKK,KRGWA,AUHAY
OFFAAONKK,KRGWA,AUHAY
OFFGYGFKK,KRGWA,AUPHE
OFFGYOFKK,KRGWA,AUPHE
OFFSNACKK,KRGWA,AUPHE
OFFKSFSKK,KRGWA,CANWE
OFFCAFSKK,KRGWA,CNBYQ
OAOFASKKK,KRGWA,CNCHS
RFAYAAKKK,KRGWA,CNCHS
OAOFASKKK,KRGWA,CNCJK
RFAYAAKKK,KRGWA,CNCJK
OAROYKOAK,KRGWA,CNDAL
NGGAFNKKK,KRGWA,CNDAL
OAOKFRKKK,KRGWA,CNDJK
OFFAKNFKK,KRGWA,CNDYI
OARAFGKKK,KRGWA,CNLSN
RNCANRKKK,KRGWA,CNNBO
RNCANRKKK,KRGWA,CNNBO
RNCANRKKK,KRGWA,CNNBO
RNCANRKKK,KRGWA,CNNBO
RNCANRKKK,KRGWA,CNNBO
RNCANRKKK,KRGWA,CNNBO
RNCANRKKK,KRGWA,CNNBO
RNCANRKKK,KRGWA,CNNBO
OFFKFAYKK,KRGWA,CNNBO
RNCANRKKK,KRGWA,CNNBO
RNCANRKKK,KRGWA,CNNBO
RNCANRKKK,KRGWA,CNNBO
RNCANRKKK,KRGWA,CNNBO
RNCANRKKK,KRGWA,CNNBO
RNCANRKKK,KRGWA,CNNBO
RNCANRKKK,KRGWA,CNNBO
RNCANRKKK,KRGWA,CNNBO
RNCANRKKK,KRGWA,CNNBO
RNRKGGKKK,KRGWA,CNNBO
RNRKGGKKK,KRGWA,CNNBO
RNCANRKKK,KRGWA,CNNBO
RNCANRKKK,KRGWA,CNNBO
OFFCAFSKK,KRGWA,CNNBO
OFFASNNKK,KRGWA,CNNJG
RNRKGGKKK,KRGWA,CNQIN
RNRKGGKKK,KRGWA,CNQIN
RNRKGGKKK,KRGWA,CNQIN
OFFROKOKK,KRGWA,CNQIN
OFFKFAYKK,KRGWA,CNQIN
OAROFAYGK,KRGWA,CNSHA
RNCANRKKK,KRGWA,CNWGQ
RNNNASKKK,KRGWA,CNYAN
OFFROKOKK,KRGWA,CNYPG
OAOFOAKKK,KRGWA,CNYPG
OFFASNNKK,KRGWA,CNYPG
OFFGSGAKK,KRGWA,CNYPG
OAOOSYKKK,KRGWA,CNYPG
OFFYGFFKK,KRGWA,CNYSN
OFFCGYRKK,KRGWA,CNYSN
OFFYGFSKK,KRGWA,CNYSN
OFFRASCKK,KRGWA,CNYSN
OFFCRCSKK,KRGWA,CNYSN
OFFCGYRKK,KRGWA,CNYSN
OFFYGFFKK,KRGWA,CNYSN
OFFRASCKK,KRGWA,CNYSN
OFFCRCSKK,KRGWA,CNYSN
OARNCFYAK,KRGWA,CNZHE
OFFAKKCKK,KRGWA,CNZOS
OARYFGKKK,KRGWA,CNZOS
OFFCFGSKK,KRGWA,CNZOS
OFFAOCAKK,KRGWA,CNZOS
RNNNASKKK,KRGWA,COBUE
OARAFCKKK,KRGWA,HKHKG
OFFAKNFKK,KRGWA,HKHKG
OAORCGKKK,KRGWA,JPCBA
OAOFOKKKK,KRGWA,JPHIB
OAOFRAKKK,KRGWA,JPNAG
OFFKNFAKK,KRGWA,KRBUS
OARKGKKKK,KRGWA,KRBUS
OARKGKKKK,KRGWA,KRBUS
RNCANRKKK,KRGWA,KRBUS
OARKGOKKK,KRGWA,KRBUS
OARKGOKKK,KRGWA,KRBUS
RNCANRKKK,KRGWA,KRBUS
OACFKGKKK,KRGWA,KRDAN
OAOFFCKKK,KRGWA,KRMAS
RNAFKKKKK,KRGWA,KRPOH
OFFKCFNKK,KRGWA,KRPOH
OFFNNCNKK,KRGWA,KRPOH
OARCAYNYK,KRGWA,KRPOH
OAOFFCKKK,KRGWA,KRPOH
OFFKFAYKK,KRGWA,KRPYT
RNNNASKKK,KRGWA,KRULS
OFFKCFRKK,KRGWA,MYPKE
OAONORKKK,KRGWA,MYTPP
OFFCAYSKK,KRGWA,OMMAF
OFFASNNKK,KRGWA,PHBAT
OAOOSYKKK,KRGWA,QARAS
OAOKFYKKK,KRGWA,RUVYP
NGRKCGCKK,KRGWA,SGSGP
OFFAKNFKK,KRGWA,TWKAO
OAOFOSKKK,KRGWA,TWKEE
RFCFCFKKK,KRGWA,USPTD
RFCFCFKKK,KRGWA,USPTD
OACRONKKK,KRGWA,VNPHU
OAOFFAKKK,KRGWA,VNPHU
OFFSANNKK,KRINC,AUPKE
OAROFSCRK,KRINC,CNDAL
OAOFCAKKK,KRINC,CNNBO
OARCAKKNK,KRINC,CNPLI
CRNKGFYSF,KRINC,CNTJN
CRNKGSKNA,KRINC,CNTJN
CRNKGFYSF,KRINC,CNTJN
CRNKGFYSF,KRINC,CNTJN
CRNKGSKNA,KRINC,CNTJN
CRNKGSKNA,KRINC,CNTJN
CRNKGFYSF,KRINC,CNTJN
CRNKGSKNA,KRINC,CNTJN
CRNKGSKNA,KRINC,CNTJN
CRNKGSKNA,KRINC,CNTJN
RNNNASKKK,KRINC,CNTJN
CRNKGSKNA,KRINC,CNTJN
CRNKGFYSF,KRINC,CNTJN
OACOFSFRK,KRINC,CNWEI
RFAYAAKKK,KRINC,KRBUS
RNCFFRKKK,KRKHN,CNSHA
OAROYCONK,KRKHN,KRMAS
OAROFYYFK,KRKHN,KRMAS
OACOGYKKK,KRKUN,CNBAO
RNCFFRKKK,KRKUN,CNCHS
OAROYRNRK,KRKUN,CNGLA
OAROFSCRK,KRKUN,CNQIN
OFFGYGYKK,KRKUN,CNTJN
OFFCARFKK,KRKUN,KRINC
RFCFCFKKK,KRKUN,KRINC
OAROYNFGK,KRMAS,CNCJK
RFCFCFKKK,KRMAS,CNLYG
OAROYCONK,KRMAS,CNPLI
OAROFYYFK,KRMAS,CNPLI
RNOFYFKKK,KRMAS,CNSHA
OAROYNFGK,KRMAS,CNSHA
RNCFFRKKK,KRMAS,KRPOH
RNNNASKKK,KRMOK,KRULS
RNNNASKKK,KRMOK,USBNC
OFFRNANKK,KRPOH,AUPHE
OFFSNACKK,KRPOH,AUPHE
OFFGYGFKK,KRPOH,AUPWA
OFFCFGSKK,KRPOH,CANWE
OFFKCFRKK,KRPOH,KRGWA
OAOFFCKKK,KRPOH,KRGWA
OFFCFGSKK,KRPOH,KRGWA
OFFYARAKK,KRPOH,KRGWA
RNAFKKKKK,KRPOH,VNPHU
OFFKCFNKK,KRPOH,VNPHU
OAOKFKKKK,KRPYT,AUPHE
OFFGYGNKK,KRPYT,AUPHE
OARNORKKK,KRPYT,CNDAL
OAROYOYOK,KRPYT,CNSHA
RNNNASKKK,KRPYT,CNTJN
RNNNASKKK,KRPYT,CNTJN
RFCFCFKKK,KRPYT,CNTJN
RNNNASKKK,KRPYT,CNZOS
OFFKCAGKK,KRPYT,JPCBA
NGNAKAKKK,KRPYT,JPSKI
OFFNCFYKK,KRPYT,KRGWA
RNNNASKKK,KRPYT,KRINC
OFFFGFRKK,KRPYT,KRINC
RNNNASKKK,KRPYT,KRMOK
OFFNNCNKK,KRSCP,AUNTL
OARNCFYAK,KRULS,AUGEE
OFFKCFNKK,KRULS,AUNTL
OACKGSKKK,KRULS,AUPKE
RNCFFRKKK,KRULS,CNBAO
OFFGOSGKK,KRULS,CNBAO
OFFARFSKK,KRULS,CNBYQ
RNOFYFKKK,KRULS,CNCGM
OAROYNFGK,KRULS,CNCGM
OFFGRCNKK,KRULS,CNCHS
OACGNOKKK,KRULS,CNCHS
OAONSSKKK,KRULS,CNCHS
OACOFGOCK,KRULS,CNCJK
OACOFFFOK,KRULS,CNCJK
OAONSSKKK,KRULS,CNCJK
OFFGRCNKK,KRULS,CNCJK
OFFAKKCKK,KRULS,CNCJN
OACOFFFOK,KRULS,CNFUZ
OFFGCOYKK,KRULS,CNJIT
OACOFFFOK,KRULS,CNNJG
OACAAYKKK,KRULS,CNQIN
OARCKYFNK,KRULS,CNQIN
OACOFFFOK,KRULS,CNTAX
OACOFGOCK,KRULS,CNTAX
OACRYSKKK,KRULS,CNTJN
OACGNOKKK,KRULS,CNTJN
OACCGKKKK,KRULS,CNTJN
OACKGSKKK,KRULS,CNWEI
OFFKSYRKK,KRULS,CNZOS
NGRKGAFKK,KRULS,CNZOS
OFFAFORKK,KRULS,JPAKI
OARAKSKKK,KRULS,JPKAW
OFFCRROKK,KRULS,KRDAN
OFFKCFNKK,KRULS,KRGWA
OFFAKNFKK,KRULS,KRGWA
RFCFCFKKK,KRULS,KRGWA
OFFKFAYKK,KRULS,KRGWA
NGRKASOKK,KRULS,KRINC
OAROFSCRK,KRULS,KRKUN
RNNNASKKK,KRULS,KRMOK
OFFKCAGKK,KRULS,KRPYT
OARAKSKKK,KRULS,MY2243
OFFKSYRKK,KRULS,MY2243
OFFCAFSKK,KRULS,MYPGG
OFFASNNKK,KRULS,PHBAT
OACFGKKKK,KRULS,PHLMY
OAOFKRKKK,KRULS,PHLMY
OAOFKRKKK,KRULS,PHLMY
OARASRKKK,KRULS,SARTA
RNCFFRKKK,KRULS,SGSGP
OAOFCSKKK,KRULS,SGSGP
OACOFGOCK,KRULS,TWKAO
OARASCKKK,KRULS,TWKAO
OARSNSKKK,KRULS,TWKAO
NGRKANRKK,KRULS,TWKAO
OACOFFFOK,KRULS,TWKAO
OFFNNCNKK,KRYEO,KRSCP
OARFFKKKK,KRYOS,CNDJK
OAOFOSKKK,KRYOS,CNDYI
OARFFKKKK,KRYOS,CNYAN
OARRGYKKK,KRYOS,KRGWA
OFFROKOKK,KRYOS,KRGWA
OARAFGKKK,KRYOS,KRGWA
OFFAKKCKK,KRYOS,KRGWA
OARSNSKKK,KRYOS,MYLAB
OARYFNKKK,KRYOS,USANA
OARASSKKK,KWMAA,AEZUR
OFFNOAFKK,KWMAA,CNQIZ
OFFNYNNKK,KWMAA,CNQIZ
OFFSSORKK,KWMAA,CNQIZ
OAOOSKKKK,KWMAA,CNQIZ
OFFKNFFKK,KWMAA,CNQIZ
OAOFFGKKK,KWMAA,CNZHA
OARASKKKK,KWMAA,CNZOS
OAROFYYFK,KWMAA,IQUMQ
OFFNOAFKK,KWMAA,MMMIO
OFFSSORKK,KWMAA,MMMIO
OAOAFYKKK,KWMAA,QAUMS
OAOCANKKK,KWMAA,SAJUT
OARASKKKK,KWMAA,SAJUT
NGRKGAFKK,KWMAA,SAJUT
OFFAASGKK,LBBRT,LBKYE
OFFAASGKK,LBBRT,LBKYE
OFFKNFAKK,LBBRT,LBKYE
OFFKNFAKK,LBBRT,LBKYE
OFFKNFAKK,LBBRT,LBKYE
OFFKNFAKK,LBBRT,LBKYE
OFFKNFAKK,LBBRT,LBKYE
OARKGOKKK,LBKYE,GRPIR
OARKGKKKK,LBKYE,GRPIR
OFFAASGKK,LBKYE,LBBRT
OFFKNFAKK,LBKYE,TRYAR
OFFAASGKK,LBKYE,TRYAR
OFFAASGKK,LBKYE,TRYAR
OFFKNFAKK,LBKYE,TRYAR
OFFKNFAKK,LBKYE,TRYAR
OFFAASGKK,LBKYE,TRYAR
OFFKNFAKK,LBKYE,TRYAR
OFFKNFAKK,LBKYE,TRYAR
OARARSKKK,LKCOL,AEJAL
OFFFGNYKK,LKCOL,AEJAL
OFFFGNYKK,LKCOL,AEJAL
OFFFGNYKK,LKCOL,AEJAL
OFFFGNYKK,LKCOL,AEJAL
OFFFGNYKK,LKCOL,AEJAL
OFFFGNYKK,LKCOL,AEJAL
OFFFGNYKK,LKCOL,AEJAL
OARKNSKKK,LKCOL,INCHN
OARKNSKKK,LKCOL,INCHN
OARKNRKKK,LKCOL,INCOC
OARKNRKKK,LKCOL,INCOC
OARKNRKKK,LKCOL,INCOC
OARKNRKKK,LKCOL,INKNP
OARKNRKKK,LKCOL,INKNP
NGNAKAKKK,LKCOL,INNMA
OFFANSFKK,LKCOL,INNSA
OFFNYRGKK,LKCOL,INNSA
OFFNYRGKK,LKCOL,INNSA
OFFNYRGKK,LKCOL,INNSA
OFFNYRGKK,LKCOL,INNSA
OFFNYRGKK,LKCOL,INNSA
OFFNYRGKK,LKCOL,INNSA
OFFKFFFKK,LKCOL,INNSA
OARKNRKKK,LKCOL,INVIS
OFFNYRGKK,LKCOL,MYPKE
OFFFGNYKK,LKCOL,MYPKE
OFFFGNYKK,LKCOL,MYPKE
OFFFGNYKK,LKCOL,MYPKE
OFFFGNYKK,LKCOL,MYPKE
OFFFGNYKK,LKCOL,MYPKE
OARKNOKKK,LKCOL,PKKAR
CRNKGFYRA,LKCOL,PKKAR
CRNKGFYRA,LKCOL,PKKAR
OARKNOKKK,LKCOL,PKKAR
CRNKGFYRA,LKCOL,PKKAR
OARKNOKKK,LKCOL,PKKAR
CRNKGFYRA,LKCOL,PKKAR
OARKNOKKK,LKCOL,PKKAR
CRNKGFYRA,LKCOL,PKKAR
OFFCSCYKK,LKCOL,SGSGP
OFFCSCYKK,LKCOL,SGSGP
OFFFGNYKK,LKCOL,SGSGP
OFFOOASKK,LKCOL,SGSGP
OFFGYSGKK,LKCOL,SGSGP
OFFKNGOKK,LKCOL,THLCB
OFFAKFCKK,LKCOL,THLCB
RNOSSGKKK,LKCOL,THLCB
OACROSKKK,LRMON,CISPE
OFFGRGSKK,LRMON,GNBKJ
OFFGOSGKK,LTKLJ,BRPAR
OFFKKCSKK,LTKLJ,BRPAR
OFFKCAYKK,LTKLJ,ESTAR
OFFGRSSKK,LTKLJ,FIKOT
OAROFYAAK,LTKLJ,FIKOT
RFAKFSKKK,LTKLJ,FIOUL
OAROYOFAK,LTKLJ,FIRAU
RFAKFSKKK,LTKLJ,GBLON
OARRFYAFK,LTKLJ,INKAK
OACNCRYCK,LTKLJ,MTMAL
RFAKFSKKK,LTKLJ,NOBGN
OACFGSKKK,LTKLJ,RUULG
RFAKFSKKK,LVLPX,DEBRU
RFAKFSKKK,LVLPX,LTKLJ
OACNCRYCK,LVRIX,LTKLJ
RNOSFYKKK,LVRIX,PLGDA
OARCAYNYK,MAAGA,CISPE
RFAKFSKKK,MAAGA,ESHUE
OFFCNCFKK,MAAGA,MASAF
RNFGFCKKK,MACAS,DZANN
OAOFFCKKK,MACAS,LTKLJ
OACNCRYCK,MACAS,LVRIX
RNRGYRKKK,MACAS,MXCOA
OFFFGFRKK,MACAS,MXCOA
OFFKCRCKK,MAJOL,INMUN
RNFGFCKKK,MAJOL,MTMAL
OACFGKKKK,MAJOL,MTMAL
RFAFRFKKK,MAMOH,ESCAD
RNGNKCKKK,MAMOH,ESHUE
RFAKFSKKK,MAMOH,ESHUE
RFAKFSKKK,MAMOH,ESTAR
RFAKFSKKK,MAMOH,ITTAR
OAOFFCKKK,MANAD,BEANT
OACNCRYCK,MASAF,MACAS
OFFCNCFKK,MASAF,NLROT
OARARRKKK,MATAN,GBSOU
OARARRKKK,MATAN,GBSOU
OARARRKKK,MATAN,GBSOU
OARARRKKK,MATAN,GBSOU
OARARRKKK,MATAN,GBSOU
OFFOCFNKK,MATAN,NLROT
OFFOCFNKK,MATAN,SAJED
OFFNOAFKK,MMMIO,IQMAB
OFFNOAFKK,MMMIO,IQMAB
OARASKKKK,MMMIO,IQMAB
OARASRKKK,MMMIO,IQMAB
OFFNOAFKK,MMMIO,IQMAB
OFFNYNNKK,MMMIO,KWMAA
OFFNOAFKK,MMMIO,KWMAA
OARANFKKK,MMMIO,SAJUT
OARASKKKK,MMMIO,SAJUT
OAOCANKKK,MMMIO,SAJUT
OARSSKKKK,MMMIO,SAJUT
OAOCKSKKK,MMMIO,SAJUT
OFFSSORKK,MMMIO,SARTA
OAOFACKKK,MRNOU,GNBKJ
OFFKKCSKK,MTMAL,BEANT
OACROSKKK,MTMAL,CIABI
OFFSNKCKK,MTMAL,CIABI
OFFROFNKK,MTMAL,DOSDO
OAOOGAKKK,MTMAL,DZAZW
OAOFCNKKK,MTMAL,DZDJE
OARCAYGAK,MTMAL,DZDJE
OARKGKKKK,MTMAL,EGDAM
OFFCSCYKK,MTMAL,EGDAM
OARKGOKKK,MTMAL,EGDAM
OARKGOKKK,MTMAL,EGDAM
OARKGKKKK,MTMAL,EGDAM
OARKGKKKK,MTMAL,EGDAM
OARKNRKKK,MTMAL,EGPSA
OARKGOKKK,MTMAL,ESVAL
NGRKANRKK,MTMAL,GRELE
OACROSKKK,MTMAL,GRTHE
OARCAYGRK,MTMAL,GRTHE
OFFCSCYKK,MTMAL,ITGOA
OARKGKKKK,MTMAL,ITGOA
OARKGKKKK,MTMAL,ITGOA
OARKGOKKK,MTMAL,ITGOA
OARKGKKKK,MTMAL,ITGOA
OAOOGAKKK,MTMAL,LYMHR
OACFKGKKK,MTMAL,LYMTH
OARRGKKKK,MTMAL,TNBIZ
OFFKCAYKK,MTMAL,TRMER
OFFNCFYKK,MTMAL,USCHA
OAOONNKKK,MTMAL,UYPTP
OFFSNKOKK,MXALT,USHOU
RNRGYRKKK,MXALT,USHOU
OFFGRGSKK,MXALT,USLUA
OFFKFSNKK,MXALT,USPAS
RNFGFCKKK,MXCIS,USBAL
OFFKCAGKK,MXCOA,MXPRO
OFFKCAGKK,MXCOA,MXTAM
RNRGYRKKK,MXCOA,USPAR
OARANYKKK,MXESE,CNWGQ
OARKNNKKK,MXESE,CNYSN
OARAGNKKK,MXESE,CNYSN
OFFSNSSKK,MXESE,CNYSN
OARAGFKKK,MXESE,CNYSN
OARKGRKKK,MXESE,CNYSN
OARAGNKKK,MXESE,JPYOK
OARAFAKKK,MXESE,JPYOK
RNNSKSKKK,MXESE,JPYOK
OARAGNKKK,MXESE,JPYOK
OARANYKKK,MXESE,JPYOK
RNNSKSKKK,MXESE,JPYOK
OAORKRKKK,MXESE,JPYOK
OARANYKKK,MXESE,JPYOK
RNNSKSKKK,MXESE,MXMAN
OARAGNKKK,MXESE,MXMAN
OARAGNKKK,MXESE,MXMAN
OFFSRCCKK,MXESE,MXMAN
OFFANSFKK,MXESE,MXMAN
OARANYKKK,MXESE,MXMAN
OARANYKKK,MXESE,MXMAN
OFFKORCKK,MXESE,MXMAN
RNNSKSKKK,MXESE,MXMAN
OARANYKKK,MXESE,MXMAN
OAORKRKKK,MXESE,MXMAN
OARAFAKKK,MXESE,MXMAN
RNNSKSKKK,MXESE,MXMAN
OARANYKKK,MXESE,MXMAN
OFFRGKSKK,MXESE,MXMAN
OARAGNKKK,MXESE,MXMAN
OARAFAKKK,MXESE,MXMAN
RNNSKSKKK,MXESE,MXMAN
OARAGNKKK,MXESE,MXMAN
OFFYGANKK,MXGMS,CNJIN
OARKGSKKK,MXLCS,CNNBO
OFFSRCCKK,MXLCS,CNNBO
OARKNNKKK,MXLCS,CNNBO
OARAGFKKK,MXLCS,CNYSN
RNNNASKKK,MXLCS,COBUE
OARKGRKKK,MXLCS,COBUE
OARKFGKKK,MXLCS,GTPQL
OARKFGKKK,MXLCS,GTPQL
OARKFGKKK,MXLCS,GTPQL
OARKFGKKK,MXLCS,GTPQL
OARKFGKKK,MXLCS,GTPQL
OARKNNKKK,MXLCS,MXESE
OARKGNKKK,MXLCS,MXESE
OARAGFKKK,MXLCS,MXMAN
OARAGFKKK,MXLCS,MXMAN
OAORKRKKK,MXLCS,PABAL
OFFSRCCKK,MXLCS,PABAL
OARANYKKK,MXLCS,PECAL
RNNNASKKK,MXLCS,USSDI
RNNNASKKK,MXLCS,USSDI
OFFKCFNKK,MXMAN,CAVCR
RNNSKSKKK,MXMAN,CLLIR
OARAGNKKK,MXMAN,CLSAN
OAROYOFAK,MXMAN,CNDCB
OACACKKKK,MXMAN,CNDCB
OARAGNKKK,MXMAN,CNWGQ
RNNSKSKKK,MXMAN,CNYSN
OARFKCKRK,MXMAN,COBUE
OFFKCFNKK,MXMAN,COBUE
OFFFRKAKK,MXMAN,ESAVI
OFFFRKRKK,MXMAN,GTPQL
OARKFGKKK,MXMAN,KRBUS
OARKFGKKK,MXMAN,KRBUS
RNNSKSKKK,MXMAN,MXESE
OARANYKKK,MXMAN,MXESE
OARAGNKKK,MXMAN,MXESE
OARAFAKKK,MXMAN,MXESE
RNNSKSKKK,MXMAN,MXESE
OAORKRKKK,MXMAN,MXESE
OFFSNSSKK,MXMAN,MXESE
OARANYKKK,MXMAN,MXESE
OARAGFKKK,MXMAN,MXESE
OFFANSFKK,MXMAN,MXESE
OARKGRKKK,MXMAN,MXESE
OARANYKKK,MXMAN,MXESE
OARAGNKKK,MXMAN,MXESE
OARAGNKKK,MXMAN,MXESE
OACACAKKK,MXMAN,MXLCS
OARKGRKKK,MXMAN,MXLCS
OARKGNKKK,MXMAN,MXLCS
OARKGSKKK,MXMAN,MXLCS
OARKFGKKK,MXMAN,MXLCS
OARKFGKKK,MXMAN,MXLCS
OARKFGKKK,MXMAN,MXLCS
OARKFGKKK,MXMAN,MXLCS
OARKFGKKK,MXMAN,MXLCS
OARANYKKK,MXMAN,MXLCS
OAORKRKKK,MXMAN,MXLCS
OARKNNKKK,MXMAN,MXLCS
OARKNNKKK,MXMAN,MXLCS
OFFSRCCKK,MXMAN,MXLCS
OFFSRCCKK,MXMAN,MXLCS
OFFRGKSKK,MXMAN,PABAL
OARAGAKKK,MXMAN,PABAL
OARAGAKKK,MXMAN,PABAL
OFFRGKSKK,MXMAN,PABAL
OARAGNKKK,MXMAN,PABAL
OARAGAKKK,MXMAN,PABAL
OARAGFKKK,MXMAN,PABAL
OARAGAKKK,MXMAN,PABAL
OFFRGKSKK,MXMAN,PABAL
OFFRGKSKK,MXMAN,PABAL
OARANYKKK,MXMAN,PECAL
OARANYKKK,MXMAN,PECAL
OARAGFKKK,MXMAN,PECAL
OFFRGKSKK,MXMAN,PECAL
OARAGNKKK,MXMAN,PECAL
OARAGNKKK,MXMAN,PECAL
OARAFAKKK,MXMAN,PECAL
RNNSKSKKK,MXMAN,PECAL
OARKGRKKK,MXMAN,PECAL
RNNSKSKKK,MXMAN,PECAL
OAORKRKKK,MXMAN,PECAL
OFFANSFKK,MXMAN,PECAL
OARANYKKK,MXMAN,PECAL
RNNSKSKKK,MXMAN,PECAL
OARAGFKKK,MXMAN,PECAL
RNNSKSKKK,MXMAN,PECAL
OARAFAKKK,MXMAN,PECAL
OARKFGKKK,MXMAN,TWKAO
OARKFGKKK,MXMAN,TWKAO
OFFKCAGKK,MXPRO,USHOU
OARNCFGGK,MXPRO,USLUA
OFFKCAGKK,MXTAM,USBTR
OFFKCAGKK,MXTAM,USHOU
OFFROFNKK,MXTUX,GTSTC
OFFKCAGKK,MXTUX,MXTAM
OFFKCAGKK,MXTUX,MXVER
OFFKCAGKK,MXTUX,USBEA
OFFCNCFKK,MXVER,GTSTC
OFFKCAGKK,MXVER,MXTUX
RNRGYRKKK,MXVER,USLUA
OAOOFGKKK,MY1503,BNSER
OFFCKASKK,MY1504,CNDYI
OAOOGAKKK,MY1504,MY1514
OAOFCSKKK,MY1514,SGSGP
OAOOGOKKK,MY1514,SGSGP
OFFKSYRKK,MY2243,KRULS
OFFAKNFKK,MY2243,MY3012
OFFKSYRKK,MY2243,MYPAG
OFFKSYRKK,MY2243,SGSGP
OFFKSYRKK,MY2243,SGSGP
OARSNSKKK,MY2243,SGSGP
OFFAKNFKK,MY2243,SGSGP
OARAKSKKK,MY2243,THKSI
OFFCKASKK,MY2243,TWKEE
OFFCKASKK,MY2243,TWKEE
OARSNSKKK,MY3012,CNQIN
OARFFKKKK,MY3012,CNQIN
OARSOSKKK,MY3012,SGSGP
OAOCARKKK,MY3172,MY3173
OAOCARKKK,MY3172,MY3182
OACOFAKKK,MY3173,CNYSN
OARSNSKKK,MY3173,CNYSN
OARAKSKKK,MY3173,CNZOS
OARSNSKKK,MY3173,CNZOS
OAOCARKKK,MY3173,MY3172
OFFKSYRKK,MY3173,PGLAE
OARSNSKKK,MY3173,SGSGP
OFFCKASKK,MY3174,SGSGP
OARAKSKKK,MY3177,SGSGP
OARAKSKKK,MY3177,SGSGP
OARAKSKKK,MY3181,MY2243
OFFASNNKK,MY3182,MYPGG
OFFKFAYKK,MYKER,MYPAG
OFFASNNKK,MYKER,MYPGG
OFFAKKCKK,MYKER,MYPGG
OARAFCKKK,MYKER,MYTPP
OFFKFAYKK,MYKER,SGSGP
OFFAKKCKK,MYKER,SGSGP
OFFCAFSKK,MYKER,SGSGP
OFFCAFSKK,MYKER,SGSGP
OFFCAFSKK,MYKER,SGSGP
OFFKFAYKK,MYKER,SGSGP
OFFGCARKK,MYKER,SGSGP
NGRKCRGKK,MYKUA,CNHUM
OFFKNFOKK,MYKUA,CNHUM
OACACKKKK,MYKUA,CNLSN
OAOFFAKKK,MYKUA,CNLSN
OACAAYKKK,MYKUA,CNTJN
OFFYKCNKK,MYKUA,SGSGP
OFFKNKYKK,MYLUM,IDTAB
OFFFRKAKK,MYPAG,IDGRE
RNOFYFKKK,MYPAG,IDJAK
OFFAKNFKK,MYPAG,KRGWA
OARSNSKKK,MYPAG,MY3173
OARYFNKKK,MYPAG,MY3177
OFFKFAYKK,MYPAG,MYKER
OFFOGONKK,MYPAG,MYPKE
OARAOSKKK,MYPAG,SGSGP
OARFFKKKK,MYPAG,SGSGP
OARNCGKGK,MYPAG,SGSGP
OARFFKKKK,MYPDI,MYPAG
OARANAKKK,MYPEN,MYPAG
OARANAKKK,MYPEN,MYPAG
OFFOGONKK,MYPEN,MYPAG
OFFRAAGKK,MYPEN,MYPAG
OFFOGONKK,MYPEN,MYPAG
OARAOSKKK,MYPEN,MYPAG
OARAOSKKK,MYPEN,MYPAG
OFFOGONKK,MYPEN,MYPAG
OARANAKKK,MYPEN,MYPAG
OFFOGONKK,MYPEN,MYPAG
OFFOGONKK,MYPEN,MYPAG
OARAOSKKK,MYPEN,MYPAG
OARAOSKKK,MYPEN,MYPAG
OARAOSKKK,MYPEN,MYPAG
OFFOGONKK,MYPEN,MYPKE
OFFRAAGKK,MYPEN,MYPKE
OAOFNCKKK,MYPEN,MYPKE
OARANAKKK,MYPEN,MYPKE
OARANAKKK,MYPEN,MYPKE
OAOFKKKKK,MYPEN,MYPKE
OAOFKKKKK,MYPEN,MYPKE
CRNKGSKRC,MYPEN,MYPKE
OFFRAAGKK,MYPEN,MYPKE
OFFRAAGKK,MYPEN,SGSGP
OARANAKKK,MYPEN,SGSGP
OARANAKKK,MYPEN,SGSGP
OFFAKKCKK,MYPGG,BDCTG
OFFKFAYKK,MYPGG,BDCTG
OFFCAFSKK,MYPGG,BDCTG
OFFGCARKK,MYPGG,BDCTG
OFFGCARKK,MYPGG,BDCTG
OFFGCARKK,MYPGG,BDCTG
OFFCAFSKK,MYPGG,BDCTG
OFFKFAYKK,MYPGG,MYPAG
OFFGCARKK,MYPGG,MYTBS
OFFKFAYKK,MYPGG,MYTBS
OACOFAKKK,MYPGG,SGSGP
OFFAKKCKK,MYPGG,SGSGP
OFFASNNKK,MYPGG,SGSGP
OFFCAFSKK,MYPGG,SGSGP
OFFASNNKK,MYPGG,SGSGP
OFFKFAYKK,MYPGG,SGSGP
OFFKFAYKK,MYPGG,SGSGP
NGRKANRKK,MYPGG,ZACPT
CRNKGSKCN,MYPKE,AUFRE
CRNKGSKRC,MYPKE,AUFRE
CRNKGSKRC,MYPKE,AUFRE
CRNKGSKRC,MYPKE,AUFRE
CRNKGSKRC,MYPKE,AUFRE
CRNKGSKRC,MYPKE,AUFRE
CRNKGSKCN,MYPKE,AUFRE
CRNKGSKRC,MYPKE,AUFRE
CRNKGSKCN,MYPKE,AUFRE
CRNKGSKCN,MYPKE,AUFRE
CRNKGSKRC,MYPKE,AUFRE
CRNKGSKCN,MYPKE,AUFRE
CRNKGSKCN,MYPKE,AUFRE
CRNKGSKCN,MYPKE,AUFRE
CRNKGSKCN,MYPKE,AUFRE
OFFNYNYKK,MYPKE,AUGER
CRNKGSKRC,MYPKE,AUSYD
CRNKGFYRA,MYPKE,CNNBO
OFFARYYKK,MYPKE,CNNBO
OFFRKSAKK,MYPKE,CNNSA
OFFRONYKK,MYPKE,CNNSA
CRNKGSKRC,MYPKE,CNNSA
OFFOFGSKK,MYPKE,CNNSA
OFFRAAGKK,MYPKE,CNNSA
OFFCCYOKK,MYPKE,CNNSA
OFFCCYOKK,MYPKE,CNNSA
OAORAKKKK,MYPKE,CNNSA
OAORAKKKK,MYPKE,CNNSA
OFFRAAGKK,MYPKE,CNNSA
OAORAKKKK,MYPKE,CNNSA
OAORAKKKK,MYPKE,CNNSA
OAORAKKKK,MYPKE,CNNSA
OFFFACOKK,MYPKE,CNNSA
OFFFACOKK,MYPKE,CNNSA
OAOFNCKKK,MYPKE,CNNSA
OFFCFOOKK,MYPKE,CNNSA
OARANRKKK,MYPKE,CNNSA
OARKGNKKK,MYPKE,CNNSA
OARKNNKKK,MYPKE,CNNSA
OARKGNKKK,MYPKE,CNNSA
OFFRKCYKK,MYPKE,CNNSA
OARKNFKKK,MYPKE,CNNSA
OFFRKCYKK,MYPKE,CNNSA
OARANAKKK,MYPKE,CNNSA
OFFRKCYKK,MYPKE,CNNSA
OFFRONYKK,MYPKE,CNQIN
OFFAGSYKK,MYPKE,CNQIN
OFFRKSAKK,MYPKE,CNQIN
OFFGNCRKK,MYPKE,CNQIN
OARKFCKKK,MYPKE,CNQIN
OFFAKKRKK,MYPKE,CNQIN
OFFCCYOKK,MYPKE,CNQIN
OFFRKSAKK,MYPKE,CNQIN
OFFRONYKK,MYPKE,CNQIN
OFFOFGSKK,MYPKE,CNQIN
OARKNSKKK,MYPKE,CNQIN
OFFRKSAKK,MYPKE,CNQIN
OFFOFGSKK,MYPKE,CNQIN
OFFAGSYKK,MYPKE,CNQIN
OFFRKSAKK,MYPKE,CNQIN
OFFNYSOKK,MYPKE,CNQIN
OFFAGSYKK,MYPKE,CNQIN
OFFCCYOKK,MYPKE,CNQIN
OFFCCYOKK,MYPKE,CNQIN
OFFRONYKK,MYPKE,CNQIN
OFFRONYKK,MYPKE,CNQIN
OFFOFGSKK,MYPKE,CNQIN
OFFRONYKK,MYPKE,CNQIN
OFFOFGSKK,MYPKE,CNQIN
OFFSRCCKK,MYPKE,CNQIZ
OFFFNCOKK,MYPKE,CNQIZ
OARKNRKKK,MYPKE,CNSHE
OFFNYRGKK,MYPKE,CNTJN
OAORAKKKK,MYPKE,CNTJN
OFFNYRGKK,MYPKE,CNTJN
OFFNYRGKK,MYPKE,CNTJN
OFFNYRGKK,MYPKE,CNTJN
OFFNYRGKK,MYPKE,CNTJN
CRNKGFYRA,MYPKE,CNWGQ
OARKNOKKK,MYPKE,CNWGQ
OAOFRGKKK,MYPKE,CNWGQ
OARKNOKKK,MYPKE,CNWGQ
OARKNOKKK,MYPKE,CNWGQ
OARKNOKKK,MYPKE,CNWGQ
OARKNSKKK,MYPKE,CNWGQ
CRNKGFYRA,MYPKE,CNWGQ
CRNKGFYRA,MYPKE,CNWGQ
OFFFACSKK,MYPKE,CNYSN
OFFAASGKK,MYPKE,CNYSN
OFFNYSOKK,MYPKE,CNYSN
OFFAKKRKK,MYPKE,CNYTN
OFFNYSOKK,MYPKE,CNZOS
CRNKGSKCN,MYPKE,CNZOS
OFFARYYKK,MYPKE,CNZOS
OFFNYSOKK,MYPKE,CNZOS
OFFKRKFKK,MYPKE,GRPIR
OFFCRRRKK,MYPKE,GRPIR
OFFKRKFKK,MYPKE,GRPIR
OARKGKKKK,MYPKE,HKHKG
OARKGKKKK,MYPKE,HKHKG
OARKGKKKK,MYPKE,HKHKG
OAROYNFGK,MYPKE,IDFTG
OFFYKCNKK,MYPKE,IDJAK
OAOFRGKKK,MYPKE,INCHN
OARKNSKKK,MYPKE,INCHN
OARKNSKKK,MYPKE,INCHN
OARKNSKKK,MYPKE,INCHN
OFFYOFGKK,MYPKE,INCHN
OAOFRGKKK,MYPKE,INCHN
OFFYOFGKK,MYPKE,INCHN
OAOFRGKKK,MYPKE,INCHN
OAOFRGKKK,MYPKE,INCHN
OAOFRGKKK,MYPKE,INCHN
OFFYOFGKK,MYPKE,INCHN
OARKFRKKK,MYPKE,INKUP
OARKFRKKK,MYPKE,INKUP
OARKFRKKK,MYPKE,INKUP
OARKFRKKK,MYPKE,INKUP
OARKFRKKK,MYPKE,INKUP
OARKFRKKK,MYPKE,INKUP
OARKFRKKK,MYPKE,INKUP
RNOSSGKKK,MYPKE,INNSA
OFFCSCYKK,MYPKE,INNSA
OFFARGSKK,MYPKE,INNSA
OARKGKKKK,MYPKE,INNSA
OFFAKFCKK,MYPKE,INNSA
OAORKRKKK,MYPKE,INNSA
OARKGKKKK,MYPKE,INNSA
OARKGKKKK,MYPKE,INNSA
OFFKNGOKK,MYPKE,INNSA
OARKGOKKK,MYPKE,INNSA
OFFCSCYKK,MYPKE,INNSA
OFFKNFAKK,MYPKE,KRBUS
OARKNSKKK,MYPKE,KRBUS
OFFKNFAKK,MYPKE,KRBUS
OARKNSKKK,MYPKE,KRBUS
OFFKNFAKK,MYPKE,KRBUS
OFFKNFAKK,MYPKE,KRBUS
OFFAASGKK,MYPKE,KRBUS
OFFAASGKK,MYPKE,KRBUS
OFFAASGKK,MYPKE,KRBUS
OFFKNFAKK,MYPKE,KRGWA
OARKGOKKK,MYPKE,KRGWA
OFFANSFKK,MYPKE,LKCOL
OFFFGNYKK,MYPKE,LKCOL
OARKNOKKK,MYPKE,LKCOL
OFFFGNYKK,MYPKE,LKCOL
OARKNOKKK,MYPKE,LKCOL
CRNKGFYRA,MYPKE,LKCOL
CRNKGFYRA,MYPKE,LKCOL
OFFFGNYKK,MYPKE,LKCOL
OFFFGNYKK,MYPKE,LKCOL
OFFFGNYKK,MYPKE,LKCOL
OFFFGNYKK,MYPKE,LKCOL
OARARSKKK,MYPKE,LKCOL
OARKNOKKK,MYPKE,LKCOL
OARARSKKK,MYPKE,LKCOL
OARKNOKKK,MYPKE,LKCOL
CRNKGFYRA,MYPKE,LKCOL
OFFFGNYKK,MYPKE,LKCOL
RFCCCOKKK,MYPKE,MYPAG
OAOFKKKKK,MYPKE,MYPEN
OFFRAAGKK,MYPKE,MYPEN
OAOFNCKKK,MYPKE,MYPEN
OFFOGONKK,MYPKE,MYPEN
OFFOGONKK,MYPKE,MYPEN
OARANAKKK,MYPKE,MYPEN
OARANAKKK,MYPKE,MYPEN
OARANAKKK,MYPKE,MYPEN
OARANAKKK,MYPKE,MYPEN
OARANAKKK,MYPKE,MYPEN
OARANAKKK,MYPKE,MYPEN
OFFOGONKK,MYPKE,MYPEN
OAOFKKKKK,MYPKE,MYPEN
OARANAKKK,MYPKE,MYPEN
OFFOGONKK,MYPKE,MYPEN
OARAOSKKK,MYPKE,MYPEN
OARAOSKKK,MYPKE,MYPEN
OARAOSKKK,MYPKE,MYPEN
OFFRAAGKK,MYPKE,MYPEN
OARAOSKKK,MYPKE,MYPEN
OFFOGONKK,MYPKE,MYPEN
OARAOSKKK,MYPKE,MYPEN
CRNKGFYRA,MYPKE,PKKAR
OARKNOKKK,MYPKE,PKKAR
OARKNOKKK,MYPKE,PKKAR
OARKNOKKK,MYPKE,PKKAR
CRNKGFYRA,MYPKE,PKKAR
OARKNFKKK,MYPKE,SGSGP
OARKNFKKK,MYPKE,SGSGP
OARKGNKKK,MYPKE,SGSGP
OARRGSKKK,MYPKE,SGSGP
OARKFRKKK,MYPKE,SGSGP
OARKFRKKK,MYPKE,SGSGP
OARKGNKKK,MYPKE,SGSGP
OFFOGRNKK,MYPKE,SGSGP
OARKFRKKK,MYPKE,SGSGP
OFFOCOGKK,MYPKE,SGSGP
OARKFRKKK,MYPKE,SGSGP
OARKFRKKK,MYPKE,SGSGP
OFFOGROKK,MYPKE,SGSGP
OFFFGNYKK,MYPKE,SGSGP
OFFOGRNKK,MYPKE,SGSGP
OFFOGRNKK,MYPKE,SGSGP
OARKFRKKK,MYPKE,SGSGP
OFFGYSGKK,MYPKE,SGSGP
OAOFRGKKK,MYPKE,SGSGP
OAORAKKKK,MYPKE,SGSGP
OARKNOKKK,MYPKE,SGSGP
OFFYOFGKK,MYPKE,SGSGP
CRNKGFYRA,MYPKE,SGSGP
OFFOGRNKK,MYPKE,SGSGP
OFFOGRNKK,MYPKE,SGSGP
OARKFRKKK,MYPKE,SGSGP
OFFKCFRKK,MYPKE,SIKOP
OFFFGNYKK,MYPKE,THLCB
OARARSKKK,MYPKE,THLCB
OFFFGNYKK,MYPKE,THLCB
RFCYROKKK,MYPKE,VNCMP
OFFGNCRKK,MYPKE,VNCMP
OFFYOFGKK,MYPKE,VNHPG
OAOFRGKKK,MYPKE,VNHPG
OAOFRGKKK,MYPKE,VNHPG
OFFOGRNKK,MYPKE,ZADUR
OFFFNCOKK,MYPKE,ZADUR
OFFOGRNKK,MYPKE,ZADUR
OFFFNCOKK,MYPKE,ZADUR
OFFOGRNKK,MYPKE,ZADUR
OFFFNCOKK,MYPKE,ZADUR
OFFFNCOKK,MYPKE,ZADUR
OFFOGROKK,MYPKE,ZADUR
NGRKCRGKK,MYSAM,AUDWN
NGRKCRGKK,MYSAM,AUDWN
NGRKCRGKK,MYSAM,AUDWN
NGNAKAKKK,MYSAM,AUDWN
NGRKCRGKK,MYSAM,IDTAB
OACOFAKKK,MYTBS,CNPAN
OFFKFAYKK,MYTBS,MYPGG
OFFKFAYKK,MYTBS,SGSGP
OFFGCARKK,MYTBS,SGSGP
OFFKFAYKK,MYTBS,SGSGP
OFFGCARKK,MYTBS,SGSGP
NGRKCGCKK,MYTBS,SGSGP
OARAKSKKK,MYTPP,HKHKG
OAONORKKK,MYTPP,IDBAT
OFFKSYRKK,MYTPP,SGSGP
OACFKGKKK,MYTPP,SGSGP
OFFRSFOKK,NGLAG,CMDUA
OAROYKOAK,NGLAG,CMDUA
OFFRSFNKK,NGLAG,CMDUA
OFFYCNOKK,NGLAG,CMDUA
OACACAKKK,NGLAG,GAOWE
OFFSANOKK,NGLAG,GHTEM
OFFCARFKK,NGLAG,MZBRA
OAROFAKNK,NGLAG,TGLOM
OARRFGKKK,NLAMS,FRROU
OFFKCAGKK,NLAMS,GBSOU
OACOFAKKK,NLAMS,KEMOM
NGRKANRKK,NLAMS,KEMOM
OACROSKKK,NLAMS,TRAAP
RNFGFCKKK,NLAMS,TRALI
OFFKCAGKK,NLAMS,USNYK
OAROFSCOK,NLDEL,DEHAM
RNOOKNKKK,NLROT,BEANT
OAROYCSNK,NLROT,BEANT
OFFYGRSKK,NLROT,BEZEE
OFFCAROKK,NLROT,BEZEE
OFFFACOKK,NLROT,BEZEE
OFFOCOGKK,NLROT,BEZEE
OFFFACSKK,NLROT,BEZEE
OFFAKKRKK,NLROT,BEZEE
OFFKRKFKK,NLROT,BEZEE
RNRAORKKK,NLROT,CAPCA
OFFARAGKK,NLROT,CASVI
OARARRKKK,NLROT,DEBHN
OARARRKKK,NLROT,DEBHN
OARARRKKK,NLROT,DEBHN
OARARRKKK,NLROT,DEBHN
OAROYCSNK,NLROT,DEBRA
OAROFSCOK,NLROT,DEBRE
OFFAYOOKK,NLROT,DEHAM
OFFRKCYKK,NLROT,DEHAM
OFFOCOGKK,NLROT,DEHAM
OFFAYOOKK,NLROT,DEHAM
OFFRKCYKK,NLROT,DEHAM
OFFAYOOKK,NLROT,DEHAM
OFFOCFNKK,NLROT,DEHAM
OFFAYOOKK,NLROT,DEHAM
OFFOCRSKK,NLROT,DEHAM
OFFANFSKK,NLROT,DEHAM
OFFSNSSKK,NLROT,DEHAM
OFFANFSKK,NLROT,DEHAM
OFFAFCFKK,NLROT,DEHAM
OFFANFSKK,NLROT,DEHAM
OFFANFSKK,NLROT,DEHAM
OFFSNSSKK,NLROT,DEHAM
OFFAYOAKK,NLROT,DEHAM
OFFAOSSKK,NLROT,DEHAM
OFFAFCFKK,NLROT,DEHAM
OFFGYSGKK,NLROT,DEHAM
OFFAOSSKK,NLROT,DEHAM
OFFAFCFKK,NLROT,DEHAM
OFFAFCFKK,NLROT,DEHAM
OFFSNSSKK,NLROT,DEHAM
OFFSNSSKK,NLROT,DEHAM
OFFFACOKK,NLROT,DEHAM
OFFARYAKK,NLROT,DEHAM
OFFAGGNKK,NLROT,DEHAM
OFFARYAKK,NLROT,DEHAM
OFFAGGNKK,NLROT,DEHAM
OFFARYAKK,NLROT,DEHAM
OFFAYOAKK,NLROT,DEHAM
OFFARYAKK,NLROT,DEHAM
OFFAGGNKK,NLROT,DEHAM
OFFAYOAKK,NLROT,DEHAM
OFFKRKFKK,NLROT,DEHAM
OFFASRSKK,NLROT,DEHAM
OFFAYOAKK,NLROT,DEHAM
OFFANOFKK,NLROT,DEHAM
OFFANOFKK,NLROT,DEHAM
OFFANOFKK,NLROT,DEHAM
OFFCNCFKK,NLROT,DEHAM
OFFAGSYKK,NLROT,DEHAM
OFFANOFKK,NLROT,DEHAM
OFFASRSKK,NLROT,DEHAM
OFFANFOKK,NLROT,DEHAM
OFFAGSYKK,NLROT,DEHAM
OFFANFOKK,NLROT,DEHAM
OFFASRSKK,NLROT,DEHAM
OFFASRSKK,NLROT,DEHAM
OFFANFOKK,NLROT,DEHAM
OFFANFOKK,NLROT,DEHAM
RFAFRFKKK,NLROT,ESRGA
OFFNCOYKK,NLROT,ESSAN
RFAFRFKKK,NLROT,ESSAT
RFAFRFKKK,NLROT,ESSAT
OAOKACKKK,NLROT,FIHEL
OARRFYAFK,NLROT,FIHEL
RFAFRFKKK,NLROT,FRNTS
RFAFRFKKK,NLROT,FRNTS
RFAFRFKKK,NLROT,GBELP
OARKNRKKK,NLROT,GBLGP
OFFKORCKK,NLROT,GBLGP
OARKNRKKK,NLROT,GBLGP
OARKNRKKK,NLROT,GBLGP
OFFOCFNKK,NLROT,GBLGP
OFFKORCKK,NLROT,GBLGP
OFFFACSKK,NLROT,GRPIR
RFAFRFKKK,NLROT,IEDUB
OARCAYGRK,NLROT,LVRIX
RNOSFYKKK,NLROT,PLGDA
OFFRKAAKK,NLROT,RUMMK
OAROFAKNK,NLROT,RUSPG
NGRKANRKK,NLROT,RUULG
OAOOSYKKK,NLROT,RUULG
RNRAORKKK,NLROT,RUULG
OAROYCSNK,NLROT,SEGAV
OFFOCFNKK,NLROT,SGSGP
OFFFACSKK,NLROT,SGSGP
OFFCAROKK,NLROT,SGSGP
OFFOCOGKK,NLROT,SGSGP
OAOOGAKKK,NLROT,SGSGP
OFFCRRRKK,NLROT,SGSGP
OFFOCOGKK,NLROT,SGSGP
OFFKRKFKK,NLROT,SGSGP
OACROFKKK,NLROT,TRMMK
OAOONNKKK,NLVSG,DEBRA
OACCGKKKK,NLVSG,DEBRA
OARRFYAFK,NLVSG,DEBRA
OFFGOSGKK,NLVSG,DEBRA
OACOGYKKK,NLVSG,DEBRA
OARCKYFNK,NLVSG,DEBRA
OARRFYAFK,NLVSG,FIHEL
OFFYKCGKK,NLVSG,NLAMS
OACKCRKKK,NLVSG,NLROT
OACNCRYCK,NLVSG,PLGDA
OARNCFGGK,NOBGN,GBBEL
RNGNKRKKK,NOBGN,GBBEL
OARNCFGGK,NOBGN,IEDUB
OARNCFGGK,NOBGN,IEDUB
RNGNKCKKK,NOBGN,IEDUB
OAROYKOAK,NOBRE,BEZEE
OFFGRSSKK,NOHUS,LTKLJ
RFAKFSKKK,NOKAS,DEHAM
OARNCFGGK,NOKRN,NOSTE
RNGNKCKKK,NOKVA,NOBOD
OFFRNACKK,NONAR,AEABU
OARRFYAFK,NOOSL,NLROT
OARAFKKKK,NZAKL,NZLYT
OARAFKKKK,NZAKL,NZLYT
OARAFKKKK,NZAKL,NZLYT
OARAFKKKK,NZAKL,NZLYT
OARAFKKKK,NZAKL,NZNAP
OFFSANNKK,NZAKL,NZTAU
OFFYNYRKK,NZBLF,NZMPT
OARAFKKKK,NZLYT,NZWEL
OARAFKKKK,NZLYT,NZWEL
OARAFKKKK,NZLYT,NZWEL
OARAFKKKK,NZLYT,NZWEL
OFFSANNKK,NZMPT,CNCJK
OFFYNYRKK,NZMPT,CNLSN
OFFSANNKK,NZMPT,CNZHE
OAROFAYNK,NZNAP,CNCJK
OAROFAYNK,NZNAP,CNYZH
OARAFKKKK,NZNAP,NZTAU
OARAFKKKK,NZNAP,NZTAU
OARAFKKKK,NZNAP,NZTAU
OARAFKKKK,NZNAP,NZTAU
OARAFKKKK,NZNAP,NZTAU
OARAFKKKK,NZNAP,NZTAU
OAROFSCRK,NZNPL,CNLSN
OAROYRKSK,NZNPL,CNLSN
OAROFAYNK,NZPCN,NZNAP
OARAFKKKK,NZTAU,HKHKG
OARAFKKKK,NZTAU,HKHKG
OARAFKKKK,NZTAU,HKHKG
OARAFKKKK,NZTAU,HKHKG
OAROFSCRK,NZTAU,NZTIM
OARAFKKKK,NZTAU,TWKEE
OAROFSCRK,NZTIM,NZNPL
OFFSANNKK,NZWEL,NZMPT
OARAFKKKK,NZWEL,NZNAP
OARAFKKKK,NZWEL,NZNAP
OARAFKKKK,NZWEL,NZNAP
OARAFKKKK,NZWEL,NZNAP
OARAFGKKK,OMMAF,CNLSN
OARACAKKK,OMMAF,CNLSN
OAOCKSKKK,OMMAF,CNLSN
OFFCOCYKK,OMMAF,CNLSN
OFFCOCSKK,OMMAF,CNLSN
OFFSNKGKK,OMMAF,CNNBO
OFFCOCYKK,OMMAF,CNNBO
OARACSKKK,OMMAF,CNNBO
OFFCAYSKK,OMMAF,CNNBO
OARASRKKK,OMMAF,CNNBO
OFFAFRCKK,OMMAF,CNNBO
OFFGNCCKK,OMMAF,CNNBO
OARYFGKKK,OMMAF,CNTJN
OAOOSKKKK,OMMAF,CNYPG
RFCCNAKKK,OMMAF,CNYPG
OAOCARKKK,OMMAF,CNZOS
OARSSKKKK,OMMAF,CNZOS
OAOCANKKK,OMMAF,CNZOS
NGRKGAFKK,OMMAF,KRULS
OAROYCONK,OMSOH,BHBAH
NGRAASOKK,OMSOH,BRPDM
OFFGYOFKK,OMSOH,EGALE
OARSCFKKK,OMSOH,EGALE
NGRKANRKK,OMSOH,FRFOS
OARAFCKKK,OMSOH,IQKAZ
OFFCRROKK,OMSOH,KWMIB
OAROYCONK,OMSOH,SGSGP
OFFCRROKK,OMSOH,ZACPT
OFFSRCCKK,PABAL,CNNBO
OAORKRKKK,PABAL,CNQIN
OAOFOKKKK,PABAL,COBAR
OARAGAKKK,PABAL,COBUE
OARAGAKKK,PABAL,COBUE
OFFRGKSKK,PABAL,COBUE
OFFRGKSKK,PABAL,COBUE
OARAGAKKK,PABAL,COBUE
OFFRGKSKK,PABAL,PECAL
OARAGNKKK,PABAL,PECAL
OFFRGKSKK,PABAL,PECAL
OARAGAKKK,PABAL,PECAL
OARAGAKKK,PABAL,PECAL
OFFASRYKK,PABAL,USNYK
NGRKCCCKK,PACHA,CNNBO
OFFCSGRKK,PACOL,USCHA
OFFCSGRKK,PACOL,USNYK
OFFAGSOKK,PACOL,USNYK
OFFAGSOKK,PACOL,USNYK
OFFAGSOKK,PACOL,USNYK
OFFAGSOKK,PACOL,USNYK
OFFCSGRKK,PACOL,USNYK
OFFCSGRKK,PACOL,USNYK
OFFAYOSKK,PACOL,USNYK
OFFAYOSKK,PACOL,USNYK
OFFAYOSKK,PACOL,USNYK
RNRGYRKKK,PACRI,COSMA
OFFSNSSKK,PAMIT,COBUE
OFFSNSSKK,PAMIT,COBUE
OFFKORCKK,PAMIT,COCTA
OFFKORCKK,PAMIT,COCTA
OFFSNSSKK,PAMIT,COCTA
OFFSNSSKK,PAMIT,COCTA
OFFSNSSKK,PAMIT,COCTA
OFFSNSSKK,PAMIT,ECPSJ
OFFKARCKK,PECAL,BRRDJ
OARAGFKKK,PECAL,CLLIR
OARANYKKK,PECAL,CLLIR
OARAFAKKK,PECAL,CLLIR
RNNSKSKKK,PECAL,CLLIR
OARAFAKKK,PECAL,CLLIR
OARANYKKK,PECAL,CLLIR
OARKGRKKK,PECAL,CLLIR
RNNSKSKKK,PECAL,CLLIR
RNNSKSKKK,PECAL,CLLIR
OARAGNKKK,PECAL,CLLIR
OARAGNKKK,PECAL,CLLIR
OFFANSFKK,PECAL,CLLIR
OFFRGKSKK,PECAL,CLLIR
RNNSKSKKK,PECAL,CLLIR
OAORKRKKK,PECAL,CLLIR
OARAGNKKK,PECAL,CLLIR
OFFRGKSKK,PECAL,CLSAN
OARAGAKKK,PECAL,CLSAN
OFFRGKSKK,PECAL,CLSAN
OFFSNSSKK,PECAL,CLSAN
OARAGAKKK,PECAL,CLSAN
OFFSNSSKK,PECAL,CLSAN
OARAGAKKK,PECAL,CLSAN
OFFSNSSKK,PECAL,CLSAN
OARAGAKKK,PECAL,CLSAN
OFFRGKSKK,PECAL,CLSAN
OFFSNSSKK,PECAL,CLSAN
OFFRGKSKK,PECAL,CLSAN
OFFKORCKK,PECAL,CLSAN
OARANYKKK,PECAL,CLTAL
OARAGFKKK,PECAL,CLTAL
OAROFSCRK,PECAL,CNLYG
OARKFGKKK,PECAL,ECGYL
OARKFGKKK,PECAL,ECGYL
OARKFGKKK,PECAL,ECGYL
OARKFGKKK,PECAL,ECGYL
OARKFGKKK,PECAL,ECGYL
OFFSNSSKK,PECAL,ECPSJ
OFFKORCKK,PECAL,ECPSJ
OFFSNSSKK,PECAL,ECPSJ
OFFSNSSKK,PECAL,ECPSJ
OFFSNSSKK,PECAL,ECPSJ
OFFSNSSKK,PECAL,ECPSJ
OFFCNCFKK,PECAL,JPMOJ
OFFARFSKK,PECAL,JPMOJ
OFFAFORKK,PECAL,JPMOJ
OARANYKKK,PECAL,MXMAN
OFFRSFOKK,PECAL,PEILO
OAOFKSKKK,PECAL,PESAL
OFFKARCKK,PEILO,PEMAT
OFFKARCKK,PEMAT,ECGYL
OARFKCKRK,PEMAT,ECPBO
OAOFKSKKK,PEMAT,PECAL
OACAGRKKK,PHBAT,CNLYG
OFFAKKCKK,PHBAT,CNNBO
OFFASNNKK,PHBAT,PHCDO
OFFASNNKK,PHBAT,PHCDO
OFFASNNKK,PHBAT,PHSFS
OFFGCARKK,PHBAT,PHSFS
OFFKCAGKK,PHBAT,PHSFS
OFFASNNKK,PHCDO,TWKAO
OARCAYNYK,PHCEB,PHTAG
OAOFCFKKK,PHDAV,IDSAM
OFFRAANKK,PHDAV,TWKAO
OFFRAANKK,PHDAV,TWKAO
OFFRAANKK,PHDAV,TWKAO
OFFRAANKK,PHDAV,TWKAO
OFFRAANKK,PHDAV,TWKAO
OFFRAANKK,PHDAV,TWKAO
OFFCAFSKK,PHLMY,CNDNG
OFFAKKCKK,PHLMY,CNNBO
OFFAKKCKK,PHLMY,CNNJG
OAOFKRKKK,PHLMY,IDKLR
OAOFKRKKK,PHLMY,IDKLR
OACFGKKKK,PHLMY,IDKLR
OFFKFAYKK,PHLMY,PHSFS
OFFNCFYKK,PHMAN,CNCFD
OACAGRKKK,PHMAN,CNLYG
OFFYOFGKK,PHMAN,CNTJN
NGNAKAKKK,PHMAN,IDSAM
OARAYSKKK,PHMAR,IDSAM
OACACAKKK,PHSFS,CNCJK
OACACAKKK,PHSFS,CNZJG
OFFASNNKK,PHSFS,PHBAT
OARRRFKKK,PHSMA,CNBAO
OFFKNKYKK,PHSMA,CNCZH
OACKROKKK,PHSMA,CNDAL
OARSYGKKK,PHSMA,CNTAI
OAOAFYKKK,PHSMA,CNTAI
OFFAGCAKK,PHSUR,CNLSN
OAOFSGKKK,PHSUR,CNLYG
OFFAGCAKK,PHSUR,CNLYG
OFFKNFOKK,PHSUR,CNLYG
OARRRKKKK,PHSUR,CNNDE
OACRKCSOK,PHSUR,CNNDE
RNCGRNKKK,PHSUR,CNNDE
OFFFGGCKK,PKKAR,AEABU
OAROFAYGK,PKKAR,AEABU
OAROYKOAK,PKKAR,AEJAL
OFFANSFKK,PKKAR,AEJAL
OAROFSCRK,PKKAR,AEJAL
OARKGKKKK,PKKAR,AEJAL
OARRRKKKK,PKKAR,AERAK
OFFGRSSKK,PKKAR,INKAN
CRNKGFYRA,PKKAR,INMUN
OFFFGNYKK,PKKAR,INMUN
OFFFGNYKK,PKKAR,INMUN
OFFFGNYKK,PKKAR,INMUN
OFFFGNYKK,PKKAR,INMUN
OFFFGNYKK,PKKAR,INMUN
OARKGOKKK,PKKAR,INMUN
OFFFGNYKK,PKKAR,INMUN
OFFFGNYKK,PKKAR,INMUN
OARARSKKK,PKKAR,INMUN
OARKNOKKK,PKKAR,INMUN
OARKNOKKK,PKKAR,INMUN
OARKNOKKK,PKKAR,INMUN
OARKNOKKK,PKKAR,INMUN
OARKNOKKK,PKKAR,INMUN
OARKNOKKK,PKKAR,INMUN
CRNKGFYRA,PKKAR,INMUN
CRNKGFYRA,PKKAR,INMUN
CRNKGFYRA,PKKAR,INMUN
CRNKGFYRA,PKKAR,INMUN
CRNKGFYRA,PKKAR,INMUN
OARKGKKKK,PKKAR,INNSA
OFFOCFNKK,PKKAR,INNSA
OARKGKKKK,PKKAR,INNSA
OARKGKKKK,PKKAR,INNSA
OARKGOKKK,PKKAR,INNSA
OFFOOASKK,PKKAR,INNSA
OFFAKFCKK,PKKAR,LKCOL
OFFKNGOKK,PKKAR,LKCOL
OFFCSCYKK,PKKAR,LKCOL
OARAGFKKK,PKKAR,LKCOL
RNOSSGKKK,PKKAR,LKCOL
OFFCSCYKK,PKKAR,LKCOL
RNOSSGKKK,PKKAR,LKCOL
OARKGKKKK,PKKAR,MYPKE
OARKGOKKK,PKKAR,MYPKE
OARKGKKKK,PKKAR,MYPKE
OARKGKKKK,PKKAR,MYPKE
OFFKFFFKK,PKKAR,PKQAS
OAORCGKKK,PKKAR,QARAS
OFFCRROKK,PKKAR,QARAS
OFFROKOKK,PKKAR,QARAS
OAORGKKKK,PKKAR,QARAS
OARASCKKK,PKKAR,SAJUB
OAORKRKKK,PKKAR,SGSGP
OFFOCFNKK,PKKAR,SGSGP
OAROYCONK,PKQAS,AEFUJ
OAROFAYFK,PKQAS,AEJAL
OAROFAYFK,PKQAS,AEJAL
OAOFACKKK,PKQAS,AERAK
OFFYKCNKK,PKQAS,AERAK
OARCAYGAK,PKQAS,AERUW
OARARRKKK,PKQAS,INNSA
OARARRKKK,PKQAS,INNSA
OARARRKKK,PKQAS,INNSA
OAROFYYFK,PKQAS,KWMAA
OAOAFYKKK,PKQAS,KWMAA
OAOKKYKKK,PKQAS,OMSOH
OFFGOAYKK,PKQAS,PKKAR
OFFAKSCKK,PKQAS,QARAS
OARAFYKKK,PKQAS,SAJUB
OFFSOFNKK,PKQAS,SAJUB
OFFKFFFKK,PKQAS,SGSGP
OFFCGYRKK,PLGDA,BEZEE
OFFCGYRKK,PLGDA,DEWVN
OFFYGFSKK,PLGDA,DEWVN
OFFYGFSKK,PLGDA,DEWVN
OFFYGFFKK,PLGDA,DEWVN
OFFYGFSKK,PLGDA,DEWVN
OFFYGFFKK,PLGDA,DEWVN
OFFRASCKK,PLGDA,DEWVN
OFFCRCSKK,PLGDA,DEWVN
OFFYGFFKK,PLGDA,DEWVN
OFFYGFFKK,PLGDA,DEWVN
OFFCRCSKK,PLGDA,DEWVN
OFFRASCKK,PLGDA,DEWVN
OFFCRCSKK,PLGDA,DEWVN
OFFRASCKK,PLGDA,DEWVN
OFFCGYRKK,PLGDA,DEWVN
OFFCGYRKK,PLGDA,DEWVN
OFFRASCKK,PLGDA,DEWVN
OFFCRCSKK,PLGDA,DEWVN
OFFYGFSKK,PLGDA,GBFEL
OAROFYAAK,PLGDA,LTKLJ
GRGKAYRNC,PLGDY,DEBRA
OAROYOFAK,PLGDY,FIHEL
OAROYCSNK,PLGDY,FIRAU
OAROYOFAK,PLGDY,LTKLJ
OAROYCSNK,PLGDY,NLROT
OARAYCKKK,PLGDY,RUULG
OAROYCSNK,PLSWI,PLGDY
OFFYFNKKK,PLSWI,RUULG
RNASGFKKK,PTLIS,BEANT
OARYSNKKK,PTLIS,ITRAV
OFFKOROKK,PTLXS,ESSAN
RFAKFSKKK,PTLXS,FRBAY
OACFKGKKK,PTSNS,GBMIL
OARASSKKK,QAASN,KWMAA
OAOCKSKKK,QAASN,MMMIO
OARANFKKK,QAASN,MMMIO
NGRKASOKK,QAASN,SAJUT
OFFNYNNKK,QAASN,SAJUT
OARASKKKK,QAHAI,SAJUT
OARKGOKKK,QAHMD,AEJAL
OARKGOKKK,QAHMD,AEJAL
OARKGKKKK,QAHMD,AEJAL
OARKGKKKK,QAHMD,AEJAL
OFFCARFKK,QAHMD,OMSOH
OFFNYSOKK,QAHMD,SADMA
OARKGOKKK,QAHMD,SADMA
OFFCSCYKK,QAHMD,SADMA
OARARRKKK,QAHMD,SADMA
OFFCSCYKK,QAHMD,SADMA
OFFANSFKK,QAHMD,SADMA
OFFANSFKK,QAHMD,SADMA
OFFANSFKK,QAHMD,SADMA
OFFROKOKK,QARAS,AEHAM
OAOFOAKKK,QARAS,AEJAL
OAORCGKKK,QARAS,CNDSN
OAORGKKKK,QARAS,CNDSN
OAOOFGKKK,QARAS,CNDSN
OARAFCKKK,QARAS,CNDSN
OFFROKOKK,QARAS,CNDSN
OFFAKSCKK,QARAS,CNDSN
OAOFCSKKK,QARAS,CNDSN
OARAFCKKK,QARAS,CNDSN
OAORGKKKK,QARAS,CNDSN
OFFGSGAKK,QARAS,JPCBA
OAOOSYKKK,QARAS,JPCBA
NGOOCKKKK,QARAS,JPCBA
OACFKGKKK,QARAS,JPKAW
OAOFRAKKK,QARAS,JPKMA
OAOFCSKKK,QARAS,JPKMA
OAOOSYKKK,QARAS,JPKMA
OACFKGKKK,QARAS,JPOIT
OFFGSGAKK,QARAS,JPOIT
OFFCRROKK,QARAS,OMSOH
NGRKANRKK,QARAS,OMSOH
OAOFRAKKK,QARAS,SAJUB
OFFROKOKK,QARAS,SGSGP
OFFCRROKK,QARAS,SGSGP
OFFGSGAKK,QAUMS,AEFUJ
OFFGSGAKK,QAUMS,BHBAH
OACFKGKKK,QAUMS,QARAS
OAOFCSKKK,QAUMS,QARAS
OFFGSGAKK,QAUMS,QARAS
OFFYFNKKK,ROCON,ESCAS
OAROFAYGK,ROCON,JOAQA
OAROFAYGK,ROCON,MEBAR
OAROFYYFK,ROCON,TRLMA
OAROFYYFK,ROCON,UACHO
OFFKNFAKK,ROCON,UAODS
OFFKNFAKK,ROCON,UAODS
OFFKNFAKK,ROCON,UAODS
OFFKNFAKK,ROCON,UAODS
OFFAASGKK,ROCON,UAODS
OFFAASGKK,ROCON,UAODS
OFFKNFAKK,ROCON,UAODS
OFFAASGKK,ROCON,UAODS
OARSNSKKK,RUKZM,CNBYQ
OARYFNKKK,RUKZM,CNBYQ
OACOFAKKK,RUKZM,CNDJK
OARSOSKKK,RUKZM,CNDJK
OARYFNKKK,RUKZM,CNDJK
OACOFAKKK,RUKZM,CNLKU
OARSOSKKK,RUKZM,CNLKU
OARYFNKKK,RUKZM,CNLKU
OACOFAKKK,RUKZM,CNLKU
OACOFAKKK,RUKZM,CNLKU
OARSOSKKK,RUKZM,CNLKU
OACOFAKKK,RUKZM,CNLSN
OARYFNKKK,RUKZM,CNLSN
OACOFAKKK,RUKZM,CNQIN
OARYFNKKK,RUKZM,CNYAN
OARYFNKKK,RUKZM,CNYAN
OAOOGAKKK,RUKZM,CNYAN
RFAKFSKKK,RULOM,DEBRU
RFAKFSKKK,RULOM,DEKIL
RFAKFSKKK,RULOM,LVLPX
OFFRKAAKK,RUMMK,DEHAM
OARGSGKKK,RUMMK,DENOR
OAOFOSKKK,RUNJK,CNDYI
OAOKFYKKK,RUNJK,KRGWA
OFFYARAKK,RUNVS,AEJAL
OAOFOAKKK,RUNVS,KRGWA
OFFSNKOKK,RUNVS,RUKAV
OFFKKCSKK,RUNVS,TRMMK
RNOOKNKKK,RUSPG,BRRGR
OARCKYFNK,RUSPG,BRRGR
OAROFAKNK,RUSPG,MTMAL
OACROSKKK,RUTAM,GRELE
OFFGRGSKK,RUTUA,MXALT
OFFSNKCKK,RUTUA,USBRO
OACFGSKKK,RUULG,FILOV
RNRAORKKK,RUULG,FILOV
OARRFGKKK,RUULG,FILOV
OACFGSKKK,RUULG,FRDKK
OFFYFNKKK,RUULG,USLUA
OARAYCKKK,RUULG,USMOB
OACFGSKKK,RUULG,USNOL
OAOFKCKKK,RUVLD,CNCJN
OAOKFYKKK,RUVLD,RUBKN
OACKROKKK,RUVNN,JPFUK
OFFGCCFKK,RUVYP,CNCFD
OFFYARAKK,RUVYP,TWTAP
OFFOFGSKK,SADMA,AEJAL
OFFNYSOKK,SADMA,AEKHA
OFFOFGSKK,SADMA,AEKHA
OFFOFGSKK,SADMA,AEKHA
OFFOFGSKK,SADMA,AEKHA
OFFFACSKK,SADMA,AEKHA
OFFFACOKK,SADMA,AEKHA
OFFFACOKK,SADMA,AEKHA
OFFCCYOKK,SADMA,AEKHA
OFFCFOOKK,SADMA,AEKHA
OFFCCYOKK,SADMA,AEKHA
OFFCCYOKK,SADMA,AEKHA
OFFCCYOKK,SADMA,AEKHA
OFFCCYOKK,SADMA,AEKHA
OFFOFGSKK,SADMA,AEKHA
OFFCCYOKK,SADMA,AEKHA
OFFCFOOKK,SADMA,AEKHA
OFFRKCYKK,SADMA,AEKHA
OFFRONYKK,SADMA,AEKHA
OFFAKKRKK,SADMA,AEKHA
OFFAKKRKK,SADMA,AEKHA
OFFRKSAKK,SADMA,AEKHA
OFFRKSAKK,SADMA,AEKHA
OFFRKSAKK,SADMA,AEKHA
OFFRKCYKK,SADMA,AEKHA
OFFRKSAKK,SADMA,AEKHA
OFFGNCRKK,SADMA,AEKHA
OFFNYSOKK,SADMA,AEKHA
OFFNYSOKK,SADMA,AEKHA
OFFRKSAKK,SADMA,AEKHA
OFFRONYKK,SADMA,AEKHA
OFFRONYKK,SADMA,AEKHA
OFFGNCRKK,SADMA,AEKHA
OFFRONYKK,SADMA,AEKHA
OFFNYSOKK,SADMA,AEKHA
OFFOFGSKK,SADMA,AEKHA
OFFRKCYKK,SADMA,AEKHA
OFFRONYKK,SADMA,AEKHA
OFFAGSYKK,SADMA,AEKHA
OFFAGSYKK,SADMA,AEKHA
OFFRONYKK,SADMA,AEKHA
OFFRONYKK,SADMA,AEKHA
OFFRKCYKK,SADMA,AEKHA
OFFAGSYKK,SADMA,AEKHA
OFFOFGSKK,SADMA,AEKHA
OAROFAYFK,SADMA,IQUMQ
OFFANSFKK,SADMA,SAJUB
OFFCSCYKK,SADMA,SAJUB
OFFANSFKK,SADMA,SAJUB
OFFCSCYKK,SADMA,SAJUB
OARKGOKKK,SADMA,SAJUB
OFFCSCYKK,SADMA,SAJUB
OFFCSCYKK,SAJED,AEJAL
OFFCSCYKK,SAJED,AEJAL
OFFCSCYKK,SAJED,AEJAL
OFFCSCYKK,SAJED,AEJAL
OFFOCFNKK,SAJED,AEJAL
OFFANSFKK,SAJED,AEJAL
OFFANSFKK,SAJED,AEJAL
OFFANSFKK,SAJED,AEJAL
OARARRKKK,SAJED,AEJAL
OARARRKKK,SAJED,AEJAL
OARARRKKK,SAJED,AEJAL
OARARRKKK,SAJED,AEJAL
OARARRKKK,SAJED,AEJAL
OFFKFFSKK,SAJED,CNYSN
OFFCSCYKK,SAJED,EGPSA
OFFCSCYKK,SAJED,EGPSA
OFFCSCYKK,SAJED,EGPSA
OFFANSFKK,SAJED,EGPSA
OARKGOKKK,SAJED,EGPSA
OFFANSFKK,SAJED,EGPSA
OFFANSFKK,SAJED,EGPSA
OFFKFFSKK,SAJED,EGSOK
OFFARYYKK,SAJED,EGSOK
OFFARYYKK,SAJED,EGSOK
OARKGNKKK,SAJED,EGSOK
OFFNYSOKK,SAJED,EGSOK
OFFARYYKK,SAJED,EGSOK
OFFARYYKK,SAJED,EGSOK
OAOFAOKKK,SAJED,EGSOK
OFFNYSOKK,SAJED,EGSOK
OFFANSFKK,SAJED,EGSOK
OARKGKKKK,SAJED,GRPIR
OARKGKKKK,SAJED,GRPIR
OARKGOKKK,SAJED,GRPIR
OARKGKKKK,SAJED,LBKYE
OARKGOKKK,SAJED,LBKYE
OARKNSKKK,SAJED,LKCOL
OARKNRKKK,SAJED,LKCOL
OARKNRKKK,SAJED,LKCOL
OFFOCFNKK,SAJED,MATAN
OARARRKKK,SAJED,MATAN
OARARRKKK,SAJED,MATAN
OARARRKKK,SAJED,MATAN
OARARRKKK,SAJED,MATAN
OARARRKKK,SAJED,MATAN
OARKNOKKK,SAJED,MATAN
OFFKNFAKK,SAJED,MYPKE
OFFAASGKK,SAJED,MYPKE
OFFNYSOKK,SAJED,MYPKE
OARKNRKKK,SAJED,MYPKE
OFFARYYKK,SAJED,MYPKE
OFFAASGKK,SAJED,MYPKE
OFFKNFAKK,SAJED,MYPKE
OFFAASGKK,SAJED,MYPKE
OFFNYSOKK,SAJED,MYPKE
OFFAASGKK,SAJED,MYPKE
OFFKNFAKK,SAJED,MYPKE
OFFKFFSKK,SAJED,SGSGP
OFFOCRSKK,SAJED,SGSGP
OFFANSFKK,SAJUB,AEJAL
OARARRKKK,SAJUB,AEJAL
OFFANSFKK,SAJUB,AEJAL
OFFANSFKK,SAJUB,AEJAL
OFFCSCYKK,SAJUB,AEJAL
OFFCSCYKK,SAJUB,AEJAL
OFFANSFKK,SAJUB,AEJAL
OACRORKKK,SAJUB,AERAK
OFFROFNKK,SAJUB,AESJH
OFFROFNKK,SAJUB,AUESP
OARASCKKK,SAJUB,KRGWA
OARAFYKKK,SAJUB,SGSGP
OFFAKSCKK,SAJUB,SGSGP
OAOFRAKKK,SAJUB,SGSGP
RFCCNAKKK,SAJUT,AEZUR
OFFNYNNKK,SAJUT,CNDAL
RFASOFKKK,SAJUT,CNDAL
OARASSKKK,SAJUT,CNDAL
OARASSKKK,SAJUT,CNDAL
RNOORRKKK,SAJUT,CNDAL
NGRKASOKK,SAJUT,CNDAL
OFFCOCFKK,SAJUT,CNDAL
OFFCOCYKK,SAJUT,CNHUI
OARACAKKK,SAJUT,CNHUI
OARACSKKK,SAJUT,CNHUI
NGRKOGGKK,SAJUT,CNHUI
OFFGNCCKK,SAJUT,CNHUI
OARANFKKK,SAJUT,CNHUI
OFFCAYSKK,SAJUT,CNHUI
RFCCNAKKK,SAJUT,CNLSN
OFFCOCSKK,SAJUT,CNLSN
OFFGNCAKK,SAJUT,CNLSN
OFFAGCNKK,SAJUT,CNMEZ
OFFCNFCKK,SAJUT,CNMEZ
OFFCOCFKK,SAJUT,CNMEZ
OFFCKCCKK,SAJUT,CNMEZ
OAOCANKKK,SAJUT,CNNBO
OARACAKKK,SAJUT,CNNBO
OFFAFRCKK,SAJUT,CNNBO
OAOCKSKKK,SAJUT,CNQIN
OFFGNCCKK,SAJUT,CNQIN
OFFCOCSKK,SAJUT,CNQIZ
OARASKKKK,SAJUT,CNQIZ
OFFGNCAKK,SAJUT,CNQIZ
OAOCKSKKK,SAJUT,CNQIZ
OAOCANKKK,SAJUT,CNQIZ
OFFGNCCKK,SAJUT,CNZHA
OFFGNCAKK,SAJUT,CNZHA
OARANFKKK,SAJUT,CNZOS
OARSSKKKK,SAJUT,CNZOS
OFFAGCNKK,SAJUT,CNZOS
RFASOFKKK,SAJUT,CNZOS
OARASSKKK,SAJUT,JPCBA
OFFNYNNKK,SAJUT,JPCBA
OFFSNKGKK,SAJUT,JPCBA
OARASRKKK,SAJUT,KRULS
OARASKKKK,SAJUT,MMMIO
OARASKKKK,SAJUT,MMMIO
OFFAOCAKK,SAJUT,MMMIO
OAOCANKKK,SAJUT,MMMIO
OFFNOAFKK,SAJUT,MMMIO
OAOCKSKKK,SAJUT,QAASN
OFFCOCFKK,SARTA,CNLSN
OARASSKKK,SARTA,CNQIZ
OARASRKKK,SARTA,IQMAB
OFFGOSCKK,SARTA,IQMAB
OFFSSORKK,SARTA,KWMAA
OARASSKKK,SARTA,KWMAA
NGRKGAFKK,SARTA,OMMAF
OFFCNFCKK,SARTA,SAJUT
OFFGNCCKK,SARTA,SAJUT
OFFGNCCKK,SARTA,SAJUT
OAOCKSKKK,SARTA,SAJUT
OFFCOCSKK,SARTA,SAJUT
NGRKCGCKK,SAYAN,BEANT
NGRKANRKK,SAYAN,FRLEH
OAROSYYCK,SEGAV,BEANT
OAROYCSNK,SEGAV,FIRAU
OAROFYAAK,SEUDD,PLGDA
OACOFSFCK,SEUME,RUSPG
OFFRONYKK,SGSGP,AEJAL
OFFCCYOKK,SGSGP,AEJAL
OFFRONYKK,SGSGP,AEJAL
OFFOFGSKK,SGSGP,AEJAL
OFFRKCYKK,SGSGP,AEJAL
OFFFACSKK,SGSGP,AEJAL
OFFOFGSKK,SGSGP,AEJAL
OFFNYSOKK,SGSGP,AEJAL
OFFRONYKK,SGSGP,AEJAL
OFFAKKRKK,SGSGP,AEJAL
OFFAGSYKK,SGSGP,AEJAL
OFFNYSOKK,SGSGP,AEJAL
OFFOFGSKK,SGSGP,AEJAL
OFFCFOOKK,SGSGP,AEJAL
OFFAKKRKK,SGSGP,AEJAL
OFFRKCYKK,SGSGP,AEJAL
OFFRONYKK,SGSGP,AEJAL
OFFOFGSKK,SGSGP,AEJAL
OAOFCSKKK,SGSGP,AEJAL
OFFOFGSKK,SGSGP,AEJAL
OFFNYSOKK,SGSGP,AEJAL
OFFOFGSKK,SGSGP,AEJAL
OFFRKCYKK,SGSGP,AEJAL
OFFAGSYKK,SGSGP,AEJAL
OFFRONYKK,SGSGP,AEJAL
OFFCCYOKK,SGSGP,AEJAL
OFFCCYOKK,SGSGP,AEJAL
OFFRONYKK,SGSGP,AEJAL
OFFGNCRKK,SGSGP,AEJAL
OFFGNCRKK,SGSGP,AEJAL
OFFRONYKK,SGSGP,AEJAL
OFFRKSAKK,SGSGP,AEJAL
OFFCCYOKK,SGSGP,AEJAL
OFFNYSOKK,SGSGP,AEJAL
OFFNYSOKK,SGSGP,AEJAL
OFFRKCYKK,SGSGP,AEJAL
OFFRKSAKK,SGSGP,AEJAL
OFFFACOKK,SGSGP,AEJAL
OFFRKSAKK,SGSGP,AEJAL
OFFCCYOKK,SGSGP,AEJAL
OFFCCYOKK,SGSGP,AEJAL
OFFRKSAKK,SGSGP,AEJAL
OFFFACOKK,SGSGP,AEJAL
NGOOCKKKK,SGSGP,AERUW
NGRKCGCKK,SGSGP,AERUW
OFFAKKCKK,SGSGP,AUBRI
OACNCRSYK,SGSGP,AUBRI
OARNCFKSK,SGSGP,AUFRE
OARNCFKSK,SGSGP,AUFRE
OARKGNKKK,SGSGP,AUFRE
OFFAKKCKK,SGSGP,AUGEE
OARNCFKSK,SGSGP,AUGEE
OAORGKKKK,SGSGP,AUSYD
OAORGKKKK,SGSGP,AUSYD
NGOOCKKKK,SGSGP,AUSYD
OFFROKOKK,SGSGP,AUSYD
OFFAKKCKK,SGSGP,BDCTG
OFFCRCSKK,SGSGP,BEZEE
OFFYGFFKK,SGSGP,BEZEE
OFFYGFSKK,SGSGP,BEZEE
OFFRASCKK,SGSGP,BEZEE
OARKFCKKK,SGSGP,BRITA
OFFSRCCKK,SGSGP,BRITA
OFFRRRYKK,SGSGP,BRRDJ
OFFKORCKK,SGSGP,BRRDJ
OFFKORCKK,SGSGP,BRRDJ
OFFAASGKK,SGSGP,BRRDJ
OFFRRRYKK,SGSGP,BRRDJ
OFFRRRYKK,SGSGP,BRRDJ
OAORKRKKK,SGSGP,BRSTS
OARKFCKKK,SGSGP,BRSTS
OAORKRKKK,SGSGP,BRSTS
OARNCFKSK,SGSGP,CNBHI
OARNCFKSK,SGSGP,CNBHI
OARNCFKSK,SGSGP,CNBHI
OARNCFKSK,SGSGP,CNBHI
OAORGKKKK,SGSGP,CNBYQ
OARAFCKKK,SGSGP,CNBYQ
OARNCFYSK,SGSGP,CNCJK
OARNCGKGK,SGSGP,CNCJK
OAORCGKKK,SGSGP,CNDAL
OARKNFKKK,SGSGP,CNDAL
OAORAKKKK,SGSGP,CNDAL
OARNCFKSK,SGSGP,CNDNG
OAROYCONK,SGSGP,CNHPU
OARNCFKSK,SGSGP,CNHUM
OARNCFYSK,SGSGP,CNHUM
OFFRASCKK,SGSGP,CNNBO
OARNCFYSK,SGSGP,CNNBO
OARNCFYAK,SGSGP,CNNBO
OAOFOSKKK,SGSGP,CNNBO
OFFKORCKK,SGSGP,CNNBO
OARNCGKGK,SGSGP,CNNBO
OARNCFYAK,SGSGP,CNNBO
OARAOSKKK,SGSGP,CNNSA
OARAOSKKK,SGSGP,CNNSA
OFFOGONKK,SGSGP,CNNSA
OFFOGONKK,SGSGP,CNNSA
OFFOGONKK,SGSGP,CNNSA
OFFRRRYKK,SGSGP,CNNSA
OARAOSKKK,SGSGP,CNNSA
OFFCRCSKK,SGSGP,CNNSA
OFFCRCSKK,SGSGP,CNNSA
OAORAKKKK,SGSGP,CNNSA
OFFCAROKK,SGSGP,CNQIN
OFFRKCYKK,SGSGP,CNQIN
OFFKKOGKK,SGSGP,CNQIN
OFFCGGSKK,SGSGP,CNQIN
OARARCKKK,SGSGP,CNQIN
OFFKKOGKK,SGSGP,CNQIN
OFFCGGSKK,SGSGP,CNQIN
OARKFCKKK,SGSGP,CNQIN
OFFKSYRKK,SGSGP,CNQIN
OFFCGGSKK,SGSGP,CNQIN
OARKFCKKK,SGSGP,CNQIN
OFFKKOGKK,SGSGP,CNQIN
OARSNSKKK,SGSGP,CNQIN
OFFKKOGKK,SGSGP,CNQIZ
OARNCFYAK,SGSGP,CNQIZ
OFFKKOGKK,SGSGP,CNQIZ
OARNCFKSK,SGSGP,CNQIZ
OARNCFKSK,SGSGP,CNQIZ
OFFOGROKK,SGSGP,CNQIZ
OFFOGRNKK,SGSGP,CNQIZ
OFFOGRNKK,SGSGP,CNQIZ
OFFAKSCKK,SGSGP,CNQIZ
OFFAKSCKK,SGSGP,CNQIZ
OARNCFYSK,SGSGP,CNQIZ
OFFFNCRKK,SGSGP,CNQIZ
OFFFNCRKK,SGSGP,CNQIZ
OFFFNCRKK,SGSGP,CNQIZ
OFFFNCRKK,SGSGP,CNQIZ
OFFFNCOKK,SGSGP,CNQIZ
OFFOGRNKK,SGSGP,CNQIZ
OARNCFYSK,SGSGP,CNSDG
OARRGSKKK,SGSGP,CNSDG
OARNCFGGK,SGSGP,CNSDG
OARNCFGGK,SGSGP,CNSDG
OFFOGONKK,SGSGP,CNSHE
OFFOGONKK,SGSGP,CNTJN
OFFKFFFKK,SGSGP,CNTJN
OFFKFFFKK,SGSGP,CNTJN
OFFRAYRKK,SGSGP,CNTJN
OARARCKKK,SGSGP,CNTJN
OAOFGKKKK,SGSGP,CNTJN
OFFKFFFKK,SGSGP,CNTJN
OFFYOFGKK,SGSGP,CNTJN
OARARCKKK,SGSGP,CNTJN
OFFRAAGKK,SGSGP,CNTJN
OFFYOFGKK,SGSGP,CNTJN
OARARCKKK,SGSGP,CNTJN
OARARCKKK,SGSGP,CNTJN
OFFYOFGKK,SGSGP,CNTJN
OARARCKKK,SGSGP,CNTJN
OFFKFFFKK,SGSGP,CNTJN
OARARCKKK,SGSGP,CNTJN
OFFKFFFKK,SGSGP,CNTJN
OFFYOFGKK,SGSGP,CNTJN
OFFKFFFKK,SGSGP,CNTJN
OFFKFFFKK,SGSGP,CNTJN
CRNKGFYRA,SGSGP,CNWGQ
OARANAKKK,SGSGP,CNWGQ
OFFOGONKK,SGSGP,CNWGQ
CRNKGFYRA,SGSGP,CNWGQ
OFFRAAGKK,SGSGP,CNWGQ
RNOSSGKKK,SGSGP,CNWGQ
OFFOCOGKK,SGSGP,CNXIA
OFFYGRSKK,SGSGP,CNXIA
OFFCAROKK,SGSGP,CNXIA
OFFFACOKK,SGSGP,CNXIA
OFFOCRSKK,SGSGP,CNXIA
OFFOCRSKK,SGSGP,CNXIA
OFFYGRSKK,SGSGP,CNXIA
OFFOCFNKK,SGSGP,CNXIA
OFFAKKRKK,SGSGP,CNXIA
OFFGYSGKK,SGSGP,CNXIA
OFFCRRRKK,SGSGP,CNXIA
OFFOCRSKK,SGSGP,CNXIA
OFFFNCOKK,SGSGP,CNXIA
OFFOCFNKK,SGSGP,CNXIA
OFFKRKFKK,SGSGP,CNXIA
OFFFACSKK,SGSGP,CNXIA
OFFKRKFKK,SGSGP,CNXIA
OFFOGROKK,SGSGP,CNXIA
OFFAKKRKK,SGSGP,CNXIA
OFFKRKFKK,SGSGP,CNXIA
OFFGYSGKK,SGSGP,CNXIA
OFFOCRSKK,SGSGP,CNXIA
OFFKRKFKK,SGSGP,CNXIA
OFFCRRRKK,SGSGP,CNXIA
OFFOCOGKK,SGSGP,CNXIA
OFFYGRSKK,SGSGP,CNXIA
OFFOCOGKK,SGSGP,CNXIA
RNRCOAKKK,SGSGP,CNYPG
OFFKFFFKK,SGSGP,CNYPG
OFFCAROKK,SGSGP,CNYSN
OFFARYYKK,SGSGP,CNYSN
OFFNYSOKK,SGSGP,CNYSN
OARKFCKKK,SGSGP,CNYSN
OFFKORCKK,SGSGP,CNYSN
OFFARYYKK,SGSGP,CNYSN
OFFARYYKK,SGSGP,CNYSN
OFFAOSFKK,SGSGP,CNYSN
OFFFACSKK,SGSGP,CNYSN
OFFRASCKK,SGSGP,CNYTN
OARAGFKKK,SGSGP,CNYTN
OFFYGFFKK,SGSGP,CNYTN
OFFCGYRKK,SGSGP,CNYTN
OFFYGFSKK,SGSGP,CNYTN
OFFYGFSKK,SGSGP,CNYTN
OFFCRCSKK,SGSGP,CNYTN
OFFRASCKK,SGSGP,CNYTN
OFFCRCSKK,SGSGP,CNYTN
OFFCGYRKK,SGSGP,CNYTN
OFFYGFSKK,SGSGP,CNYTN
OFFYGFSKK,SGSGP,CNYTN
OFFYGFFKK,SGSGP,CNYTN
OFFRASCKK,SGSGP,CNYTN
OFFCGYRKK,SGSGP,CNYTN
OARNCFYSK,SGSGP,CNZHE
OARNCFYAK,SGSGP,CNZHE
OARNCGKGK,SGSGP,CNZHE
OACOASKKK,SGSGP,CNZOS
OARNCFKSK,SGSGP,CNZZU
OARNCFKSK,SGSGP,CNZZU
OFFARYYKK,SGSGP,DJDJI
OFFANSFKK,SGSGP,DJDJI
OFFARYYKK,SGSGP,DJDJI
OFFKNFAKK,SGSGP,EGPSA
OFFKNFAKK,SGSGP,EGPSA
OFFKNFAKK,SGSGP,EGPSA
OFFKNFAKK,SGSGP,EGPSA
OFFAASGKK,SGSGP,EGPSA
OFFAASGKK,SGSGP,EGPSA
OFFAASGKK,SGSGP,EGPSA
OFFKNFAKK,SGSGP,EGPSA
OFFYGFSKK,SGSGP,GBFEL
OFFYGFSKK,SGSGP,GBFEL
OFFCRCSKK,SGSGP,GBFEL
OFFCRCSKK,SGSGP,GBFEL
OFFCRCSKK,SGSGP,GBFEL
OFFCGYRKK,SGSGP,GBFEL
OFFYGFFKK,SGSGP,GBFEL
OFFRASCKK,SGSGP,GBFEL
OFFRASCKK,SGSGP,GBFEL
OFFYGFFKK,SGSGP,GBFEL
OFFCGYRKK,SGSGP,GBFEL
OFFAGSYKK,SGSGP,GRPIR
OFFCAROKK,SGSGP,GRPIR
OFFAFCFKK,SGSGP,GRPIR
OFFGYSGKK,SGSGP,GRPIR
OFFFACOKK,SGSGP,GRPIR
OFFFACOKK,SGSGP,GRPIR
OFFARYAKK,SGSGP,GRPIR
OFFGYSGKK,SGSGP,GRPIR
OFFAGGNKK,SGSGP,GRPIR
OFFAGGNKK,SGSGP,GRPIR
OFFFACSKK,SGSGP,GRPIR
OFFKRKFKK,SGSGP,GRPIR
OFFFACSKK,SGSGP,GRPIR
OFFARYAKK,SGSGP,GRPIR
OFFAYOAKK,SGSGP,GRPIR
OFFAGGNKK,SGSGP,GRPIR
OFFAYOAKK,SGSGP,GRPIR
OFFARYAKK,SGSGP,GRPIR
OFFAFCFKK,SGSGP,GRPIR
OFFOCOGKK,SGSGP,GRPIR
OFFAFCFKK,SGSGP,GRPIR
OFFCFOOKK,SGSGP,GRPIR
OFFCFOOKK,SGSGP,GRPIR
OFFAYOOKK,SGSGP,GRPIR
OFFANOFKK,SGSGP,GRPIR
OFFAYOAKK,SGSGP,GRPIR
OFFOCOGKK,SGSGP,GRPIR
OFFAOSFKK,SGSGP,GRPIR
OFFAOSFKK,SGSGP,GRPIR
OFFANOFKK,SGSGP,GRPIR
OFFASRSKK,SGSGP,GRPIR
OFFAOSFKK,SGSGP,GRPIR
OFFASRSKK,SGSGP,GRPIR
OFFAOSFKK,SGSGP,GRPIR
OFFOCRSKK,SGSGP,GRPIR
OFFAOSSKK,SGSGP,GRPIR
OFFANOFKK,SGSGP,GRPIR
OFFAOSSKK,SGSGP,GRPIR
OFFGYSGKK,SGSGP,GRPIR
OFFAOSSKK,SGSGP,GRPIR
RNCGRAKKK,SGSGP,GRPIR
OFFCGGSKK,SGSGP,GRPIR
OFFANFSKK,SGSGP,GRPIR
OFFANFOKK,SGSGP,GRPIR
OFFRKCYKK,SGSGP,GRPIR
OFFAYOOKK,SGSGP,GRPIR
OFFAGSYKK,SGSGP,GRPIR
OFFANFSKK,SGSGP,GRPIR
OFFANFOKK,SGSGP,GRPIR
OFFOCRSKK,SGSGP,GRPIR
OFFANFOKK,SGSGP,GRPIR
OFFAYOSKK,SGSGP,GRPIR
OFFASRSKK,SGSGP,GRPIR
OFFCRRRKK,SGSGP,GRPIR
OARKNSKKK,SGSGP,GRPIR
OFFANFSKK,SGSGP,GRPIR
RFKASSKKK,SGSGP,GRPIR
RNOSSGKKK,SGSGP,GRPIR
OFFCAROKK,SGSGP,GRPIR
OFFANFOKK,SGSGP,GRPIR
OFFCGGSKK,SGSGP,GRPIR
OFFANFSKK,SGSGP,GRPIR
OFFANFOKK,SGSGP,GRPIR
OFFCGGSKK,SGSGP,GRPIR
OFFOCFNKK,SGSGP,GRPIR
OFFOCFNKK,SGSGP,GRPIR
OFFCAROKK,SGSGP,GRPIR
OFFAFCFKK,SGSGP,GRPIR
OFFAYOAKK,SGSGP,GRPIR
OFFARYAKK,SGSGP,GRPIR
OFFSRCCKK,SGSGP,HKHKG
OARKFCKKK,SGSGP,HKHKG
OFFRRRYKK,SGSGP,HKHKG
OARKGSKKK,SGSGP,HKHKG
OFFANSFKK,SGSGP,HKHKG
OFFYGRSKK,SGSGP,HKHKG
OFFKSYRKK,SGSGP,HKHKG
OFFAASGKK,SGSGP,HKHKG
OFFCFOOKK,SGSGP,HKHKG
OFFRRRYKK,SGSGP,HKHKG
OARAKSKKK,SGSGP,HKHKG
OFFRRRYKK,SGSGP,HKHKG
OFFCCYOKK,SGSGP,HKHKG
OFFOCRSKK,SGSGP,HKHKG
OFFFACSKK,SGSGP,HKHKG
OFFAOSFKK,SGSGP,HKHKG
OFFOCOGKK,SGSGP,HKHKG
OFFAOSFKK,SGSGP,HKHKG
OFFGYSGKK,SGSGP,HKHKG
OFFNYRGKK,SGSGP,HKHKG
OFFCAROKK,SGSGP,HKHKG
OACOASKKK,SGSGP,HKHKG
OFFKORCKK,SGSGP,HKHKG
OARAFAKKK,SGSGP,HKHKG
OFFKSYRKK,SGSGP,IDCXP
OFFOGONKK,SGSGP,IDJAK
OFFRAYRKK,SGSGP,IDJAK
OARARCKKK,SGSGP,IDJAK
OAROYOYOK,SGSGP,IDJAK
OARNCFKSK,SGSGP,IDMRK
OARAFCKKK,SGSGP,IDOKA
OFFFGFRKK,SGSGP,IDTAB
OFFAKSCKK,SGSGP,IDTBN
OAOFCSKKK,SGSGP,IDTUB
OFFYOFGKK,SGSGP,INCHN
OARKGOKKK,SGSGP,INNSA
RNOSSGKKK,SGSGP,INNSA
OARKGOKKK,SGSGP,INNSA
OARAGFKKK,SGSGP,INNSA
OFFNYRGKK,SGSGP,INNSA
OFFAKSCKK,SGSGP,INSIK
NGOOCKKKK,SGSGP,INSIK
OAOFRAKKK,SGSGP,INSIK
NGGAFNKKK,SGSGP,INSIK
OACFKGKKK,SGSGP,INSIK
OAOOGAKKK,SGSGP,IQMAB
OFFROKOKK,SGSGP,IQMAB
OAOFOSKKK,SGSGP,KRGWA
OAOFCSKKK,SGSGP,KWMAA
NGGAFNKKK,SGSGP,KWMAA
OFFNYRGKK,SGSGP,LKCOL
OFFNYRGKK,SGSGP,LKCOL
OFFNYRGKK,SGSGP,LKCOL
OFFNYRGKK,SGSGP,LKCOL
OFFNYRGKK,SGSGP,LKCOL
OFFKFFFKK,SGSGP,LKCOL
OFFNYRGKK,SGSGP,LKCOL
OAOFOSKKK,SGSGP,MY1503
OFFCKASKK,SGSGP,MY1504
OAOOGAKKK,SGSGP,MY1514
OFFKSYRKK,SGSGP,MY2243
OFFASNNKK,SGSGP,MY3182
OFFCAFSKK,SGSGP,MYKER
OFFKFAYKK,SGSGP,MYKER
OFFASNNKK,SGSGP,MYKER
OFFAKKCKK,SGSGP,MYKER
OFFCAFSKK,SGSGP,MYKER
OFFKFAYKK,SGSGP,MYKER
OFFCKASKK,SGSGP,MYPAG
OFFCAFSKK,SGSGP,MYPDI
OFFRAAGKK,SGSGP,MYPEN
OFFOGONKK,SGSGP,MYPEN
OFFRAAGKK,SGSGP,MYPEN
CRNKGSKRC,SGSGP,MYPEN
OAOFCSKKK,SGSGP,MYPGG
OFFCAFSKK,SGSGP,MYPGG
OFFCAFSKK,SGSGP,MYPGG
OFFKCAGKK,SGSGP,MYPGG
OFFASNNKK,SGSGP,MYPGG
OFFKFAYKK,SGSGP,MYPGG
OAOFRAKKK,SGSGP,MYPGG
OARKNNKKK,SGSGP,MYPKE
OFFRAAGKK,SGSGP,MYPKE
OFFOGROKK,SGSGP,MYPKE
OFFOGRNKK,SGSGP,MYPKE
OFFOGRNKK,SGSGP,MYPKE
OFFCSCYKK,SGSGP,MYPKE
OFFOGRNKK,SGSGP,MYPKE
OFFOGONKK,SGSGP,MYPKE
OFFOGONKK,SGSGP,MYPKE
OFFOGONKK,SGSGP,MYPKE
OFFOGONKK,SGSGP,MYPKE
OFFOGONKK,SGSGP,MYPKE
OAOFRGKKK,SGSGP,MYPKE
OAOFRGKKK,SGSGP,MYPKE
OAOFRGKKK,SGSGP,MYPKE
OAOFRGKKK,SGSGP,MYPKE
OAOFKKKKK,SGSGP,MYPKE
OAOFKKKKK,SGSGP,MYPKE
OAOFNCKKK,SGSGP,MYPKE
OAOFNCKKK,SGSGP,MYPKE
OFFFNCOKK,SGSGP,MYPKE
OFFFNCOKK,SGSGP,MYPKE
OFFFNCOKK,SGSGP,MYPKE
OFFFNCOKK,SGSGP,MYPKE
OFFFGNYKK,SGSGP,MYPKE
OFFFGNYKK,SGSGP,MYPKE
OFFFGNYKK,SGSGP,MYPKE
OFFFGNYKK,SGSGP,MYPKE
OFFFGNYKK,SGSGP,MYPKE
OFFFGNYKK,SGSGP,MYPKE
OFFFGNYKK,SGSGP,MYPKE
OAORAKKKK,SGSGP,MYPKE
OAORAKKKK,SGSGP,MYPKE
OAORAKKKK,SGSGP,MYPKE
OAORAKKKK,SGSGP,MYPKE
OAORAKKKK,SGSGP,MYPKE
OAORAKKKK,SGSGP,MYPKE
OAORAKKKK,SGSGP,MYPKE
OAORKRKKK,SGSGP,MYPKE
OARKNRKKK,SGSGP,MYPKE
OARKNFKKK,SGSGP,MYPKE
OARKNFKKK,SGSGP,MYPKE
OARKNFKKK,SGSGP,MYPKE
OARKNFKKK,SGSGP,MYPKE
OARKNFKKK,SGSGP,MYPKE
OARKNFKKK,SGSGP,MYPKE
OARKNFKKK,SGSGP,MYPKE
OARKNFKKK,SGSGP,MYPKE
OARKNSKKK,SGSGP,MYPKE
OARKNSKKK,SGSGP,MYPKE
OARKNSKKK,SGSGP,MYPKE
OARKNSKKK,SGSGP,MYPKE
OARKGKKKK,SGSGP,MYPKE
OARKGKKKK,SGSGP,MYPKE
OARKGKKKK,SGSGP,MYPKE
OAROYNFGK,SGSGP,MYPKE
OARRCOKKK,SGSGP,MYPKE
OFFKNGOKK,SGSGP,MYPKE
OFFAKFCKK,SGSGP,MYPKE
OFFARGSKK,SGSGP,MYPKE
OFFANSFKK,SGSGP,MYPKE
RNOSSGKKK,SGSGP,MYPKE
OFFYKCNKK,SGSGP,MYPKE
OFFYOFGKK,SGSGP,MYPKE
OFFYOFGKK,SGSGP,MYPKE
OFFYOFGKK,SGSGP,MYPKE
OARANRKKK,SGSGP,MYPKE
OARANAKKK,SGSGP,MYPKE
OARANAKKK,SGSGP,MYPKE
OARANAKKK,SGSGP,MYPKE
OARANAKKK,SGSGP,MYPKE
OARANAKKK,SGSGP,MYPKE
OARANAKKK,SGSGP,MYPKE
OARAOYKKK,SGSGP,MYPKE
OARAOSKKK,SGSGP,MYPKE
RNCFFRKKK,SGSGP,MYPKE
RNCFFRKKK,SGSGP,MYPKE
OARAOSKKK,SGSGP,MYPKE
OARAOSKKK,SGSGP,MYPKE
OARAOSKKK,SGSGP,MYPKE
OARAOSKKK,SGSGP,MYPKE
OARARSKKK,SGSGP,MYPKE
OARARSKKK,SGSGP,MYPKE
CRNKGSKNA,SGSGP,MYPKE
CRNKGSKRC,SGSGP,MYPKE
CRNKGSKRC,SGSGP,MYPKE
CRNKGSKRC,SGSGP,MYPKE
CRNKGSKRC,SGSGP,MYPKE
CRNKGSKRC,SGSGP,MYPKE
CRNKGSKRC,SGSGP,MYPKE
CRNKGSKRC,SGSGP,MYPKE
OARKFRKKK,SGSGP,MYPKE
OARKFRKKK,SGSGP,MYPKE
OARKFRKKK,SGSGP,MYPKE
OARKFRKKK,SGSGP,MYPKE
OARKFRKKK,SGSGP,MYPKE
OARKFRKKK,SGSGP,MYPKE
OARKFRKKK,SGSGP,MYPKE
OARKFRKKK,SGSGP,MYPKE
OARKFRKKK,SGSGP,MYPKE
OARKFRKKK,SGSGP,MYPKE
OARKFRKKK,SGSGP,MYPKE
OARKFCKKK,SGSGP,MYPKE
OARKFCKKK,SGSGP,MYPKE
CRNKGSKCN,SGSGP,MYPKE
CRNKGSKCN,SGSGP,MYPKE
CRNKGSKCN,SGSGP,MYPKE
OARKGNKKK,SGSGP,MYPKE
OARKGNKKK,SGSGP,MYPKE
CRNKGSKCN,SGSGP,MYPKE
CRNKGSKCN,SGSGP,MYPKE
CRNKGSKCN,SGSGP,MYPKE
CRNKGSKCN,SGSGP,MYPKE
CRNKGSKCN,SGSGP,MYPKE
CRNKGSKCN,SGSGP,MYPKE
OARKNOKKK,SGSGP,MYPKE
OARKNOKKK,SGSGP,MYPKE
OARKNOKKK,SGSGP,MYPKE
OARKNOKKK,SGSGP,MYPKE
OARKNOKKK,SGSGP,MYPKE
OARKNOKKK,SGSGP,MYPKE
CRNKGFYRA,SGSGP,MYPKE
CRNKGFYRA,SGSGP,MYPKE
CRNKGFYRA,SGSGP,MYPKE
CRNKGFYRA,SGSGP,MYPKE
CRNKGFYRA,SGSGP,MYPKE
NGRKCGCKK,SGSGP,MYTBS
OACOFAKKK,SGSGP,MYTBS
OFFGCARKK,SGSGP,MYTBS
OFFKFAYKK,SGSGP,MYTBS
OFFCRROKK,SGSGP,MYTPP
OARFFKKKK,SGSGP,NCNOA
OARSOSKKK,SGSGP,NCNOA
OAOOSYKKK,SGSGP,NLROT
OFFOCRSKK,SGSGP,NLROT
OFFAYOOKK,SGSGP,NLROT
OFFGCARKK,SGSGP,PHBAT
OFFROKOKK,SGSGP,PKKAR
OARASCKKK,SGSGP,PKKAR
OAORGKKKK,SGSGP,PKKAR
OAORGKKKK,SGSGP,QARAS
OFFGSGAKK,SGSGP,QARAS
OAOOSYKKK,SGSGP,QARAS
OAOOFGKKK,SGSGP,QARAS
OFFROKOKK,SGSGP,QARAS
NGOOCKKKK,SGSGP,QARAS
OACFKGKKK,SGSGP,QAUMS
OARAFYKKK,SGSGP,QAUMS
OFFNYSOKK,SGSGP,SAJED
OFFNYSOKK,SGSGP,SAJED
OFFARYYKK,SGSGP,SAJED
OARASSKKK,SGSGP,SAJUT
NGOOCKKKK,SGSGP,SARTA
OFFAKFCKK,SGSGP,SIKOP
OFFAKNFKK,SGSGP,THKSI
OFFKFAYKK,SGSGP,THKSI
OARAKSKKK,SGSGP,THKSI
OFFFGNYKK,SGSGP,THLCB
OARKFRKKK,SGSGP,THLCB
OARKFRKKK,SGSGP,THLCB
OARKFRKKK,SGSGP,THLCB
OARKFRKKK,SGSGP,THLCB
OARKFRKKK,SGSGP,THLCB
OARKFRKKK,SGSGP,THLCB
OARSNSKKK,SGSGP,THLCB
OFFFGNYKK,SGSGP,THLCB
OFFGCARKK,SGSGP,THLCB
OACOASKKK,SGSGP,THLCB
OAOFOSKKK,SGSGP,THMTP
OFFFNCOKK,SGSGP,TWKAO
OFFOGRNKK,SGSGP,TWKAO
OFFFNCOKK,SGSGP,TWKAO
OFFAKSCKK,SGSGP,TWMAI
RNCGRAKKK,SGSGP,VNCMP
OFFAYOSKK,SGSGP,VNCMP
OFFCSCYKK,SGSGP,VNCMP
OFFCSCYKK,SGSGP,VNCMP
RNFKCNKKK,SGSGP,VNHCM
OFFYOFGKK,SGSGP,VNHPG
OAOFRGKKK,SGSGP,VNHPG
RNRCOAKKK,SGSGP,VNHPG
OFFFNCRKK,SGSGP,ZADUR
OFFOGRNKK,SGSGP,ZADUR
OFFOGRNKK,SGSGP,ZADUR
OFFOGROKK,SGSGP,ZADUR
OFFFNCRKK,SGSGP,ZADUR
OFFOGROKK,SGSGP,ZADUR
OFFKKOGKK,SGSGP,ZADUR
OFFOGROKK,SGSGP,ZADUR
OFFKKOGKK,SGSGP,ZADUR
OFFFNCRKK,SGSGP,ZADUR
OFFKKOGKK,SGSGP,ZADUR
OFFFNCRKK,SGSGP,ZADUR
OFFKKOGKK,SGSGP,ZADUR
OFFKKOGKK,SGSGP,ZADUR
OFFFNCOKK,SGSGP,ZADUR
OFFFNCRKK,SGSGP,ZADUR
OFFAKFCKK,SIKOP,GRPIR
OACROSKKK,SIKOP,ITRAV
OFFSANRKK,SIKOP,ITRAV
OFFSNKCKK,SIKOP,ITRAV
OFFKCFRKK,SIKOP,ITVEN
OFFSNKOKK,SIKOP,ITVEN
RNAFKKKKK,SLFRE,LRMON
OACROSKKK,SLFRE,LRMON
OARCAYNYK,SLPPL,SLFRE
OACROSKKK,SLSHI,ROCON
OFFYCNOKK,SNDAK,GNCON
OFFKCFOKK,SVAQJ,CLVAL
OFFYGANKK,SVAQJ,GTPQL
OFFYCNOKK,TGLOM,GHTEM
OFFSANOKK,TGLOM,NGLAG
OAOFOKKKK,TH7003,THKSI
OAOFRRKKK,THKSI,IDTAB
OARAKSKKK,THKSI,MY2243
OARAKSKKK,THKSI,MY2243
OFFAKNFKK,THKSI,MY2243
OFFAKNFKK,THKSI,MY2243
OFFKSYRKK,THKSI,MY2243
OARAKSKKK,THKSI,MY2243
OARYFNKKK,THKSI,MY3177
OARAKSKKK,THKSI,MY3177
OARAKSKKK,THKSI,MY3177
OARARSKKK,THLCB,CNNSA
OARANKKKK,THLCB,CNNSA
OARANKKKK,THLCB,CNNSA
OARANKKKK,THLCB,CNNSA
OARARSKKK,THLCB,CNNSA
OARARSKKK,THLCB,CNNSA
OARARSKKK,THLCB,CNNSA
OARARSKKK,THLCB,CNNSA
CRNKGFYSF,THLCB,CNQIN
OARAGYKKK,THLCB,CNRIZ
OARAGYKKK,THLCB,CNRIZ
OARANKKKK,THLCB,CNRIZ
CRNKGFYSF,THLCB,CNXIA
OARKFRKKK,THLCB,HKHKG
OARARSKKK,THLCB,HKHKG
OARARSKKK,THLCB,HKHKG
OARAGYKKK,THLCB,HKHKG
OARARSKKK,THLCB,HKHKG
CRNKGSKNA,THLCB,HKHKG
CRNKGSKNA,THLCB,HKHKG
CRNKGSKNA,THLCB,HKHKG
OARKFRKKK,THLCB,SGSGP
CRNKGSKNA,THLCB,SGSGP
OFFKCAGKK,THLCB,SGSGP
OACOASKKK,THLCB,SGSGP
OFFGCARKK,THLCB,SGSGP
OARKFRKKK,THLCB,SGSGP
OARKFRKKK,THLCB,SGSGP
OARKFRKKK,THLCB,SGSGP
OARKFRKKK,THLCB,SGSGP
OFFFGNYKK,THLCB,SGSGP
OFFFGNYKK,THLCB,SGSGP
OFFFGNYKK,THLCB,SGSGP
OARKFRKKK,THLCB,SGSGP
OAROYNFGK,THLCB,THSAT
OFFAKFCKK,THLCB,VNHPG
OFFKNGOKK,THLCB,VNHPG
OARAKSKKK,THMTP,MY3177
OARAFCKKK,THMTP,MYKER
OAORCGKKK,THMTP,QARAS
OAOFCSKKK,THMTP,SARTA
NGRKGAFKK,THMTP,SARTA
OAOFOSKKK,THMTP,SGSGP
OFFAKNFKK,THMTP,THKSI
OARAKSKKK,THMTP,THKSI
RNCFFRKKK,THMTP,THLCB
OFFKCAGKK,THMTP,THLCB
OFFKSYRKK,THMTP,THRAY
OARAKSKKK,THRAY,THKSI
OARYFNKKK,THRAY,THKSI
OAROYNFGK,THSAT,THLCB
RNOOKNKKK,TRAAP,CIABI
OACROFKKK,TRAAP,CIABI
OFFYKCGKK,TRAAP,CIABI
OACROFKKK,TRAAP,EGPSA
OACROSKKK,TRAAP,EGPSA
OACROFKKK,TRAAP,GHTEM
OARSCFKKK,TRAAP,MTMAL
OARCAYGRK,TRAAP,NLROT
OACROSKKK,TRAAP,NLROT
OACROSKKK,TRAAP,TRSMZ
RNOSFYKKK,TRAAP,TRSMZ
OACROOKKK,TRALI,BGVAR
OARCAYGRK,TRALI,EGPSA
RNCGRNKKK,TRALI,GHTAK
RNOOKNKKK,TRALI,GNCON
OFFANSFKK,TRALI,GRPIR
OARCAYGRK,TRALI,MRNOU
OFFARFSKK,TRALI,ROCON
OACNCRYCK,TRALI,RUNVS
OFFCCCAKK,TRALI,TRGEB
RNOSFYKKK,TRALI,TRGEB
OFFANSFKK,TRALI,TRISK
OFFCSCYKK,TRALI,TRISK
OFFCSCYKK,TRALI,TRISK
OARKGOKKK,TRALI,TRISK
OFFCSCYKK,TRALI,TRISK
OFFANSFKK,TRALI,TRISK
OACROYKKK,TRALI,TRMER
RNFGFCKKK,TRALI,UANLW
OACFGKKKK,TRBOR,ITNAP
RNGFGKKKK,TRBOR,ITNAP
RNCGRNKKK,TRBOR,TRALI
OFFYFNKKK,TRCEY,DORHA
OACROGKKK,TRCEY,HTPAP
OFFARFSKK,TRDER,ITRAV
OAROFAYGK,TRDER,ROCON
OAROYCONK,TRDER,TRGEB
OFFKCFOKK,TRDER,TRHER
RFAKFSKKK,TRGEB,ITTAR
OAROFAYGK,TRGEB,TRDER
OFFNCOYKK,TRGEB,TRKRS
RFAFRFKKK,TRGEB,TRYAR
OFFCCCAKK,TRGEB,USNOL
OFFFGFRKK,TRHER,ESCAS
OFFKKCSKK,TRICD,MTMAL
RNOOKNKKK,TRICD,TRALI
RNOSFYKKK,TRISD,TRAAP
OARKGOKKK,TRISK,EGDAM
OFFANSFKK,TRISK,EGDAM
OFFCSCYKK,TRISK,EGDAM
OFFANSFKK,TRISK,EGDAM
OFFCSCYKK,TRISK,EGDAM
OARARRKKK,TRISK,EGDAM
OFFANSFKK,TRISK,EGDAM
OFFNCOYKK,TRISK,TRGEB
OFFKNFAKK,TRIST,ROCON
OFFAASGKK,TRIST,ROCON
OFFKNFAKK,TRIST,ROCON
OFFAASGKK,TRIST,ROCON
OFFKNFAKK,TRIST,ROCON
OFFAASGKK,TRIST,ROCON
OFFKNFAKK,TRIST,ROCON
OAROFYYFK,TRIST,ROCON
OFFKNFAKK,TRIST,ROCON
OARKGOKKK,TRIST,TRALI
OARARRKKK,TRIST,TRALI
OFFANSFKK,TRIST,TRYAR
OFFANSFKK,TRIST,TRYAR
OFFCSCYKK,TRIST,TRYAR
OFFANSFKK,TRIST,TRYAR
OFFCSCYKK,TRIST,TRYAR
OFFCSCYKK,TRIST,TRYAR
OAOONNKKK,TRLMA,MTMAL
OAOONNKKK,TRLMA,MTMAL
OACRYSKKK,TRLMA,TRMER
OAONSSKKK,TRLMA,TRMER
OFFGCOYKK,TRLMA,TRMER
OARNCFGGK,TRMER,EGALE
OARKGOKKK,TRMER,GRPIR
OFFANSFKK,TRMER,GRPIR
OFFANSFKK,TRMER,GRPIR
OFFCSCYKK,TRMER,GRPIR
OFFCSCYKK,TRMER,GRPIR
OFFCSCYKK,TRMER,GRPIR
OFFYFNKKK,TRMER,ROCON
OFFANSFKK,TRMER,TRIST
OFFKCAYKK,TRMER,UAYUZ
OACRYSKKK,TRMER,UYULA
OAONSSKKK,TRMER,UYULA
RNFGFCKKK,TRMMK,GRLVR
RNGFGKKKK,TRMTS,CIABI
OFFSNOYKK,TRSAM,TRCAN
OFFCSCYKK,TRYAR,TRALI
OFFCSCYKK,TRYAR,TRALI
OFFANSFKK,TRYAR,TRALI
OFFCSCYKK,TRYAR,TRALI
OFFANSFKK,TRYAR,TRALI
OFFANSFKK,TRYAR,TRALI
OFFKNFAKK,TRYAR,TRIST
OFFKNFAKK,TRYAR,TRIST
OFFKNFAKK,TRYAR,TRIST
OFFKNFAKK,TRYAR,TRIST
OFFKNFAKK,TRYAR,TRIST
OARARRKKK,TRYAR,TRIST
OFFAASGKK,TRYAR,TRIST
OFFAASGKK,TRYAR,TRIST
OFFAASGKK,TRYAR,TRIST
OFFFARRKK,TTPLS,JMKIN
OARCFNYRK,TWANP,CNZHA
OAROSYYCK,TWHLN,CNBAO
OARAFKKKK,TWKAO,AUBRI
OARAFKKKK,TWKAO,AUBRI
OARAFKKKK,TWKAO,AUBRI
OARAFKKKK,TWKAO,AUBRI
OAORKOKKK,TWKAO,AUMEL
OAORKOKKK,TWKAO,AUMEL
OARKNKKKK,TWKAO,AUMEL
OAORKOKKK,TWKAO,AUMEL
OAORKOKKK,TWKAO,AUMEL
OACOFFFOK,TWKAO,CNBAS
OFFKCFNKK,TWKAO,CNCJN
OACOFFFNK,TWKAO,CNHUI
OFFGNCRKK,TWKAO,CNNBO
OAORKOKKK,TWKAO,CNNBO
OFFSONGKK,TWKAO,CNNSA
OFFOGROKK,TWKAO,CNNSA
OFFCAYYKK,TWKAO,CNNSA
OFFAYOGKK,TWKAO,CNNSA
OARKFGKKK,TWKAO,CNSHE
OARKFGKKK,TWKAO,CNSHE
OFFGYSGKK,TWKAO,CNTJN
OAORKOKKK,TWKAO,CNWGQ
OFFRAANKK,TWKAO,CNWGQ
OFFRAANKK,TWKAO,CNWGQ
OFFRAANKK,TWKAO,CNWGQ
OFFRAANKK,TWKAO,CNWGQ
OFFRAANKK,TWKAO,CNWGQ
OFFRAANKK,TWKAO,CNWGQ
OFFRAANKK,TWKAO,CNWGQ
OFFRAANKK,TWKAO,CNWGQ
OFFRAANKK,TWKAO,CNWGQ
OFFRAANKK,TWKAO,CNWGQ
OFFRAANKK,TWKAO,CNWGQ
OFFRAANKK,TWKAO,CNWGQ
OAORKOKKK,TWKAO,CNWGQ
OFFOGRNKK,TWKAO,CNXIA
OFFOGRNKK,TWKAO,CNXIA
OFFFNCOKK,TWKAO,CNXIA
OFFFNCOKK,TWKAO,CNXIA
OFFFNCRKK,TWKAO,CNXIA
OFFFNCOKK,TWKAO,CNXIA
OFFOGRNKK,TWKAO,CNXIA
OFFOGRNKK,TWKAO,CNXIA
OFFSANRKK,TWKAO,CNXIA
OFFOGRNKK,TWKAO,CNXIA
OFFOGRNKK,TWKAO,CNXIA
OFFFNCOKK,TWKAO,CNXIA
OFFRGKSKK,TWKAO,CNYSN
OFFRGKSKK,TWKAO,CNYSN
OARAGAKKK,TWKAO,CNYSN
OARAGAKKK,TWKAO,CNYSN
OARAGAKKK,TWKAO,CNYSN
OARAGAKKK,TWKAO,CNYSN
OFFRGKSKK,TWKAO,CNYSN
OARAGAKKK,TWKAO,CNYSN
OFFRGKSKK,TWKAO,CNYSN
OFFRKSAKK,TWKAO,CNYSN
OFFSONGKK,TWKAO,CNYTN
OFFCFAOKK,TWKAO,CNYTN
OFFAOSFKK,TWKAO,HKHKG
OFFOGROKK,TWKAO,HKHKG
OFFCAROKK,TWKAO,HKHKG
OFFGYSGKK,TWKAO,HKHKG
OFFCFOOKK,TWKAO,HKHKG
OFFCGGSKK,TWKAO,HKHKG
OFFFNCOKK,TWKAO,HKHKG
OFFCGGSKK,TWKAO,HKHKG
RNOGORKKK,TWKAO,IDSAM
OFFAGCNKK,TWKAO,IQMAB
OACOFGOCK,TWKAO,KRDAN
OACOFGOCK,TWKAO,KRULS
OACOFFFOK,TWKAO,KRULS
OARSNSKKK,TWKAO,MYPAG
OARAFKKKK,TWKAO,NZAKL
OAOFOSKKK,TWKAO,SGSGP
OFFASNNKK,TWKAO,SGSGP
OFFAKNFKK,TWKAO,SGSGP
OARASCKKK,TWKAO,SGSGP
OARCFNYRK,TWKAO,TWANP
NGNAKAKKK,TWKAO,TWTCH
OFFKOROKK,TWKAO,TWTCH
OFFCYRNKK,TWKAO,TWTCH
OFFSONGKK,TWKAO,USLGB
OFFFFGCKK,TWKAO,USLGB
OFFAYOGKK,TWKAO,USLGB
OFFCAYYKK,TWKAO,USLGB
OFFSONGKK,TWKAO,USLGB
OFFSONGKK,TWKAO,USLGB
OFFAYOGKK,TWKAO,USLGB
OFFSONGKK,TWKAO,USLGB
OFFCFAOKK,TWKAO,USLGB
OFFCAYYKK,TWKAO,USLGB
OFFSONGKK,TWKAO,USLGB
OFFFFGCKK,TWKAO,USLGB
OFFSONGKK,TWKAO,USLGB
OFFAYOGKK,TWKAO,USLGB
OFFCAYYKK,TWKAO,USLGB
OFFAGGGKK,TWKAO,USLGB
OFFCAYYKK,TWKAO,USLGB
OFFAGGGKK,TWKAO,USLGB
OFFCFAOKK,TWKAO,USLGB
OFFAGGGKK,TWKAO,USLGB
OFFFFGCKK,TWKAO,USLGB
OFFGNCRKK,TWKAO,USLGB
OFFAGGGKK,TWKAO,USLGB
OFFCFAOKK,TWKAO,USLGB
OFFCFAOKK,TWKAO,USLGB
OFFGNCRKK,TWKAO,USLGB
OFFCAYYKK,TWKAO,USLGB
OFFFFGCKK,TWKAO,USLGB
OFFAYOGKK,TWKAO,USLGB
OFFCAYYKK,TWKAO,USLGB
OFFCFAOKK,TWKAO,USLGB
OFFAGGGKK,TWKAO,USLGB
OFFCFAOKK,TWKAO,USLGB
OFFGNCRKK,TWKAO,USLGB
OFFCFAOKK,TWKAO,USLGB
OFFAYOGKK,TWKAO,USLGB
OFFAYOGKK,TWKAO,USLGB
OFFFFGCKK,TWKAO,USLGB
OFFAYOGKK,TWKAO,VNCMP
OFFFFGCKK,TWKAO,VNCMP
OFFCAYYKK,TWKAO,VNCMP
OFFFFGCKK,TWKAO,VNCMP
OFFFFGCKK,TWKAO,VNCMP
OFFRKSAKK,TWKAO,VNCMP
OFFRKSAKK,TWKAO,VNCMP
OFFAYOGKK,TWKAO,VNCMP
OFFAYOGKK,TWKAO,VNCMP
OFFCAYYKK,TWKAO,VNCMP
OFFSONGKK,TWKAO,VNCMP
OFFSONGKK,TWKAO,VNCMP
OFFCAYYKK,TWKAO,VNCMP
OFFSONGKK,TWKAO,VNCMP
OFFSONGKK,TWKAO,VNCMP
OFFCAYYKK,TWKAO,VNCMP
OFFSONGKK,TWKAO,VNCMP
OFFAYOGKK,TWKAO,VNCMP
OFFCAYYKK,TWKAO,VNCMP
OFFFFGCKK,TWKAO,VNCMP
OFFGNCRKK,TWKAO,VNCMP
OFFGNCRKK,TWKAO,VNCMP
OFFAGGGKK,TWKAO,VNCMP
OFFCFAOKK,TWKAO,VNCMP
OFFCFAOKK,TWKAO,VNCMP
OFFGNCRKK,TWKAO,VNCMP
OFFCFAOKK,TWKAO,VNCMP
OFFAYOGKK,TWKAO,VNCMP
OFFFFGCKK,TWKAO,VNCMP
OFFFFGCKK,TWKAO,VNCMP
RNAFKKKKK,TWKEE,CNBHX
OFFNNYFKK,TWKEE,CNWEN
OFFNNYFKK,TWKEE,CNWEN
OFFNNYFKK,TWKEE,CNWEN
OFFNNYFKK,TWKEE,CNWEN
OFFNNYFKK,TWKEE,CNWEN
OFFNNYFKK,TWKEE,CNWEN
OFFNNYFKK,TWKEE,CNWEN
OFFNNYFKK,TWKEE,CNWEN
OFFNNYFKK,TWKEE,CNWEN
OFFNNYFKK,TWKEE,CNWEN
OFFNNYFKK,TWKEE,CNWEN
OFFNNYFKK,TWKEE,CNWEN
OFFNNYFKK,TWKEE,CNWEN
OFFNNYFKK,TWKEE,CNWEN
OFFNNYFKK,TWKEE,CNWEN
OFFNNYFKK,TWKEE,CNWEN
OFFNNYFKK,TWKEE,CNWEN
OFFNNYFKK,TWKEE,CNWEN
OFFNNYFKK,TWKEE,CNWEN
OFFNNYFKK,TWKEE,CNWEN
OFFNNYFKK,TWKEE,CNWEN
OFFNNYFKK,TWKEE,CNWEN
OFFNNYFKK,TWKEE,CNWEN
OFFNNYFKK,TWKEE,CNWEN
OFFNNYFKK,TWKEE,CNWEN
OFFNNYFKK,TWKEE,CNWEN
OFFNNYFKK,TWKEE,CNWEN
OFFNNYFKK,TWKEE,CNWEN
OFFNNYFKK,TWKEE,CNWEN
OFFNNYFKK,TWKEE,CNWEN
OFFNNYFKK,TWKEE,CNWEN
OFFNNYFKK,TWKEE,CNWEN
OFFNNYFKK,TWKEE,CNWEN
OFFNNYFKK,TWKEE,CNWEN
OFFNNYFKK,TWKEE,CNWEN
OFFNNYFKK,TWKEE,CNWEN
OFFNNYFKK,TWKEE,CNWEN
OFFNNYFKK,TWKEE,CNWEN
OFFNNYFKK,TWKEE,CNWEN
OFFNNYFKK,TWKEE,CNWEN
OARAFKKKK,TWKEE,CNWGQ
OARAFKKKK,TWKEE,CNWGQ
OARAFKKKK,TWKEE,CNWGQ
OARAFKKKK,TWKEE,CNWGQ
OARAFKKKK,TWKEE,CNWGQ
OARAFKKKK,TWKEE,CNWGQ
OFFNNYFKK,TWKEE,CNXIA
OFFNNYFKK,TWKEE,CNXIA
OFFNNYFKK,TWKEE,CNXIA
OFFNNYFKK,TWKEE,CNXIA
OFFNNYFKK,TWKEE,CNXIA
OFFNNYFKK,TWKEE,CNXIA
OFFNNYFKK,TWKEE,CNXIA
OFFNNYFKK,TWKEE,CNXIA
OFFNNYFKK,TWKEE,CNXIA
OFFNNYFKK,TWKEE,CNXIA
OFFNNYFKK,TWKEE,CNXIA
OFFNNYFKK,TWKEE,CNXIA
OFFNNYFKK,TWKEE,CNXIA
OFFNNYFKK,TWKEE,CNXIA
OFFNNYFKK,TWKEE,CNXIA
OFFNNYFKK,TWKEE,CNXIA
OFFNNYFKK,TWKEE,CNXIA
OFFNNYFKK,TWKEE,CNXIA
OFFNNYFKK,TWKEE,CNXIA
OFFNNYFKK,TWKEE,CNXIA
OFFNNYFKK,TWKEE,CNXIA
OFFNNYFKK,TWKEE,CNXIA
OFFNNYFKK,TWKEE,CNXIA
OFFNNYFKK,TWKEE,CNXIA
OFFNNYFKK,TWKEE,CNXIA
OFFNNYFKK,TWKEE,CNXIA
OFFNNYFKK,TWKEE,CNXIA
OFFNNYFKK,TWKEE,CNXIA
OFFNNYFKK,TWKEE,CNXIA
OFFNNYFKK,TWKEE,CNXIA
OFFNNYFKK,TWKEE,CNXIA
OFFNNYFKK,TWKEE,CNXIA
OFFNNYFKK,TWKEE,CNXIA
OFFNNYFKK,TWKEE,CNXIA
OFFNNYFKK,TWKEE,CNXIA
OFFNNYFKK,TWKEE,CNXIA
OFFNNYFKK,TWKEE,CNXIA
OFFNNYFKK,TWKEE,CNXIA
OFFNNYFKK,TWKEE,CNXIA
OFFNNYFKK,TWKEE,CNXIA
OFFNNYFKK,TWKEE,CNXIA
OFFNNYFKK,TWKEE,CNXIA
OFFNNYFKK,TWKEE,CNXIA
OFFNNYFKK,TWKEE,CNXIA
OFFNNYFKK,TWKEE,CNXIA
OFFNNYFKK,TWKEE,CNXIA
OFFNNYFKK,TWKEE,CNXIA
OFFNNYFKK,TWKEE,CNXIA
OFFCKASKK,TWKEE,KRINC
OAOOGAKKK,TWKEE,TWKAO
OAOFOSKKK,TWKEE,TWKAO
OFFAKSCKK,TWMAI,CNDAL
OAOFRAKKK,TWMAI,CNHUI
OARCGSNFK,TWMAI,CNNBO
OAOFOAKKK,TWMAI,CNYPG
OFFGCARKK,TWMAI,CNZHA
OFFCKASKK,TWMAI,HKHKG
OFFCKASKK,TWMAI,MYPAG
OAOFOSKKK,TWMAI,SGSGP
OFFCKASKK,TWMAI,SGSGP
OAORCGKKK,TWMAI,SGSGP
OFFYARAKK,TWTAP,CNDAL
OAROYNFGK,TWTAP,CNTJN
OFFARYYKK,TWTAP,CNXIA
OFFARYYKK,TWTAP,CNXIA
OFFARYYKK,TWTAP,CNXIA
OFFAAONKK,TWTAP,TWTCH
OFFAAONKK,TWTCH,AUHAY
OAROYKOAK,TWTCH,CNSHA
OFFNNYFKK,TWTCH,CNXIA
OFFNNYFKK,TWTCH,CNXIA
OFFNNYFKK,TWTCH,CNXIA
OFFNNYFKK,TWTCH,CNXIA
OFFNNYFKK,TWTCH,CNXIA
OFFNNYFKK,TWTCH,CNXIA
OFFNNYFKK,TWTCH,CNXIA
OFFNNYFKK,TWTCH,CNXIA
OFFNNYFKK,TWTCH,CNXIA
OFFNNYFKK,TWTCH,CNXIA
OFFNNYFKK,TWTCH,CNXIA
OFFNNYFKK,TWTCH,CNXIA
OFFNNYFKK,TWTCH,CNXIA
OFFNNYFKK,TWTCH,CNXIA
OFFNNYFKK,TWTCH,CNXIA
OFFNNYFKK,TWTCH,CNXIA
OFFNNYFKK,TWTCH,CNXIA
OFFNNYFKK,TWTCH,CNXIA
OFFNNYFKK,TWTCH,CNXIA
OFFNNYFKK,TWTCH,CNXIA
OFFNNYFKK,TWTCH,CNXIA
OFFNNYFKK,TWTCH,CNXIA
OFFNNYFKK,TWTCH,CNXIA
OFFNNYFKK,TWTCH,CNXIA
OFFNNYFKK,TWTCH,CNXIA
OFFNNYFKK,TWTCH,CNXIA
OFFNNYFKK,TWTCH,CNXIA
OFFNNYFKK,TWTCH,CNXIA
OFFNNYFKK,TWTCH,CNXIA
OFFNNYFKK,TWTCH,CNXIA
OFFNNYFKK,TWTCH,CNXIA
OFFNNYFKK,TWTCH,CNXIA
OFFNNYFKK,TWTCH,CNXIA
OFFNNYFKK,TWTCH,CNXIA
OFFNNYFKK,TWTCH,CNXIA
OFFNNYFKK,TWTCH,CNXIA
OFFNNYFKK,TWTCH,CNXIA
OFFNNYFKK,TWTCH,CNXIA
OFFNNYFKK,TWTCH,CNXIA
OFFNNYFKK,TWTCH,CNXIA
OFFNNYFKK,TWTCH,CNXIA
OFFNNYFKK,TWTCH,CNXIA
OFFNNYFKK,TWTCH,CNXIA
OFFNNYFKK,TWTCH,CNXIA
OFFNNYFKK,TWTCH,CNXIA
OFFNNYFKK,TWTCH,CNXIA
OFFNNYFKK,TWTCH,CNXIA
OFFNNYFKK,TWTCH,CNXIA
OFFNNYFKK,TWTCH,CNXIA
OFFCYRNKK,TWTCH,IDTBR
OACOFGOCK,TWTCH,TWKAO
OFFSANRKK,TWTCH,TWKAO
OFFYNYRKK,TZDRS,KEMOM
OFFSANOKK,TZDRS,KEMOM
OFFYNYOKK,TZDRS,KEMOM
OFFYNYRKK,TZDRS,KEMOM
OFFRSFNKK,TZDRS,KEMOM
OFFSANRKK,TZDRS,MZBRA
OAROFAKNK,TZDRS,ZADUR
OFFSOFNKK,UADVB,BGVAR
OFFSNOYKK,UADVB,UACHO
OFFGRGSKK,UADVB,UAODS
RNFGFCKKK,UANLW,ESCAS
OARCAYNYK,UANLW,ESCAS
OFFKKCSKK,UANLW,ITRAV
OACKGYKKK,UANLW,UAYUZ
RNOGORKKK,UANLW,UAYUZ
OAOFOCKKK,UANLW,UAYUZ
OARYSNKKK,UANLW,UAYUZ
RNOGORKKK,UANLW,UAYUZ
OFFKNFAKK,UAODS,GRPIR
OFFKNFAKK,UAODS,GRPIR
OFFKNFAKK,UAODS,GRPIR
OFFAASGKK,UAODS,GRPIR
OFFNCFYKK,UAODS,MTMAL
OFFROFNKK,UAYUZ,MTMAL
OFFCNCFKK,UAYUZ,RUNVS
OAOFOCKKK,UAYUZ,USPSU
OARYFNKKK,USANA,USNIK
OFFGRGSKK,USBAL,USJAC
OAOAONKKK,USBAL,USNPN
RNFGFCKKK,USBAL,USNPN
OACROYKKK,USBAL,USPSU
OFFKCFOKK,USBAL,USWMT
RNOSFYKKK,USBEA,GTSTC
OFFCNCFKK,USBEA,GTSTC
OFFKOROKK,USBEA,GTSTC
OFFKCAGKK,USBEA,MXCOA
RNNNASKKK,USBNC,MXLCS
RNNNASKKK,USBNC,USPHU
RNNNASKKK,USBNC,USPTD
OFFSNOYKK,USBRO,USPSU
OFFSNKRKK,USBTR,DORHA
OFFCNCFKK,USBTR,ECGYL
OFFROFNKK,USBTR,MXTUX
RNGFGKKKK,USCHA,CASJH
RFAYAAKKK,USCHA,CASJH
OFFCSGRKK,USCHA,CNYTN
OFFCSGRKK,USCHA,HKHKG
OFFNCFYKK,USCHA,USMOB
OFFCSGRKK,USCHA,USNYK
OFFAYOSKK,USCHA,USSAV
OFFAGSOKK,USCHA,USSAV
OFFCSGRKK,USCHA,USSAV
OFFKOROKK,USCHA,USWMT
OFFAYOSKK,USCHA,VNCMP
OFFAGSOKK,USCHA,VNCMP
OFFAGSOKK,USCHA,VNCMP
OFFCSGRKK,USCHA,VNCMP
OFFAYOSKK,USCHA,VNCMP
GRGKCKFNY,USCOC,GIGIB
RNOSFYKKK,USCOC,USHOU
OFFRAYRKK,USHOU,CNNBO
RNOGORKKK,USHOU,EGALE
OARCAYGRK,USHOU,EGALE
OFFKOROKK,USHOU,ITGOA
OFFSNKRKK,USHOU,ITGOA
OFFKCAGKK,USHOU,MXCOA
OFFKCAGKK,USHOU,MXTUX
OFFKCAGKK,USHOU,MXTUX
OFFYFNKKK,USHOU,TRMER
OFFKCFOKK,USHOU,USATR
OFFCCCAKK,USHOU,USATR
OFFSRCRKK,USHOU,USMOB
OARAOFKKK,USHOU,USMOB
OFFKKOFKK,USHOU,USMOB
OFFKKOFKK,USHOU,USMOB
OFFKKOFKK,USHOU,USMOB
OFFKKOFKK,USHOU,USMOB
OFFOGOOKK,USHOU,USMOB
OFFOGOOKK,USHOU,USMOB
OARANKKKK,USHOU,USMOB
RFCYROKKK,USHOU,USMOB
OFFOGOOKK,USHOU,USMOB
OFFKKAFKK,USHOU,USMOB
OFFKKAFKK,USHOU,USMOB
OFFFGNSKK,USHOU,USMOB
OFFFGNSKK,USHOU,USMOB
OFFFGNSKK,USHOU,USMOB
OFFKKAFKK,USHOU,USMOB
OFFFGNSKK,USHOU,USMOB
OFFFGNSKK,USHOU,USMOB
OFFKKAFKK,USHOU,USMOB
OFFKKAFKK,USHOU,USMOB
OFFKKAFKK,USHOU,USMOB
OFFRAYRKK,USHOU,USMOB
OFFKFFSKK,USHOU,USMOB
OFFKFFSKK,USHOU,USMOB
OFFSRCRKK,USHOU,USMOB
OFFSRCRKK,USHOU,USMOB
OFFSRCRKK,USHOU,USMOB
OFFSRCRKK,USHOU,USMOB
OARAOYKKK,USHOU,USMOB
OFFSRCRKK,USHOU,USMOB
OARAOYKKK,USHOU,USMOB
RNOSFYKKK,USHOU,USNOL
OFFOGOOKK,USHOU,USSAV
OFFKKOFKK,USHOU,USTAM
OACRONKKK,USJAC,USLUA
OFFCNCFKK,USJAC,USNYK
RNGFYAKKK,USKAL,CNDNG
OFFAAFOKK,USLGB,CAPRR
OFFCYRYKK,USLGB,CAPRR
RNGNSAKKK,USLGB,CNCJK
OFFKNGOKK,USLGB,CNLYG
OFFAKFCKK,USLGB,CNLYG
RNCGRAKKK,USLGB,CNLYG
RFKASSKKK,USLGB,CNLYG
RNGNSAKKK,USLGB,CNLYG
OFFAKKRKK,USLGB,CNNBO
OARAYGKKK,USLGB,CNNBO
OARAFRKKK,USLGB,CNQIN
RFCYROKKK,USLGB,CNQIN
OFFRKSAKK,USLGB,CNQIN
OFFARGSKK,USLGB,CNQIN
OFFCNFAKK,USLGB,CNQIN
OFFARYYKK,USLGB,CNQIN
OFFCFARKK,USLGB,CNQIN
OFFAAFYKK,USLGB,CNQIN
OFFCNFAKK,USLGB,CNTJN
OFFAAFYKK,USLGB,CNTJN
OFFAAFYKK,USLGB,CNTJN
OFFARGSKK,USLGB,CNTJN
OFFSOSFKK,USLGB,CNTJN
OFFGRFGKK,USLGB,CNTJN
OFFGRFGKK,USLGB,CNTJN
OFFCNFAKK,USLGB,CNTJN
OFFCNFAKK,USLGB,CNTJN
OFFCNFAKK,USLGB,CNTJN
OFFCFARKK,USLGB,CNTJN
OFFCFARKK,USLGB,CNTJN
OFFCYRYKK,USLGB,CNTJN
OFFCYRYKK,USLGB,CNTJN
OFFCYRYKK,USLGB,CNTJN
OFFKNGOKK,USLGB,CNWGQ
OFFARGSKK,USLGB,CNWGQ
RNGNSAKKK,USLGB,CNWGQ
OARAFRKKK,USLGB,CNWGQ
OFFARGSKK,USLGB,CNWGQ
OFFAKFCKK,USLGB,CNWGQ
RNGNSAKKK,USLGB,CNWGQ
RFKASSKKK,USLGB,CNWGQ
OFFOOASKK,USLGB,CNWGQ
OFFASYRKK,USLGB,CNWGQ
RNCGRAKKK,USLGB,CNWGQ
OFFAKFCKK,USLGB,CNWGQ
OFFAKKRKK,USLGB,CNYSN
OFFCYRYKK,USLGB,CNYSN
NGRKOGGKK,USLGB,PACHA
NGRKCCCKK,USLGB,PACHA
OFFFFGCKK,USLGB,TWKAO
OFFSONGKK,USLGB,TWKAO
OFFAYOGKK,USLGB,TWKAO
OFFCAYYKK,USLGB,TWKAO
OFFAYOGKK,USLGB,TWKAO
OFFCFAOKK,USLGB,TWKAO
OFFAYOGKK,USLGB,TWKAO
OFFFFGCKK,USLGB,TWKAO
OFFFFGCKK,USLGB,TWKAO
OFFCAYYKK,USLGB,TWKAO
OFFFFGCKK,USLGB,TWKAO
OFFFFGCKK,USLGB,TWKAO
OFFSONGKK,USLGB,TWKAO
OFFAYOGKK,USLGB,TWKAO
OFFCAYYKK,USLGB,TWKAO
OFFAYOGKK,USLGB,TWKAO
OFFSONGKK,USLGB,TWKAO
OFFCAYYKK,USLGB,TWKAO
OFFAGGGKK,USLGB,TWKAO
OFFCAYYKK,USLGB,TWKAO
OFFGNCRKK,USLGB,TWKAO
OFFGNCRKK,USLGB,TWKAO
OFFAYOGKK,USLGB,TWKAO
OFFCFAOKK,USLGB,TWKAO
OFFCFAOKK,USLGB,TWKAO
OFFGNCRKK,USLGB,TWKAO
OFFFFGCKK,USLGB,TWKAO
OFFGNCRKK,USLGB,TWKAO
OFFRKSAKK,USLGB,TWKAO
OFFGNCRKK,USLGB,TWKAO
OFFCFAOKK,USLGB,TWKAO
OFFCAYYKK,USLGB,TWKAO
OFFSONGKK,USLGB,TWKAO
OFFSONGKK,USLGB,TWKAO
OFFAGGGKK,USLGB,TWKAO
OFFCFAOKK,USLGB,TWKAO
OFFSONGKK,USLGB,TWKAO
OFFAGGGKK,USLGB,TWKAO
OFFSONGKK,USLGB,TWKAO
OFFAGGGKK,USLGB,TWKAO
OARSNSKKK,USLGB,USBNC
OAOOYKKKK,USLGB,USBNC
OFFOOASKK,USLGB,USLSA
OFFAKFCKK,USLGB,USOAK
RNCGRAKKK,USLGB,USOAK
OFFARGSKK,USLGB,USOAK
OFFKNGOKK,USLGB,USOAK
OFFASYRKK,USLGB,USOAK
RFKASSKKK,USLGB,USOAK
RNCGRAKKK,USLGB,USOAK
RFKASSKKK,USLGB,USOAK
OFFARGSKK,USLGB,USOAK
OFFKNGOKK,USLGB,USOAK
OFFCNFAKK,USLGB,USSEA
OFFGRFGKK,USLGB,USSEA
OFFSOSFKK,USLGB,USSEA
OAOFKGKKK,USLON,CNZOS
OARAFRKKK,USLSA,CAPRR
OFFGYGYKK,USLSA,CNQIN
OFFAAFYKK,USLSA,CNTJN
OFFCFARKK,USLSA,CNTJN
OFFGRFGKK,USLSA,CNTJN
OFFSOSFKK,USLSA,CNTJN
OFFSOSFKK,USLSA,CNTJN
OFFCFARKK,USLSA,CNTJN
OFFSOSFKK,USLSA,CNTJN
OFFCYRYKK,USLSA,CNTJN
OFFAAFYKK,USLSA,CNTJN
OFFGRFGKK,USLSA,CNTJN
OFFAAFYKK,USLSA,CNTJN
OFFSOSFKK,USLSA,CNTJN
OFFASYRKK,USLSA,CNWGQ
OFFASYRKK,USLSA,CNWGQ
OFFASYRKK,USLSA,CNWGQ
OARAFRKKK,USLSA,CNWGQ
RNGNSAKKK,USLSA,CNWGQ
OARAFRKKK,USLSA,CNWGQ
RNGNSAKKK,USLSA,CNWGQ
RNGNSAKKK,USLSA,CNWGQ
OFFOOASKK,USLSA,CNYSN
OFFAAFOKK,USLSA,CNYSN
OFFOOASKK,USLSA,CNYSN
OFFAAFOKK,USLSA,CNYSN
OFFOOASKK,USLSA,CNYSN
OFFOOASKK,USLSA,CNYSN
OFFAAFOKK,USLSA,CNYTN
OFFFRKAKK,USLSA,MXMAN
OFFCFARKK,USLSA,USLGB
OFFAAFOKK,USLSA,USLGB
RFKASSKKK,USLSA,USLGB
OARAFRKKK,USLSA,USSEA
OARNCGKNK,USLUA,ARCAM
OARNCGKNK,USLUA,CLMEJ
RNRGYRKKK,USLUA,COSMA
OFFNCFYKK,USLUA,CRPTC
OFFGRGSKK,USLUA,GBPTA
OACNCRYCK,USLUA,USCOC
OFFKOROKK,USLUA,USHOU
OFFYFNKKK,USLUA,USHOU
OARNCGKNK,USLUA,UYULA
OFFOGOOKK,USMOB,CNWGQ
OFFOGOOKK,USMOB,CNWGQ
OFFFGNSKK,USMOB,CNWGQ
OFFSRCRKK,USMOB,CNWGQ
OFFSRCRKK,USMOB,CNWGQ
OFFKKOFKK,USMOB,USHOU
RFCYROKKK,USMOB,USHOU
RFCYROKKK,USMOB,USHOU
OFFRAYRKK,USMOB,USHOU
RNNSYYKKK,USMOB,USLUA
OFFSNKOKK,USMOB,USPAS
OFFKFFSKK,USMOB,USTAM
OFFFGNSKK,USMOB,USTAM
OFFKFFSKK,USMOB,USTAM
OFFKKAFKK,USMOB,USTAM
OARAOFKKK,USMOB,USTAM
OARAOYKKK,USMOB,USTAM
OFFKKOFKK,USMOB,USTAM
OFFKKOFKK,USMOB,USTAM
OFFFGNSKK,USMOB,USTAM
OFFFGNSKK,USMOB,USTAM
OFFKKAFKK,USMOB,USTAM
OFFOGOOKK,USMOB,USTAM
OFFSRCRKK,USMOB,USTAM
OFFKKAFKK,USMOB,USTAM
OFFSRCRKK,USMOB,USTAM
OARAOYKKK,USMOB,USTAM
OFFRAYRKK,USMOB,USTAM
OFFKKOFKK,USMOB,USTAM
OARANKKKK,USMOB,USTAM
OFFSRCRKK,USMOB,USTAM
OFFFGNSKK,USMOB,USTAM
OFFKKCSKK,USMOC,USLUA
OFFKOROKK,USNFK,CASJH
OFFCGYOKK,USNFK,CNQIN
OFFCSGCKK,USNFK,CNQIN
OFFASRYKK,USNFK,USNYK
RFKASSKKK,USNFK,USNYK
OFFASRYKK,USNFK,USSAV
OFFCRCCKK,USNFK,USSAV
OFFASRYKK,USNFK,USSAV
OFFCGYOKK,USNFK,USSAV
OFFASRYKK,USNFK,USSAV
OFFCGYOKK,USNFK,USSAV
OFFCRCCKK,USNFK,USSAV
OFFCRCCKK,USNFK,USSAV
OFFCSGCKK,USNFK,USSAV
OFFCSGCKK,USNFK,USSAV
OFFCSGCKK,USNFK,USSAV
OFFCGYOKK,USNFK,USSAV
OFFCGYOKK,USNFK,USSAV
OFFCRCCKK,USNFK,USSAV
OFFCFOOKK,USNFK,USSAV
OFFAOSFKK,USNFK,USSAV
OFFKKCSKK,USNOL,DORHA
OFFSNKRKK,USNOL,USBTR
OFFCCCAKK,USNOL,USHOU
OAOFANKKK,USNOL,USMOB
OAOAONKKK,USNPN,BRTUB
RNFGFCKKK,USNPN,MACAS
OFFKCAGKK,USNYK,CAPHA
OFFOGOOKK,USNYK,CNWGQ
OFFAOSFKK,USNYK,GRPIR
OFFCFOOKK,USNYK,GRPIR
RNOSSGKKK,USNYK,GRPIR
RNCGRAKKK,USNYK,GRPIR
OFFCNCFKK,USNYK,MXVER
OFFCSGRKK,USNYK,PACOL
OFFAGSOKK,USNYK,USCHA
OFFAYOSKK,USNYK,USCHA
OFFAGSOKK,USNYK,USCHA
OFFCSGRKK,USNYK,USCHA
OARNCGKNK,USNYK,USLUA
OFFASRYKK,USNYK,USNFK
OFFCRCCKK,USNYK,USNFK
OFFCSGCKK,USNYK,USNFK
OFFASRYKK,USNYK,USNFK
OFFCGYOKK,USNYK,USNFK
OFFCGYOKK,USNYK,USNFK
OFFCSGCKK,USNYK,USNFK
OFFCSGCKK,USNYK,USNFK
OFFASRYKK,USNYK,USNFK
OFFCRCCKK,USNYK,USNFK
OFFCGYOKK,USNYK,USNFK
OFFCRCCKK,USNYK,USNFK
OFFCSGCKK,USNYK,USNFK
OFFCGYOKK,USNYK,USNFK
OFFCRCCKK,USNYK,USNFK
OFFCRCCKK,USNYK,USNFK
OFFAYOSKK,USNYK,USSAV
OFFAYOSKK,USNYK,USSAV
OFFAGSOKK,USNYK,USSAV
OFFCSGRKK,USNYK,USSAV
OFFCSGRKK,USNYK,USSAV
OFFCSGRKK,USNYK,USSAV
OFFASRYKK,USNYK,USSAV
OFFAGSOKK,USNYK,USSAV
OFFASYRKK,USOAK,CNLYG
RNCGRAKKK,USOAK,CNLYG
RFKASSKKK,USOAK,CNLYG
OFFKNGOKK,USOAK,CNLYG
OFFKNGOKK,USOAK,CNWGQ
RNCGRAKKK,USOAK,CNWGQ
OFFARGSKK,USOAK,CNWGQ
OFFARGSKK,USOAK,CNWGQ
RFKASSKKK,USOAK,CNWGQ
RFKASSKKK,USOAK,CNWGQ
OFFAKFCKK,USOAK,CNWGQ
RNOSSGKKK,USOAK,CNWGQ
OFFAKFCKK,USOAK,CNWGQ
OACROFKKK,USOYF,USPHI
RNRGYRKKK,USPAR,MXALT
OFFSNKOKK,USPAS,MXALT
OFFCNCFKK,USPEV,USBEA
OFFSNKCKK,USPEV,USBTR
OACRONKKK,USPEV,USJAC
OACROFKKK,USPHI,TRAAP
OFFCNCFKK,USPHI,USJAC
RNNNASKKK,USPHU,USPTD
RFCFCFKKK,USPHU,USSFO
RNOSFYKKK,USPSU,TRAAP
RFCFCFKKK,USPTD,CANWE
RFCFCFKKK,USPTD,CANWE
RNNNASKKK,USPTD,JPTOY
RFCFCFKKK,USPTD,JPTOY
RFAYAAKKK,USPTD,KRINC
RNNNASKKK,USPTD,KRPYT
OFFFRKAKK,USSAC,USOAK
OFFYARAKK,USSAC,USVAN
OFFASRYKK,USSAV,CNNBO
OFFASRYKK,USSAV,CNQIN
OFFASRYKK,USSAV,CNQIN
OFFASRYKK,USSAV,CNQIN
OFFCRCCKK,USSAV,CNQIN
OFFCSGCKK,USSAV,CNQIN
OFFCSGCKK,USSAV,CNQIN
OFFCRCCKK,USSAV,CNQIN
OFFCGYOKK,USSAV,CNQIN
OFFCGYOKK,USSAV,CNQIN
OFFCGYOKK,USSAV,CNQIN
OFFCGYOKK,USSAV,CNQIN
OFFCRCCKK,USSAV,CNQIN
OFFCRCCKK,USSAV,CNQIN
OFFAGSOKK,USSAV,HKHKG
OFFYGANKK,USSAV,USATR
OFFAYOSKK,USSAV,USCHA
OFFCSGRKK,USSAV,USCHA
OFFAYOSKK,USSAV,USCHA
OFFCSGRKK,USSAV,USCHA
OFFCSGRKK,USSAV,USCHA
OFFAGSOKK,USSAV,USCHA
RNOSSGKKK,USSAV,USNFK
RFKASSKKK,USSAV,USNFK
OFFOGOOKK,USSAV,USNYK
OFFCFOOKK,USSAV,USNYK
OFFAOSFKK,USSAV,USNYK
OFFCSGRKK,USSAV,VNCMP
RNNNASKKK,USSDI,USBNC
RNNNASKKK,USSDI,USPHU
OFFOGONKK,USSEA,CAPRR
OARAOFKKK,USSEA,CAPRR
OARAFRKKK,USSEA,CAPRR
OFFGRFGKK,USSEA,CNTJN
OFFCNFAKK,USSEA,CNTJN
OAOFKAKKK,USSEA,CNTJN
OFFSOSFKK,USSEA,CNTJN
OFFCFARKK,USSEA,CNTJN
RNNNASKKK,USTAC,CANWE
RNNNASKKK,USTAC,CANWE
OFFRAYRKK,USTAM,CNWGQ
OFFFGNSKK,USTAM,CNWGQ
OFFFGNSKK,USTAM,CNWGQ
OFFKKOFKK,USTAM,CNWGQ
OFFKKOFKK,USTAM,CNWGQ
OFFSRCRKK,USTAM,CNWGQ
OFFKKOFKK,USTAM,CNWGQ
OFFFGNSKK,USTAM,CNWGQ
OFFKKOFKK,USTAM,CNWGQ
OFFKKOFKK,USTAM,CNWGQ
OFFOGOOKK,USTAM,CNWGQ
OFFSRCRKK,USTAM,CNWGQ
OARANKKKK,USTAM,CNWGQ
OFFKKAFKK,USTAM,CNWGQ
RFCYROKKK,USTAM,CNWGQ
OFFKKAFKK,USTAM,CNWGQ
OFFKKAFKK,USTAM,CNWGQ
OFFKKAFKK,USTAM,CNWGQ
OARAOFKKK,USTAM,CNWGQ
OARAOYKKK,USTAM,CNWGQ
OFFFGNSKK,USTAM,CNWGQ
OFFSRCRKK,USTAM,CNWGQ
OFFKFFSKK,USTAM,CNWGQ
OFFKKAFKK,USTAM,CNWGQ
OFFKFFSKK,USTAM,CNWGQ
OACKGSKKK,USVAN,CNGUA
OFFKCFOKK,USWMT,GBIMM
OAROFYAAK,UYFBS,BRIUS
GRGKAYRNC,UYFBS,BRVIT
OFFKORCKK,UYMON,ARBNA
OARAFAKKK,UYMON,ARBNA
OFFRRRYKK,UYMON,ARBNA
OFFKORCKK,UYMON,ARBNA
OFFRRRYKK,UYMON,ARBNA
OFFAASGKK,UYMON,ARBNA
OFFRRRYKK,UYMON,ARBNA
OARAFAKKK,UYMON,ARBNA
OFFRRRYKK,UYMON,BRPAR
OFFKARCKK,UYMON,BRRGR
GRGKAYRNC,UYMON,UYFBS
OACOFSFCK,UYMON,UYFBS
OFFAFORKK,UYMON,UYFBS
OAROYAASK,UYMON,UYFBS
OFFAGCAKK,UYMON,UYNPA
OFFAGCAKK,UYNPA,ARSNS
RFAYAAKKK,UYNPA,BRRGR
OACRYSKKK,UYPTP,BRPOR
OAONSSKKK,UYPTP,BRPOR
OACGNOKKK,UYPTP,BRPOR
OAONSSKKK,UYPTP,BRPOR
OACOGYKKK,UYPTP,BRPOR
OACCGKKKK,UYPTP,BRPOR
OARCKYFNK,UYPTP,BRPOR
OACOGYKKK,UYPTP,BRPOR
OACCGKKKK,UYPTP,BRPOR
OFFGCOYKK,UYPTP,BRPOR
OFFGRCNKK,UYPTP,BRPOR
OACCGKKKK,UYPTP,BRSTS
OACRYSKKK,UYPTP,BRSTS
OARCKYFNK,UYPTP,BRSTS
OACOGYKKK,UYPTP,BRSTS
OAOONNKKK,UYPTP,BRSTS
OFFGOSGKK,UYPTP,BRSTS
OAOONNKKK,UYPTP,BRSTS
OACRYSKKK,UYPTP,BRSTS
OAOONNKKK,UYPTP,BRSTS
OAONSSKKK,UYPTP,BRSTS
OARRFYAFK,UYPTP,BRSTS
OAOONNKKK,UYPTP,BRSTS
OFFGOSGKK,UYPTP,BRSTS
OAOKACKKK,UYPTP,BRSTS
OFFGRCNKK,UYPTP,BRSTS
OFFGCOYKK,UYPTP,BRSTS
OFFGCOYKK,UYPTP,BRVIT
OFFGRCNKK,UYPTP,BRVIT
OFFKKCSKK,UYULA,ARARS
OARNCGKNK,UYULA,ARCAM
OFFKCAGKK,UYULA,ARROS
OFFYFNKKK,UYULA,ARROS
OACKGSKKK,UYULA,ARSLO
RNOOKNKKK,UYULA,ARSLO
OARGSGKKK,UYULA,ARSLO
OFFYKCGKK,UYULA,ARSLO
RNOOKNKKK,UYULA,ARSLO
OFFAAONKK,UYULA,ARSLO
OARAYCKKK,UYULA,ARSLO
RNOGORKKK,UYULA,ARSLO
OFFSNOSKK,UYULA,ARSLO
OARRFGKKK,UYULA,ARSLO
OARGSGKKK,UYULA,ARSLO
OARYSNKKK,UYULA,ARSLO
OACRYSKKK,UYULA,ARZAR
OFFAASGKK,UYULA,UYMON
OACOFSFCK,UYULA,UYMON
RFAYAAKKK,UYULA,UYNPA
OFFGCOYKK,UYULA,UYPTP
OACRYSKKK,UYULA,UYPTP
OACCGKKKK,UYULA,UYPTP
OACOGYKKK,UYULA,UYPTP
OACOGYKKK,UYULA,UYPTP
OAOONNKKK,UYULA,UYPTP
OAONSSKKK,UYULA,UYPTP
OACGNOKKK,UYULA,UYPTP
OAOFFGKKK,VNCAM,CNCJK
OAOFFGKKK,VNCAM,CNCJK
OAOFKSKKK,VNCAM,CNFUZ
OFFKNFOKK,VNCAM,CNGUA
OACCSYKKK,VNCAM,CNLKU
OARRRFKKK,VNCAM,CNLSN
OAOAACKKK,VNCAM,CNLSN
OACRONKKK,VNCAM,CNLSN
OAOAYYKKK,VNCAM,CNLYG
OARRKCKYK,VNCAM,CNLYG
OAOFSNKKK,VNCAM,CNLYG
OAOAFNKKK,VNCAM,CNLYG
OARRRKKKK,VNCAM,CNNDE
OAOKFYKKK,VNCAM,CNNDE
OAOKFYKKK,VNCAM,CNNTG
OARRKCKYK,VNCAM,CNNTG
OARRKCKYK,VNCAM,CNNTG
OAOFFGKKK,VNCAM,CNNTG
OAOAACKKK,VNCAM,CNNTG
OAOFFGKKK,VNCAM,CNNTG
OACROGKKK,VNCAM,CNPLI
OARSYGKKK,VNCAM,CNWEN
OAOAFNKKK,VNCAM,CNYAN
OFFFRKRKK,VNCAM,CNYZH
OAOAFYKKK,VNCAM,CNYZH
OACFGKKKK,VNCAM,CNYZH
OAOFFAKKK,VNCAM,CNZOS
OAOFCFKKK,VNCAM,INDHM
OFFKNFOKK,VNCAM,INDHM
OFFKFSNKK,VNCAM,TWKAO
OFFFFGCKK,VNCMP,CNNSA
OFFSONGKK,VNCMP,CNNSA
OFFSONGKK,VNCMP,CNNSA
OFFCAYYKK,VNCMP,CNNSA
OFFAYOGKK,VNCMP,CNNSA
OFFCAYYKK,VNCMP,CNNSA
OFFAGGGKK,VNCMP,CNNSA
OFFCAYYKK,VNCMP,CNNSA
OFFCAYYKK,VNCMP,CNNSA
OFFGNCRKK,VNCMP,CNNSA
OFFGNCRKK,VNCMP,CNNSA
OFFAYOSKK,VNCMP,CNNSA
OFFFFGCKK,VNCMP,CNNSA
OFFCFAOKK,VNCMP,CNNSA
OFFFFGCKK,VNCMP,CNNSA
OFFFFGCKK,VNCMP,CNNSA
OFFFFGCKK,VNCMP,CNNSA
OFFCFAOKK,VNCMP,CNNSA
OFFCAYYKK,VNCMP,CNNSA
OFFSONGKK,VNCMP,CNNSA
OFFAYOGKK,VNCMP,CNNSA
OFFAYOGKK,VNCMP,CNNSA
OFFAYOGKK,VNCMP,CNNSA
OFFCFAOKK,VNCMP,CNNSA
OFFSONGKK,VNCMP,CNNSA
OFFAGSOKK,VNCMP,CNYTN
OFFRKSAKK,VNCMP,CNYTN
OFFSONGKK,VNCMP,CNYTN
OFFCAYYKK,VNCMP,CNYTN
OFFGNCRKK,VNCMP,CNYTN
OFFGNCRKK,VNCMP,CNYTN
OFFAYOGKK,VNCMP,CNYTN
OFFOCOGKK,VNCMP,GRPIR
OFFOCOGKK,VNCMP,GRPIR
OFFAKKRKK,VNCMP,GRPIR
OFFOCFNKK,VNCMP,GRPIR
OFFCRRRKK,VNCMP,GRPIR
OFFGYSGKK,VNCMP,GRPIR
OFFKRKFKK,VNCMP,GRPIR
OFFOCRSKK,VNCMP,GRPIR
OFFOCRSKK,VNCMP,GRPIR
OFFYGRSKK,VNCMP,GRPIR
OFFGNCRKK,VNCMP,HKHKG
RNCGRAKKK,VNCMP,HKHKG
OFFCSGRKK,VNCMP,HKHKG
OFFAGSOKK,VNCMP,HKHKG
OFFCSCYKK,VNCMP,HKHKG
OFFCSGRKK,VNCMP,HKHKG
OFFSOFNKK,VNCMP,IDTAB
OFFKNFOKK,VNCMP,MYKUA
OFFKRKFKK,VNCMP,MYPKE
OFFGYSGKK,VNCMP,SGSGP
OFFKNGOKK,VNCMP,SGSGP
RFKASSKKK,VNCMP,SGSGP
OFFAOSFKK,VNCMP,SGSGP
OFFOCRSKK,VNCMP,SGSGP
OFFOCRSKK,VNCMP,SGSGP
OFFAOSFKK,VNCMP,SGSGP
OFFCFOOKK,VNCMP,SGSGP
OFFOCRSKK,VNCMP,SGSGP
OFFOCOGKK,VNCMP,SGSGP
OFFOCOGKK,VNCMP,SGSGP
OFFOCFNKK,VNCMP,SGSGP
OFFCRRRKK,VNCMP,SGSGP
OFFAKFCKK,VNCMP,SGSGP
OFFAYOSKK,VNCMP,SGSGP
OFFOCFNKK,VNCMP,SGSGP
OFFKRKFKK,VNCMP,SGSGP
OFFCAROKK,VNCMP,SGSGP
RNCGRAKKK,VNCMP,SGSGP
OARRGKKKK,VNCMP,VNHCM
OAROYASRK,VNCMP,VNQUN
OAROYOYOK,VNDAN,CNLYG
RNCONGKKK,VNDAN,CNYPG
RNCONGKKK,VNDAN,CNYPG
RNCONGKKK,VNDAN,HKHKG
RNRCOAKKK,VNDAN,HKHKG
RNCONGKKK,VNDAN,VNHCM
RFCCCOKKK,VNDAN,VNHCM
RNCONGKKK,VNDAN,VNHCM
RNCONGKKK,VNDAN,VNHCM
OFFRNANKK,VNDUN,VNCAM
OAOFFAKKK,VNDUN,VNQUN
OARNCFYSK,VNGDB,SGSGP
OARNCFYAK,VNGDB,SGSGP
RNRCOAKKK,VNHCM,CNCJK
RNRCOAKKK,VNHCM,CNNSA
RNRCOAKKK,VNHCM,CNNSA
RNCONGKKK,VNHCM,CNQIZ
OAROYASRK,VNHCM,CNTAI
RNRCOAKKK,VNHCM,CNWGQ
RNCONGKKK,VNHCM,CNYPG
RNNOFOKKK,VNHCM,CNYPG
RNCONGKKK,VNHCM,CNYPG
RNCONGKKK,VNHCM,CNYPG
RNRCOAKKK,VNHCM,CNYPG
RNRCOAKKK,VNHCM,CNYPG
RNRCOAKKK,VNHCM,CNYPG
RNCONGKKK,VNHCM,CNYPG
RNCONGKKK,VNHCM,CNYPG
RNCONGKKK,VNHCM,CNYPG
RNCONGKKK,VNHCM,CNYPG
RNRCOAKKK,VNHCM,CNYPG
RNRCOAKKK,VNHCM,HKHKG
RNRCOAKKK,VNHCM,HKHKG
OAOFFAKKK,VNHCM,MYKUA
RNOFYFKKK,VNHCM,MYPAG
RNRCOAKKK,VNHCM,SGSGP
RNCONGKKK,VNHCM,VNDAN
RNCONGKKK,VNHCM,VNDAN
RNCONGKKK,VNHCM,VNDAN
RNCONGKKK,VNHCM,VNDAN
OAROYOYOK,VNHCM,VNDAN
RNCONGKKK,VNHCM,VNDAN
RNCONGKKK,VNHCM,VNDAN
RNRCOAKKK,VNHCM,VNDAN
OFFARGSKK,VNHPG,CNCJK
OAROYKOAK,VNHPG,CNHUM
OARAOYKKK,VNHPG,CNQIN
OARAOYKKK,VNHPG,CNQIN
RNNOFOKKK,VNHPG,CNQIZ
OAOFARKKK,VNHPG,CNTJN
OAOFARKKK,VNHPG,CNTJN
OAOFARKKK,VNHPG,CNTJN
OARAOYKKK,VNHPG,CNTJN
OARAOYKKK,VNHPG,CNTJN
OARAOFKKK,VNHPG,CNTJN
OARAOFKKK,VNHPG,CNTJN
OFFRAAGKK,VNHPG,CNTJN
OFFRAAGKK,VNHPG,CNTJN
OAOFARKKK,VNHPG,CNTJN
OAOFARKKK,VNHPG,CNTJN
OFFRAAGKK,VNHPG,CNTJN
OARAOFKKK,VNHPG,CNTJN
OFFRAAGKK,VNHPG,CNTJN
OFFKNGOKK,VNHPG,CNWGQ
OAOFRGKKK,VNHPG,CNWGQ
OARANAKKK,VNHPG,CNWGQ
OFFARGSKK,VNHPG,CNWGQ
OFFKNGOKK,VNHPG,CNWGQ
OFFYOFGKK,VNHPG,CNWGQ
OFFYOFGKK,VNHPG,CNWGQ
OFFYOFGKK,VNHPG,CNWGQ
OFFASYRKK,VNHPG,CNWGQ
OFFYOFGKK,VNHPG,CNWGQ
OAOFRGKKK,VNHPG,CNWGQ
OFFAKFCKK,VNHPG,CNWGQ
OAOFRGKKK,VNHPG,CNWGQ
OAOFARKKK,VNHPG,CNYPG
OAOFRGKKK,VNHPG,CNYPG
RNNOFOKKK,VNHPG,CNYPG
OAOFARKKK,VNHPG,CNYPG
OFFOOASKK,VNHPG,CNYSN
RNNOFOKKK,VNHPG,CNYTN
RNNOFOKKK,VNHPG,CNYTN
RNFKCNKKK,VNHPG,CNYTN
RNFKCNKKK,VNHPG,CNYTN
RNFKCNKKK,VNHPG,CNYTN
RNNOFOKKK,VNHPG,HKHKG
RNNOFOKKK,VNHPG,HKHKG
OAOFARKKK,VNHPG,HKHKG
RNFKCNKKK,VNHPG,HKHKG
RNFKCNKKK,VNHPG,HKHKG
RNFKCNKKK,VNHPG,HKHKG
RNFKCNKKK,VNHPG,HKHKG
RNCONGKKK,VNHPG,HKHKG
RNCONGKKK,VNHPG,HKHKG
RNFKCNKKK,VNHPG,HKHKG
RNCONGKKK,VNHPG,HKHKG
RNNOFOKKK,VNHPG,HKHKG
OFFOGONKK,VNHPG,HKHKG
RNFKCNKKK,VNHPG,HKHKG
RNFKCNKKK,VNHPG,HKHKG
RNNOFOKKK,VNHPG,HKHKG
OARRRFKKK,VNHPG,VNCAM
RNRCOAKKK,VNHPG,VNQUN
OAOFSGKKK,VNNGH,CNCJK
OAOFSGKKK,VNNGH,CNNTG
OAOFFCKKK,VNNGH,CNYZH
OFFFRKAKK,VNNGH,USSAC
OFFRNACKK,VNNGH,VNCAM
OFFKNKOKK,VNPHU,BRPAR
OACRONKKK,VNPHU,IDTAB
RNAFKKKKK,VNPHU,THLCB
OAROYASRK,VNQUN,CNTAI
RNRCOAKKK,VNQUN,SGSGP
OAOFFAKKK,VNQUN,VNHCM
OAOFCFKKK,VNQUN,VNNGH
OFFFNCOKK,ZACPT,MYPKE
OFFOGRNKK,ZACPT,MYPKE
OFFFNCOKK,ZACPT,MYPKE
OFFOGROKK,ZACPT,MYPKE
OFFOGRNKK,ZACPT,MYPKE
OFFOGRNKK,ZACPT,MYPKE
OFFOGROKK,ZACPT,MYPKE
OFFOGROKK,ZACPT,MYPKE
NGRKANRKK,ZACPT,QARAS
OFFCRROKK,ZACPT,QARAS
OFFOGROKK,ZACPT,SGSGP
OFFFNCOKK,ZACPT,SGSGP
OFFFNCOKK,ZACPT,SGSGP
OFFFNCRKK,ZACPT,SGSGP
OFFSNOSKK,ZACPT,UYULA
OAOFACKKK,ZADUR,BRSAF
RFAYAAKKK,ZADUR,BRSAF
OFFKCFRKK,ZADUR,BRSAF
OAROFSCRK,ZADUR,CLMEJ
OFFAFORKK,ZADUR,CLMEJ
OFFSANNKK,ZADUR,CMDUA
OFFSANOKK,ZADUR,CMDUA
OAROFAKNK,ZADUR,CMDUA
OFFRSFNKK,ZADUR,NGLAG
OFFKKOGKK,ZADUR,SGSGP
OFFFNCRKK,ZADUR,SGSGP
OFFKKOGKK,ZADUR,SGSGP
OFFFNCRKK,ZADUR,SGSGP
OFFOGRNKK,ZADUR,SGSGP
OFFOGROKK,ZADUR,SGSGP
OFFFNCRKK,ZADUR,SGSGP
OFFFNCRKK,ZADUR,SGSGP
OFFKKOGKK,ZADUR,SGSGP
OFFFNCRKK,ZADUR,SGSGP
OFFKKOGKK,ZADUR,SGSGP
OFFKKOGKK,ZADUR,SGSGP
OFFKKOGKK,ZADUR,SGSGP
OFFFNCOKK,ZADUR,ZACPT
OFFFNCRKK,ZADUR,ZACPT
OFFOGRNKK,ZADUR,ZACPT
OFFOGROKK,ZADUR,ZACPT
OFFFNCOKK,ZADUR,ZACPT
OFFOGROKK,ZADUR,ZACPT
OFFOGRNKK,ZADUR,ZACPT
OFFFNCOKK,ZADUR,ZACPT
OFFFNCOKK,ZADUR,ZACPT
OFFOGROKK,ZADUR,ZACPT
OFFOGROKK,ZADUR,ZACPT
OFFOGRNKK,ZADUR,ZACPT
OAOAYYKKK,ZADUR,ZACPT
OFFFNCOKK,ZADUR,ZACPT
OFFSNOSKK,ZADUR,ZAPLZ
OACRORKKK,ZADUR,ZAPLZ
OFFYNYOKK,ZADUR,ZAPLZ
OAOAFOKKK,ZADUR,ZAPLZ
OAOAFYKKK,ZADUR,ZARIB
OFFSNOSKK,ZAPLZ,ZACPT
OAOAFOKKK,ZAPLZ,ZACPT
OACRORKKK,ZAPLZ,ZACPT
OFFNNCGKK,ZAPLZ,ZARIB
OFFORNYKK,ZARIB,CNJIT
OFFNNCGKK,ZARIB,CNTJN
OAROCOKKK,ZARIB,PKBCH
OFFYANOKK,ZARIB,PKBCH
OAROCOKKK,ZARIB,PKBCH
OAROCOKKK,ZARIB,PKBCH
OARSCFKKK,ZARIB,PKBCH
OAOAFYKKK,ZARIB,PKQAS
OFFFKGGKK,ZASAB,CNFAN
OFFGSARKK,ZASAB,CNFAN
OAOAFOKKK,ZASAB,CNFAN
OFFAYGRKK,ZASAB,CNMJS
OFFAYGRKK,ZASAB,CNMJS
OFFRNACKK,ZASAB,DEHAM
